"icaa_id";"tmdb_id";"gui_id";"fuente_credito";"metodo_match_persona"
100317.0;"";"gui_0001";"icaa";"busqueda_nombre_exacta"
100421.0;"";"gui_0002";"icaa";"busqueda_nombre_exacta"
100820.0;"";"gui_0003";"icaa";"busqueda_nombre_exacta"
100878.0;"";"gui_0004";"icaa";"busqueda_nombre_exacta"
100878.0;"";"gui_0005";"icaa";"busqueda_nombre_exacta"
100920.0;"";"gui_0006";"icaa";"busqueda_nombre_aproximada"
101120.0;"";"gui_0007";"icaa";"busqueda_nombre_aproximada"
101120.0;"";"gui_0008";"icaa";"busqueda_nombre_aproximada"
101222.0;"";"gui_0009";"icaa";"busqueda_nombre_exacta"
101222.0;"";"gui_0010";"icaa";"busqueda_nombre_exacta"
101420.0;"";"gui_0011";"icaa";"busqueda_nombre_exacta"
101489.0;"";"gui_0012";"icaa";"busqueda_nombre_exacta"
101489.0;"";"gui_0013";"icaa";"busqueda_nombre_exacta"
101522.0;"";"gui_0014";"icaa";"busqueda_nombre_exacta"
101522.0;"";"gui_0015";"icaa";"busqueda_nombre_exacta"
101522.0;"";"gui_0016";"icaa";"busqueda_nombre_exacta"
101692.0;"";"gui_0013";"icaa";"busqueda_nombre_exacta"
101718.0;"";"gui_0017";"icaa";"busqueda_nombre_exacta"
101721.0;"";"gui_0018";"icaa";"busqueda_nombre_exacta"
101721.0;"";"gui_0019";"icaa";"busqueda_nombre_exacta"
101721.0;"";"gui_0020";"icaa";"busqueda_nombre_exacta"
101817.0;"";"gui_0021";"icaa";"busqueda_nombre_exacta"
101817.0;"";"gui_0022";"icaa";"busqueda_nombre_exacta"
101820.0;"";"gui_0023";"icaa";"busqueda_nombre_exacta"
101820.0;"";"gui_0024";"icaa";"busqueda_nombre_exacta"
101820.0;"";"gui_0025";"icaa";"busqueda_nombre_exacta"
102020.0;"";"gui_0026";"icaa";"busqueda_nombre_exacta"
102020.0;"";"gui_0027";"icaa";"busqueda_nombre_exacta"
102120.0;"";"gui_0028";"icaa";"busqueda_nombre_exacta"
102120.0;"";"gui_0029";"icaa";"busqueda_nombre_exacta"
10222.0;"";"gui_0030";"icaa";"busqueda_nombre_exacta"
102221.0;"";"gui_0031";"icaa";"busqueda_nombre_exacta"
102421.0;"";"gui_0032";"icaa";"busqueda_nombre_exacta"
102613.0;"";"gui_0033";"icaa";"busqueda_nombre_exacta"
102613.0;"";"gui_0034";"icaa";"busqueda_nombre_exacta"
102613.0;"";"gui_0035";"icaa";"busqueda_nombre_exacta"
102620.0;"";"gui_0036";"icaa";"busqueda_nombre_exacta"
102720.0;"";"gui_0037";"icaa";"busqueda_nombre_exacta"
102820.0;"";"gui_0038";"icaa";"busqueda_nombre_exacta"
102920.0;"";"gui_0039";"icaa";"busqueda_nombre_exacta"
102980.0;"";"gui_0012";"icaa";"busqueda_nombre_exacta"
103118.0;"";"gui_0040";"icaa";"busqueda_nombre_aproximada"
103118.0;"";"gui_0041";"icaa";"busqueda_nombre_exacta"
103120.0;"";"gui_0042";"icaa";"busqueda_nombre_exacta"
103121.0;"";"gui_0043";"icaa";"busqueda_nombre_exacta"
103121.0;"";"gui_0044";"icaa";"busqueda_nombre_exacta"
103320.0;"";"gui_0045";"icaa";"busqueda_nombre_aproximada"
103320.0;"";"gui_0046";"icaa";"busqueda_nombre_exacta"
103421.0;"";"gui_0047";"icaa";"busqueda_nombre_exacta"
103521.0;"";"gui_0048";"icaa";"busqueda_nombre_exacta"
103721.0;"";"gui_0049";"icaa";"busqueda_nombre_exacta"
103920.0;"";"gui_0050";"icaa";"busqueda_nombre_exacta"
103920.0;"";"gui_0051";"icaa";"busqueda_nombre_exacta"
104022.0;"";"gui_0052";"icaa";"busqueda_nombre_exacta"
104120.0;"";"gui_0053";"icaa";"busqueda_nombre_exacta"
104499.0;"";"gui_0054";"icaa";"busqueda_nombre_exacta"
104499.0;"";"gui_0055";"icaa";"busqueda_nombre_exacta"
104522.0;"";"gui_0056";"icaa";"busqueda_nombre_exacta"
104621.0;"";"gui_0057";"icaa";"busqueda_nombre_exacta"
104721.0;"";"gui_0058";"icaa";"busqueda_nombre_exacta"
104722.0;"";"gui_0059";"icaa";"busqueda_nombre_exacta"
104817.0;"";"gui_0060";"icaa";"busqueda_nombre_exacta"
104817.0;"";"gui_0061";"icaa";"busqueda_nombre_exacta"
104821.0;"";"gui_0062";"icaa";"busqueda_nombre_exacta"
104897.0;"";"gui_0063";"icaa";"busqueda_nombre_exacta"
104897.0;"";"gui_0064";"icaa";"busqueda_nombre_exacta"
105110.0;"";"gui_0065";"icaa";"busqueda_nombre_exacta"
105121.0;"";"gui_0063";"icaa";"busqueda_nombre_exacta"
105121.0;"";"gui_0066";"icaa";"busqueda_nombre_exacta"
105122.0;"";"gui_0067";"icaa";"busqueda_nombre_exacta"
105122.0;"";"gui_0068";"icaa";"busqueda_nombre_exacta"
105122.0;"";"gui_0069";"icaa";"busqueda_nombre_exacta"
10522.0;"";"gui_0070";"icaa";"busqueda_nombre_exacta"
105321.0;"";"gui_0071";"icaa";"busqueda_nombre_exacta"
105322.0;"";"gui_0072";"icaa";"busqueda_nombre_aproximada"
105421.0;"";"gui_0073";"icaa";"busqueda_nombre_exacta"
105721.0;"";"gui_0074";"icaa";"busqueda_nombre_exacta"
105721.0;"";"gui_0075";"icaa";"busqueda_nombre_exacta"
105820.0;"";"gui_0076";"icaa";"busqueda_nombre_exacta"
105920.0;"";"gui_0077";"icaa";"busqueda_nombre_exacta"
105920.0;"";"gui_0078";"icaa";"busqueda_nombre_exacta"
105920.0;"";"gui_0079";"icaa";"busqueda_nombre_exacta"
106121.0;"";"gui_0080";"icaa";"busqueda_nombre_exacta"
106121.0;"";"gui_0081";"icaa";"busqueda_nombre_exacta"
106121.0;"";"gui_0082";"icaa";"busqueda_nombre_exacta"
106222.0;"";"gui_0083";"icaa";"busqueda_nombre_aproximada"
106222.0;"";"gui_0084";"icaa";"busqueda_nombre_exacta"
106321.0;"";"gui_0085";"icaa";"busqueda_nombre_exacta"
106418.0;"";"gui_0086";"icaa";"busqueda_nombre_exacta"
106420.0;"";"gui_0087";"icaa";"busqueda_nombre_exacta"
106420.0;"";"gui_0088";"icaa";"busqueda_nombre_exacta"
106422.0;"";"gui_0089";"icaa";"busqueda_nombre_exacta"
106422.0;"";"gui_0090";"icaa";"busqueda_nombre_exacta"
106513.0;"";"gui_0091";"icaa";"busqueda_nombre_exacta"
106513.0;"";"gui_0092";"icaa";"busqueda_nombre_exacta"
106518.0;"";"gui_0093";"icaa";"busqueda_nombre_exacta"
106518.0;"";"gui_0094";"icaa";"busqueda_nombre_exacta"
106518.0;"";"gui_0095";"icaa";"busqueda_nombre_exacta"
106521.0;"";"gui_0096";"icaa";"busqueda_nombre_exacta"
106521.0;"";"gui_0097";"icaa";"busqueda_nombre_exacta"
106910.0;"";"gui_0098";"icaa";"busqueda_nombre_exacta"
106918.0;"";"gui_0099";"icaa";"busqueda_nombre_exacta"
10717.0;"";"gui_0100";"icaa";"busqueda_nombre_exacta"
107222.0;"";"gui_0101";"icaa";"busqueda_nombre_exacta"
107222.0;"";"gui_0102";"icaa";"busqueda_nombre_exacta"
107522.0;"";"gui_0103";"icaa";"busqueda_nombre_exacta"
107621.0;"";"gui_0104";"icaa";"busqueda_nombre_exacta"
107918.0;"";"gui_0105";"icaa";"busqueda_nombre_exacta"
108022.0;"";"gui_0106";"icaa";"busqueda_nombre_exacta"
108022.0;"";"gui_0107";"icaa";"busqueda_nombre_exacta"
108022.0;"";"gui_0108";"icaa";"busqueda_nombre_exacta"
108119.0;"";"gui_0109";"icaa";"busqueda_nombre_exacta"
108221.0;"";"gui_0110";"icaa";"busqueda_nombre_exacta"
108221.0;"";"gui_0111";"icaa";"busqueda_nombre_exacta"
108421.0;"";"gui_0112";"icaa";"busqueda_nombre_exacta"
108421.0;"";"gui_0113";"icaa";"busqueda_nombre_aproximada"
108422.0;"";"gui_0114";"icaa";"busqueda_nombre_exacta"
108422.0;"";"gui_0115";"icaa";"busqueda_nombre_exacta"
108518.0;"";"gui_0116";"icaa";"busqueda_nombre_exacta"
108522.0;"";"gui_0117";"icaa";"busqueda_nombre_exacta"
108522.0;"";"gui_0118";"icaa";"busqueda_nombre_exacta"
10921.0;"";"gui_0119";"icaa";"busqueda_nombre_exacta"
10921.0;"";"gui_0120";"icaa";"busqueda_nombre_exacta"
109221.0;"";"gui_0121";"icaa";"busqueda_nombre_exacta"
109321.0;"";"gui_0122";"icaa";"busqueda_nombre_exacta"
109321.0;"";"gui_0123";"icaa";"busqueda_nombre_exacta"
109723.0;"";"gui_0124";"icaa";"busqueda_nombre_exacta"
109822.0;"";"gui_0125";"icaa";"busqueda_nombre_exacta"
109905.0;"";"gui_0126";"icaa";"busqueda_nombre_exacta"
110018.0;"";"gui_0065";"icaa";"busqueda_nombre_exacta"
110021.0;"";"gui_0127";"icaa";"busqueda_nombre_exacta"
110021.0;"";"gui_0128";"icaa";"busqueda_nombre_exacta"
110120.0;"";"gui_0129";"icaa";"busqueda_nombre_exacta"
110120.0;"";"gui_0130";"icaa";"busqueda_nombre_exacta"
110321.0;"";"gui_0131";"icaa";"busqueda_nombre_exacta"
110321.0;"";"gui_0132";"icaa";"busqueda_nombre_exacta"
110803.0;"";"gui_0133";"icaa";"busqueda_nombre_aproximada"
111022.0;"";"gui_0134";"icaa";"busqueda_nombre_aproximada"
111022.0;"";"gui_0135";"icaa";"busqueda_nombre_exacta"
111022.0;"";"gui_0136";"icaa";"busqueda_nombre_exacta"
11121.0;"";"gui_0137";"icaa";"busqueda_nombre_exacta"
11122.0;"";"gui_0138";"icaa";"busqueda_nombre_aproximada"
11122.0;"";"gui_0139";"icaa";"busqueda_nombre_exacta"
111321.0;"";"gui_0140";"icaa";"busqueda_nombre_exacta"
111321.0;"";"gui_0141";"icaa";"busqueda_nombre_aproximada"
111321.0;"";"gui_0142";"icaa";"busqueda_nombre_exacta"
111415.0;"";"gui_0143";"icaa";"busqueda_nombre_aproximada"
111905.0;"";"gui_0144";"icaa";"busqueda_nombre_exacta"
111921.0;"";"gui_0145";"icaa";"busqueda_nombre_exacta"
112122.0;"";"gui_0146";"icaa";"busqueda_nombre_exacta"
112421.0;"";"gui_0147";"icaa";"busqueda_nombre_exacta"
112521.0;"";"gui_0148";"icaa";"busqueda_nombre_aproximada"
112521.0;"";"gui_0149";"icaa";"busqueda_nombre_exacta"
112918.0;"";"gui_0150";"icaa";"busqueda_nombre_exacta"
113018.0;"";"gui_0151";"icaa";"busqueda_nombre_exacta"
113023.0;"";"gui_0152";"icaa";"busqueda_nombre_exacta"
113023.0;"";"gui_0153";"icaa";"busqueda_nombre_exacta"
113118.0;"";"gui_0154";"icaa";"busqueda_nombre_exacta"
113221.0;"";"gui_0155";"icaa";"busqueda_nombre_exacta"
113518.0;"";"gui_0156";"icaa";"busqueda_nombre_exacta"
113518.0;"";"gui_0157";"icaa";"busqueda_nombre_exacta"
113518.0;"";"gui_0158";"icaa";"busqueda_nombre_exacta"
113518.0;"";"gui_0159";"icaa";"busqueda_nombre_exacta"
113619.0;"";"gui_0160";"icaa";"busqueda_nombre_aproximada"
113619.0;"";"gui_0161";"icaa";"busqueda_nombre_exacta"
113721.0;"";"gui_0162";"icaa";"busqueda_nombre_exacta"
11391.0;"";"gui_0005";"icaa";"busqueda_nombre_exacta"
11391.0;"";"gui_0163";"icaa";"busqueda_nombre_aproximada"
11391.0;"";"gui_0164";"icaa";"busqueda_nombre_exacta"
11391.0;"";"gui_0165";"icaa";"busqueda_nombre_exacta"
113921.0;"";"gui_0166";"icaa";"busqueda_nombre_exacta"
114020.0;"";"gui_0167";"icaa";"busqueda_nombre_exacta"
11422.0;"";"gui_0168";"icaa";"busqueda_nombre_exacta"
11422.0;"";"gui_0169";"icaa";"busqueda_nombre_exacta"
114421.0;"";"gui_0170";"icaa";"busqueda_nombre_exacta"
114518.0;"";"gui_0171";"icaa";"busqueda_nombre_exacta"
114518.0;"";"gui_0172";"icaa";"busqueda_nombre_exacta"
114618.0;"";"gui_0173";"icaa";"busqueda_nombre_exacta"
114718.0;"";"gui_0174";"icaa";"busqueda_nombre_exacta"
114821.0;"";"gui_0175";"icaa";"busqueda_nombre_exacta"
114921.0;"";"gui_0076";"icaa";"busqueda_nombre_exacta"
114921.0;"";"gui_0023";"icaa";"busqueda_nombre_exacta"
115102.0;"";"gui_0176";"icaa";"busqueda_nombre_exacta"
115222.0;"";"gui_0177";"icaa";"busqueda_nombre_exacta"
11523.0;"";"gui_0178";"icaa";"busqueda_nombre_exacta"
115621.0;"";"gui_0179";"icaa";"busqueda_nombre_exacta"
115718.0;"";"gui_0180";"icaa";"busqueda_nombre_exacta"
115718.0;"";"gui_0181";"icaa";"busqueda_nombre_exacta"
115723.0;"";"gui_0182";"icaa";"busqueda_nombre_exacta"
115723.0;"";"gui_0183";"icaa";"busqueda_nombre_exacta"
115823.0;"";"gui_0154";"icaa";"busqueda_nombre_exacta"
115823.0;"";"gui_0184";"icaa";"busqueda_nombre_exacta"
116018.0;"";"gui_0185";"icaa";"busqueda_nombre_exacta"
116124.0;"";"gui_0186";"icaa";"busqueda_nombre_exacta"
11621.0;"";"gui_0187";"icaa";"busqueda_nombre_exacta"
11622.0;"";"gui_0150";"icaa";"busqueda_nombre_exacta"
11622.0;"";"gui_0188";"icaa";"busqueda_nombre_exacta"
11623.0;"";"gui_0189";"icaa";"busqueda_nombre_exacta"
11722.0;"";"gui_0190";"icaa";"busqueda_nombre_exacta"
11722.0;"";"gui_0060";"icaa";"busqueda_nombre_exacta"
11722.0;"";"gui_0191";"icaa";"busqueda_nombre_exacta"
117721.0;"";"gui_0192";"icaa";"busqueda_nombre_exacta"
117721.0;"";"gui_0193";"icaa";"busqueda_nombre_exacta"
117721.0;"";"gui_0194";"icaa";"busqueda_nombre_exacta"
117918.0;"";"gui_0195";"icaa";"busqueda_nombre_exacta"
118750.0;"";"gui_0196";"icaa";"busqueda_nombre_exacta"
118750.0;"";"gui_0197";"icaa";"busqueda_nombre_exacta"
118920.0;"";"gui_0198";"icaa";"busqueda_nombre_exacta"
119216.0;"";"gui_0199";"icaa";"busqueda_nombre_exacta"
11923.0;"";"gui_0200";"icaa";"busqueda_nombre_exacta"
119516.0;"";"gui_0201";"icaa";"busqueda_nombre_exacta"
119718.0;"";"gui_0202";"icaa";"busqueda_nombre_exacta"
119718.0;"";"gui_0203";"icaa";"busqueda_nombre_exacta"
119718.0;"";"gui_0204";"icaa";"busqueda_nombre_exacta"
119821.0;"";"gui_0205";"icaa";"busqueda_nombre_exacta"
119918.0;"";"gui_0206";"icaa";"busqueda_nombre_exacta"
119918.0;"";"gui_0095";"icaa";"busqueda_nombre_exacta"
120021.0;"";"gui_0207";"icaa";"busqueda_nombre_exacta"
120022.0;"";"gui_0208";"icaa";"busqueda_nombre_exacta"
120022.0;"";"gui_0209";"icaa";"busqueda_nombre_exacta"
12024.0;"";"gui_0210";"icaa";"busqueda_nombre_exacta"
120307.0;"";"gui_0211";"icaa";"busqueda_nombre_exacta"
120313.0;"";"gui_0212";"icaa";"busqueda_nombre_exacta"
120318.0;"";"gui_0115";"icaa";"busqueda_nombre_exacta"
120318.0;"";"gui_0213";"icaa";"busqueda_nombre_exacta"
120418.0;"";"gui_0214";"icaa";"busqueda_nombre_exacta"
120418.0;"";"gui_0140";"icaa";"busqueda_nombre_exacta"
120423.0;"";"gui_0215";"icaa";"busqueda_nombre_exacta"
120423.0;"";"gui_0216";"icaa";"busqueda_nombre_exacta"
120523.0;"";"gui_0217";"icaa";"busqueda_nombre_exacta"
120618.0;"";"gui_0218";"icaa";"busqueda_nombre_exacta"
120724.0;"";"gui_0096";"icaa";"busqueda_nombre_exacta"
120724.0;"";"gui_0145";"icaa";"busqueda_nombre_exacta"
121219.0;"";"gui_0219";"icaa";"busqueda_nombre_exacta"
12122.0;"";"gui_0220";"icaa";"busqueda_nombre_exacta"
121624.0;"";"gui_0170";"icaa";"busqueda_nombre_exacta"
121718.0;"";"gui_0221";"icaa";"busqueda_nombre_exacta"
121819.0;"";"gui_0222";"icaa";"busqueda_nombre_exacta"
121823.0;"";"gui_0223";"icaa";"busqueda_nombre_exacta"
121823.0;"";"gui_0224";"icaa";"busqueda_nombre_aproximada"
122318.0;"";"gui_0225";"icaa";"busqueda_nombre_exacta"
122318.0;"";"gui_0226";"icaa";"busqueda_nombre_exacta"
122518.0;"";"gui_0227";"icaa";"busqueda_nombre_exacta"
122621.0;"";"gui_0228";"icaa";"busqueda_nombre_aproximada"
122818.0;"";"gui_0076";"icaa";"busqueda_nombre_exacta"
122818.0;"";"gui_0229";"icaa";"busqueda_nombre_exacta"
122910.0;"";"gui_0230";"icaa";"busqueda_nombre_exacta"
123018.0;"";"gui_0231";"icaa";"busqueda_nombre_exacta"
123023.0;"";"gui_0232";"icaa";"busqueda_nombre_exacta"
123023.0;"";"gui_0233";"icaa";"busqueda_nombre_exacta"
123122.0;"";"gui_0234";"icaa";"busqueda_nombre_exacta"
123393.0;"";"gui_0235";"icaa";"busqueda_nombre_exacta"
123421.0;"";"gui_0236";"icaa";"busqueda_nombre_exacta"
123503.0;"";"gui_0237";"icaa";"busqueda_nombre_exacta"
123503.0;"";"gui_0238";"icaa";"busqueda_nombre_exacta"
123518.0;"";"gui_0239";"icaa";"busqueda_nombre_exacta"
123624.0;"";"gui_0240";"icaa";"busqueda_nombre_exacta"
123717.0;"";"gui_0241";"icaa";"busqueda_nombre_exacta"
123717.0;"";"gui_0242";"icaa";"busqueda_nombre_exacta"
123723.0;"";"gui_0243";"icaa";"busqueda_nombre_exacta"
123918.0;"";"gui_0244";"icaa";"busqueda_nombre_exacta"
124017.0;"";"gui_0245";"icaa";"busqueda_nombre_exacta"
124318.0;"";"gui_0246";"icaa";"busqueda_nombre_exacta"
124318.0;"";"gui_0247";"icaa";"busqueda_nombre_exacta"
124422.0;"";"gui_0248";"icaa";"busqueda_nombre_exacta"
124422.0;"";"gui_0249";"icaa";"busqueda_nombre_exacta"
124702.0;"";"gui_0250";"icaa";"busqueda_nombre_exacta"
124702.0;"";"gui_0251";"icaa";"busqueda_nombre_exacta"
124718.0;"";"gui_0252";"icaa";"busqueda_nombre_exacta"
124718.0;"";"gui_0253";"icaa";"busqueda_nombre_exacta"
124718.0;"";"gui_0254";"icaa";"busqueda_nombre_exacta"
124817.0;"";"gui_0255";"icaa";"busqueda_nombre_exacta"
124817.0;"";"gui_0256";"icaa";"busqueda_nombre_exacta"
124824.0;"";"gui_0257";"icaa";"busqueda_nombre_exacta"
124918.0;"";"gui_0258";"icaa";"busqueda_nombre_exacta"
125123.0;"";"gui_0259";"icaa";"busqueda_nombre_exacta"
125123.0;"";"gui_0260";"icaa";"busqueda_nombre_exacta"
125621.0;"";"gui_0261";"icaa";"busqueda_nombre_aproximada"
125718.0;"";"gui_0262";"icaa";"busqueda_nombre_aproximada"
125823.0;"";"gui_0263";"icaa";"busqueda_nombre_exacta"
126114.0;"";"gui_0264";"icaa";"busqueda_nombre_exacta"
126114.0;"";"gui_0265";"icaa";"busqueda_nombre_exacta"
126125.0;"";"gui_0266";"icaa";"busqueda_nombre_exacta"
126125.0;"";"gui_0267";"icaa";"busqueda_nombre_exacta"
126723.0;"";"gui_0132";"icaa";"busqueda_nombre_exacta"
127008.0;"";"gui_0054";"icaa";"busqueda_nombre_exacta"
127008.0;"";"gui_0268";"icaa";"busqueda_nombre_exacta"
127019.0;"";"gui_0269";"icaa";"busqueda_nombre_exacta"
127204.0;"";"gui_0270";"icaa";"busqueda_nombre_exacta"
127723.0;"";"gui_0271";"icaa";"busqueda_nombre_exacta"
127724.0;"";"gui_0272";"icaa";"busqueda_nombre_exacta"
127724.0;"";"gui_0273";"icaa";"busqueda_nombre_exacta"
127818.0;"";"gui_0274";"icaa";"busqueda_nombre_exacta"
128004.0;"";"gui_0063";"icaa";"busqueda_nombre_exacta"
128118.0;"";"gui_0275";"icaa";"busqueda_nombre_exacta"
128222.0;"";"gui_0276";"icaa";"busqueda_nombre_exacta"
128318.0;"";"gui_0277";"icaa";"busqueda_nombre_aproximada"
128511.0;"";"gui_0278";"icaa";"busqueda_nombre_exacta"
128519.0;"";"gui_0279";"icaa";"busqueda_nombre_exacta"
128519.0;"";"gui_0280";"icaa";"busqueda_nombre_exacta"
128520.0;"";"gui_0218";"icaa";"busqueda_nombre_exacta"
128522.0;"";"gui_0281";"icaa";"busqueda_nombre_exacta"
128522.0;"";"gui_0282";"icaa";"busqueda_nombre_exacta"
128616.0;"";"gui_0283";"icaa";"busqueda_nombre_exacta"
128616.0;"";"gui_0284";"icaa";"busqueda_nombre_exacta"
128706.0;"";"gui_0285";"icaa";"busqueda_nombre_exacta"
128706.0;"";"gui_0199";"icaa";"busqueda_nombre_exacta"
128706.0;"";"gui_0286";"icaa";"busqueda_nombre_exacta"
128721.0;"";"gui_0287";"icaa";"busqueda_nombre_aproximada"
128721.0;"";"gui_0288";"icaa";"busqueda_nombre_exacta"
129121.0;"";"gui_0289";"icaa";"busqueda_nombre_exacta"
129121.0;"";"gui_0290";"icaa";"busqueda_nombre_exacta"
129124.0;"";"gui_0291";"icaa";"busqueda_nombre_exacta"
129521.0;"";"gui_0292";"icaa";"busqueda_nombre_exacta"
129619.0;"";"gui_0293";"icaa";"busqueda_nombre_aproximada"
129622.0;"";"gui_0180";"icaa";"busqueda_nombre_exacta"
129622.0;"";"gui_0294";"icaa";"busqueda_nombre_exacta"
129922.0;"";"gui_0295";"icaa";"busqueda_nombre_exacta"
129922.0;"";"gui_0115";"icaa";"busqueda_nombre_exacta"
129923.0;"";"gui_0296";"icaa";"busqueda_nombre_exacta"
129923.0;"";"gui_0297";"icaa";"busqueda_nombre_exacta"
129923.0;"";"gui_0298";"icaa";"busqueda_nombre_exacta"
129923.0;"";"gui_0299";"icaa";"busqueda_nombre_exacta"
12993640.0;"";"gui_0300";"icaa";"busqueda_nombre_exacta"
130222.0;"";"gui_0301";"icaa";"busqueda_nombre_exacta"
130222.0;"";"gui_0302";"icaa";"busqueda_nombre_exacta"
13023.0;"";"gui_0303";"icaa";"busqueda_nombre_exacta"
13024.0;"";"gui_0304";"icaa";"busqueda_nombre_exacta"
130522.0;"";"gui_0305";"icaa";"busqueda_nombre_exacta"
130523.0;"";"gui_0306";"icaa";"busqueda_nombre_exacta"
130523.0;"";"gui_0307";"icaa";"busqueda_nombre_exacta"
130921.0;"";"gui_0308";"icaa";"busqueda_nombre_exacta"
130921.0;"";"gui_0309";"icaa";"busqueda_nombre_exacta"
130921.0;"";"gui_0310";"icaa";"busqueda_nombre_exacta"
13099.0;"";"gui_0311";"icaa";"busqueda_nombre_exacta"
13099.0;"";"gui_0312";"icaa";"busqueda_nombre_exacta"
131123.0;"";"gui_0313";"icaa";"busqueda_nombre_exacta"
131123.0;"";"gui_0314";"icaa";"busqueda_nombre_exacta"
131221.0;"";"gui_0315";"icaa";"busqueda_nombre_exacta"
131524.0;"";"gui_0316";"icaa";"busqueda_nombre_exacta"
131721.0;"";"gui_0317";"icaa";"busqueda_nombre_exacta"
13223.0;"";"gui_0318";"icaa";"busqueda_nombre_exacta"
132722.0;"";"gui_0319";"icaa";"busqueda_nombre_exacta"
132724.0;"";"gui_0320";"icaa";"busqueda_nombre_exacta"
132918.0;"";"gui_0321";"icaa";"busqueda_nombre_exacta"
132918.0;"";"gui_0322";"icaa";"busqueda_nombre_aproximada"
13321.0;"";"gui_0323";"icaa";"busqueda_nombre_exacta"
133321.0;"";"gui_0324";"icaa";"busqueda_nombre_exacta"
133322.0;"";"gui_0325";"icaa";"busqueda_nombre_exacta"
133518.0;"";"gui_0326";"icaa";"busqueda_nombre_exacta"
133621.0;"";"gui_0327";"icaa";"busqueda_nombre_exacta"
133724.0;"";"gui_0328";"icaa";"busqueda_nombre_exacta"
133822.0;"";"gui_0329";"icaa";"busqueda_nombre_exacta"
133822.0;"";"gui_0330";"icaa";"busqueda_nombre_exacta"
133910.0;"";"gui_0331";"icaa";"busqueda_nombre_exacta"
133910.0;"";"gui_0332";"icaa";"busqueda_nombre_exacta"
133910.0;"";"gui_0216";"icaa";"busqueda_nombre_exacta"
133910.0;"";"gui_0333";"icaa";"busqueda_nombre_exacta"
133921.0;"";"gui_0334";"icaa";"busqueda_nombre_exacta"
133921.0;"";"gui_0335";"icaa";"busqueda_nombre_exacta"
134122.0;"";"gui_0336";"icaa";"busqueda_nombre_aproximada"
134122.0;"";"gui_0337";"icaa";"busqueda_nombre_exacta"
134222.0;"";"gui_0338";"icaa";"busqueda_nombre_exacta"
134322.0;"";"gui_0063";"icaa";"busqueda_nombre_exacta"
134422.0;"";"gui_0339";"icaa";"busqueda_nombre_exacta"
134422.0;"";"gui_0340";"icaa";"busqueda_nombre_exacta"
134522.0;"";"gui_0341";"icaa";"busqueda_nombre_exacta"
134522.0;"";"gui_0342";"icaa";"busqueda_nombre_exacta"
134621.0;"";"gui_0343";"icaa";"busqueda_nombre_exacta"
134622.0;"";"gui_0344";"icaa";"busqueda_nombre_exacta"
134622.0;"";"gui_0345";"icaa";"busqueda_nombre_exacta"
134819.0;"";"gui_0346";"icaa";"busqueda_nombre_exacta"
135020.0;"";"gui_0347";"icaa";"busqueda_nombre_exacta"
135221.0;"";"gui_0348";"icaa";"busqueda_nombre_exacta"
135221.0;"";"gui_0349";"icaa";"busqueda_nombre_exacta"
135221.0;"";"gui_0350";"icaa";"busqueda_nombre_exacta"
135221.0;"";"gui_0351";"icaa";"busqueda_nombre_exacta"
135221.0;"";"gui_0352";"icaa";"busqueda_nombre_exacta"
13524.0;"";"gui_0353";"icaa";"busqueda_nombre_exacta"
13524.0;"";"gui_0354";"icaa";"busqueda_nombre_exacta"
135325.0;"";"gui_0355";"icaa";"busqueda_nombre_exacta"
135517.0;"";"gui_0182";"icaa";"busqueda_nombre_exacta"
135622.0;"";"gui_0356";"icaa";"busqueda_nombre_exacta"
135622.0;"";"gui_0357";"icaa";"busqueda_nombre_exacta"
135721.0;"";"gui_0358";"icaa";"busqueda_nombre_exacta"
135722.0;"";"gui_0359";"icaa";"busqueda_nombre_exacta"
135722.0;"";"gui_0360";"icaa";"busqueda_nombre_exacta"
135821.0;"";"gui_0255";"icaa";"busqueda_nombre_exacta"
135822.0;"";"gui_0361";"icaa";"busqueda_nombre_exacta"
136022.0;"";"gui_0331";"icaa";"busqueda_nombre_exacta"
136022.0;"";"gui_0332";"icaa";"busqueda_nombre_exacta"
136022.0;"";"gui_0362";"icaa";"busqueda_nombre_exacta"
136022.0;"";"gui_0333";"icaa";"busqueda_nombre_exacta"
136023.0;"";"gui_0363";"icaa";"busqueda_nombre_exacta"
136118.0;"";"gui_0364";"icaa";"busqueda_nombre_exacta"
136118.0;"";"gui_0365";"icaa";"busqueda_nombre_exacta"
136119.0;"";"gui_0296";"icaa";"busqueda_nombre_exacta"
136121.0;"";"gui_0366";"icaa";"busqueda_nombre_exacta"
136122.0;"";"gui_0091";"icaa";"busqueda_nombre_exacta"
136610.0;"";"gui_0367";"icaa";"busqueda_nombre_exacta"
13677.0;"";"gui_0368";"icaa";"busqueda_nombre_exacta"
136823.0;"";"gui_0369";"icaa";"busqueda_nombre_exacta"
137121.0;"";"gui_0251";"icaa";"busqueda_nombre_exacta"
137121.0;"";"gui_0370";"icaa";"busqueda_nombre_exacta"
137123.0;"";"gui_0371";"icaa";"busqueda_nombre_aproximada"
137123.0;"";"gui_0372";"icaa";"busqueda_nombre_exacta"
137420.0;"";"gui_0373";"icaa";"busqueda_nombre_exacta"
137623.0;"";"gui_0374";"icaa";"busqueda_nombre_aproximada"
137821.0;"";"gui_0375";"icaa";"busqueda_nombre_exacta"
137919.0;"";"gui_0376";"icaa";"busqueda_nombre_exacta"
137921.0;"";"gui_0370";"icaa";"busqueda_nombre_exacta"
137921.0;"";"gui_0377";"icaa";"busqueda_nombre_exacta"
138122.0;"";"gui_0378";"icaa";"busqueda_nombre_exacta"
13821.0;"";"gui_0379";"icaa";"busqueda_nombre_exacta"
138421.0;"";"gui_0380";"icaa";"busqueda_nombre_exacta"
138421.0;"";"gui_0381";"icaa";"busqueda_nombre_exacta"
138521.0;"";"gui_0382";"icaa";"busqueda_nombre_exacta"
138521.0;"";"gui_0362";"icaa";"busqueda_nombre_exacta"
138910.0;"";"gui_0383";"icaa";"busqueda_nombre_exacta"
138910.0;"";"gui_0384";"icaa";"busqueda_nombre_aproximada"
138919.0;"";"gui_0250";"icaa";"busqueda_nombre_exacta"
138919.0;"";"gui_0251";"icaa";"busqueda_nombre_exacta"
139022.0;"";"gui_0385";"icaa";"busqueda_nombre_exacta"
13923.0;"";"gui_0386";"icaa";"busqueda_nombre_aproximada"
139419.0;"";"gui_0387";"icaa";"busqueda_nombre_exacta"
139421.0;"";"gui_0201";"icaa";"busqueda_nombre_exacta"
139421.0;"";"gui_0273";"icaa";"busqueda_nombre_exacta"
140423.0;"";"gui_0388";"icaa";"busqueda_nombre_exacta"
140922.0;"";"gui_0389";"icaa";"busqueda_nombre_exacta"
141023.0;"";"gui_0390";"icaa";"busqueda_nombre_exacta"
141123.0;"";"gui_0391";"icaa";"busqueda_nombre_aproximada"
141223.0;"";"gui_0392";"icaa";"busqueda_nombre_exacta"
14124.0;"";"gui_0393";"icaa";"busqueda_nombre_exacta"
141422.0;"";"gui_0394";"icaa";"busqueda_nombre_exacta"
141422.0;"";"gui_0395";"icaa";"busqueda_nombre_exacta"
141422.0;"";"gui_0396";"icaa";"busqueda_nombre_exacta"
1415.0;"";"gui_0397";"icaa";"busqueda_nombre_aproximada"
141621.0;"";"gui_0398";"icaa";"busqueda_nombre_exacta"
141920.0;"";"gui_0399";"icaa";"busqueda_nombre_exacta"
141920.0;"";"gui_0400";"icaa";"busqueda_nombre_exacta"
141924.0;"";"gui_0401";"icaa";"busqueda_nombre_exacta"
1421.0;"";"gui_0263";"icaa";"busqueda_nombre_exacta"
142106.0;"";"gui_0359";"icaa";"busqueda_nombre_exacta"
142106.0;"";"gui_0402";"icaa";"busqueda_nombre_aproximada"
142121.0;"";"gui_0403";"icaa";"busqueda_nombre_exacta"
142225.0;"";"gui_0404";"icaa";"busqueda_nombre_exacta"
1424.0;"";"gui_0405";"icaa";"busqueda_nombre_aproximada"
142421.0;"";"gui_0406";"icaa";"busqueda_nombre_exacta"
142421.0;"";"gui_0407";"icaa";"busqueda_nombre_exacta"
142721.0;"";"gui_0383";"icaa";"busqueda_nombre_exacta"
142819.0;"";"gui_0408";"icaa";"busqueda_nombre_exacta"
142922.0;"";"gui_0409";"icaa";"busqueda_nombre_exacta"
143020.0;"";"gui_0054";"icaa";"busqueda_nombre_exacta"
143020.0;"";"gui_0268";"icaa";"busqueda_nombre_exacta"
143120.0;"";"gui_0410";"icaa";"busqueda_nombre_exacta"
143221.0;"";"gui_0411";"icaa";"busqueda_nombre_exacta"
143223.0;"";"gui_0412";"icaa";"busqueda_nombre_exacta"
143421.0;"";"gui_0413";"icaa";"busqueda_nombre_exacta"
143608.0;"";"gui_0414";"icaa";"busqueda_nombre_exacta"
143608.0;"";"gui_0415";"icaa";"busqueda_nombre_exacta"
143722.0;"";"gui_0416";"icaa";"busqueda_nombre_exacta"
143921.0;"";"gui_0417";"icaa";"busqueda_nombre_exacta"
144019.0;"";"gui_0100";"icaa";"busqueda_nombre_exacta"
144223.0;"";"gui_0367";"icaa";"busqueda_nombre_exacta"
144223.0;"";"gui_0418";"icaa";"busqueda_nombre_exacta"
144321.0;"";"gui_0390";"icaa";"busqueda_nombre_exacta"
144321.0;"";"gui_0419";"icaa";"busqueda_nombre_exacta"
144322.0;"";"gui_0420";"icaa";"busqueda_nombre_exacta"
144323.0;"";"gui_0186";"icaa";"busqueda_nombre_exacta"
144420.0;"";"gui_0421";"icaa";"busqueda_nombre_exacta"
144423.0;"";"gui_0422";"icaa";"busqueda_nombre_exacta"
144423.0;"";"gui_0407";"icaa";"busqueda_nombre_exacta"
144519.0;"";"gui_0423";"icaa";"busqueda_nombre_exacta"
144521.0;"";"gui_0424";"icaa";"busqueda_nombre_exacta"
144522.0;"";"gui_0425";"icaa";"busqueda_nombre_exacta"
144721.0;"";"gui_0426";"icaa";"busqueda_nombre_exacta"
144723.0;"";"gui_0279";"icaa";"busqueda_nombre_exacta"
145017.0;"";"gui_0427";"icaa";"busqueda_nombre_exacta"
145017.0;"";"gui_0428";"icaa";"busqueda_nombre_exacta"
145021.0;"";"gui_0354";"icaa";"busqueda_nombre_exacta"
14506.0;"";"gui_0250";"icaa";"busqueda_nombre_exacta"
14506.0;"";"gui_0429";"icaa";"busqueda_nombre_exacta"
145221.0;"";"gui_0417";"icaa";"busqueda_nombre_exacta"
145419.0;"";"gui_0430";"icaa";"busqueda_nombre_exacta"
145419.0;"";"gui_0431";"icaa";"busqueda_nombre_exacta"
145419.0;"";"gui_0432";"icaa";"busqueda_nombre_exacta"
145419.0;"";"gui_0433";"icaa";"busqueda_nombre_exacta"
145419.0;"";"gui_0293";"icaa";"busqueda_nombre_exacta"
145421.0;"";"gui_0434";"icaa";"busqueda_nombre_exacta"
145421.0;"";"gui_0435";"icaa";"busqueda_nombre_exacta"
145624.0;"";"gui_0436";"icaa";"busqueda_nombre_exacta"
145714.0;"";"gui_0267";"icaa";"busqueda_nombre_exacta"
145720.0;"";"gui_0437";"icaa";"busqueda_nombre_exacta"
145823.0;"";"gui_0438";"icaa";"busqueda_nombre_exacta"
145922.0;"";"gui_0439";"icaa";"busqueda_nombre_exacta"
146022.0;"";"gui_0440";"icaa";"busqueda_nombre_exacta"
146218.0;"";"gui_0441";"icaa";"busqueda_nombre_exacta"
146319.0;"";"gui_0442";"icaa";"busqueda_nombre_exacta"
146319.0;"";"gui_0443";"icaa";"busqueda_nombre_exacta"
146419.0;"";"gui_0014";"icaa";"busqueda_nombre_exacta"
146419.0;"";"gui_0444";"icaa";"busqueda_nombre_exacta"
146419.0;"";"gui_0445";"icaa";"busqueda_nombre_exacta"
146419.0;"";"gui_0446";"icaa";"busqueda_nombre_exacta"
146424.0;"";"gui_0447";"icaa";"busqueda_nombre_aproximada"
146620.0;"";"gui_0448";"icaa";"busqueda_nombre_exacta"
146620.0;"";"gui_0449";"icaa";"busqueda_nombre_exacta"
146724.0;"";"gui_0450";"icaa";"busqueda_nombre_exacta"
147020.0;"";"gui_0451";"icaa";"busqueda_nombre_exacta"
14715.0;"";"gui_0452";"icaa";"busqueda_nombre_exacta"
14715.0;"";"gui_0368";"icaa";"busqueda_nombre_exacta"
147217.0;"";"gui_0237";"icaa";"busqueda_nombre_exacta"
147217.0;"";"gui_0091";"icaa";"busqueda_nombre_exacta"
147222.0;"";"gui_0453";"icaa";"busqueda_nombre_exacta"
147420.0;"";"gui_0454";"icaa";"busqueda_nombre_exacta"
147420.0;"";"gui_0455";"icaa";"busqueda_nombre_exacta"
147516.0;"";"gui_0456";"icaa";"busqueda_nombre_exacta"
147516.0;"";"gui_0457";"icaa";"busqueda_nombre_exacta"
147519.0;"";"gui_0458";"icaa";"busqueda_nombre_exacta"
147522.0;"";"gui_0459";"icaa";"busqueda_nombre_exacta"
147523.0;"";"gui_0460";"icaa";"busqueda_nombre_exacta"
147523.0;"";"gui_0461";"icaa";"busqueda_nombre_exacta"
147523.0;"";"gui_0462";"icaa";"busqueda_nombre_exacta"
147523.0;"";"gui_0463";"icaa";"busqueda_nombre_exacta"
147523.0;"";"gui_0464";"icaa";"busqueda_nombre_aproximada"
147523.0;"";"gui_0465";"icaa";"busqueda_nombre_exacta"
147523.0;"";"gui_0466";"icaa";"busqueda_nombre_exacta"
147523.0;"";"gui_0467";"icaa";"busqueda_nombre_exacta"
147620.0;"";"gui_0468";"icaa";"busqueda_nombre_exacta"
147823.0;"";"gui_0469";"icaa";"busqueda_nombre_exacta"
147823.0;"";"gui_0470";"icaa";"busqueda_nombre_exacta"
147921.0;"";"gui_0471";"icaa";"busqueda_nombre_aproximada"
148025.0;"";"gui_0472";"icaa";"busqueda_nombre_exacta"
148025.0;"";"gui_0473";"icaa";"busqueda_nombre_exacta"
148419.0;"";"gui_0474";"icaa";"busqueda_nombre_exacta"
148622.0;"";"gui_0475";"icaa";"busqueda_nombre_exacta"
148719.0;"";"gui_0476";"icaa";"busqueda_nombre_exacta"
148720.0;"";"gui_0251";"icaa";"busqueda_nombre_exacta"
148720.0;"";"gui_0477";"icaa";"busqueda_nombre_exacta"
148720.0;"";"gui_0478";"icaa";"busqueda_nombre_exacta"
148721.0;"";"gui_0479";"icaa";"busqueda_nombre_aproximada"
148721.0;"";"gui_0322";"icaa";"busqueda_nombre_exacta"
1488.0;"";"gui_0480";"icaa";"busqueda_nombre_exacta"
148822.0;"";"gui_0481";"icaa";"busqueda_nombre_exacta"
148822.0;"";"gui_0482";"icaa";"busqueda_nombre_exacta"
148922.0;"";"gui_0483";"icaa";"busqueda_nombre_exacta"
149020.0;"";"gui_0484";"icaa";"busqueda_nombre_exacta"
149020.0;"";"gui_0485";"icaa";"busqueda_nombre_exacta"
149020.0;"";"gui_0486";"icaa";"busqueda_nombre_exacta"
149024.0;"";"gui_0487";"icaa";"busqueda_nombre_exacta"
149024.0;"";"gui_0488";"icaa";"busqueda_nombre_exacta"
149119.0;"";"gui_0212";"icaa";"busqueda_nombre_exacta"
149222.0;"";"gui_0489";"icaa";"busqueda_nombre_exacta"
149323.0;"";"gui_0490";"icaa";"busqueda_nombre_exacta"
149323.0;"";"gui_0491";"icaa";"busqueda_nombre_exacta"
149323.0;"";"gui_0492";"icaa";"busqueda_nombre_exacta"
149620.0;"";"gui_0493";"icaa";"busqueda_nombre_exacta"
150017.0;"";"gui_0494";"icaa";"busqueda_nombre_exacta"
150017.0;"";"gui_0140";"icaa";"busqueda_nombre_exacta"
150123.0;"";"gui_0495";"icaa";"busqueda_nombre_exacta"
150221.0;"";"gui_0496";"icaa";"busqueda_nombre_exacta"
150223.0;"";"gui_0497";"icaa";"busqueda_nombre_exacta"
150223.0;"";"gui_0498";"icaa";"busqueda_nombre_aproximada"
150319.0;"";"gui_0499";"icaa";"busqueda_nombre_exacta"
150319.0;"";"gui_0500";"icaa";"busqueda_nombre_exacta"
150319.0;"";"gui_0501";"icaa";"busqueda_nombre_exacta"
150320.0;"";"gui_0502";"icaa";"busqueda_nombre_exacta"
150421.0;"";"gui_0503";"icaa";"busqueda_nombre_exacta"
150519.0;"";"gui_0504";"icaa";"busqueda_nombre_exacta"
150523.0;"";"gui_0505";"icaa";"busqueda_nombre_exacta"
15080.0;"";"gui_0126";"icaa";"busqueda_nombre_exacta"
151020.0;"";"gui_0126";"icaa";"busqueda_nombre_exacta"
152120.0;"";"gui_0506";"icaa";"busqueda_nombre_exacta"
152120.0;"";"gui_0507";"icaa";"busqueda_nombre_exacta"
152120.0;"";"gui_0508";"icaa";"busqueda_nombre_exacta"
152217.0;"";"gui_0509";"icaa";"busqueda_nombre_exacta"
152217.0;"";"gui_0510";"icaa";"busqueda_nombre_exacta"
152217.0;"";"gui_0511";"icaa";"busqueda_nombre_exacta"
152319.0;"";"gui_0211";"icaa";"busqueda_nombre_exacta"
152319.0;"";"gui_0512";"icaa";"busqueda_nombre_exacta"
152320.0;"";"gui_0513";"icaa";"busqueda_nombre_exacta"
152320.0;"";"gui_0151";"icaa";"busqueda_nombre_exacta"
152420.0;"";"gui_0514";"icaa";"busqueda_nombre_exacta"
152420.0;"";"gui_0515";"icaa";"busqueda_nombre_exacta"
152420.0;"";"gui_0516";"icaa";"busqueda_nombre_exacta"
152421.0;"";"gui_0517";"icaa";"busqueda_nombre_exacta"
152520.0;"";"gui_0518";"icaa";"busqueda_nombre_exacta"
152520.0;"";"gui_0519";"icaa";"busqueda_nombre_exacta"
152623.0;"";"gui_0520";"icaa";"busqueda_nombre_exacta"
152624.0;"";"gui_0521";"icaa";"busqueda_nombre_exacta"
152720.0;"";"gui_0522";"icaa";"busqueda_nombre_aproximada"
152819.0;"";"gui_0523";"icaa";"busqueda_nombre_exacta"
152921.0;"";"gui_0213";"icaa";"busqueda_nombre_exacta"
152921.0;"";"gui_0524";"icaa";"busqueda_nombre_exacta"
153122.0;"";"gui_0109";"icaa";"busqueda_nombre_exacta"
153321.0;"";"gui_0525";"icaa";"busqueda_nombre_exacta"
153523.0;"";"gui_0237";"icaa";"busqueda_nombre_exacta"
153722.0;"";"gui_0526";"icaa";"busqueda_nombre_exacta"
154119.0;"";"gui_0527";"icaa";"busqueda_nombre_exacta"
154119.0;"";"gui_0528";"icaa";"busqueda_nombre_exacta"
154219.0;"";"gui_0063";"icaa";"busqueda_nombre_exacta"
154219.0;"";"gui_0529";"icaa";"busqueda_nombre_exacta"
154219.0;"";"gui_0530";"icaa";"busqueda_nombre_exacta"
15422.0;"";"gui_0531";"icaa";"busqueda_nombre_exacta"
15422.0;"";"gui_0532";"icaa";"busqueda_nombre_exacta"
154322.0;"";"gui_0533";"icaa";"busqueda_nombre_exacta"
154322.0;"";"gui_0534";"icaa";"busqueda_nombre_exacta"
154322.0;"";"gui_0535";"icaa";"busqueda_nombre_exacta"
154622.0;"";"gui_0536";"icaa";"busqueda_nombre_exacta"
154722.0;"";"gui_0413";"icaa";"busqueda_nombre_exacta"
154817.0;"";"gui_0537";"icaa";"busqueda_nombre_exacta"
154817.0;"";"gui_0538";"icaa";"busqueda_nombre_exacta"
154919.0;"";"gui_0539";"icaa";"busqueda_nombre_exacta"
154919.0;"";"gui_0091";"icaa";"busqueda_nombre_exacta"
154922.0;"";"gui_0540";"icaa";"busqueda_nombre_exacta"
154923.0;"";"gui_0541";"icaa";"busqueda_nombre_exacta"
154923.0;"";"gui_0542";"icaa";"busqueda_nombre_exacta"
155119.0;"";"gui_0543";"icaa";"busqueda_nombre_exacta"
155119.0;"";"gui_0544";"icaa";"busqueda_nombre_exacta"
155120.0;"";"gui_0545";"icaa";"busqueda_nombre_exacta"
155123.0;"";"gui_0546";"icaa";"busqueda_nombre_exacta"
155123.0;"";"gui_0547";"icaa";"busqueda_nombre_exacta"
155323.0;"";"gui_0548";"icaa";"busqueda_nombre_exacta"
155323.0;"";"gui_0549";"icaa";"busqueda_nombre_exacta"
155323.0;"";"gui_0550";"icaa";"busqueda_nombre_exacta"
155323.0;"";"gui_0551";"icaa";"busqueda_nombre_exacta"
155323.0;"";"gui_0552";"icaa";"busqueda_nombre_exacta"
155323.0;"";"gui_0535";"icaa";"busqueda_nombre_exacta"
155421.0;"";"gui_0553";"icaa";"busqueda_nombre_exacta"
155421.0;"";"gui_0539";"icaa";"busqueda_nombre_exacta"
155521.0;"";"gui_0554";"icaa";"busqueda_nombre_exacta"
155523.0;"";"gui_0555";"icaa";"busqueda_nombre_exacta"
155523.0;"";"gui_0556";"icaa";"busqueda_nombre_exacta"
155619.0;"";"gui_0187";"icaa";"busqueda_nombre_exacta"
155620.0;"";"gui_0557";"icaa";"busqueda_nombre_exacta"
155623.0;"";"gui_0554";"icaa";"busqueda_nombre_exacta"
155623.0;"";"gui_0558";"icaa";"busqueda_nombre_exacta"
155721.0;"";"gui_0559";"icaa";"busqueda_nombre_exacta"
155822.0;"";"gui_0560";"icaa";"busqueda_nombre_exacta"
155921.0;"";"gui_0561";"icaa";"busqueda_nombre_exacta"
155921.0;"";"gui_0562";"icaa";"busqueda_nombre_exacta"
156120.0;"";"gui_0563";"icaa";"busqueda_nombre_exacta"
156120.0;"";"gui_0564";"icaa";"busqueda_nombre_exacta"
15622.0;"";"gui_0565";"icaa";"busqueda_nombre_exacta"
156320.0;"";"gui_0566";"icaa";"busqueda_nombre_exacta"
156322.0;"";"gui_0567";"icaa";"busqueda_nombre_exacta"
156419.0;"";"gui_0568";"icaa";"busqueda_nombre_exacta"
156419.0;"";"gui_0094";"icaa";"busqueda_nombre_exacta"
156420.0;"";"gui_0569";"icaa";"busqueda_nombre_exacta"
156420.0;"";"gui_0570";"icaa";"busqueda_nombre_exacta"
156421.0;"";"gui_0201";"icaa";"busqueda_nombre_exacta"
156620.0;"";"gui_0571";"icaa";"busqueda_nombre_aproximada"
156620.0;"";"gui_0572";"icaa";"busqueda_nombre_exacta"
156621.0;"";"gui_0573";"icaa";"busqueda_nombre_exacta"
156920.0;"";"gui_0574";"icaa";"busqueda_nombre_exacta"
156924.0;"";"gui_0575";"icaa";"busqueda_nombre_exacta"
156924.0;"";"gui_0576";"icaa";"busqueda_nombre_exacta"
157220.0;"";"gui_0577";"icaa";"busqueda_nombre_exacta"
157320.0;"";"gui_0250";"icaa";"busqueda_nombre_exacta"
157320.0;"";"gui_0578";"icaa";"busqueda_nombre_exacta"
157419.0;"";"gui_0495";"icaa";"busqueda_nombre_exacta"
157420.0;"";"gui_0579";"icaa";"busqueda_nombre_exacta"
157420.0;"";"gui_0580";"icaa";"busqueda_nombre_exacta"
157510.0;"";"gui_0581";"icaa";"busqueda_nombre_exacta"
157510.0;"";"gui_0582";"icaa";"busqueda_nombre_exacta"
157510.0;"";"gui_0583";"icaa";"busqueda_nombre_exacta"
157510.0;"";"gui_0584";"icaa";"busqueda_nombre_exacta"
157519.0;"";"gui_0063";"icaa";"busqueda_nombre_exacta"
157521.0;"";"gui_0585";"icaa";"busqueda_nombre_exacta"
157521.0;"";"gui_0586";"icaa";"busqueda_nombre_exacta"
157523.0;"";"gui_0587";"icaa";"busqueda_nombre_exacta"
157523.0;"";"gui_0588";"icaa";"busqueda_nombre_exacta"
157619.0;"";"gui_0589";"icaa";"busqueda_nombre_exacta"
157619.0;"";"gui_0145";"icaa";"busqueda_nombre_exacta"
157619.0;"";"gui_0590";"icaa";"busqueda_nombre_exacta"
157620.0;"";"gui_0054";"icaa";"busqueda_nombre_exacta"
157620.0;"";"gui_0055";"icaa";"busqueda_nombre_exacta"
157621.0;"";"gui_0579";"icaa";"busqueda_nombre_exacta"
157621.0;"";"gui_0580";"icaa";"busqueda_nombre_exacta"
157722.0;"";"gui_0335";"icaa";"busqueda_nombre_exacta"
157722.0;"";"gui_0591";"icaa";"busqueda_nombre_exacta"
157722.0;"";"gui_0592";"icaa";"busqueda_nombre_exacta"
157724.0;"";"gui_0593";"icaa";"busqueda_nombre_exacta"
157724.0;"";"gui_0594";"icaa";"busqueda_nombre_exacta"
157821.0;"";"gui_0595";"icaa";"busqueda_nombre_exacta"
157821.0;"";"gui_0596";"icaa";"busqueda_nombre_exacta"
157911.0;"";"gui_0597";"icaa";"busqueda_nombre_exacta"
158022.0;"";"gui_0598";"icaa";"busqueda_nombre_exacta"
158121.0;"";"gui_0599";"icaa";"busqueda_nombre_exacta"
158121.0;"";"gui_0600";"icaa";"busqueda_nombre_exacta"
158217.0;"";"gui_0601";"icaa";"busqueda_nombre_exacta"
158217.0;"";"gui_0602";"icaa";"busqueda_nombre_exacta"
158224.0;"";"gui_0603";"icaa";"busqueda_nombre_aproximada"
158320.0;"";"gui_0604";"icaa";"busqueda_nombre_exacta"
158321.0;"";"gui_0285";"icaa";"busqueda_nombre_exacta"
158321.0;"";"gui_0381";"icaa";"busqueda_nombre_exacta"
158322.0;"";"gui_0430";"icaa";"busqueda_nombre_exacta"
158322.0;"";"gui_0431";"icaa";"busqueda_nombre_exacta"
158322.0;"";"gui_0293";"icaa";"busqueda_nombre_exacta"
158322.0;"";"gui_0433";"icaa";"busqueda_nombre_exacta"
158322.0;"";"gui_0605";"icaa";"busqueda_nombre_exacta"
158423.0;"";"gui_0606";"icaa";"busqueda_nombre_exacta"
158423.0;"";"gui_0607";"icaa";"busqueda_nombre_exacta"
158519.0;"";"gui_0608";"icaa";"busqueda_nombre_exacta"
158520.0;"";"gui_0609";"icaa";"busqueda_nombre_exacta"
158520.0;"";"gui_0610";"icaa";"busqueda_nombre_exacta"
158521.0;"";"gui_0611";"icaa";"busqueda_nombre_exacta"
158619.0;"";"gui_0301";"icaa";"busqueda_nombre_exacta"
158619.0;"";"gui_0302";"icaa";"busqueda_nombre_exacta"
158621.0;"";"gui_0579";"icaa";"busqueda_nombre_exacta"
158621.0;"";"gui_0580";"icaa";"busqueda_nombre_exacta"
158624.0;"";"gui_0612";"icaa";"busqueda_nombre_exacta"
158625.0;"";"gui_0613";"icaa";"busqueda_nombre_exacta"
158625.0;"";"gui_0614";"icaa";"busqueda_nombre_exacta"
158719.0;"";"gui_0615";"icaa";"busqueda_nombre_exacta"
158720.0;"";"gui_0616";"icaa";"busqueda_nombre_exacta"
158723.0;"";"gui_0617";"icaa";"busqueda_nombre_exacta"
158821.0;"";"gui_0618";"icaa";"busqueda_nombre_exacta"
158821.0;"";"gui_0619";"icaa";"busqueda_nombre_exacta"
158919.0;"";"gui_0117";"icaa";"busqueda_nombre_exacta"
158920.0;"";"gui_0620";"icaa";"busqueda_nombre_exacta"
158920.0;"";"gui_0621";"icaa";"busqueda_nombre_exacta"
158921.0;"";"gui_0622";"icaa";"busqueda_nombre_exacta"
158921.0;"";"gui_0623";"icaa";"busqueda_nombre_exacta"
159020.0;"";"gui_0453";"icaa";"busqueda_nombre_exacta"
159119.0;"";"gui_0579";"icaa";"busqueda_nombre_exacta"
159119.0;"";"gui_0580";"icaa";"busqueda_nombre_exacta"
159120.0;"";"gui_0569";"icaa";"busqueda_nombre_exacta"
159120.0;"";"gui_0570";"icaa";"busqueda_nombre_exacta"
159123.0;"";"gui_0601";"icaa";"busqueda_nombre_exacta"
159123.0;"";"gui_0602";"icaa";"busqueda_nombre_exacta"
15913.0;"";"gui_0624";"icaa";"busqueda_nombre_exacta"
159222.0;"";"gui_0263";"icaa";"busqueda_nombre_exacta"
15924.0;"";"gui_0143";"icaa";"busqueda_nombre_exacta"
159319.0;"";"gui_0054";"icaa";"busqueda_nombre_exacta"
159319.0;"";"gui_0055";"icaa";"busqueda_nombre_exacta"
159320.0;"";"gui_0625";"icaa";"busqueda_nombre_exacta"
159323.0;"";"gui_0626";"icaa";"busqueda_nombre_exacta"
159420.0;"";"gui_0586";"icaa";"busqueda_nombre_exacta"
159520.0;"";"gui_0020";"icaa";"busqueda_nombre_exacta"
159610.0;"";"gui_0627";"icaa";"busqueda_nombre_exacta"
159610.0;"";"gui_0628";"icaa";"busqueda_nombre_exacta"
159620.0;"";"gui_0118";"icaa";"busqueda_nombre_aproximada"
159720.0;"";"gui_0176";"icaa";"busqueda_nombre_exacta"
159720.0;"";"gui_0629";"icaa";"busqueda_nombre_exacta"
159721.0;"";"gui_0630";"icaa";"busqueda_nombre_exacta"
159721.0;"";"gui_0631";"icaa";"busqueda_nombre_exacta"
159724.0;"";"gui_0632";"icaa";"busqueda_nombre_exacta"
159820.0;"";"gui_0633";"icaa";"busqueda_nombre_exacta"
159920.0;"";"gui_0634";"icaa";"busqueda_nombre_exacta"
159950.0;"";"gui_0013";"icaa";"busqueda_nombre_exacta"
159950.0;"";"gui_0165";"icaa";"busqueda_nombre_exacta"
160020.0;"";"gui_0635";"icaa";"busqueda_nombre_exacta"
160020.0;"";"gui_0636";"icaa";"busqueda_nombre_exacta"
160124.0;"";"gui_0495";"icaa";"busqueda_nombre_exacta"
16021.0;"";"gui_0296";"icaa";"busqueda_nombre_exacta"
16021.0;"";"gui_0146";"icaa";"busqueda_nombre_exacta"
160220.0;"";"gui_0637";"icaa";"busqueda_nombre_exacta"
160322.0;"";"gui_0638";"icaa";"busqueda_nombre_exacta"
160322.0;"";"gui_0639";"icaa";"busqueda_nombre_exacta"
160520.0;"";"gui_0640";"icaa";"busqueda_nombre_exacta"
160520.0;"";"gui_0632";"icaa";"busqueda_nombre_exacta"
160620.0;"";"gui_0641";"icaa";"busqueda_nombre_exacta"
160621.0;"";"gui_0642";"icaa";"busqueda_nombre_exacta"
16119.0;"";"gui_0643";"icaa";"busqueda_nombre_exacta"
16119.0;"";"gui_0644";"icaa";"busqueda_nombre_exacta"
16124.0;"";"gui_0645";"icaa";"busqueda_nombre_exacta"
161320.0;"";"gui_0646";"icaa";"busqueda_nombre_exacta"
161523.0;"";"gui_0647";"icaa";"busqueda_nombre_aproximada"
161721.0;"";"gui_0648";"icaa";"busqueda_nombre_exacta"
162019.0;"";"gui_0649";"icaa";"busqueda_nombre_aproximada"
162019.0;"";"gui_0650";"icaa";"busqueda_nombre_exacta"
162122.0;"";"gui_0651";"icaa";"busqueda_nombre_exacta"
162122.0;"";"gui_0652";"icaa";"busqueda_nombre_aproximada"
162723.0;"";"gui_0653";"icaa";"busqueda_nombre_aproximada"
162821.0;"";"gui_0654";"icaa";"busqueda_nombre_exacta"
162923.0;"";"gui_0655";"icaa";"busqueda_nombre_exacta"
163022.0;"";"gui_0656";"icaa";"busqueda_nombre_exacta"
163022.0;"";"gui_0657";"icaa";"busqueda_nombre_exacta"
163022.0;"";"gui_0658";"icaa";"busqueda_nombre_exacta"
163022.0;"";"gui_0659";"icaa";"busqueda_nombre_exacta"
163121.0;"";"gui_0660";"icaa";"busqueda_nombre_exacta"
16315.0;"";"gui_0661";"icaa";"busqueda_nombre_exacta"
16315.0;"";"gui_0662";"icaa";"busqueda_nombre_exacta"
163219.0;"";"gui_0663";"icaa";"busqueda_nombre_exacta"
163219.0;"";"gui_0664";"icaa";"busqueda_nombre_exacta"
163219.0;"";"gui_0665";"icaa";"busqueda_nombre_exacta"
163519.0;"";"gui_0666";"icaa";"busqueda_nombre_exacta"
163519.0;"";"gui_0667";"icaa";"busqueda_nombre_aproximada"
163622.0;"";"gui_0668";"icaa";"busqueda_nombre_exacta"
163623.0;"";"gui_0669";"icaa";"busqueda_nombre_exacta"
163623.0;"";"gui_0670";"icaa";"busqueda_nombre_exacta"
163719.0;"";"gui_0300";"icaa";"busqueda_nombre_exacta"
163719.0;"";"gui_0309";"icaa";"busqueda_nombre_exacta"
163719.0;"";"gui_0671";"icaa";"busqueda_nombre_aproximada"
163920.0;"";"gui_0109";"icaa";"busqueda_nombre_exacta"
164322.0;"";"gui_0211";"icaa";"busqueda_nombre_exacta"
164322.0;"";"gui_0672";"icaa";"busqueda_nombre_exacta"
164621.0;"";"gui_0673";"icaa";"busqueda_nombre_aproximada"
164816.0;"";"gui_0674";"icaa";"busqueda_nombre_exacta"
164816.0;"";"gui_0675";"icaa";"busqueda_nombre_exacta"
165520.0;"";"gui_0676";"icaa";"busqueda_nombre_exacta"
165722.0;"";"gui_0677";"icaa";"busqueda_nombre_exacta"
165919.0;"";"gui_0678";"icaa";"busqueda_nombre_exacta"
166522.0;"";"gui_0309";"icaa";"busqueda_nombre_exacta"
166523.0;"";"gui_0519";"icaa";"busqueda_nombre_exacta"
166523.0;"";"gui_0145";"icaa";"busqueda_nombre_exacta"
166821.0;"";"gui_0679";"icaa";"busqueda_nombre_exacta"
166823.0;"";"gui_0680";"icaa";"busqueda_nombre_exacta"
166917.0;"";"gui_0681";"icaa";"busqueda_nombre_aproximada"
166923.0;"";"gui_0250";"icaa";"busqueda_nombre_exacta"
166923.0;"";"gui_0578";"icaa";"busqueda_nombre_exacta"
167022.0;"";"gui_0682";"icaa";"busqueda_nombre_exacta"
167023.0;"";"gui_0546";"icaa";"busqueda_nombre_exacta"
167122.0;"";"gui_0683";"icaa";"busqueda_nombre_exacta"
167122.0;"";"gui_0684";"icaa";"busqueda_nombre_exacta"
167123.0;"";"gui_0685";"icaa";"busqueda_nombre_exacta"
16720.0;"";"gui_0413";"icaa";"busqueda_nombre_exacta"
167223.0;"";"gui_0273";"icaa";"busqueda_nombre_exacta"
16723.0;"";"gui_0686";"icaa";"busqueda_nombre_aproximada"
16723.0;"";"gui_0687";"icaa";"busqueda_nombre_exacta"
167623.0;"";"gui_0688";"icaa";"busqueda_nombre_exacta"
167724.0;"";"gui_0689";"icaa";"busqueda_nombre_exacta"
167724.0;"";"gui_0690";"icaa";"busqueda_nombre_exacta"
167724.0;"";"gui_0691";"icaa";"busqueda_nombre_exacta"
167724.0;"";"gui_0692";"icaa";"busqueda_nombre_exacta"
167724.0;"";"gui_0693";"icaa";"busqueda_nombre_exacta"
167724.0;"";"gui_0694";"icaa";"busqueda_nombre_exacta"
167724.0;"";"gui_0695";"icaa";"busqueda_nombre_exacta"
167821.0;"";"gui_0696";"icaa";"busqueda_nombre_exacta"
167821.0;"";"gui_0697";"icaa";"busqueda_nombre_exacta"
16787.0;"";"gui_0126";"icaa";"busqueda_nombre_exacta"
167923.0;"";"gui_0698";"icaa";"busqueda_nombre_exacta"
168523.0;"";"gui_0699";"icaa";"busqueda_nombre_exacta"
168722.0;"";"gui_0700";"icaa";"busqueda_nombre_exacta"
168820.0;"";"gui_0303";"icaa";"busqueda_nombre_exacta"
168823.0;"";"gui_0453";"icaa";"busqueda_nombre_exacta"
168823.0;"";"gui_0225";"icaa";"busqueda_nombre_exacta"
16917.0;"";"gui_0701";"icaa";"busqueda_nombre_exacta"
169420.0;"";"gui_0702";"icaa";"busqueda_nombre_exacta"
169422.0;"";"gui_0003";"icaa";"busqueda_nombre_exacta"
169721.0;"";"gui_0703";"icaa";"busqueda_nombre_exacta"
17021.0;"";"gui_0704";"icaa";"busqueda_nombre_exacta"
170219.0;"";"gui_0705";"icaa";"busqueda_nombre_exacta"
170524.0;"";"gui_0579";"icaa";"busqueda_nombre_exacta"
170524.0;"";"gui_0580";"icaa";"busqueda_nombre_exacta"
170622.0;"";"gui_0706";"icaa";"busqueda_nombre_exacta"
17093.0;"";"gui_0063";"icaa";"busqueda_nombre_exacta"
171420.0;"";"gui_0707";"icaa";"busqueda_nombre_exacta"
171420.0;"";"gui_0708";"icaa";"busqueda_nombre_exacta"
171420.0;"";"gui_0709";"icaa";"busqueda_nombre_exacta"
171520.0;"";"gui_0710";"icaa";"busqueda_nombre_aproximada"
172024.0;"";"gui_0359";"icaa";"busqueda_nombre_exacta"
172624.0;"";"gui_0711";"icaa";"busqueda_nombre_exacta"
172624.0;"";"gui_0712";"icaa";"busqueda_nombre_exacta"
173019.0;"";"gui_0713";"icaa";"busqueda_nombre_exacta"
173023.0;"";"gui_0177";"icaa";"busqueda_nombre_exacta"
173023.0;"";"gui_0714";"icaa";"busqueda_nombre_aproximada"
173121.0;"";"gui_0715";"icaa";"busqueda_nombre_exacta"
173221.0;"";"gui_0716";"icaa";"busqueda_nombre_exacta"
173609.0;"";"gui_0717";"icaa";"busqueda_nombre_exacta"
173719.0;"";"gui_0718";"icaa";"busqueda_nombre_exacta"
17375.0;"";"gui_0719";"icaa";"busqueda_nombre_exacta"
17375.0;"";"gui_0720";"icaa";"busqueda_nombre_aproximada"
174118.0;"";"gui_0414";"icaa";"busqueda_nombre_exacta"
174118.0;"";"gui_0721";"icaa";"busqueda_nombre_exacta"
174122.0;"";"gui_0722";"icaa";"busqueda_nombre_exacta"
174424.0;"";"gui_0723";"icaa";"busqueda_nombre_exacta"
174720.0;"";"gui_0724";"icaa";"busqueda_nombre_exacta"
17480.0;"";"gui_0725";"icaa";"busqueda_nombre_exacta"
17480.0;"";"gui_0726";"icaa";"busqueda_nombre_exacta"
17480.0;"";"gui_0727";"icaa";"busqueda_nombre_exacta"
175318.0;"";"gui_0728";"icaa";"busqueda_nombre_exacta"
175523.0;"";"gui_0729";"icaa";"busqueda_nombre_exacta"
175621.0;"";"gui_0730";"icaa";"busqueda_nombre_exacta"
175621.0;"";"gui_0731";"icaa";"busqueda_nombre_exacta"
175621.0;"";"gui_0732";"icaa";"busqueda_nombre_exacta"
175711.0;"";"gui_0733";"icaa";"busqueda_nombre_exacta"
175711.0;"";"gui_0734";"icaa";"busqueda_nombre_exacta"
175718.0;"";"gui_0735";"icaa";"busqueda_nombre_exacta"
175723.0;"";"gui_0736";"icaa";"busqueda_nombre_exacta"
175919.0;"";"gui_0737";"icaa";"busqueda_nombre_exacta"
175922.0;"";"gui_0738";"icaa";"busqueda_nombre_exacta"
175923.0;"";"gui_0739";"icaa";"busqueda_nombre_exacta"
175923.0;"";"gui_0740";"icaa";"busqueda_nombre_exacta"
175924.0;"";"gui_0741";"icaa";"busqueda_nombre_exacta"
17623.0;"";"gui_0742";"icaa";"busqueda_nombre_exacta"
176418.0;"";"gui_0743";"icaa";"busqueda_nombre_exacta"
176418.0;"";"gui_0744";"icaa";"busqueda_nombre_exacta"
176423.0;"";"gui_0745";"icaa";"busqueda_nombre_exacta"
176521.0;"";"gui_0746";"icaa";"busqueda_nombre_exacta"
17662.0;"";"gui_0747";"icaa";"busqueda_nombre_exacta"
17662.0;"";"gui_0748";"icaa";"busqueda_nombre_exacta"
17662.0;"";"gui_0749";"icaa";"busqueda_nombre_aproximada"
176818.0;"";"gui_0750";"icaa";"busqueda_nombre_exacta"
176818.0;"";"gui_0751";"icaa";"busqueda_nombre_exacta"
176924.0;"";"gui_0752";"icaa";"busqueda_nombre_exacta"
176924.0;"";"gui_0753";"icaa";"busqueda_nombre_exacta"
17721.0;"";"gui_0103";"icaa";"busqueda_nombre_exacta"
17723.0;"";"gui_0754";"icaa";"busqueda_nombre_aproximada"
177324.0;"";"gui_0755";"icaa";"busqueda_nombre_exacta"
177417.0;"";"gui_0756";"icaa";"busqueda_nombre_exacta"
177620.0;"";"gui_0371";"icaa";"busqueda_nombre_aproximada"
177718.0;"";"gui_0519";"icaa";"busqueda_nombre_exacta"
177818.0;"";"gui_0757";"icaa";"busqueda_nombre_exacta"
177818.0;"";"gui_0758";"icaa";"busqueda_nombre_exacta"
177818.0;"";"gui_0759";"icaa";"busqueda_nombre_exacta"
178009.0;"";"gui_0760";"icaa";"busqueda_nombre_exacta"
178017.0;"";"gui_0761";"icaa";"busqueda_nombre_exacta"
178124.0;"";"gui_0762";"icaa";"busqueda_nombre_exacta"
178611.0;"";"gui_0322";"icaa";"busqueda_nombre_aproximada"
178611.0;"";"gui_0321";"icaa";"busqueda_nombre_exacta"
178618.0;"";"gui_0763";"icaa";"busqueda_nombre_exacta"
178618.0;"";"gui_0764";"icaa";"busqueda_nombre_exacta"
178618.0;"";"gui_0703";"icaa";"busqueda_nombre_exacta"
178718.0;"";"gui_0765";"icaa";"busqueda_nombre_exacta"
178718.0;"";"gui_0766";"icaa";"busqueda_nombre_exacta"
178722.0;"";"gui_0767";"icaa";"busqueda_nombre_exacta"
178723.0;"";"gui_0768";"icaa";"busqueda_nombre_exacta"
17878.0;"";"gui_0769";"icaa";"busqueda_nombre_exacta"
178818.0;"";"gui_0770";"icaa";"busqueda_nombre_exacta"
178818.0;"";"gui_0322";"icaa";"busqueda_nombre_exacta"
178819.0;"";"gui_0336";"icaa";"busqueda_nombre_aproximada"
178819.0;"";"gui_0337";"icaa";"busqueda_nombre_exacta"
178918.0;"";"gui_0054";"icaa";"busqueda_nombre_exacta"
178919.0;"";"gui_0771";"icaa";"busqueda_nombre_exacta"
178922.0;"";"gui_0772";"icaa";"busqueda_nombre_exacta"
179121.0;"";"gui_0773";"icaa";"busqueda_nombre_exacta"
179121.0;"";"gui_0356";"icaa";"busqueda_nombre_exacta"
179121.0;"";"gui_0774";"icaa";"busqueda_nombre_exacta"
179124.0;"";"gui_0370";"icaa";"busqueda_nombre_exacta"
179218.0;"";"gui_0091";"icaa";"busqueda_nombre_exacta"
179319.0;"";"gui_0775";"icaa";"busqueda_nombre_exacta"
179418.0;"";"gui_0056";"icaa";"busqueda_nombre_exacta"
179419.0;"";"gui_0776";"icaa";"busqueda_nombre_exacta"
179618.0;"";"gui_0777";"icaa";"busqueda_nombre_exacta"
179618.0;"";"gui_0778";"icaa";"busqueda_nombre_exacta"
179718.0;"";"gui_0469";"icaa";"busqueda_nombre_aproximada"
179718.0;"";"gui_0779";"icaa";"busqueda_nombre_exacta"
179819.0;"";"gui_0780";"icaa";"busqueda_nombre_exacta"
180018.0;"";"gui_0579";"icaa";"busqueda_nombre_exacta"
180018.0;"";"gui_0580";"icaa";"busqueda_nombre_exacta"
180023.0;"";"gui_0781";"icaa";"busqueda_nombre_exacta"
180219.0;"";"gui_0645";"icaa";"busqueda_nombre_exacta"
180319.0;"";"gui_0782";"icaa";"busqueda_nombre_exacta"
180910.0;"";"gui_0783";"icaa";"busqueda_nombre_exacta"
181020.0;"";"gui_0784";"icaa";"busqueda_nombre_aproximada"
181020.0;"";"gui_0327";"icaa";"busqueda_nombre_exacta"
18118.0;"";"gui_0785";"icaa";"busqueda_nombre_exacta"
18118.0;"";"gui_0786";"icaa";"busqueda_nombre_aproximada"
181221.0;"";"gui_0363";"icaa";"busqueda_nombre_exacta"
181221.0;"";"gui_0787";"icaa";"busqueda_nombre_exacta"
181620.0;"";"gui_0788";"icaa";"busqueda_nombre_exacta"
181720.0;"";"gui_0789";"icaa";"busqueda_nombre_exacta"
181720.0;"";"gui_0790";"icaa";"busqueda_nombre_exacta"
181821.0;"";"gui_0791";"icaa";"busqueda_nombre_exacta"
18194.0;"";"gui_0055";"icaa";"busqueda_nombre_exacta"
18194.0;"";"gui_0054";"icaa";"busqueda_nombre_exacta"
182024.0;"";"gui_0389";"icaa";"busqueda_nombre_exacta"
182520.0;"";"gui_0792";"icaa";"busqueda_nombre_exacta"
182621.0;"";"gui_0793";"icaa";"busqueda_nombre_aproximada"
182621.0;"";"gui_0794";"icaa";"busqueda_nombre_exacta"
182623.0;"";"gui_0795";"icaa";"busqueda_nombre_exacta"
182623.0;"";"gui_0796";"icaa";"busqueda_nombre_exacta"
182923.0;"";"gui_0381";"icaa";"busqueda_nombre_exacta"
182924.0;"";"gui_0380";"icaa";"busqueda_nombre_exacta"
182924.0;"";"gui_0797";"icaa";"busqueda_nombre_exacta"
183017.0;"";"gui_0798";"icaa";"busqueda_nombre_exacta"
183017.0;"";"gui_0799";"icaa";"busqueda_nombre_exacta"
183217.0;"";"gui_0800";"icaa";"busqueda_nombre_exacta"
183223.0;"";"gui_0180";"icaa";"busqueda_nombre_exacta"
183224.0;"";"gui_0801";"icaa";"busqueda_nombre_exacta"
18324.0;"";"gui_0802";"icaa";"busqueda_nombre_exacta"
183321.0;"";"gui_0309";"icaa";"busqueda_nombre_exacta"
183417.0;"";"gui_0495";"icaa";"busqueda_nombre_exacta"
183421.0;"";"gui_0069";"icaa";"busqueda_nombre_exacta"
183421.0;"";"gui_0803";"icaa";"busqueda_nombre_exacta"
183424.0;"";"gui_0804";"icaa";"busqueda_nombre_exacta"
183523.0;"";"gui_0805";"icaa";"busqueda_nombre_exacta"
183523.0;"";"gui_0806";"icaa";"busqueda_nombre_exacta"
183523.0;"";"gui_0807";"icaa";"busqueda_nombre_exacta"
18399.0;"";"gui_0808";"icaa";"busqueda_nombre_exacta"
18399.0;"";"gui_0809";"icaa";"busqueda_nombre_exacta"
184023.0;"";"gui_0129";"icaa";"busqueda_nombre_exacta"
184223.0;"";"gui_0572";"icaa";"busqueda_nombre_exacta"
184223.0;"";"gui_0381";"icaa";"busqueda_nombre_exacta"
184723.0;"";"gui_0810";"icaa";"busqueda_nombre_exacta"
185018.0;"";"gui_0811";"icaa";"busqueda_nombre_exacta"
185018.0;"";"gui_0812";"icaa";"busqueda_nombre_exacta"
185022.0;"";"gui_0813";"icaa";"busqueda_nombre_exacta"
185620.0;"";"gui_0814";"icaa";"busqueda_nombre_exacta"
185716.0;"";"gui_0815";"icaa";"busqueda_nombre_exacta"
185822.0;"";"gui_0816";"icaa";"busqueda_nombre_exacta"
186119.0;"";"gui_0817";"icaa";"busqueda_nombre_aproximada"
186120.0;"";"gui_0818";"icaa";"busqueda_nombre_exacta"
186120.0;"";"gui_0819";"icaa";"busqueda_nombre_exacta"
186120.0;"";"gui_0820";"icaa";"busqueda_nombre_exacta"
186120.0;"";"gui_0821";"icaa";"busqueda_nombre_exacta"
186120.0;"";"gui_0822";"icaa";"busqueda_nombre_exacta"
186219.0;"";"gui_0823";"icaa";"busqueda_nombre_exacta"
186224.0;"";"gui_0824";"icaa";"busqueda_nombre_exacta"
186920.0;"";"gui_0825";"icaa";"busqueda_nombre_exacta"
187021.0;"";"gui_0826";"icaa";"busqueda_nombre_exacta"
187224.0;"";"gui_0827";"icaa";"busqueda_nombre_exacta"
18723.0;"";"gui_0828";"icaa";"busqueda_nombre_exacta"
18723.0;"";"gui_0829";"icaa";"busqueda_nombre_exacta"
187521.0;"";"gui_0830";"icaa";"busqueda_nombre_aproximada"
18760.0;"";"gui_0831";"icaa";"busqueda_nombre_exacta"
187722.0;"";"gui_0832";"icaa";"busqueda_nombre_exacta"
187820.0;"";"gui_0833";"icaa";"busqueda_nombre_exacta"
187820.0;"";"gui_0834";"icaa";"busqueda_nombre_exacta"
188020.0;"";"gui_0835";"icaa";"busqueda_nombre_exacta"
188020.0;"";"gui_0836";"icaa";"busqueda_nombre_exacta"
188020.0;"";"gui_0837";"icaa";"busqueda_nombre_exacta"
188120.0;"";"gui_0838";"icaa";"busqueda_nombre_exacta"
188419.0;"";"gui_0839";"icaa";"busqueda_nombre_exacta"
188423.0;"";"gui_0579";"icaa";"busqueda_nombre_exacta"
188423.0;"";"gui_0580";"icaa";"busqueda_nombre_exacta"
188523.0;"";"gui_0840";"icaa";"busqueda_nombre_exacta"
188624.0;"";"gui_0489";"icaa";"busqueda_nombre_exacta"
188817.0;"";"gui_0359";"icaa";"busqueda_nombre_exacta"
188824.0;"";"gui_0199";"icaa";"busqueda_nombre_exacta"
188824.0;"";"gui_0841";"icaa";"busqueda_nombre_exacta"
18908.0;"";"gui_0237";"icaa";"busqueda_nombre_exacta"
18908.0;"";"gui_0238";"icaa";"busqueda_nombre_exacta"
189124.0;"";"gui_0842";"icaa";"busqueda_nombre_exacta"
189124.0;"";"gui_0843";"icaa";"busqueda_nombre_aproximada"
189221.0;"";"gui_0844";"icaa";"busqueda_nombre_exacta"
189323.0;"";"gui_0845";"icaa";"busqueda_nombre_exacta"
189623.0;"";"gui_0846";"icaa";"busqueda_nombre_exacta"
189623.0;"";"gui_0847";"icaa";"busqueda_nombre_exacta"
189724.0;"";"gui_0116";"icaa";"busqueda_nombre_exacta"
189724.0;"";"gui_0848";"icaa";"busqueda_nombre_exacta"
189820.0;"";"gui_0849";"icaa";"busqueda_nombre_exacta"
189924.0;"";"gui_0185";"icaa";"busqueda_nombre_exacta"
190024.0;"";"gui_0850";"icaa";"busqueda_nombre_exacta"
190024.0;"";"gui_0851";"icaa";"busqueda_nombre_exacta"
190024.0;"";"gui_0852";"icaa";"busqueda_nombre_aproximada"
19024.0;"";"gui_0853";"icaa";"busqueda_nombre_exacta"
19024.0;"";"gui_0854";"icaa";"busqueda_nombre_exacta"
190623.0;"";"gui_0341";"icaa";"busqueda_nombre_exacta"
190623.0;"";"gui_0342";"icaa";"busqueda_nombre_exacta"
190623.0;"";"gui_0855";"icaa";"busqueda_nombre_exacta"
19082.0;"";"gui_0249";"icaa";"busqueda_nombre_exacta"
190823.0;"";"gui_0856";"icaa";"busqueda_nombre_exacta"
190823.0;"";"gui_0857";"icaa";"busqueda_nombre_exacta"
190824.0;"";"gui_0858";"icaa";"busqueda_nombre_exacta"
190923.0;"";"gui_0176";"icaa";"busqueda_nombre_exacta"
190923.0;"";"gui_0629";"icaa";"busqueda_nombre_exacta"
190924.0;"";"gui_0859";"icaa";"busqueda_nombre_exacta"
190924.0;"";"gui_0860";"icaa";"busqueda_nombre_exacta"
191021.0;"";"gui_0861";"icaa";"busqueda_nombre_exacta"
191021.0;"";"gui_0862";"icaa";"busqueda_nombre_exacta"
191023.0;"";"gui_0863";"icaa";"busqueda_nombre_exacta"
191023.0;"";"gui_0621";"icaa";"busqueda_nombre_exacta"
191024.0;"";"gui_0864";"icaa";"busqueda_nombre_exacta"
191418.0;"";"gui_0645";"icaa";"busqueda_nombre_exacta"
191420.0;"";"gui_0865";"icaa";"busqueda_nombre_exacta"
191523.0;"";"gui_0115";"icaa";"busqueda_nombre_exacta"
191523.0;"";"gui_0866";"icaa";"busqueda_nombre_exacta"
191823.0;"";"gui_0331";"icaa";"busqueda_nombre_exacta"
19220.0;"";"gui_0867";"icaa";"busqueda_nombre_exacta"
192221.0;"";"gui_0868";"icaa";"busqueda_nombre_exacta"
192222.0;"";"gui_0869";"icaa";"busqueda_nombre_exacta"
192222.0;"";"gui_0870";"icaa";"busqueda_nombre_exacta"
192322.0;"";"gui_0579";"icaa";"busqueda_nombre_exacta"
192322.0;"";"gui_0580";"icaa";"busqueda_nombre_exacta"
192423.0;"";"gui_0871";"icaa";"busqueda_nombre_exacta"
192423.0;"";"gui_0872";"icaa";"busqueda_nombre_exacta"
192523.0;"";"gui_0873";"icaa";"busqueda_nombre_exacta"
192622.0;"";"gui_0874";"icaa";"busqueda_nombre_exacta"
192622.0;"";"gui_0875";"icaa";"busqueda_nombre_exacta"
192821.0;"";"gui_0117";"icaa";"busqueda_nombre_exacta"
192821.0;"";"gui_0876";"icaa";"busqueda_nombre_exacta"
192923.0;"";"gui_0571";"icaa";"busqueda_nombre_aproximada"
192923.0;"";"gui_0572";"icaa";"busqueda_nombre_exacta"
193021.0;"";"gui_0877";"icaa";"busqueda_nombre_exacta"
193023.0;"";"gui_0878";"icaa";"busqueda_nombre_exacta"
193023.0;"";"gui_0879";"icaa";"busqueda_nombre_exacta"
193023.0;"";"gui_0880";"icaa";"busqueda_nombre_aproximada"
193123.0;"";"gui_0610";"icaa";"busqueda_nombre_exacta"
193123.0;"";"gui_0413";"icaa";"busqueda_nombre_exacta"
193418.0;"";"gui_0881";"icaa";"busqueda_nombre_exacta"
193423.0;"";"gui_0201";"icaa";"busqueda_nombre_exacta"
193423.0;"";"gui_0273";"icaa";"busqueda_nombre_exacta"
193723.0;"";"gui_0882";"icaa";"busqueda_nombre_exacta"
193723.0;"";"gui_0883";"icaa";"busqueda_nombre_exacta"
193821.0;"";"gui_0682";"icaa";"busqueda_nombre_exacta"
193823.0;"";"gui_0566";"icaa";"busqueda_nombre_exacta"
193823.0;"";"gui_0291";"icaa";"busqueda_nombre_exacta"
193823.0;"";"gui_0769";"icaa";"busqueda_nombre_exacta"
193920.0;"";"gui_0884";"icaa";"busqueda_nombre_exacta"
193921.0;"";"gui_0885";"icaa";"busqueda_nombre_exacta"
193922.0;"";"gui_0886";"icaa";"busqueda_nombre_exacta"
194023.0;"";"gui_0098";"icaa";"busqueda_nombre_exacta"
194123.0;"";"gui_0524";"icaa";"busqueda_nombre_exacta"
194123.0;"";"gui_0559";"icaa";"busqueda_nombre_exacta"
19419.0;"";"gui_0887";"icaa";"busqueda_nombre_exacta"
19419.0;"";"gui_0888";"icaa";"busqueda_nombre_exacta"
194223.0;"";"gui_0889";"icaa";"busqueda_nombre_exacta"
194223.0;"";"gui_0890";"icaa";"busqueda_nombre_exacta"
194423.0;"";"gui_0891";"icaa";"busqueda_nombre_exacta"
194423.0;"";"gui_0892";"icaa";"busqueda_nombre_exacta"
194810.0;"";"gui_0182";"icaa";"busqueda_nombre_aproximada"
1950.0;"";"gui_0893";"icaa";"busqueda_nombre_exacta"
195324.0;"";"gui_0894";"icaa";"busqueda_nombre_exacta"
195324.0;"";"gui_0895";"icaa";"busqueda_nombre_exacta"
195420.0;"";"gui_0896";"icaa";"busqueda_nombre_exacta"
195421.0;"";"gui_0897";"icaa";"busqueda_nombre_exacta"
195520.0;"";"gui_0210";"icaa";"busqueda_nombre_exacta"
195520.0;"";"gui_0898";"icaa";"busqueda_nombre_exacta"
196116.0;"";"gui_0051";"icaa";"busqueda_nombre_exacta"
196311.0;"";"gui_0602";"icaa";"busqueda_nombre_exacta"
196624.0;"";"gui_0899";"icaa";"busqueda_nombre_exacta"
197018.0;"";"gui_0900";"icaa";"busqueda_nombre_exacta"
197023.0;"";"gui_0901";"icaa";"busqueda_nombre_exacta"
197122.0;"";"gui_0902";"icaa";"busqueda_nombre_aproximada"
197221.0;"";"gui_0903";"icaa";"busqueda_nombre_exacta"
197223.0;"";"gui_0645";"icaa";"busqueda_nombre_exacta"
197322.0;"";"gui_0327";"icaa";"busqueda_nombre_exacta"
197323.0;"";"gui_0904";"icaa";"busqueda_nombre_exacta"
197323.0;"";"gui_0905";"icaa";"busqueda_nombre_exacta"
197323.0;"";"gui_0906";"icaa";"busqueda_nombre_exacta"
197623.0;"";"gui_0907";"icaa";"busqueda_nombre_aproximada"
197623.0;"";"gui_0908";"icaa";"busqueda_nombre_aproximada"
197723.0;"";"gui_0909";"icaa";"busqueda_nombre_exacta"
197724.0;"";"gui_0680";"icaa";"busqueda_nombre_exacta"
198224.0;"";"gui_0301";"icaa";"busqueda_nombre_exacta"
198224.0;"";"gui_0302";"icaa";"busqueda_nombre_exacta"
198823.0;"";"gui_0910";"icaa";"busqueda_nombre_exacta"
198921.0;"";"gui_0911";"icaa";"busqueda_nombre_exacta"
199124.0;"";"gui_0643";"icaa";"busqueda_nombre_exacta"
19920.0;"";"gui_0291";"icaa";"busqueda_nombre_exacta"
19920.0;"";"gui_0912";"icaa";"busqueda_nombre_exacta"
19920.0;"";"gui_0913";"icaa";"busqueda_nombre_exacta"
19920.0;"";"gui_0914";"icaa";"busqueda_nombre_exacta"
19920.0;"";"gui_0915";"icaa";"busqueda_nombre_exacta"
19920.0;"";"gui_0916";"icaa";"busqueda_nombre_exacta"
19920.0;"";"gui_0120";"icaa";"busqueda_nombre_exacta"
199523.0;"";"gui_0917";"icaa";"busqueda_nombre_exacta"
199624.0;"";"gui_0918";"icaa";"busqueda_nombre_exacta"
200017.0;"";"gui_0919";"icaa";"busqueda_nombre_exacta"
200017.0;"";"gui_0920";"icaa";"busqueda_nombre_exacta"
2002.0;"";"gui_0921";"icaa";"busqueda_nombre_exacta"
2002.0;"";"gui_0922";"icaa";"busqueda_nombre_exacta"
200525.0;"";"gui_0923";"icaa";"busqueda_nombre_exacta"
200623.0;"";"gui_0401";"icaa";"busqueda_nombre_exacta"
200623.0;"";"gui_0924";"icaa";"busqueda_nombre_exacta"
200921.0;"";"gui_0612";"icaa";"busqueda_nombre_exacta"
201221.0;"";"gui_0925";"icaa";"busqueda_nombre_aproximada"
201824.0;"";"gui_0324";"icaa";"busqueda_nombre_exacta"
202150.0;"";"gui_0926";"icaa";"busqueda_nombre_exacta"
202150.0;"";"gui_0927";"icaa";"busqueda_nombre_exacta"
202150.0;"";"gui_0928";"icaa";"busqueda_nombre_exacta"
202150.0;"";"gui_0929";"icaa";"busqueda_nombre_exacta"
20224.0;"";"gui_0126";"icaa";"busqueda_nombre_exacta"
202323.0;"";"gui_0930";"icaa";"busqueda_nombre_exacta"
202550.0;"";"gui_0931";"icaa";"busqueda_nombre_aproximada"
202550.0;"";"gui_0932";"icaa";"busqueda_nombre_exacta"
202618.0;"";"gui_0933";"icaa";"busqueda_nombre_exacta"
202618.0;"";"gui_0934";"icaa";"busqueda_nombre_exacta"
203625.0;"";"gui_0877";"icaa";"busqueda_nombre_exacta"
204421.0;"";"gui_0935";"icaa";"busqueda_nombre_exacta"
204721.0;"";"gui_0936";"icaa";"busqueda_nombre_exacta"
204919.0;"";"gui_0392";"icaa";"busqueda_nombre_exacta"
204919.0;"";"gui_0937";"icaa";"busqueda_nombre_exacta"
2050.0;"";"gui_0938";"icaa";"busqueda_nombre_exacta"
2050.0;"";"gui_0939";"icaa";"busqueda_nombre_aproximada"
205318.0;"";"gui_0940";"icaa";"busqueda_nombre_exacta"
205522.0;"";"gui_0941";"icaa";"busqueda_nombre_exacta"
205821.0;"";"gui_0942";"icaa";"busqueda_nombre_exacta"
205821.0;"";"gui_0943";"icaa";"busqueda_nombre_exacta"
20619.0;"";"gui_0944";"icaa";"busqueda_nombre_exacta"
20619.0;"";"gui_0945";"icaa";"busqueda_nombre_exacta"
206318.0;"";"gui_0946";"icaa";"busqueda_nombre_exacta"
206950.0;"";"gui_0947";"icaa";"busqueda_nombre_exacta"
207022.0;"";"gui_0948";"icaa";"busqueda_nombre_aproximada"
207417.0;"";"gui_0949";"icaa";"busqueda_nombre_exacta"
207522.0;"";"gui_0309";"icaa";"busqueda_nombre_exacta"
207522.0;"";"gui_0308";"icaa";"busqueda_nombre_exacta"
207616.0;"";"gui_0143";"icaa";"busqueda_nombre_aproximada"
207623.0;"";"gui_0950";"icaa";"busqueda_nombre_exacta"
207624.0;"";"gui_0951";"icaa";"busqueda_nombre_exacta"
207624.0;"";"gui_0952";"icaa";"busqueda_nombre_exacta"
207624.0;"";"gui_0953";"icaa";"busqueda_nombre_exacta"
207624.0;"";"gui_0954";"icaa";"busqueda_nombre_exacta"
208122.0;"";"gui_0955";"icaa";"busqueda_nombre_aproximada"
208217.0;"";"gui_0003";"icaa";"busqueda_nombre_exacta"
208423.0;"";"gui_0956";"icaa";"busqueda_nombre_exacta"
208723.0;"";"gui_0957";"icaa";"busqueda_nombre_exacta"
208723.0;"";"gui_0958";"icaa";"busqueda_nombre_exacta"
208910.0;"";"gui_0959";"icaa";"busqueda_nombre_exacta"
209122.0;"";"gui_0960";"icaa";"busqueda_nombre_exacta"
209122.0;"";"gui_0961";"icaa";"busqueda_nombre_exacta"
20922.0;"";"gui_0367";"icaa";"busqueda_nombre_exacta"
20922.0;"";"gui_0962";"icaa";"busqueda_nombre_exacta"
209521.0;"";"gui_0963";"icaa";"busqueda_nombre_exacta"
209521.0;"";"gui_0964";"icaa";"busqueda_nombre_exacta"
209722.0;"";"gui_0965";"icaa";"busqueda_nombre_exacta"
210250.0;"";"gui_0966";"icaa";"busqueda_nombre_exacta"
210250.0;"";"gui_0967";"icaa";"busqueda_nombre_exacta"
210250.0;"";"gui_0968";"icaa";"busqueda_nombre_exacta"
210250.0;"";"gui_0969";"icaa";"busqueda_nombre_exacta"
210250.0;"";"gui_0970";"icaa";"busqueda_nombre_exacta"
210423.0;"";"gui_0971";"icaa";"busqueda_nombre_exacta"
210621.0;"";"gui_0972";"icaa";"busqueda_nombre_exacta"
210621.0;"";"gui_0973";"icaa";"busqueda_nombre_exacta"
210750.0;"";"gui_0974";"icaa";"busqueda_nombre_exacta"
210750.0;"";"gui_0970";"icaa";"busqueda_nombre_exacta"
211224.0;"";"gui_0975";"icaa";"busqueda_nombre_exacta"
212021.0;"";"gui_0976";"icaa";"busqueda_nombre_exacta"
2121.0;"";"gui_0977";"icaa";"busqueda_nombre_exacta"
2121.0;"";"gui_0978";"icaa";"busqueda_nombre_exacta"
212823.0;"";"gui_0324";"icaa";"busqueda_nombre_exacta"
214122.0;"";"gui_0979";"icaa";"busqueda_nombre_exacta"
214122.0;"";"gui_0980";"icaa";"busqueda_nombre_exacta"
214122.0;"";"gui_0981";"icaa";"busqueda_nombre_exacta"
21415.0;"";"gui_0982";"icaa";"busqueda_nombre_exacta"
21415.0;"";"gui_0983";"icaa";"busqueda_nombre_aproximada"
21415.0;"";"gui_0984";"icaa";"busqueda_nombre_exacta"
21424.0;"";"gui_0985";"icaa";"busqueda_nombre_exacta"
214824.0;"";"gui_0207";"icaa";"busqueda_nombre_exacta"
215122.0;"";"gui_0986";"icaa";"busqueda_nombre_exacta"
215322.0;"";"gui_0987";"icaa";"busqueda_nombre_exacta"
215322.0;"";"gui_0988";"icaa";"busqueda_nombre_exacta"
215623.0;"";"gui_0989";"icaa";"busqueda_nombre_exacta"
216025.0;"";"gui_0990";"icaa";"busqueda_nombre_exacta"
21620.0;"";"gui_0991";"icaa";"busqueda_nombre_exacta"
21620.0;"";"gui_0992";"icaa";"busqueda_nombre_exacta"
21620.0;"";"gui_0993";"icaa";"busqueda_nombre_exacta"
21621.0;"";"gui_0994";"icaa";"busqueda_nombre_exacta"
21622.0;"";"gui_0995";"icaa";"busqueda_nombre_exacta"
216222.0;"";"gui_0996";"icaa";"busqueda_nombre_exacta"
216222.0;"";"gui_0997";"icaa";"busqueda_nombre_exacta"
21713.0;"";"gui_0516";"icaa";"busqueda_nombre_exacta"
21713.0;"";"gui_0514";"icaa";"busqueda_nombre_exacta"
217411.0;"";"gui_0643";"icaa";"busqueda_nombre_exacta"
217521.0;"";"gui_0998";"icaa";"busqueda_nombre_exacta"
218124.0;"";"gui_0999";"icaa";"busqueda_nombre_exacta"
218210.0;"";"gui_1000";"icaa";"busqueda_nombre_exacta"
218221.0;"";"gui_1001";"icaa";"busqueda_nombre_exacta"
218325.0;"";"gui_1002";"icaa";"busqueda_nombre_exacta"
218325.0;"";"gui_1003";"icaa";"busqueda_nombre_exacta"
219116.0;"";"gui_1004";"icaa";"busqueda_nombre_exacta"
21915.0;"";"gui_0717";"icaa";"busqueda_nombre_exacta"
2195.0;"";"gui_0126";"icaa";"busqueda_nombre_exacta"
219550.0;"";"gui_0928";"icaa";"busqueda_nombre_exacta"
219550.0;"";"gui_0013";"icaa";"busqueda_nombre_exacta"
219550.0;"";"gui_1005";"icaa";"busqueda_nombre_exacta"
219550.0;"";"gui_1006";"icaa";"busqueda_nombre_aproximada"
219922.0;"";"gui_0126";"icaa";"busqueda_nombre_exacta"
220121.0;"";"gui_1007";"icaa";"busqueda_nombre_exacta"
220121.0;"";"gui_1008";"icaa";"busqueda_nombre_exacta"
220124.0;"";"gui_1009";"icaa";"busqueda_nombre_exacta"
22022.0;"";"gui_1010";"icaa";"busqueda_nombre_exacta"
22022.0;"";"gui_0159";"icaa";"busqueda_nombre_exacta"
220650.0;"";"gui_1011";"icaa";"busqueda_nombre_exacta"
220650.0;"";"gui_1012";"icaa";"busqueda_nombre_exacta"
220721.0;"";"gui_0219";"icaa";"busqueda_nombre_exacta"
220721.0;"";"gui_1013";"icaa";"busqueda_nombre_exacta"
22113.0;"";"gui_0620";"icaa";"busqueda_nombre_exacta"
22118.0;"";"gui_1014";"icaa";"busqueda_nombre_exacta"
22118.0;"";"gui_1015";"icaa";"busqueda_nombre_exacta"
221722.0;"";"gui_0072";"icaa";"busqueda_nombre_aproximada"
222023.0;"";"gui_1016";"icaa";"busqueda_nombre_exacta"
222421.0;"";"gui_1017";"icaa";"busqueda_nombre_exacta"
222421.0;"";"gui_1018";"icaa";"busqueda_nombre_exacta"
222421.0;"";"gui_1019";"icaa";"busqueda_nombre_exacta"
222421.0;"";"gui_1020";"icaa";"busqueda_nombre_exacta"
222925.0;"";"gui_1021";"icaa";"busqueda_nombre_exacta"
222925.0;"";"gui_1022";"icaa";"busqueda_nombre_exacta"
222925.0;"";"gui_1023";"icaa";"busqueda_nombre_exacta"
223116.0;"";"gui_1024";"icaa";"busqueda_nombre_exacta"
223116.0;"";"gui_1025";"icaa";"busqueda_nombre_exacta"
223116.0;"";"gui_1026";"icaa";"busqueda_nombre_aproximada"
223123.0;"";"gui_0481";"icaa";"busqueda_nombre_exacta"
223123.0;"";"gui_1027";"icaa";"busqueda_nombre_exacta"
223123.0;"";"gui_1028";"icaa";"busqueda_nombre_exacta"
22321.0;"";"gui_0361";"icaa";"busqueda_nombre_exacta"
22321.0;"";"gui_0248";"icaa";"busqueda_nombre_exacta"
223525.0;"";"gui_1029";"icaa";"busqueda_nombre_exacta"
223823.0;"";"gui_1030";"icaa";"busqueda_nombre_exacta"
223823.0;"";"gui_0454";"icaa";"busqueda_nombre_exacta"
223823.0;"";"gui_0455";"icaa";"busqueda_nombre_exacta"
223823.0;"";"gui_1031";"icaa";"busqueda_nombre_exacta"
224021.0;"";"gui_1032";"icaa";"busqueda_nombre_exacta"
22420.0;"";"gui_1033";"icaa";"busqueda_nombre_exacta"
22420.0;"";"gui_1034";"icaa";"busqueda_nombre_exacta"
22422.0;"";"gui_1035";"icaa";"busqueda_nombre_exacta"
224225.0;"";"gui_1036";"icaa";"busqueda_nombre_exacta"
224225.0;"";"gui_0498";"icaa";"busqueda_nombre_exacta"
224521.0;"";"gui_1030";"icaa";"busqueda_nombre_exacta"
224621.0;"";"gui_0781";"icaa";"busqueda_nombre_exacta"
224721.0;"";"gui_1037";"icaa";"busqueda_nombre_exacta"
224723.0;"";"gui_0867";"icaa";"busqueda_nombre_exacta"
225222.0;"";"gui_1038";"icaa";"busqueda_nombre_exacta"
225424.0;"";"gui_0730";"icaa";"busqueda_nombre_exacta"
225424.0;"";"gui_0731";"icaa";"busqueda_nombre_exacta"
225722.0;"";"gui_0645";"icaa";"busqueda_nombre_exacta"
226123.0;"";"gui_0977";"icaa";"busqueda_nombre_exacta"
226123.0;"";"gui_1039";"icaa";"busqueda_nombre_exacta"
22615.0;"";"gui_0669";"icaa";"busqueda_nombre_exacta"
226323.0;"";"gui_1040";"icaa";"busqueda_nombre_exacta"
227421.0;"";"gui_0303";"icaa";"busqueda_nombre_exacta"
227421.0;"";"gui_0297";"icaa";"busqueda_nombre_exacta"
227721.0;"";"gui_1041";"icaa";"busqueda_nombre_exacta"
22820.0;"";"gui_1042";"icaa";"busqueda_nombre_exacta"
22820.0;"";"gui_1043";"icaa";"busqueda_nombre_aproximada"
22820.0;"";"gui_1044";"icaa";"busqueda_nombre_aproximada"
22820.0;"";"gui_1045";"icaa";"busqueda_nombre_exacta"
22820.0;"";"gui_1046";"icaa";"busqueda_nombre_aproximada"
22821.0;"";"gui_1047";"icaa";"busqueda_nombre_exacta"
228223.0;"";"gui_1048";"icaa";"busqueda_nombre_exacta"
228721.0;"";"gui_1049";"icaa";"busqueda_nombre_exacta"
228721.0;"";"gui_1050";"icaa";"busqueda_nombre_exacta"
228921.0;"";"gui_0296";"icaa";"busqueda_nombre_exacta"
228921.0;"";"gui_0297";"icaa";"busqueda_nombre_exacta"
22895.0;"";"gui_0237";"icaa";"busqueda_nombre_exacta"
229121.0;"";"gui_0296";"icaa";"busqueda_nombre_exacta"
22925.0;"";"gui_1051";"icaa";"busqueda_nombre_exacta"
22925.0;"";"gui_1052";"icaa";"busqueda_nombre_exacta"
22925.0;"";"gui_1053";"icaa";"busqueda_nombre_exacta"
229550.0;"";"gui_1054";"icaa";"busqueda_nombre_exacta"
229550.0;"";"gui_1055";"icaa";"busqueda_nombre_aproximada"
229550.0;"";"gui_1056";"icaa";"busqueda_nombre_exacta"
23020.0;"";"gui_0359";"icaa";"busqueda_nombre_exacta"
230221.0;"";"gui_1057";"icaa";"busqueda_nombre_aproximada"
230221.0;"";"gui_1058";"icaa";"busqueda_nombre_exacta"
230221.0;"";"gui_1059";"icaa";"busqueda_nombre_aproximada"
230221.0;"";"gui_1060";"icaa";"busqueda_nombre_exacta"
23025.0;"";"gui_1061";"icaa";"busqueda_nombre_exacta"
23025.0;"";"gui_1062";"icaa";"busqueda_nombre_exacta"
23025.0;"";"gui_1063";"icaa";"busqueda_nombre_exacta"
23025.0;"";"gui_1064";"icaa";"busqueda_nombre_exacta"
23120.0;"";"gui_1065";"icaa";"busqueda_nombre_aproximada"
231321.0;"";"gui_1057";"icaa";"busqueda_nombre_aproximada"
231321.0;"";"gui_1066";"icaa";"busqueda_nombre_aproximada"
231321.0;"";"gui_1059";"icaa";"busqueda_nombre_exacta"
231321.0;"";"gui_1060";"icaa";"busqueda_nombre_exacta"
231621.0;"";"gui_1067";"icaa";"busqueda_nombre_exacta"
231721.0;"";"gui_1068";"icaa";"busqueda_nombre_exacta"
232321.0;"";"gui_1069";"icaa";"busqueda_nombre_aproximada"
233221.0;"";"gui_1070";"icaa";"busqueda_nombre_exacta"
233223.0;"";"gui_1071";"icaa";"busqueda_nombre_exacta"
233223.0;"";"gui_1072";"icaa";"busqueda_nombre_aproximada"
23324.0;"";"gui_1073";"icaa";"busqueda_nombre_exacta"
23324.0;"";"gui_1074";"icaa";"busqueda_nombre_exacta"
233623.0;"";"gui_1075";"icaa";"busqueda_nombre_exacta"
233723.0;"";"gui_1076";"icaa";"busqueda_nombre_exacta"
233724.0;"";"gui_0919";"icaa";"busqueda_nombre_exacta"
233724.0;"";"gui_0838";"icaa";"busqueda_nombre_exacta"
23420.0;"";"gui_1077";"icaa";"busqueda_nombre_exacta"
234330.0;"";"gui_1078";"icaa";"busqueda_nombre_exacta"
234523.0;"";"gui_1079";"icaa";"busqueda_nombre_exacta"
234624.0;"";"gui_1080";"icaa";"busqueda_nombre_exacta"
234624.0;"";"gui_1081";"icaa";"busqueda_nombre_exacta"
234924.0;"";"gui_0370";"icaa";"busqueda_nombre_exacta"
23624.0;"";"gui_1082";"icaa";"busqueda_nombre_exacta"
23722.0;"";"gui_0003";"icaa";"busqueda_nombre_exacta"
237623.0;"";"gui_1083";"icaa";"busqueda_nombre_exacta"
238023.0;"";"gui_1084";"icaa";"busqueda_nombre_exacta"
238650.0;"";"gui_1078";"icaa";"busqueda_nombre_exacta"
238723.0;"";"gui_1085";"icaa";"busqueda_nombre_exacta"
238825.0;"";"gui_1086";"icaa";"busqueda_nombre_exacta"
238825.0;"";"gui_1087";"icaa";"busqueda_nombre_exacta"
23918.0;"";"gui_1088";"icaa";"busqueda_nombre_exacta"
23918.0;"";"gui_1089";"icaa";"busqueda_nombre_exacta"
23922.0;"";"gui_0612";"icaa";"busqueda_nombre_exacta"
240925.0;"";"gui_1090";"icaa";"busqueda_nombre_exacta"
24123.0;"";"gui_1091";"icaa";"busqueda_nombre_exacta"
241323.0;"";"gui_1092";"icaa";"busqueda_nombre_exacta"
241850.0;"";"gui_1093";"icaa";"busqueda_nombre_exacta"
241850.0;"";"gui_0013";"icaa";"busqueda_nombre_exacta"
24224.0;"";"gui_1094";"icaa";"busqueda_nombre_exacta"
244124.0;"";"gui_1095";"icaa";"busqueda_nombre_exacta"
24422.0;"";"gui_1096";"icaa";"busqueda_nombre_exacta"
24424.0;"";"gui_1097";"icaa";"busqueda_nombre_exacta"
244424.0;"";"gui_1098";"icaa";"busqueda_nombre_exacta"
244523.0;"";"gui_1099";"icaa";"busqueda_nombre_exacta"
244523.0;"";"gui_0421";"icaa";"busqueda_nombre_exacta"
244523.0;"";"gui_1100";"icaa";"busqueda_nombre_exacta"
244523.0;"";"gui_1101";"icaa";"busqueda_nombre_exacta"
246524.0;"";"gui_1102";"icaa";"busqueda_nombre_exacta"
247023.0;"";"gui_1103";"icaa";"busqueda_nombre_exacta"
247624.0;"";"gui_1104";"icaa";"busqueda_nombre_exacta"
2476440.0;"";"gui_0012";"icaa";"busqueda_nombre_exacta"
247824.0;"";"gui_1105";"icaa";"busqueda_nombre_exacta"
247824.0;"";"gui_1106";"icaa";"busqueda_nombre_exacta"
24821.0;"";"gui_0700";"icaa";"busqueda_nombre_exacta"
24821.0;"";"gui_1107";"icaa";"busqueda_nombre_exacta"
24821.0;"";"gui_1108";"icaa";"busqueda_nombre_exacta"
248750.0;"";"gui_1109";"icaa";"busqueda_nombre_exacta"
249523.0;"";"gui_1110";"icaa";"busqueda_nombre_exacta"
249523.0;"";"gui_1111";"icaa";"busqueda_nombre_exacta"
249750.0;"";"gui_1109";"icaa";"busqueda_nombre_exacta"
249823.0;"";"gui_0730";"icaa";"busqueda_nombre_exacta"
250430.0;"";"gui_1112";"icaa";"busqueda_nombre_exacta"
250430.0;"";"gui_1113";"icaa";"busqueda_nombre_exacta"
250430.0;"";"gui_1114";"icaa";"busqueda_nombre_exacta"
250430.0;"";"gui_1115";"icaa";"busqueda_nombre_exacta"
25114.0;"";"gui_1116";"icaa";"busqueda_nombre_exacta"
252024.0;"";"gui_0297";"icaa";"busqueda_nombre_exacta"
25222.0;"";"gui_1117";"icaa";"busqueda_nombre_aproximada"
25222.0;"";"gui_0590";"icaa";"busqueda_nombre_exacta"
25222.0;"";"gui_0999";"icaa";"busqueda_nombre_exacta"
25222.0;"";"gui_0547";"icaa";"busqueda_nombre_exacta"
25321.0;"";"gui_1118";"icaa";"busqueda_nombre_exacta"
254323.0;"";"gui_1119";"icaa";"busqueda_nombre_exacta"
254323.0;"";"gui_1120";"icaa";"busqueda_nombre_exacta"
255123.0;"";"gui_1121";"icaa";"busqueda_nombre_exacta"
255424.0;"";"gui_1122";"icaa";"busqueda_nombre_exacta"
25622.0;"";"gui_1123";"icaa";"busqueda_nombre_exacta"
25622.0;"";"gui_0262";"icaa";"busqueda_nombre_aproximada"
25623.0;"";"gui_1124";"icaa";"busqueda_nombre_exacta"
256230.0;"";"gui_1125";"icaa";"busqueda_nombre_exacta"
25624.0;"";"gui_1126";"icaa";"busqueda_nombre_exacta"
256525.0;"";"gui_1127";"icaa";"busqueda_nombre_exacta"
256623.0;"";"gui_1128";"icaa";"busqueda_nombre_exacta"
256623.0;"";"gui_1129";"icaa";"busqueda_nombre_exacta"
256724.0;"";"gui_1130";"icaa";"busqueda_nombre_exacta"
257725.0;"";"gui_1131";"icaa";"busqueda_nombre_exacta"
257824.0;"";"gui_0553";"icaa";"busqueda_nombre_exacta"
257824.0;"";"gui_1132";"icaa";"busqueda_nombre_exacta"
25823.0;"";"gui_0405";"icaa";"busqueda_nombre_exacta"
258424.0;"";"gui_0296";"icaa";"busqueda_nombre_exacta"
258424.0;"";"gui_0297";"icaa";"busqueda_nombre_exacta"
258424.0;"";"gui_0298";"icaa";"busqueda_nombre_exacta"
259450.0;"";"gui_1133";"icaa";"busqueda_nombre_exacta"
259450.0;"";"gui_1134";"icaa";"busqueda_nombre_aproximada"
259630.0;"";"gui_0967";"icaa";"busqueda_nombre_exacta"
259630.0;"";"gui_1135";"icaa";"busqueda_nombre_exacta"
26022.0;"";"gui_1136";"icaa";"busqueda_nombre_exacta"
26022.0;"";"gui_1137";"icaa";"busqueda_nombre_exacta"
26122.0;"";"gui_1138";"icaa";"busqueda_nombre_exacta"
261224.0;"";"gui_1139";"icaa";"busqueda_nombre_exacta"
261224.0;"";"gui_1140";"icaa";"busqueda_nombre_exacta"
26196.0;"";"gui_1141";"icaa";"busqueda_nombre_exacta"
26196.0;"";"gui_1142";"icaa";"busqueda_nombre_exacta"
262024.0;"";"gui_1143";"icaa";"busqueda_nombre_aproximada"
262024.0;"";"gui_1144";"icaa";"busqueda_nombre_exacta"
262224.0;"";"gui_1145";"icaa";"busqueda_nombre_exacta"
262450.0;"";"gui_1146";"icaa";"busqueda_nombre_exacta"
263324.0;"";"gui_0074";"icaa";"busqueda_nombre_exacta"
263924.0;"";"gui_0003";"icaa";"busqueda_nombre_exacta"
264024.0;"";"gui_1147";"icaa";"busqueda_nombre_exacta"
26421.0;"";"gui_1148";"icaa";"busqueda_nombre_exacta"
266424.0;"";"gui_0730";"icaa";"busqueda_nombre_exacta"
266424.0;"";"gui_0731";"icaa";"busqueda_nombre_exacta"
26724.0;"";"gui_1149";"icaa";"busqueda_nombre_exacta"
27123.0;"";"gui_1150";"icaa";"busqueda_nombre_exacta"
2722140.0;"";"gui_1151";"icaa";"busqueda_nombre_exacta"
2725.0;"";"gui_1152";"icaa";"busqueda_nombre_exacta"
27297.0;"";"gui_0237";"icaa";"busqueda_nombre_exacta"
27595.0;"";"gui_1153";"icaa";"busqueda_nombre_exacta"
27614.0;"";"gui_1154";"icaa";"busqueda_nombre_aproximada"
27614.0;"";"gui_1155";"icaa";"busqueda_nombre_exacta"
276424.0;"";"gui_1084";"icaa";"busqueda_nombre_exacta"
280224.0;"";"gui_1156";"icaa";"busqueda_nombre_aproximada"
28223.0;"";"gui_1157";"icaa";"busqueda_nombre_exacta"
28223.0;"";"gui_0574";"icaa";"busqueda_nombre_exacta"
28223.0;"";"gui_1158";"icaa";"busqueda_nombre_exacta"
28297.0;"";"gui_0543";"icaa";"busqueda_nombre_exacta"
28391.0;"";"gui_1159";"icaa";"busqueda_nombre_exacta"
28421.0;"";"gui_0384";"icaa";"busqueda_nombre_exacta"
28521.0;"";"gui_1160";"icaa";"busqueda_nombre_exacta"
28524.0;"";"gui_1161";"icaa";"busqueda_nombre_exacta"
285950.0;"";"gui_0928";"icaa";"busqueda_nombre_exacta"
285950.0;"";"gui_1109";"icaa";"busqueda_nombre_exacta"
28615.0;"";"gui_1162";"icaa";"busqueda_nombre_exacta"
28723.0;"";"gui_1163";"icaa";"busqueda_nombre_exacta"
28723.0;"";"gui_1164";"icaa";"busqueda_nombre_exacta"
28823.0;"";"gui_1165";"icaa";"busqueda_nombre_exacta"
292650.0;"";"gui_1166";"icaa";"busqueda_nombre_aproximada"
29319.0;"";"gui_0012";"icaa";"busqueda_nombre_exacta"
29322.0;"";"gui_1167";"icaa";"busqueda_nombre_exacta"
29322.0;"";"gui_1168";"icaa";"busqueda_nombre_exacta"
29322.0;"";"gui_1169";"icaa";"busqueda_nombre_exacta"
29322.0;"";"gui_1170";"icaa";"busqueda_nombre_exacta"
293350.0;"";"gui_1171";"icaa";"busqueda_nombre_exacta"
29483.0;"";"gui_0005";"icaa";"busqueda_nombre_exacta"
29483.0;"";"gui_1172";"icaa";"busqueda_nombre_exacta"
29483.0;"";"gui_1173";"icaa";"busqueda_nombre_exacta"
29620.0;"";"gui_1174";"icaa";"busqueda_nombre_exacta"
29620.0;"";"gui_1175";"icaa";"busqueda_nombre_exacta"
29621.0;"";"gui_0645";"icaa";"busqueda_nombre_exacta"
29821.0;"";"gui_0923";"icaa";"busqueda_nombre_exacta"
29923.0;"";"gui_1176";"icaa";"busqueda_nombre_exacta"
29923.0;"";"gui_1177";"icaa";"busqueda_nombre_exacta"
29923.0;"";"gui_1178";"icaa";"busqueda_nombre_exacta"
29925.0;"";"gui_1179";"icaa";"busqueda_nombre_exacta"
30020.0;"";"gui_1180";"icaa";"busqueda_nombre_exacta"
30021.0;"";"gui_1181";"icaa";"busqueda_nombre_exacta"
300950.0;"";"gui_1182";"icaa";"busqueda_nombre_exacta"
300950.0;"";"gui_1183";"icaa";"busqueda_nombre_exacta"
300950.0;"";"gui_1184";"icaa";"busqueda_nombre_exacta"
30105.0;"";"gui_1185";"icaa";"busqueda_nombre_exacta"
30123.0;"";"gui_1186";"icaa";"busqueda_nombre_exacta"
30224.0;"";"gui_1187";"icaa";"busqueda_nombre_exacta"
3024.0;"";"gui_0687";"icaa";"busqueda_nombre_exacta"
30325.0;"";"gui_0063";"icaa";"busqueda_nombre_exacta"
30325.0;"";"gui_1188";"icaa";"busqueda_nombre_exacta"
30424.0;"";"gui_1189";"icaa";"busqueda_nombre_exacta"
30517.0;"";"gui_1190";"icaa";"busqueda_nombre_exacta"
305250.0;"";"gui_1191";"icaa";"busqueda_nombre_exacta"
305250.0;"";"gui_0938";"icaa";"busqueda_nombre_exacta"
306850.0;"";"gui_0012";"icaa";"busqueda_nombre_exacta"
306850.0;"";"gui_1192";"icaa";"busqueda_nombre_exacta"
30720.0;"";"gui_1193";"icaa";"busqueda_nombre_exacta"
30723.0;"";"gui_1194";"icaa";"busqueda_nombre_exacta"
30724.0;"";"gui_1195";"icaa";"busqueda_nombre_exacta"
30724.0;"";"gui_1196";"icaa";"busqueda_nombre_exacta"
307550.0;"";"gui_1197";"icaa";"busqueda_nombre_exacta"
307550.0;"";"gui_1198";"icaa";"busqueda_nombre_exacta"
30822.0;"";"gui_1199";"icaa";"busqueda_nombre_exacta"
30923.0;"";"gui_1200";"icaa";"busqueda_nombre_exacta"
31023.0;"";"gui_1201";"icaa";"busqueda_nombre_exacta"
31023.0;"";"gui_1202";"icaa";"busqueda_nombre_aproximada"
31023.0;"";"gui_1203";"icaa";"busqueda_nombre_exacta"
311650.0;"";"gui_1204";"icaa";"busqueda_nombre_exacta"
311650.0;"";"gui_0967";"icaa";"busqueda_nombre_exacta"
31212.0;"";"gui_1205";"icaa";"busqueda_nombre_exacta"
31322.0;"";"gui_1206";"icaa";"busqueda_nombre_exacta"
31323.0;"";"gui_1207";"icaa";"busqueda_nombre_aproximada"
31323.0;"";"gui_1208";"icaa";"busqueda_nombre_exacta"
31323.0;"";"gui_1209";"icaa";"busqueda_nombre_exacta"
31424.0;"";"gui_1210";"icaa";"busqueda_nombre_exacta"
31582.0;"";"gui_0126";"icaa";"busqueda_nombre_exacta"
31724.0;"";"gui_1211";"icaa";"busqueda_nombre_exacta"
31809.0;"";"gui_0454";"icaa";"busqueda_nombre_aproximada"
31809.0;"";"gui_1212";"icaa";"busqueda_nombre_exacta"
31994.0;"";"gui_1213";"icaa";"busqueda_nombre_exacta"
31994.0;"";"gui_0469";"icaa";"busqueda_nombre_aproximada"
323650.0;"";"gui_1214";"icaa";"busqueda_nombre_exacta"
323650.0;"";"gui_1215";"icaa";"busqueda_nombre_exacta"
324.0;"";"gui_1216";"icaa";"busqueda_nombre_aproximada"
324125.0;"";"gui_1217";"icaa";"busqueda_nombre_exacta"
324125.0;"";"gui_0120";"icaa";"busqueda_nombre_exacta"
324125.0;"";"gui_1218";"icaa";"busqueda_nombre_exacta"
33122.0;"";"gui_0872";"icaa";"busqueda_nombre_exacta"
33122.0;"";"gui_1219";"icaa";"busqueda_nombre_exacta"
33122.0;"";"gui_1220";"icaa";"busqueda_nombre_exacta"
33422.0;"";"gui_1221";"icaa";"busqueda_nombre_exacta"
33425.0;"";"gui_0546";"icaa";"busqueda_nombre_exacta"
33425.0;"";"gui_0547";"icaa";"busqueda_nombre_exacta"
33522.0;"";"gui_1222";"icaa";"busqueda_nombre_exacta"
336750.0;"";"gui_0165";"icaa";"busqueda_nombre_exacta"
336750.0;"";"gui_1223";"icaa";"busqueda_nombre_exacta"
33725.0;"";"gui_1224";"icaa";"busqueda_nombre_exacta"
33826.0;"";"gui_1225";"icaa";"busqueda_nombre_exacta"
34020.0;"";"gui_1226";"icaa";"busqueda_nombre_exacta"
34022.0;"";"gui_1227";"icaa";"busqueda_nombre_exacta"
34123.0;"";"gui_1228";"icaa";"busqueda_nombre_exacta"
34123.0;"";"gui_0438";"icaa";"busqueda_nombre_exacta"
34420.0;"";"gui_1229";"icaa";"busqueda_nombre_exacta"
34492.0;"";"gui_0950";"icaa";"busqueda_nombre_exacta"
34492.0;"";"gui_1230";"icaa";"busqueda_nombre_exacta"
34581.0;"";"gui_1231";"icaa";"busqueda_nombre_exacta"
34623.0;"";"gui_1232";"icaa";"busqueda_nombre_exacta"
34719.0;"";"gui_1233";"icaa";"busqueda_nombre_exacta"
34722.0;"";"gui_1234";"icaa";"busqueda_nombre_exacta"
34723.0;"";"gui_1235";"icaa";"busqueda_nombre_aproximada"
35019.0;"";"gui_1236";"icaa";"busqueda_nombre_exacta"
35019.0;"";"gui_1237";"icaa";"busqueda_nombre_exacta"
35320.0;"";"gui_1238";"icaa";"busqueda_nombre_exacta"
35320.0;"";"gui_1239";"icaa";"busqueda_nombre_exacta"
353251.0;"";"gui_0013";"icaa";"busqueda_nombre_exacta"
353251.0;"";"gui_0165";"icaa";"busqueda_nombre_exacta"
35417.0;"";"gui_0213";"icaa";"busqueda_nombre_exacta"
35417.0;"";"gui_0096";"icaa";"busqueda_nombre_exacta"
35417.0;"";"gui_1240";"icaa";"busqueda_nombre_aproximada"
35518.0;"";"gui_1241";"icaa";"busqueda_nombre_exacta"
35722.0;"";"gui_1032";"icaa";"busqueda_nombre_exacta"
35722.0;"";"gui_1137";"icaa";"busqueda_nombre_exacta"
35813.0;"";"gui_1242";"icaa";"busqueda_nombre_exacta"
35813.0;"";"gui_1243";"icaa";"busqueda_nombre_exacta"
35922.0;"";"gui_1244";"icaa";"busqueda_nombre_exacta"
36022.0;"";"gui_1245";"icaa";"busqueda_nombre_exacta"
36022.0;"";"gui_1246";"icaa";"busqueda_nombre_exacta"
36022.0;"";"gui_0975";"icaa";"busqueda_nombre_exacta"
36022.0;"";"gui_1247";"icaa";"busqueda_nombre_exacta"
36122.0;"";"gui_1248";"icaa";"busqueda_nombre_exacta"
361550.0;"";"gui_0013";"icaa";"busqueda_nombre_exacta"
361550.0;"";"gui_0012";"icaa";"busqueda_nombre_exacta"
36295.0;"";"gui_1249";"icaa";"busqueda_nombre_exacta"
36295.0;"";"gui_1250";"icaa";"busqueda_nombre_exacta"
36422.0;"";"gui_1251";"icaa";"busqueda_nombre_exacta"
364450.0;"";"gui_0743";"icaa";"busqueda_nombre_exacta"
364450.0;"";"gui_1252";"icaa";"busqueda_nombre_exacta"
37109.0;"";"gui_1253";"icaa";"busqueda_nombre_exacta"
37122.0;"";"gui_0168";"icaa";"busqueda_nombre_exacta"
37122.0;"";"gui_0169";"icaa";"busqueda_nombre_exacta"
37122.0;"";"gui_0350";"icaa";"busqueda_nombre_exacta"
3719.0;"";"gui_1254";"icaa";"busqueda_nombre_exacta"
37318.0;"";"gui_1255";"icaa";"busqueda_nombre_exacta"
37318.0;"";"gui_0364";"icaa";"busqueda_nombre_exacta"
37519.0;"";"gui_1256";"icaa";"busqueda_nombre_exacta"
37622.0;"";"gui_1257";"icaa";"busqueda_nombre_exacta"
37622.0;"";"gui_1258";"icaa";"busqueda_nombre_exacta"
37723.0;"";"gui_1259";"icaa";"busqueda_nombre_exacta"
3821.0;"";"gui_1260";"icaa";"busqueda_nombre_exacta"
3821.0;"";"gui_0560";"icaa";"busqueda_nombre_exacta"
3822.0;"";"gui_0351";"icaa";"busqueda_nombre_exacta"
38421.0;"";"gui_0117";"icaa";"busqueda_nombre_exacta"
38625.0;"";"gui_1261";"icaa";"busqueda_nombre_exacta"
38707.0;"";"gui_1262";"icaa";"busqueda_nombre_exacta"
38707.0;"";"gui_1263";"icaa";"busqueda_nombre_exacta"
38715.0;"";"gui_1264";"icaa";"busqueda_nombre_exacta"
39022.0;"";"gui_1265";"icaa";"busqueda_nombre_aproximada"
39025.0;"";"gui_1266";"icaa";"busqueda_nombre_aproximada"
39025.0;"";"gui_1267";"icaa";"busqueda_nombre_exacta"
3920.0;"";"gui_0272";"icaa";"busqueda_nombre_exacta"
39424.0;"";"gui_1268";"icaa";"busqueda_nombre_exacta"
39424.0;"";"gui_1269";"icaa";"busqueda_nombre_exacta"
39621.0;"";"gui_1270";"icaa";"busqueda_nombre_exacta"
39719.0;"";"gui_0081";"icaa";"busqueda_nombre_exacta"
39823.0;"";"gui_0327";"icaa";"busqueda_nombre_exacta"
39919.0;"";"gui_1271";"icaa";"busqueda_nombre_exacta"
401751.0;"";"gui_1272";"icaa";"busqueda_nombre_aproximada"
4021.0;"";"gui_1273";"icaa";"busqueda_nombre_aproximada"
4021.0;"";"gui_1274";"icaa";"busqueda_nombre_exacta"
40221.0;"";"gui_1275";"icaa";"busqueda_nombre_aproximada"
40420.0;"";"gui_0427";"icaa";"busqueda_nombre_exacta"
40420.0;"";"gui_0428";"icaa";"busqueda_nombre_exacta"
40422.0;"";"gui_1030";"icaa";"busqueda_nombre_exacta"
40513.0;"";"gui_0100";"icaa";"busqueda_nombre_exacta"
405851.0;"";"gui_0928";"icaa";"busqueda_nombre_exacta"
405851.0;"";"gui_0013";"icaa";"busqueda_nombre_exacta"
40721.0;"";"gui_1276";"icaa";"busqueda_nombre_exacta"
40722.0;"";"gui_1277";"icaa";"busqueda_nombre_exacta"
40722.0;"";"gui_1278";"icaa";"busqueda_nombre_exacta"
40922.0;"";"gui_1279";"icaa";"busqueda_nombre_aproximada"
40922.0;"";"gui_1280";"icaa";"busqueda_nombre_exacta"
41298.0;"";"gui_0013";"icaa";"busqueda_nombre_exacta"
41420.0;"";"gui_0321";"icaa";"busqueda_nombre_exacta"
41420.0;"";"gui_0322";"icaa";"busqueda_nombre_exacta"
41519.0;"";"gui_0248";"icaa";"busqueda_nombre_exacta"
41519.0;"";"gui_1281";"icaa";"busqueda_nombre_aproximada"
41519.0;"";"gui_1282";"icaa";"busqueda_nombre_exacta"
41519.0;"";"gui_1283";"icaa";"busqueda_nombre_exacta"
41522.0;"";"gui_1284";"icaa";"busqueda_nombre_aproximada"
41624.0;"";"gui_1285";"icaa";"busqueda_nombre_exacta"
41823.0;"";"gui_1286";"icaa";"busqueda_nombre_exacta"
42019.0;"";"gui_1287";"icaa";"busqueda_nombre_exacta"
42024.0;"";"gui_0212";"icaa";"busqueda_nombre_exacta"
42318.0;"";"gui_1288";"icaa";"busqueda_nombre_exacta"
42394.0;"";"gui_0783";"icaa";"busqueda_nombre_exacta"
42394.0;"";"gui_1289";"icaa";"busqueda_nombre_exacta"
42712.0;"";"gui_0361";"icaa";"busqueda_nombre_exacta"
42722.0;"";"gui_1290";"icaa";"busqueda_nombre_exacta"
42818.0;"";"gui_1291";"icaa";"busqueda_nombre_exacta"
42818.0;"";"gui_1292";"icaa";"busqueda_nombre_exacta"
42922.0;"";"gui_0640";"icaa";"busqueda_nombre_exacta"
430051.0;"";"gui_1293";"icaa";"busqueda_nombre_exacta"
43112.0;"";"gui_1294";"icaa";"busqueda_nombre_exacta"
43120.0;"";"gui_1295";"icaa";"busqueda_nombre_exacta"
43122.0;"";"gui_1296";"icaa";"busqueda_nombre_exacta"
43122.0;"";"gui_1297";"icaa";"busqueda_nombre_exacta"
43122.0;"";"gui_1298";"icaa";"busqueda_nombre_exacta"
43216.0;"";"gui_1299";"icaa";"busqueda_nombre_exacta"
43320.0;"";"gui_1291";"icaa";"busqueda_nombre_exacta"
43320.0;"";"gui_1292";"icaa";"busqueda_nombre_exacta"
43320.0;"";"gui_1300";"icaa";"busqueda_nombre_exacta"
43322.0;"";"gui_1301";"icaa";"busqueda_nombre_exacta"
43322.0;"";"gui_1302";"icaa";"busqueda_nombre_exacta"
43350.0;"";"gui_0013";"icaa";"busqueda_nombre_exacta"
43350.0;"";"gui_0012";"icaa";"busqueda_nombre_exacta"
43412.0;"";"gui_1303";"icaa";"busqueda_nombre_exacta"
43412.0;"";"gui_1088";"icaa";"busqueda_nombre_exacta"
43421.0;"";"gui_1304";"icaa";"busqueda_nombre_exacta"
43422.0;"";"gui_1305";"icaa";"busqueda_nombre_exacta"
43422.0;"";"gui_1306";"icaa";"busqueda_nombre_exacta"
43522.0;"";"gui_1196";"icaa";"busqueda_nombre_exacta"
43522.0;"";"gui_1307";"icaa";"busqueda_nombre_exacta"
43524.0;"";"gui_0751";"icaa";"busqueda_nombre_exacta"
43524.0;"";"gui_1308";"icaa";"busqueda_nombre_exacta"
43619.0;"";"gui_1251";"icaa";"busqueda_nombre_exacta"
43619.0;"";"gui_0919";"icaa";"busqueda_nombre_exacta"
43619.0;"";"gui_1309";"icaa";"busqueda_nombre_exacta"
4371740.0;"";"gui_1310";"icaa";"busqueda_nombre_exacta"
44112.0;"";"gui_1240";"icaa";"busqueda_nombre_exacta"
44396.0;"";"gui_1173";"icaa";"busqueda_nombre_exacta"
44493.0;"";"gui_1311";"icaa";"busqueda_nombre_exacta"
44493.0;"";"gui_0928";"icaa";"busqueda_nombre_exacta"
44522.0;"";"gui_1312";"icaa";"busqueda_nombre_exacta"
44621.0;"";"gui_1313";"icaa";"busqueda_nombre_exacta"
44621.0;"";"gui_1314";"icaa";"busqueda_nombre_exacta"
44719.0;"";"gui_1315";"icaa";"busqueda_nombre_exacta"
44808.0;"";"gui_1316";"icaa";"busqueda_nombre_aproximada"
45119.0;"";"gui_1317";"icaa";"busqueda_nombre_exacta"
45124.0;"";"gui_1260";"icaa";"busqueda_nombre_exacta"
4523.0;"";"gui_1318";"icaa";"busqueda_nombre_exacta"
4523.0;"";"gui_1319";"icaa";"busqueda_nombre_aproximada"
45293.0;"";"gui_1320";"icaa";"busqueda_nombre_exacta"
45293.0;"";"gui_1321";"icaa";"busqueda_nombre_exacta"
45325.0;"";"gui_1322";"icaa";"busqueda_nombre_exacta"
45520.0;"";"gui_1323";"icaa";"busqueda_nombre_exacta"
45520.0;"";"gui_1324";"icaa";"busqueda_nombre_exacta"
45522.0;"";"gui_1325";"icaa";"busqueda_nombre_exacta"
45723.0;"";"gui_1326";"icaa";"busqueda_nombre_exacta"
45819.0;"";"gui_1327";"icaa";"busqueda_nombre_exacta"
45920.0;"";"gui_1328";"icaa";"busqueda_nombre_exacta"
45920.0;"";"gui_1329";"icaa";"busqueda_nombre_exacta"
46016.0;"";"gui_0830";"icaa";"busqueda_nombre_exacta"
46524.0;"";"gui_1330";"icaa";"busqueda_nombre_exacta"
46817.0;"";"gui_0211";"icaa";"busqueda_nombre_exacta"
46921.0;"";"gui_1331";"icaa";"busqueda_nombre_exacta"
47011.0;"";"gui_0548";"icaa";"busqueda_nombre_aproximada"
47095.0;"";"gui_0452";"icaa";"busqueda_nombre_exacta"
47095.0;"";"gui_0586";"icaa";"busqueda_nombre_exacta"
47119.0;"";"gui_1332";"icaa";"busqueda_nombre_exacta"
47515.0;"";"gui_1333";"icaa";"busqueda_nombre_exacta"
47515.0;"";"gui_1334";"icaa";"busqueda_nombre_exacta"
47521.0;"";"gui_1335";"icaa";"busqueda_nombre_exacta"
47695.0;"";"gui_1336";"icaa";"busqueda_nombre_exacta"
47695.0;"";"gui_1337";"icaa";"busqueda_nombre_exacta"
47712.0;"";"gui_1338";"icaa";"busqueda_nombre_exacta"
47912.0;"";"gui_0331";"icaa";"busqueda_nombre_exacta"
48104.0;"";"gui_1339";"icaa";"busqueda_nombre_exacta"
48215.0;"";"gui_0626";"icaa";"busqueda_nombre_exacta"
48322.0;"";"gui_0830";"icaa";"busqueda_nombre_exacta"
48419.0;"";"gui_1340";"icaa";"busqueda_nombre_exacta"
48423.0;"";"gui_1341";"icaa";"busqueda_nombre_exacta"
48523.0;"";"gui_0581";"icaa";"busqueda_nombre_exacta"
48523.0;"";"gui_1342";"icaa";"busqueda_nombre_exacta"
48523.0;"";"gui_1343";"icaa";"busqueda_nombre_exacta"
48623.0;"";"gui_1344";"icaa";"busqueda_nombre_exacta"
48822.0;"";"gui_1345";"icaa";"busqueda_nombre_exacta"
48822.0;"";"gui_1346";"icaa";"busqueda_nombre_exacta"
49019.0;"";"gui_1347";"icaa";"busqueda_nombre_exacta"
49019.0;"";"gui_1348";"icaa";"busqueda_nombre_exacta"
49116.0;"";"gui_1349";"icaa";"busqueda_nombre_exacta"
49318.0;"";"gui_0102";"icaa";"busqueda_nombre_exacta"
49622.0;"";"gui_0018";"icaa";"busqueda_nombre_exacta"
49622.0;"";"gui_1350";"icaa";"busqueda_nombre_exacta"
49722.0;"";"gui_1351";"icaa";"busqueda_nombre_exacta"
49722.0;"";"gui_0033";"icaa";"busqueda_nombre_exacta"
49822.0;"";"gui_0042";"icaa";"busqueda_nombre_exacta"
49923.0;"";"gui_0653";"icaa";"busqueda_nombre_exacta"
50022.0;"";"gui_1352";"icaa";"busqueda_nombre_aproximada"
50022.0;"";"gui_1353";"icaa";"busqueda_nombre_exacta"
50022.0;"";"gui_1354";"icaa";"busqueda_nombre_exacta"
50213.0;"";"gui_1355";"icaa";"busqueda_nombre_aproximada"
50217.0;"";"gui_1356";"icaa";"busqueda_nombre_exacta"
5022.0;"";"gui_1357";"icaa";"busqueda_nombre_exacta"
50222.0;"";"gui_1358";"icaa";"busqueda_nombre_exacta"
50222.0;"";"gui_1359";"icaa";"busqueda_nombre_exacta"
50417.0;"";"gui_1360";"icaa";"busqueda_nombre_exacta"
50417.0;"";"gui_0251";"icaa";"busqueda_nombre_exacta"
50422.0;"";"gui_1301";"icaa";"busqueda_nombre_exacta"
50422.0;"";"gui_1302";"icaa";"busqueda_nombre_exacta"
50522.0;"";"gui_0999";"icaa";"busqueda_nombre_exacta"
50722.0;"";"gui_0117";"icaa";"busqueda_nombre_exacta"
50822.0;"";"gui_1361";"icaa";"busqueda_nombre_exacta"
50823.0;"";"gui_0640";"icaa";"busqueda_nombre_exacta"
50920.0;"";"gui_1362";"icaa";"busqueda_nombre_exacta"
50920.0;"";"gui_1363";"icaa";"busqueda_nombre_exacta"
51017.0;"";"gui_1364";"icaa";"busqueda_nombre_exacta"
51019.0;"";"gui_1365";"icaa";"busqueda_nombre_exacta"
51119.0;"";"gui_1366";"icaa";"busqueda_nombre_exacta"
51121.0;"";"gui_1367";"icaa";"busqueda_nombre_exacta"
51121.0;"";"gui_1368";"icaa";"busqueda_nombre_exacta"
51221.0;"";"gui_1369";"icaa";"busqueda_nombre_exacta"
51424.0;"";"gui_1370";"icaa";"busqueda_nombre_exacta"
51623.0;"";"gui_1371";"icaa";"busqueda_nombre_exacta"
51713.0;"";"gui_1372";"icaa";"busqueda_nombre_exacta"
51720.0;"";"gui_1373";"icaa";"busqueda_nombre_exacta"
51720.0;"";"gui_1374";"icaa";"busqueda_nombre_aproximada"
51821.0;"";"gui_1375";"icaa";"busqueda_nombre_exacta"
51917.0;"";"gui_0042";"icaa";"busqueda_nombre_exacta"
51921.0;"";"gui_0213";"icaa";"busqueda_nombre_exacta"
51921.0;"";"gui_0096";"icaa";"busqueda_nombre_exacta"
51921.0;"";"gui_1240";"icaa";"busqueda_nombre_exacta"
52018.0;"";"gui_0278";"icaa";"busqueda_nombre_exacta"
52024.0;"";"gui_1376";"icaa";"busqueda_nombre_exacta"
521251.0;"";"gui_0390";"icaa";"busqueda_nombre_exacta"
521251.0;"";"gui_1377";"icaa";"busqueda_nombre_exacta"
521251.0;"";"gui_1378";"icaa";"busqueda_nombre_exacta"
521251.0;"";"gui_1379";"icaa";"busqueda_nombre_exacta"
521251.0;"";"gui_0434";"icaa";"busqueda_nombre_exacta"
521251.0;"";"gui_0368";"icaa";"busqueda_nombre_exacta"
521251.0;"";"gui_1380";"icaa";"busqueda_nombre_exacta"
521251.0;"";"gui_1381";"icaa";"busqueda_nombre_exacta"
521251.0;"";"gui_1382";"icaa";"busqueda_nombre_exacta"
522.0;"";"gui_1383";"icaa";"busqueda_nombre_exacta"
52218.0;"";"gui_1384";"icaa";"busqueda_nombre_exacta"
52218.0;"";"gui_1385";"icaa";"busqueda_nombre_exacta"
52224.0;"";"gui_1386";"icaa";"busqueda_nombre_exacta"
52318.0;"";"gui_1387";"icaa";"busqueda_nombre_exacta"
52318.0;"";"gui_1388";"icaa";"busqueda_nombre_exacta"
52324.0;"";"gui_1389";"icaa";"busqueda_nombre_exacta"
52415.0;"";"gui_1390";"icaa";"busqueda_nombre_aproximada"
52415.0;"";"gui_1391";"icaa";"busqueda_nombre_aproximada"
52515.0;"";"gui_1312";"icaa";"busqueda_nombre_exacta"
526651.0;"";"gui_1392";"icaa";"busqueda_nombre_exacta"
526651.0;"";"gui_1393";"icaa";"busqueda_nombre_aproximada"
526651.0;"";"gui_1394";"icaa";"busqueda_nombre_exacta"
52714.0;"";"gui_1395";"icaa";"busqueda_nombre_exacta"
52917.0;"";"gui_0557";"icaa";"busqueda_nombre_exacta"
53017.0;"";"gui_0294";"icaa";"busqueda_nombre_exacta"
53017.0;"";"gui_0180";"icaa";"busqueda_nombre_exacta"
53020.0;"";"gui_0590";"icaa";"busqueda_nombre_exacta"
53224.0;"";"gui_0109";"icaa";"busqueda_nombre_exacta"
53318.0;"";"gui_1396";"icaa";"busqueda_nombre_exacta"
53318.0;"";"gui_1397";"icaa";"busqueda_nombre_exacta"
53421.0;"";"gui_1398";"icaa";"busqueda_nombre_exacta"
53421.0;"";"gui_1399";"icaa";"busqueda_nombre_exacta"
53515.0;"";"gui_1400";"icaa";"busqueda_nombre_exacta"
53623.0;"";"gui_1401";"icaa";"busqueda_nombre_exacta"
53823.0;"";"gui_1402";"icaa";"busqueda_nombre_exacta"
54216.0;"";"gui_1403";"icaa";"busqueda_nombre_exacta"
54216.0;"";"gui_1404";"icaa";"busqueda_nombre_exacta"
54216.0;"";"gui_1405";"icaa";"busqueda_nombre_exacta"
54216.0;"";"gui_1406";"icaa";"busqueda_nombre_exacta"
54220.0;"";"gui_1407";"icaa";"busqueda_nombre_exacta"
54220.0;"";"gui_1408";"icaa";"busqueda_nombre_exacta"
54319.0;"";"gui_1409";"icaa";"busqueda_nombre_exacta"
54413.0;"";"gui_0250";"icaa";"busqueda_nombre_exacta"
54422.0;"";"gui_0533";"icaa";"busqueda_nombre_exacta"
545051.0;"";"gui_1410";"icaa";"busqueda_nombre_exacta"
545051.0;"";"gui_1411";"icaa";"busqueda_nombre_exacta"
545051.0;"";"gui_1412";"icaa";"busqueda_nombre_exacta"
54521.0;"";"gui_1260";"icaa";"busqueda_nombre_exacta"
54612.0;"";"gui_0100";"icaa";"busqueda_nombre_exacta"
54619.0;"";"gui_1413";"icaa";"busqueda_nombre_exacta"
54821.0;"";"gui_1414";"icaa";"busqueda_nombre_aproximada"
54921.0;"";"gui_1415";"icaa";"busqueda_nombre_exacta"
54921.0;"";"gui_0349";"icaa";"busqueda_nombre_exacta"
55020.0;"";"gui_1416";"icaa";"busqueda_nombre_exacta"
55122.0;"";"gui_1417";"icaa";"busqueda_nombre_exacta"
5521.0;"";"gui_1418";"icaa";"busqueda_nombre_exacta"
55212.0;"";"gui_1419";"icaa";"busqueda_nombre_exacta"
55222.0;"";"gui_0120";"icaa";"busqueda_nombre_exacta"
55321.0;"";"gui_1420";"icaa";"busqueda_nombre_exacta"
55321.0;"";"gui_1421";"icaa";"busqueda_nombre_exacta"
55415.0;"";"gui_1422";"icaa";"busqueda_nombre_exacta"
55415.0;"";"gui_0433";"icaa";"busqueda_nombre_exacta"
55415.0;"";"gui_0293";"icaa";"busqueda_nombre_exacta"
55618.0;"";"gui_1423";"icaa";"busqueda_nombre_exacta"
55720.0;"";"gui_1424";"icaa";"busqueda_nombre_exacta"
55723.0;"";"gui_1425";"icaa";"busqueda_nombre_exacta"
55723.0;"";"gui_1426";"icaa";"busqueda_nombre_exacta"
56219.0;"";"gui_1427";"icaa";"busqueda_nombre_aproximada"
56219.0;"";"gui_1428";"icaa";"busqueda_nombre_exacta"
56221.0;"";"gui_1429";"icaa";"busqueda_nombre_exacta"
56223.0;"";"gui_1430";"icaa";"busqueda_nombre_exacta"
5623.0;"";"gui_1431";"icaa";"busqueda_nombre_exacta"
56414.0;"";"gui_0063";"icaa";"busqueda_nombre_exacta"
56421.0;"";"gui_1432";"icaa";"busqueda_nombre_exacta"
56519.0;"";"gui_0569";"icaa";"busqueda_nombre_aproximada"
56521.0;"";"gui_1433";"icaa";"busqueda_nombre_exacta"
56521.0;"";"gui_1434";"icaa";"busqueda_nombre_exacta"
56521.0;"";"gui_1435";"icaa";"busqueda_nombre_exacta"
56595.0;"";"gui_0250";"icaa";"busqueda_nombre_exacta"
56717.0;"";"gui_1436";"icaa";"busqueda_nombre_aproximada"
56717.0;"";"gui_1437";"icaa";"busqueda_nombre_exacta"
56819.0;"";"gui_1438";"icaa";"busqueda_nombre_exacta"
57016.0;"";"gui_1248";"icaa";"busqueda_nombre_exacta"
5702.0;"";"gui_0063";"icaa";"busqueda_nombre_exacta"
57116.0;"";"gui_1439";"icaa";"busqueda_nombre_exacta"
573651.0;"";"";"icaa";"busqueda_nombre_aproximada"
57418.0;"";"gui_1441";"icaa";"busqueda_nombre_exacta"
57518.0;"";"gui_1100";"icaa";"busqueda_nombre_exacta"
57524.0;"";"gui_0925";"icaa";"busqueda_nombre_aproximada"
57550.0;"";"gui_1442";"icaa";"busqueda_nombre_aproximada"
57821.0;"";"gui_1354";"icaa";"busqueda_nombre_exacta"
57822.0;"";"gui_1443";"icaa";"busqueda_nombre_exacta"
57822.0;"";"gui_1062";"icaa";"busqueda_nombre_exacta"
58021.0;"";"gui_0612";"icaa";"busqueda_nombre_exacta"
58116.0;"";"gui_1444";"icaa";"busqueda_nombre_exacta"
58224.0;"";"gui_1323";"icaa";"busqueda_nombre_exacta"
58318.0;"";"gui_1445";"icaa";"busqueda_nombre_exacta"
58318.0;"";"gui_1446";"icaa";"busqueda_nombre_exacta"
58420.0;"";"gui_0580";"icaa";"busqueda_nombre_exacta"
58423.0;"";"gui_1397";"icaa";"busqueda_nombre_exacta"
58620.0;"";"gui_1447";"icaa";"busqueda_nombre_exacta"
58723.0;"";"gui_1448";"icaa";"busqueda_nombre_exacta"
58723.0;"";"gui_0142";"icaa";"busqueda_nombre_exacta"
58822.0;"";"gui_1449";"icaa";"busqueda_nombre_exacta"
58823.0;"";"gui_1450";"icaa";"busqueda_nombre_exacta"
58823.0;"";"gui_1408";"icaa";"busqueda_nombre_exacta"
58823.0;"";"gui_1451";"icaa";"busqueda_nombre_exacta"
59021.0;"";"gui_1452";"icaa";"busqueda_nombre_exacta"
59021.0;"";"gui_1453";"icaa";"busqueda_nombre_exacta"
59123.0;"";"gui_0109";"icaa";"busqueda_nombre_exacta"
59215.0;"";"gui_0742";"icaa";"busqueda_nombre_exacta"
59215.0;"";"gui_1454";"icaa";"busqueda_nombre_exacta"
59215.0;"";"gui_0145";"icaa";"busqueda_nombre_exacta"
592551.0;"";"gui_0928";"icaa";"busqueda_nombre_aproximada"
592551.0;"";"gui_0013";"icaa";"busqueda_nombre_exacta"
59323.0;"";"gui_0919";"icaa";"busqueda_nombre_exacta"
59397.0;"";"gui_0211";"icaa";"busqueda_nombre_exacta"
59397.0;"";"gui_1455";"icaa";"busqueda_nombre_exacta"
59423.0;"";"gui_1312";"icaa";"busqueda_nombre_exacta"
59423.0;"";"gui_0073";"icaa";"busqueda_nombre_exacta"
59423.0;"";"gui_1456";"icaa";"busqueda_nombre_exacta"
594651.0;"";"gui_0743";"icaa";"busqueda_nombre_aproximada"
59521.0;"";"gui_1457";"icaa";"busqueda_nombre_exacta"
59523.0;"";"gui_1458";"icaa";"busqueda_nombre_exacta"
59613.0;"";"gui_1459";"icaa";"busqueda_nombre_exacta"
59613.0;"";"gui_1460";"icaa";"busqueda_nombre_exacta"
59816.0;"";"gui_1461";"icaa";"busqueda_nombre_aproximada"
59816.0;"";"gui_0857";"icaa";"busqueda_nombre_exacta"
59915.0;"";"gui_0300";"icaa";"busqueda_nombre_exacta"
59918.0;"";"gui_1462";"icaa";"busqueda_nombre_exacta"
59918.0;"";"gui_1463";"icaa";"busqueda_nombre_exacta"
60014.0;"";"gui_1464";"icaa";"busqueda_nombre_exacta"
60014.0;"";"gui_0174";"icaa";"busqueda_nombre_exacta"
60119.0;"";"gui_1465";"icaa";"busqueda_nombre_exacta"
60217.0;"";"gui_0267";"icaa";"busqueda_nombre_exacta"
60219.0;"";"gui_1466";"icaa";"busqueda_nombre_exacta"
60220.0;"";"gui_1467";"icaa";"busqueda_nombre_exacta"
60220.0;"";"gui_1468";"icaa";"busqueda_nombre_exacta"
60221.0;"";"gui_1469";"icaa";"busqueda_nombre_exacta"
602351.0;"";"gui_1470";"icaa";"busqueda_nombre_aproximada"
602351.0;"";"gui_1471";"icaa";"busqueda_nombre_exacta"
60421.0;"";"gui_1472";"icaa";"busqueda_nombre_exacta"
60520.0;"";"gui_0619";"icaa";"busqueda_nombre_exacta"
60520.0;"";"gui_1473";"icaa";"busqueda_nombre_exacta"
60598.0;"";"gui_0250";"icaa";"busqueda_nombre_exacta"
60598.0;"";"gui_1320";"icaa";"busqueda_nombre_exacta"
60617.0;"";"gui_1474";"icaa";"busqueda_nombre_exacta"
60617.0;"";"gui_1475";"icaa";"busqueda_nombre_exacta"
60719.0;"";"gui_1476";"icaa";"busqueda_nombre_exacta"
60821.0;"";"gui_1174";"icaa";"busqueda_nombre_exacta"
60821.0;"";"gui_1477";"icaa";"busqueda_nombre_exacta"
60821.0;"";"gui_1478";"icaa";"busqueda_nombre_exacta"
61017.0;"";"gui_1479";"icaa";"busqueda_nombre_exacta"
61017.0;"";"gui_1480";"icaa";"busqueda_nombre_exacta"
61115.0;"";"gui_0217";"icaa";"busqueda_nombre_aproximada"
61316.0;"";"gui_0143";"icaa";"busqueda_nombre_exacta"
61323.0;"";"gui_1481";"icaa";"busqueda_nombre_exacta"
61323.0;"";"gui_0542";"icaa";"busqueda_nombre_exacta"
61419.0;"";"gui_1482";"icaa";"busqueda_nombre_exacta"
61419.0;"";"gui_1483";"icaa";"busqueda_nombre_exacta"
61523.0;"";"gui_1484";"icaa";"busqueda_nombre_exacta"
61523.0;"";"gui_1485";"icaa";"busqueda_nombre_exacta"
61719.0;"";"gui_1486";"icaa";"busqueda_nombre_exacta"
61819.0;"";"gui_1338";"icaa";"busqueda_nombre_exacta"
61819.0;"";"gui_0145";"icaa";"busqueda_nombre_exacta"
61824.0;"";"gui_1487";"icaa";"busqueda_nombre_exacta"
61824.0;"";"gui_1488";"icaa";"busqueda_nombre_exacta"
61923.0;"";"gui_1489";"icaa";"busqueda_nombre_exacta"
61923.0;"";"gui_1004";"icaa";"busqueda_nombre_exacta"
62018.0;"";"gui_0601";"icaa";"busqueda_nombre_exacta"
62018.0;"";"gui_1490";"icaa";"busqueda_nombre_exacta"
62018.0;"";"gui_1491";"icaa";"busqueda_nombre_exacta"
62216.0;"";"gui_1492";"icaa";"busqueda_nombre_exacta"
6225.0;"";"gui_0203";"icaa";"busqueda_nombre_exacta"
62316.0;"";"gui_0559";"icaa";"busqueda_nombre_exacta"
62321.0;"";"gui_1493";"icaa";"busqueda_nombre_exacta"
62420.0;"";"gui_0645";"icaa";"busqueda_nombre_exacta"
62725.0;"";"gui_1494";"icaa";"busqueda_nombre_exacta"
62917.0;"";"gui_1495";"icaa";"busqueda_nombre_exacta"
62917.0;"";"gui_1496";"icaa";"busqueda_nombre_exacta"
63023.0;"";"gui_1497";"icaa";"busqueda_nombre_exacta"
6316.0;"";"gui_0434";"icaa";"busqueda_nombre_exacta"
6319.0;"";"gui_0590";"icaa";"busqueda_nombre_aproximada"
6319.0;"";"gui_0201";"icaa";"busqueda_nombre_exacta"
63217.0;"";"gui_1498";"icaa";"busqueda_nombre_exacta"
63220.0;"";"gui_0380";"icaa";"busqueda_nombre_exacta"
63220.0;"";"gui_1499";"icaa";"busqueda_nombre_exacta"
63321.0;"";"gui_1500";"icaa";"busqueda_nombre_aproximada"
63321.0;"";"gui_1501";"icaa";"busqueda_nombre_exacta"
63321.0;"";"gui_1502";"icaa";"busqueda_nombre_exacta"
63520.0;"";"gui_1503";"icaa";"busqueda_nombre_exacta"
63520.0;"";"gui_1504";"icaa";"busqueda_nombre_exacta"
63523.0;"";"gui_1505";"icaa";"busqueda_nombre_exacta"
63617.0;"";"gui_1506";"icaa";"busqueda_nombre_exacta"
63620.0;"";"gui_1507";"icaa";"busqueda_nombre_exacta"
63620.0;"";"gui_1088";"icaa";"busqueda_nombre_exacta"
63821.0;"";"gui_1508";"icaa";"busqueda_nombre_exacta"
6385540.0;"";"gui_1509";"icaa";"busqueda_nombre_exacta"
64217.0;"";"gui_1510";"icaa";"busqueda_nombre_exacta"
64221.0;"";"gui_1511";"icaa";"busqueda_nombre_exacta"
64221.0;"";"gui_1512";"icaa";"busqueda_nombre_exacta"
64225.0;"";"gui_0603";"icaa";"busqueda_nombre_aproximada"
64819.0;"";"gui_1513";"icaa";"busqueda_nombre_exacta"
64919.0;"";"gui_0434";"icaa";"busqueda_nombre_exacta"
65019.0;"";"gui_0217";"icaa";"busqueda_nombre_exacta"
65216.0;"";"gui_1514";"icaa";"busqueda_nombre_exacta"
65225.0;"";"gui_0481";"icaa";"busqueda_nombre_exacta"
65225.0;"";"gui_0482";"icaa";"busqueda_nombre_exacta"
65425.0;"";"gui_1515";"icaa";"busqueda_nombre_exacta"
65519.0;"";"gui_1516";"icaa";"busqueda_nombre_exacta"
65625.0;"";"gui_1085";"icaa";"busqueda_nombre_exacta"
65716.0;"";"gui_1517";"icaa";"busqueda_nombre_exacta"
65716.0;"";"gui_1518";"icaa";"busqueda_nombre_exacta"
65920.0;"";"gui_1519";"icaa";"busqueda_nombre_exacta"
66116.0;"";"gui_1520";"icaa";"busqueda_nombre_exacta"
66116.0;"";"gui_1521";"icaa";"busqueda_nombre_aproximada"
66119.0;"";"gui_1522";"icaa";"busqueda_nombre_exacta"
66119.0;"";"gui_1523";"icaa";"busqueda_nombre_exacta"
66119.0;"";"gui_1524";"icaa";"busqueda_nombre_exacta"
66120.0;"";"gui_1525";"icaa";"busqueda_nombre_exacta"
66218.0;"";"gui_1526";"icaa";"busqueda_nombre_exacta"
66218.0;"";"gui_1527";"icaa";"busqueda_nombre_aproximada"
66318.0;"";"gui_1528";"icaa";"busqueda_nombre_exacta"
66318.0;"";"gui_1529";"icaa";"busqueda_nombre_exacta"
66320.0;"";"gui_1530";"icaa";"busqueda_nombre_exacta"
66398.0;"";"gui_0126";"icaa";"busqueda_nombre_exacta"
66820.0;"";"gui_0126";"icaa";"busqueda_nombre_exacta"
6703.0;"";"gui_0568";"icaa";"busqueda_nombre_exacta"
6703.0;"";"gui_0054";"icaa";"busqueda_nombre_exacta"
67119.0;"";"gui_1531";"icaa";"busqueda_nombre_aproximada"
67119.0;"";"gui_1532";"icaa";"busqueda_nombre_exacta"
67720.0;"";"gui_1533";"icaa";"busqueda_nombre_exacta"
67721.0;"";"gui_1534";"icaa";"busqueda_nombre_exacta"
67721.0;"";"gui_1535";"icaa";"busqueda_nombre_exacta"
67818.0;"";"gui_1536";"icaa";"busqueda_nombre_exacta"
67825.0;"";"gui_1537";"icaa";"busqueda_nombre_aproximada"
67825.0;"";"gui_1538";"icaa";"busqueda_nombre_exacta"
67920.0;"";"gui_1539";"icaa";"busqueda_nombre_aproximada"
68020.0;"";"gui_1540";"icaa";"busqueda_nombre_exacta"
68119.0;"";"gui_1541";"icaa";"busqueda_nombre_exacta"
68123.0;"";"gui_1542";"icaa";"busqueda_nombre_exacta"
6817.0;"";"gui_0079";"icaa";"busqueda_nombre_exacta"
6817.0;"";"gui_1543";"icaa";"busqueda_nombre_exacta"
68217.0;"";"gui_1544";"icaa";"busqueda_nombre_exacta"
68417.0;"";"gui_0152";"icaa";"busqueda_nombre_exacta"
68417.0;"";"gui_0153";"icaa";"busqueda_nombre_exacta"
68716.0;"";"gui_0014";"icaa";"busqueda_nombre_exacta"
68716.0;"";"gui_1545";"icaa";"busqueda_nombre_exacta"
68920.0;"";"gui_0368";"icaa";"busqueda_nombre_exacta"
68920.0;"";"gui_1546";"icaa";"busqueda_nombre_aproximada"
68920.0;"";"gui_1547";"icaa";"busqueda_nombre_exacta"
69119.0;"";"gui_1548";"icaa";"busqueda_nombre_exacta"
69119.0;"";"gui_1292";"icaa";"busqueda_nombre_exacta"
69119.0;"";"gui_1549";"icaa";"busqueda_nombre_exacta"
69217.0;"";"gui_0548";"icaa";"busqueda_nombre_exacta"
69223.0;"";"gui_1550";"icaa";"busqueda_nombre_aproximada"
6923.0;"";"gui_1551";"icaa";"busqueda_nombre_exacta"
69325.0;"";"gui_1552";"icaa";"busqueda_nombre_exacta"
6952.0;"";"gui_1109";"icaa";"busqueda_nombre_exacta"
6952.0;"";"gui_0928";"icaa";"busqueda_nombre_exacta"
6952.0;"";"gui_1553";"icaa";"busqueda_nombre_exacta"
69806.0;"";"gui_1554";"icaa";"busqueda_nombre_exacta"
69806.0;"";"gui_1555";"icaa";"busqueda_nombre_exacta"
6990.0;"";"gui_1556";"icaa";"busqueda_nombre_exacta"
6990.0;"";"gui_1557";"icaa";"busqueda_nombre_exacta"
6990.0;"";"gui_1558";"icaa";"busqueda_nombre_exacta"
70219.0;"";"gui_0213";"icaa";"busqueda_nombre_exacta"
70223.0;"";"gui_1559";"icaa";"busqueda_nombre_exacta"
70320.0;"";"gui_1305";"icaa";"busqueda_nombre_exacta"
70320.0;"";"gui_1560";"icaa";"busqueda_nombre_exacta"
70320.0;"";"gui_0618";"icaa";"busqueda_nombre_exacta"
704551.0;"";"gui_1561";"icaa";"busqueda_nombre_exacta"
704551.0;"";"gui_1562";"icaa";"busqueda_nombre_exacta"
704551.0;"";"gui_1166";"icaa";"busqueda_nombre_aproximada"
709151.0;"";"gui_1563";"icaa";"busqueda_nombre_exacta"
709151.0;"";"gui_1564";"icaa";"busqueda_nombre_exacta"
71013.0;"";"gui_0867";"icaa";"busqueda_nombre_exacta"
71318.0;"";"gui_1565";"icaa";"busqueda_nombre_exacta"
71318.0;"";"gui_1566";"icaa";"busqueda_nombre_exacta"
71324.0;"";"gui_1567";"icaa";"busqueda_nombre_aproximada"
71511.0;"";"gui_1568";"icaa";"busqueda_nombre_exacta"
71511.0;"";"gui_1569";"icaa";"busqueda_nombre_exacta"
7186.0;"";"gui_0126";"icaa";"busqueda_nombre_exacta"
71925.0;"";"gui_1570";"icaa";"busqueda_nombre_exacta"
72323.0;"";"gui_0972";"icaa";"busqueda_nombre_exacta"
72550.0;"";"gui_1571";"icaa";"busqueda_nombre_exacta"
72924.0;"";"gui_1572";"icaa";"busqueda_nombre_exacta"
73120.0;"";"gui_1573";"icaa";"busqueda_nombre_exacta"
73120.0;"";"gui_1574";"icaa";"busqueda_nombre_exacta"
73215.0;"";"gui_1575";"icaa";"busqueda_nombre_exacta"
73620.0;"";"gui_0830";"icaa";"busqueda_nombre_exacta"
73715.0;"";"gui_1576";"icaa";"busqueda_nombre_exacta"
73720.0;"";"gui_1577";"icaa";"busqueda_nombre_exacta"
744751.0;"";"gui_1578";"icaa";"busqueda_nombre_aproximada"
74596.0;"";"gui_1579";"icaa";"busqueda_nombre_exacta"
74719.0;"";"gui_1580";"icaa";"busqueda_nombre_exacta"
74819.0;"";"gui_1581";"icaa";"busqueda_nombre_exacta"
74823.0;"";"gui_1582";"icaa";"busqueda_nombre_exacta"
74824.0;"";"gui_1583";"icaa";"busqueda_nombre_exacta"
74824.0;"";"gui_1584";"icaa";"busqueda_nombre_exacta"
74919.0;"";"gui_1585";"icaa";"busqueda_nombre_exacta"
75024.0;"";"gui_1586";"icaa";"busqueda_nombre_exacta"
7513.0;"";"gui_0674";"icaa";"busqueda_nombre_exacta"
75219.0;"";"gui_1587";"icaa";"busqueda_nombre_exacta"
7523.0;"";"gui_1043";"icaa";"busqueda_nombre_aproximada"
7523.0;"";"gui_1044";"icaa";"busqueda_nombre_aproximada"
75324.0;"";"gui_1588";"icaa";"busqueda_nombre_aproximada"
75324.0;"";"gui_1589";"icaa";"busqueda_nombre_aproximada"
75324.0;"";"gui_1531";"icaa";"busqueda_nombre_exacta"
75495.0;"";"gui_1590";"icaa";"busqueda_nombre_exacta"
75495.0;"";"gui_1591";"icaa";"busqueda_nombre_exacta"
75495.0;"";"gui_1592";"icaa";"busqueda_nombre_exacta"
75608.0;"";"gui_1593";"icaa";"busqueda_nombre_exacta"
75715.0;"";"gui_0185";"icaa";"busqueda_nombre_exacta"
75818.0;"";"gui_0324";"icaa";"busqueda_nombre_exacta"
75818.0;"";"gui_1594";"icaa";"busqueda_nombre_aproximada"
76099.0;"";"gui_1595";"icaa";"busqueda_nombre_exacta"
76104.0;"";"gui_0783";"icaa";"busqueda_nombre_exacta"
76420.0;"";"gui_1596";"icaa";"busqueda_nombre_exacta"
76420.0;"";"gui_0481";"icaa";"busqueda_nombre_exacta"
76420.0;"";"gui_1597";"icaa";"busqueda_nombre_exacta"
768051.0;"";"gui_1598";"icaa";"busqueda_nombre_exacta"
768051.0;"";"gui_1599";"icaa";"busqueda_nombre_exacta"
76817.0;"";"gui_0218";"icaa";"busqueda_nombre_exacta"
76915.0;"";"gui_1600";"icaa";"busqueda_nombre_exacta"
76915.0;"";"gui_0339";"icaa";"busqueda_nombre_exacta"
77219.0;"";"gui_0626";"icaa";"busqueda_nombre_exacta"
77219.0;"";"gui_1601";"icaa";"busqueda_nombre_exacta"
7723.0;"";"gui_1602";"icaa";"busqueda_nombre_exacta"
77307.0;"";"gui_1603";"icaa";"busqueda_nombre_exacta"
77307.0;"";"gui_1326";"icaa";"busqueda_nombre_exacta"
77320.0;"";"gui_1604";"icaa";"busqueda_nombre_exacta"
77320.0;"";"gui_1605";"icaa";"busqueda_nombre_aproximada"
77619.0;"";"gui_1606";"icaa";"busqueda_nombre_exacta"
7784.0;"";"gui_0783";"icaa";"busqueda_nombre_exacta"
77920.0;"";"gui_1607";"icaa";"busqueda_nombre_exacta"
78020.0;"";"gui_0096";"icaa";"busqueda_nombre_exacta"
78020.0;"";"gui_1608";"icaa";"busqueda_nombre_exacta"
78025.0;"";"gui_0048";"icaa";"busqueda_nombre_exacta"
7820.0;"";"gui_1609";"icaa";"busqueda_nombre_exacta"
78215.0;"";"gui_1610";"icaa";"busqueda_nombre_exacta"
7823.0;"";"gui_1611";"icaa";"busqueda_nombre_exacta"
7823.0;"";"gui_1612";"icaa";"busqueda_nombre_exacta"
7823.0;"";"gui_1613";"icaa";"busqueda_nombre_exacta"
78515.0;"";"gui_0385";"icaa";"busqueda_nombre_exacta"
78915.0;"";"gui_0077";"icaa";"busqueda_nombre_exacta"
78915.0;"";"gui_0079";"icaa";"busqueda_nombre_exacta"
78920.0;"";"gui_1614";"icaa";"busqueda_nombre_exacta"
78920.0;"";"gui_0705";"icaa";"busqueda_nombre_exacta"
79518.0;"";"gui_0415";"icaa";"busqueda_nombre_exacta"
79518.0;"";"gui_1615";"icaa";"busqueda_nombre_exacta"
79723.0;"";"gui_1616";"icaa";"busqueda_nombre_exacta"
79723.0;"";"gui_1617";"icaa";"busqueda_nombre_exacta"
80120.0;"";"gui_1618";"icaa";"busqueda_nombre_exacta"
80120.0;"";"gui_1619";"icaa";"busqueda_nombre_exacta"
80220.0;"";"gui_1620";"icaa";"busqueda_nombre_exacta"
80320.0;"";"gui_0887";"icaa";"busqueda_nombre_exacta"
80320.0;"";"gui_0888";"icaa";"busqueda_nombre_exacta"
80420.0;"";"gui_0422";"icaa";"busqueda_nombre_exacta"
80420.0;"";"gui_1621";"icaa";"busqueda_nombre_exacta"
80614.0;"";"gui_0519";"icaa";"busqueda_nombre_exacta"
80614.0;"";"gui_0518";"icaa";"busqueda_nombre_exacta"
80812.0;"";"gui_1622";"icaa";"busqueda_nombre_exacta"
80812.0;"";"gui_1579";"icaa";"busqueda_nombre_exacta"
81018.0;"";"gui_1154";"icaa";"busqueda_nombre_exacta"
81018.0;"";"gui_1623";"icaa";"busqueda_nombre_exacta"
81019.0;"";"gui_1624";"icaa";"busqueda_nombre_exacta"
81220.0;"";"gui_0339";"icaa";"busqueda_nombre_exacta"
81220.0;"";"gui_0340";"icaa";"busqueda_nombre_exacta"
81224.0;"";"gui_1625";"icaa";"busqueda_nombre_exacta"
81319.0;"";"gui_1626";"icaa";"busqueda_nombre_exacta"
81319.0;"";"gui_1627";"icaa";"busqueda_nombre_exacta"
81419.0;"";"gui_1628";"icaa";"busqueda_nombre_exacta"
81419.0;"";"gui_1629";"icaa";"busqueda_nombre_exacta"
81421.0;"";"gui_1630";"icaa";"busqueda_nombre_exacta"
81510.0;"";"gui_0717";"icaa";"busqueda_nombre_exacta"
81510.0;"";"gui_0250";"icaa";"busqueda_nombre_exacta"
81605.0;"";"gui_1631";"icaa";"busqueda_nombre_aproximada"
81615.0;"";"gui_1632";"icaa";"busqueda_nombre_exacta"
81622.0;"";"gui_1633";"icaa";"busqueda_nombre_exacta"
81622.0;"";"gui_1634";"icaa";"busqueda_nombre_exacta"
81717.0;"";"gui_1635";"icaa";"busqueda_nombre_exacta"
81720.0;"";"gui_0100";"icaa";"busqueda_nombre_exacta"
81819.0;"";"gui_1636";"icaa";"busqueda_nombre_exacta"
81820.0;"";"gui_0096";"icaa";"busqueda_nombre_exacta"
81820.0;"";"gui_0984";"icaa";"busqueda_nombre_exacta"
81822.0;"";"gui_1637";"icaa";"busqueda_nombre_exacta"
81822.0;"";"gui_1638";"icaa";"busqueda_nombre_exacta"
81822.0;"";"gui_1639";"icaa";"busqueda_nombre_exacta"
81824.0;"";"gui_1640";"icaa";"busqueda_nombre_exacta"
81919.0;"";"gui_1641";"icaa";"busqueda_nombre_exacta"
81920.0;"";"gui_1642";"icaa";"busqueda_nombre_aproximada"
81920.0;"";"gui_1643";"icaa";"busqueda_nombre_exacta"
82022.0;"";"gui_0081";"icaa";"busqueda_nombre_exacta"
82115.0;"";"gui_1644";"icaa";"busqueda_nombre_exacta"
82319.0;"";"gui_1645";"icaa";"busqueda_nombre_exacta"
82319.0;"";"gui_1646";"icaa";"busqueda_nombre_exacta"
82319.0;"";"gui_1647";"icaa";"busqueda_nombre_exacta"
82512.0;"";"gui_0063";"icaa";"busqueda_nombre_exacta"
82520.0;"";"gui_1648";"icaa";"busqueda_nombre_exacta"
82520.0;"";"gui_0380";"icaa";"busqueda_nombre_exacta"
82520.0;"";"gui_0578";"icaa";"busqueda_nombre_exacta"
82717.0;"";"gui_0383";"icaa";"busqueda_nombre_exacta"
82717.0;"";"gui_0384";"icaa";"busqueda_nombre_aproximada"
82801.0;"";"gui_0126";"icaa";"busqueda_nombre_exacta"
82819.0;"";"gui_1649";"icaa";"busqueda_nombre_exacta"
82819.0;"";"gui_1650";"icaa";"busqueda_nombre_exacta"
828651.0;"";"gui_0928";"icaa";"busqueda_nombre_exacta"
828651.0;"";"gui_0013";"icaa";"busqueda_nombre_exacta"
82919.0;"";"gui_0437";"icaa";"busqueda_nombre_exacta"
82919.0;"";"gui_1651";"icaa";"busqueda_nombre_exacta"
83019.0;"";"gui_1652";"icaa";"busqueda_nombre_exacta"
83020.0;"";"gui_0232";"icaa";"busqueda_nombre_exacta"
83020.0;"";"gui_1653";"icaa";"busqueda_nombre_exacta"
83020.0;"";"gui_0233";"icaa";"busqueda_nombre_exacta"
83120.0;"";"gui_1654";"icaa";"busqueda_nombre_exacta"
83218.0;"";"gui_1655";"icaa";"busqueda_nombre_exacta"
83218.0;"";"gui_1656";"icaa";"busqueda_nombre_exacta"
83513.0;"";"gui_1657";"icaa";"busqueda_nombre_exacta"
83519.0;"";"gui_0348";"icaa";"busqueda_nombre_exacta"
83722.0;"";"gui_1658";"icaa";"busqueda_nombre_exacta"
83815.0;"";"gui_0620";"icaa";"busqueda_nombre_aproximada"
83815.0;"";"gui_1600";"icaa";"busqueda_nombre_exacta"
83821.0;"";"gui_1659";"icaa";"busqueda_nombre_exacta"
83915.0;"";"gui_0380";"icaa";"busqueda_nombre_exacta"
83915.0;"";"gui_1648";"icaa";"busqueda_nombre_exacta"
83920.0;"";"gui_0360";"icaa";"busqueda_nombre_exacta"
84013.0;"";"gui_1660";"icaa";"busqueda_nombre_exacta"
84022.0;"";"gui_1661";"icaa";"busqueda_nombre_exacta"
84115.0;"";"gui_0367";"icaa";"busqueda_nombre_exacta"
84115.0;"";"gui_0418";"icaa";"busqueda_nombre_exacta"
84118.0;"";"gui_1662";"icaa";"busqueda_nombre_exacta"
84118.0;"";"gui_1663";"icaa";"busqueda_nombre_aproximada"
84219.0;"";"gui_1664";"icaa";"busqueda_nombre_exacta"
84219.0;"";"gui_1665";"icaa";"busqueda_nombre_aproximada"
84319.0;"";"gui_1666";"icaa";"busqueda_nombre_exacta"
84419.0;"";"gui_0640";"icaa";"busqueda_nombre_exacta"
84419.0;"";"gui_1667";"icaa";"busqueda_nombre_exacta"
84519.0;"";"gui_1577";"icaa";"busqueda_nombre_exacta"
84521.0;"";"gui_1668";"icaa";"busqueda_nombre_exacta"
84619.0;"";"gui_1669";"icaa";"busqueda_nombre_exacta"
84620.0;"";"gui_0054";"icaa";"busqueda_nombre_exacta"
85115.0;"";"gui_1670";"icaa";"busqueda_nombre_exacta"
85115.0;"";"gui_1671";"icaa";"busqueda_nombre_exacta"
85119.0;"";"gui_1500";"icaa";"busqueda_nombre_aproximada"
8516.0;"";"gui_1525";"icaa";"busqueda_nombre_exacta"
8516.0;"";"gui_1672";"icaa";"busqueda_nombre_exacta"
85219.0;"";"gui_1569";"icaa";"busqueda_nombre_exacta"
85323.0;"";"gui_1673";"icaa";"busqueda_nombre_exacta"
85325.0;"";"gui_1674";"icaa";"busqueda_nombre_exacta"
85325.0;"";"gui_0871";"icaa";"busqueda_nombre_exacta"
85419.0;"";"gui_1464";"icaa";"busqueda_nombre_exacta"
85515.0;"";"gui_1675";"icaa";"busqueda_nombre_exacta"
85622.0;"";"gui_1676";"icaa";"busqueda_nombre_exacta"
85909.0;"";"gui_1677";"icaa";"busqueda_nombre_exacta"
85909.0;"";"gui_1141";"icaa";"busqueda_nombre_exacta"
85918.0;"";"gui_0126";"icaa";"busqueda_nombre_exacta"
86018.0;"";"gui_1185";"icaa";"busqueda_nombre_exacta"
86018.0;"";"gui_1678";"icaa";"busqueda_nombre_exacta"
86050.0;"";"gui_1679";"icaa";"busqueda_nombre_exacta"
86120.0;"";"gui_1680";"icaa";"busqueda_nombre_exacta"
86220.0;"";"gui_1681";"icaa";"busqueda_nombre_exacta"
86317.0;"";"gui_1682";"icaa";"busqueda_nombre_exacta"
86422.0;"";"gui_1162";"icaa";"busqueda_nombre_exacta"
86519.0;"";"gui_1683";"icaa";"busqueda_nombre_exacta"
86520.0;"";"gui_1684";"icaa";"busqueda_nombre_exacta"
8653.0;"";"gui_1109";"icaa";"busqueda_nombre_exacta"
86608.0;"";"gui_0918";"icaa";"busqueda_nombre_exacta"
86619.0;"";"gui_1685";"icaa";"busqueda_nombre_exacta"
86719.0;"";"gui_1686";"icaa";"busqueda_nombre_exacta"
86919.0;"";"gui_1668";"icaa";"busqueda_nombre_exacta"
87022.0;"";"gui_1687";"icaa";"busqueda_nombre_exacta"
87120.0;"";"gui_0742";"icaa";"busqueda_nombre_exacta"
87120.0;"";"gui_0578";"icaa";"busqueda_nombre_exacta"
87120.0;"";"gui_1454";"icaa";"busqueda_nombre_exacta"
87220.0;"";"gui_1530";"icaa";"busqueda_nombre_exacta"
873.0;"";"gui_0249";"icaa";"busqueda_nombre_exacta"
873.0;"";"gui_1688";"icaa";"busqueda_nombre_exacta"
87425.0;"";"gui_0960";"icaa";"busqueda_nombre_exacta"
87816.0;"";"gui_1689";"icaa";"busqueda_nombre_exacta"
88020.0;"";"gui_1690";"icaa";"busqueda_nombre_exacta"
88021.0;"";"gui_1691";"icaa";"busqueda_nombre_exacta"
88117.0;"";"gui_0331";"icaa";"busqueda_nombre_exacta"
88117.0;"";"gui_0286";"icaa";"busqueda_nombre_exacta"
88119.0;"";"gui_1692";"icaa";"busqueda_nombre_exacta"
88119.0;"";"gui_1693";"icaa";"busqueda_nombre_exacta"
88119.0;"";"gui_0067";"icaa";"busqueda_nombre_aproximada"
88119.0;"";"gui_0069";"icaa";"busqueda_nombre_exacta"
88123.0;"";"gui_1400";"icaa";"busqueda_nombre_exacta"
88218.0;"";"gui_0096";"icaa";"busqueda_nombre_exacta"
88222.0;"";"gui_1694";"icaa";"busqueda_nombre_exacta"
88319.0;"";"gui_1695";"icaa";"busqueda_nombre_exacta"
88319.0;"";"gui_1475";"icaa";"busqueda_nombre_exacta"
88319.0;"";"gui_1696";"icaa";"busqueda_nombre_exacta"
88350.0;"";"gui_1697";"icaa";"busqueda_nombre_exacta"
88350.0;"";"gui_1698";"icaa";"busqueda_nombre_exacta"
88350.0;"";"gui_1213";"icaa";"busqueda_nombre_exacta"
88520.0;"";"gui_1699";"icaa";"busqueda_nombre_exacta"
88622.0;"";"gui_1318";"icaa";"busqueda_nombre_exacta"
88622.0;"";"gui_1700";"icaa";"busqueda_nombre_aproximada"
88720.0;"";"gui_1701";"icaa";"busqueda_nombre_exacta"
88720.0;"";"gui_1702";"icaa";"busqueda_nombre_exacta"
88919.0;"";"gui_1703";"icaa";"busqueda_nombre_exacta"
89011.0;"";"gui_1704";"icaa";"busqueda_nombre_exacta"
89011.0;"";"gui_1705";"icaa";"busqueda_nombre_exacta"
89019.0;"";"gui_1222";"icaa";"busqueda_nombre_exacta"
89218.0;"";"gui_1706";"icaa";"busqueda_nombre_exacta"
89318.0;"";"gui_1707";"icaa";"busqueda_nombre_exacta"
89318.0;"";"gui_1708";"icaa";"busqueda_nombre_exacta"
89318.0;"";"gui_1709";"icaa";"busqueda_nombre_exacta"
89422.0;"";"gui_1242";"icaa";"busqueda_nombre_exacta"
89425.0;"";"gui_0193";"icaa";"busqueda_nombre_exacta"
89425.0;"";"gui_1710";"icaa";"busqueda_nombre_exacta"
89519.0;"";"gui_0132";"icaa";"busqueda_nombre_exacta"
89519.0;"";"gui_1711";"icaa";"busqueda_nombre_exacta"
89620.0;"";"gui_1712";"icaa";"busqueda_nombre_exacta"
896951.0;"";"gui_1133";"icaa";"busqueda_nombre_exacta"
89719.0;"";"gui_1713";"icaa";"busqueda_nombre_exacta"
89719.0;"";"gui_1714";"icaa";"busqueda_nombre_exacta"
89719.0;"";"gui_1715";"icaa";"busqueda_nombre_exacta"
89721.0;"";"gui_0012";"icaa";"busqueda_nombre_exacta"
89819.0;"";"gui_1716";"icaa";"busqueda_nombre_exacta"
89819.0;"";"gui_1717";"icaa";"busqueda_nombre_exacta"
89820.0;"";"gui_1718";"icaa";"busqueda_nombre_exacta"
89820.0;"";"gui_1719";"icaa";"busqueda_nombre_exacta"
89820.0;"";"gui_1720";"icaa";"busqueda_nombre_exacta"
8983.0;"";"gui_1470";"icaa";"busqueda_nombre_aproximada"
89920.0;"";"gui_1721";"icaa";"busqueda_nombre_exacta"
89922.0;"";"gui_1722";"icaa";"busqueda_nombre_exacta"
89922.0;"";"gui_1723";"icaa";"busqueda_nombre_exacta"
90020.0;"";"gui_1724";"icaa";"busqueda_nombre_exacta"
90421.0;"";"gui_1725";"icaa";"busqueda_nombre_exacta"
90421.0;"";"gui_1726";"icaa";"busqueda_nombre_exacta"
90520.0;"";"gui_0899";"icaa";"busqueda_nombre_exacta"
90809.0;"";"gui_1727";"icaa";"busqueda_nombre_exacta"
90809.0;"";"gui_1726";"icaa";"busqueda_nombre_exacta"
91019.0;"";"gui_1728";"icaa";"busqueda_nombre_exacta"
91019.0;"";"gui_1729";"icaa";"busqueda_nombre_exacta"
91020.0;"";"gui_1730";"icaa";"busqueda_nombre_exacta"
91222.0;"";"gui_0951";"icaa";"busqueda_nombre_exacta"
91222.0;"";"gui_0953";"icaa";"busqueda_nombre_exacta"
91222.0;"";"gui_1731";"icaa";"busqueda_nombre_exacta"
91320.0;"";"gui_1590";"icaa";"busqueda_nombre_exacta"
91422.0;"";"gui_1345";"icaa";"busqueda_nombre_exacta"
91422.0;"";"gui_1346";"icaa";"busqueda_nombre_exacta"
91612.0;"";"gui_1732";"icaa";"busqueda_nombre_exacta"
91612.0;"";"gui_1733";"icaa";"busqueda_nombre_exacta"
91612.0;"";"gui_1734";"icaa";"busqueda_nombre_exacta"
91612.0;"";"gui_1735";"icaa";"busqueda_nombre_exacta"
91617.0;"";"gui_0717";"icaa";"busqueda_nombre_exacta"
91720.0;"";"gui_1736";"icaa";"busqueda_nombre_aproximada"
91720.0;"";"gui_1737";"icaa";"busqueda_nombre_aproximada"
91722.0;"";"gui_1738";"icaa";"busqueda_nombre_exacta"
9179.0;"";"gui_1739";"icaa";"busqueda_nombre_exacta"
91919.0;"";"gui_1740";"icaa";"busqueda_nombre_exacta"
921.0;"";"gui_1644";"icaa";"busqueda_nombre_exacta"
921.0;"";"gui_1741";"icaa";"busqueda_nombre_exacta"
921.0;"";"gui_1742";"icaa";"busqueda_nombre_exacta"
92120.0;"";"gui_0542";"icaa";"busqueda_nombre_exacta"
92120.0;"";"gui_1743";"icaa";"busqueda_nombre_exacta"
92219.0;"";"gui_1744";"icaa";"busqueda_nombre_exacta"
92219.0;"";"gui_1154";"icaa";"busqueda_nombre_exacta"
92219.0;"";"gui_1745";"icaa";"busqueda_nombre_exacta"
92220.0;"";"gui_1000";"icaa";"busqueda_nombre_exacta"
92222.0;"";"gui_1706";"icaa";"busqueda_nombre_exacta"
92222.0;"";"gui_1746";"icaa";"busqueda_nombre_exacta"
92222.0;"";"gui_1747";"icaa";"busqueda_nombre_exacta"
92318.0;"";"gui_1312";"icaa";"busqueda_nombre_exacta"
92318.0;"";"gui_0073";"icaa";"busqueda_nombre_exacta"
92525.0;"";"gui_1748";"icaa";"busqueda_nombre_aproximada"
92618.0;"";"gui_1749";"icaa";"busqueda_nombre_exacta"
92618.0;"";"gui_1750";"icaa";"busqueda_nombre_exacta"
92722.0;"";"gui_1751";"icaa";"busqueda_nombre_exacta"
9285.0;"";"gui_1558";"icaa";"busqueda_nombre_exacta"
92920.0;"";"gui_1752";"icaa";"busqueda_nombre_exacta"
92994.0;"";"gui_1753";"icaa";"busqueda_nombre_exacta"
93122.0;"";"gui_1754";"icaa";"busqueda_nombre_exacta"
93122.0;"";"gui_1755";"icaa";"busqueda_nombre_exacta"
93222.0;"";"gui_1756";"icaa";"busqueda_nombre_exacta"
93222.0;"";"gui_1757";"icaa";"busqueda_nombre_exacta"
93321.0;"";"gui_0328";"icaa";"busqueda_nombre_exacta"
93321.0;"";"gui_1758";"icaa";"busqueda_nombre_exacta"
93322.0;"";"gui_1514";"icaa";"busqueda_nombre_exacta"
93409.0;"";"gui_0068";"icaa";"busqueda_nombre_exacta"
93409.0;"";"gui_1759";"icaa";"busqueda_nombre_exacta"
93409.0;"";"gui_1760";"icaa";"busqueda_nombre_exacta"
93420.0;"";"gui_0578";"icaa";"busqueda_nombre_exacta"
93420.0;"";"gui_1761";"icaa";"busqueda_nombre_exacta"
93420.0;"";"gui_1762";"icaa";"busqueda_nombre_exacta"
935251.0;"";"gui_0013";"icaa";"busqueda_nombre_exacta"
935251.0;"";"gui_0928";"icaa";"busqueda_nombre_exacta"
93820.0;"";"gui_0012";"icaa";"busqueda_nombre_exacta"
93820.0;"";"gui_1763";"icaa";"busqueda_nombre_exacta"
93920.0;"";"gui_0385";"icaa";"busqueda_nombre_exacta"
93920.0;"";"gui_1764";"icaa";"busqueda_nombre_exacta"
93922.0;"";"gui_1765";"icaa";"busqueda_nombre_exacta"
94119.0;"";"gui_1333";"icaa";"busqueda_nombre_exacta"
94119.0;"";"gui_1766";"icaa";"busqueda_nombre_exacta"
94219.0;"";"gui_1767";"icaa";"busqueda_nombre_exacta"
94420.0;"";"gui_1768";"icaa";"busqueda_nombre_exacta"
94420.0;"";"gui_1769";"icaa";"busqueda_nombre_exacta"
94619.0;"";"gui_0793";"icaa";"busqueda_nombre_aproximada"
94619.0;"";"gui_1770";"icaa";"busqueda_nombre_exacta"
94620.0;"";"gui_1771";"icaa";"busqueda_nombre_exacta"
94722.0;"";"gui_1772";"icaa";"busqueda_nombre_exacta"
94722.0;"";"gui_1773";"icaa";"busqueda_nombre_exacta"
94807.0;"";"gui_1774";"icaa";"busqueda_nombre_exacta"
94816.0;"";"gui_1775";"icaa";"busqueda_nombre_exacta"
94816.0;"";"gui_1776";"icaa";"busqueda_nombre_exacta"
94919.0;"";"gui_1777";"icaa";"busqueda_nombre_exacta"
94920.0;"";"gui_1778";"icaa";"busqueda_nombre_exacta"
94925.0;"";"gui_1779";"icaa";"busqueda_nombre_exacta"
94925.0;"";"gui_0260";"icaa";"busqueda_nombre_exacta"
95017.0;"";"gui_1780";"icaa";"busqueda_nombre_exacta"
95019.0;"";"gui_1781";"icaa";"busqueda_nombre_aproximada"
95189.0;"";"gui_0180";"icaa";"busqueda_nombre_exacta"
95189.0;"";"gui_0294";"icaa";"busqueda_nombre_exacta"
95189.0;"";"gui_1782";"icaa";"busqueda_nombre_exacta"
95189.0;"";"gui_1783";"icaa";"busqueda_nombre_exacta"
95219.0;"";"gui_1784";"icaa";"busqueda_nombre_exacta"
95219.0;"";"gui_1785";"icaa";"busqueda_nombre_exacta"
954440.0;"";"gui_1786";"icaa";"busqueda_nombre_exacta"
95520.0;"";"gui_1787";"icaa";"busqueda_nombre_exacta"
95619.0;"";"gui_1788";"icaa";"busqueda_nombre_exacta"
95619.0;"";"gui_1789";"icaa";"busqueda_nombre_exacta"
95821.0;"";"gui_1737";"icaa";"busqueda_nombre_aproximada"
95908.0;"";"gui_1790";"icaa";"busqueda_nombre_exacta"
95915.0;"";"gui_0126";"icaa";"busqueda_nombre_exacta"
95997.0;"";"gui_0453";"icaa";"busqueda_nombre_exacta"
96020.0;"";"gui_1791";"icaa";"busqueda_nombre_aproximada"
96020.0;"";"gui_1792";"icaa";"busqueda_nombre_exacta"
9624.0;"";"gui_1793";"icaa";"busqueda_nombre_exacta"
96306.0;"";"gui_1661";"icaa";"busqueda_nombre_exacta"
96422.0;"";"gui_1794";"icaa";"busqueda_nombre_exacta"
96720.0;"";"gui_1344";"icaa";"busqueda_nombre_exacta"
96824.0;"";"gui_1795";"icaa";"busqueda_nombre_exacta"
97120.0;"";"gui_0886";"icaa";"busqueda_nombre_exacta"
97319.0;"";"gui_1796";"icaa";"busqueda_nombre_exacta"
97420.0;"";"gui_1797";"icaa";"busqueda_nombre_exacta"
974551.0;"";"gui_1798";"icaa";"busqueda_nombre_exacta"
974551.0;"";"gui_1799";"icaa";"busqueda_nombre_exacta"
974551.0;"";"gui_1800";"icaa";"busqueda_nombre_exacta"
97522.0;"";"gui_1801";"icaa";"busqueda_nombre_exacta"
97622.0;"";"gui_0218";"icaa";"busqueda_nombre_exacta"
97622.0;"";"gui_1802";"icaa";"busqueda_nombre_exacta"
97718.0;"";"gui_1803";"icaa";"busqueda_nombre_exacta"
97718.0;"";"gui_1804";"icaa";"busqueda_nombre_exacta"
97722.0;"";"gui_0874";"icaa";"busqueda_nombre_exacta"
97722.0;"";"gui_0875";"icaa";"busqueda_nombre_exacta"
98119.0;"";"gui_1805";"icaa";"busqueda_nombre_exacta"
98219.0;"";"gui_1806";"icaa";"busqueda_nombre_exacta"
98220.0;"";"gui_1190";"icaa";"busqueda_nombre_exacta"
98319.0;"";"gui_1807";"icaa";"busqueda_nombre_exacta"
98420.0;"";"gui_0396";"icaa";"busqueda_nombre_exacta"
98520.0;"";"gui_1808";"icaa";"busqueda_nombre_aproximada"
98520.0;"";"gui_1809";"icaa";"busqueda_nombre_aproximada"
98819.0;"";"gui_1388";"icaa";"busqueda_nombre_exacta"
98819.0;"";"gui_1810";"icaa";"busqueda_nombre_exacta"
98820.0;"";"gui_0620";"icaa";"busqueda_nombre_exacta"
98920.0;"";"gui_1086";"icaa";"busqueda_nombre_exacta"
98922.0;"";"gui_0987";"icaa";"busqueda_nombre_exacta"
99022.0;"";"gui_0368";"icaa";"busqueda_nombre_exacta"
99022.0;"";"gui_1811";"icaa";"busqueda_nombre_exacta"
99120.0;"";"gui_0140";"icaa";"busqueda_nombre_exacta"
99120.0;"";"gui_0142";"icaa";"busqueda_nombre_exacta"
99122.0;"";"gui_1812";"icaa";"busqueda_nombre_exacta"
99125.0;"";"gui_0440";"icaa";"busqueda_nombre_exacta"
99520.0;"";"gui_1813";"icaa";"busqueda_nombre_exacta"
99520.0;"";"gui_1124";"icaa";"busqueda_nombre_exacta"
99622.0;"";"gui_1814";"icaa";"busqueda_nombre_exacta"
99622.0;"";"gui_1815";"icaa";"busqueda_nombre_exacta"
99820.0;"";"gui_1476";"icaa";"busqueda_nombre_exacta"
99822.0;"";"gui_1816";"icaa";"busqueda_nombre_exacta"
99908.0;"";"gui_1817";"icaa";"busqueda_nombre_exacta"
99908.0;"";"gui_1818";"icaa";"busqueda_nombre_exacta"
99920.0;"";"gui_1819";"icaa";"busqueda_nombre_exacta"
99920.0;"";"gui_1820";"icaa";"busqueda_nombre_exacta"
"";1396.0;"gui_1821";"tmdb_directo";"directo"
"";1396.0;"gui_1822";"tmdb_directo";"directo"
"";9923.0;"gui_1823";"tmdb_directo";"directo"
"";9923.0;"gui_1824";"tmdb_directo";"directo"
"";31732.0;"gui_1825";"tmdb_directo";"directo"
"";56815.0;"gui_1826";"tmdb_directo";"directo"
"";56815.0;"gui_1827";"tmdb_directo";"directo"
"";225574.0;"gui_1828";"tmdb_directo";"directo"
"";225574.0;"gui_1829";"tmdb_directo";"directo"
"";225574.0;"gui_1830";"tmdb_directo";"directo"
"";254470.0;"gui_1831";"tmdb_directo";"directo"
"";315162.0;"gui_1832";"tmdb_directo";"directo"
"";315162.0;"gui_1833";"tmdb_directo";"directo"
"";315162.0;"gui_1834";"tmdb_directo";"directo"
"";376659.0;"gui_1835";"tmdb_directo";"directo"
"";376659.0;"gui_1836";"tmdb_directo";"directo"
"";411135.0;"gui_1837";"tmdb_directo";"directo"
"";411135.0;"gui_1838";"tmdb_directo";"directo"
"";411135.0;"gui_1839";"tmdb_directo";"directo"
"";637055.0;"gui_1840";"tmdb_directo";"directo"
"";725893.0;"gui_1841";"tmdb_directo";"directo"
"";725893.0;"gui_1842";"tmdb_directo";"directo"
"";751542.0;"gui_1843";"tmdb_directo";"directo"
"";765849.0;"gui_1844";"tmdb_directo";"directo"
"";765849.0;"gui_1845";"tmdb_directo";"directo"
"";776503.0;"gui_1846";"tmdb_directo";"directo"
"";801005.0;"gui_0104";"tmdb_directo";"directo"
"";801005.0;"gui_1847";"tmdb_directo";"directo"
"";803427.0;"gui_0530";"tmdb_directo";"directo"
"";803427.0;"gui_0398";"tmdb_directo";"directo"
"";803864.0;"gui_1848";"tmdb_directo";"directo"
"";810016.0;"gui_1849";"tmdb_directo";"directo"
"";810016.0;"gui_1850";"tmdb_directo";"directo"
"";811631.0;"gui_1851";"tmdb_directo";"directo"
"";834887.0;"gui_1852";"tmdb_directo";"directo"
"";837674.0;"gui_1853";"tmdb_directo";"directo"
"";847821.0;"gui_1497";"tmdb_directo";"directo"
"";880305.0;"gui_1854";"tmdb_directo";"directo"
"";880305.0;"gui_1855";"tmdb_directo";"directo"
"";880305.0;"gui_1856";"tmdb_directo";"directo"
"";882844.0;"gui_1857";"tmdb_directo";"directo"
"";934408.0;"gui_1858";"tmdb_directo";"directo"
"";934408.0;"gui_1859";"tmdb_directo";"directo"
"";943001.0;"gui_1860";"tmdb_directo";"directo"
"";943001.0;"gui_1861";"tmdb_directo";"directo"
"";946700.0;"gui_1454";"tmdb_directo";"directo"
"";946700.0;"gui_1088";"tmdb_directo";"directo"
"";974244.0;"gui_1862";"tmdb_directo";"directo"
"";978006.0;"gui_1863";"tmdb_directo";"directo"
"";1000738.0;"gui_1864";"tmdb_directo";"directo"
"";1001631.0;"gui_1865";"tmdb_directo";"directo"
"";1001631.0;"gui_1866";"tmdb_directo";"directo"
"";1001631.0;"gui_1867";"tmdb_directo";"directo"
"";1001631.0;"gui_1868";"tmdb_directo";"directo"
"";1001682.0;"gui_1869";"tmdb_directo";"directo"
"";1001682.0;"gui_1870";"tmdb_directo";"directo"
"";1006082.0;"gui_1871";"tmdb_directo";"directo"
"";1006082.0;"gui_1872";"tmdb_directo";"directo"
"";1025314.0;"gui_1873";"tmdb_directo";"directo"
"";1033028.0;"gui_1874";"tmdb_directo";"directo"
"";1038875.0;"gui_1875";"tmdb_directo";"directo"
"";1052841.0;"gui_1876";"tmdb_directo";"directo"
"";1052841.0;"gui_1877";"tmdb_directo";"directo"
"";1067551.0;"gui_1878";"tmdb_directo";"directo"
"";1067551.0;"gui_1879";"tmdb_directo";"directo"
"";1067609.0;"gui_1880";"tmdb_directo";"directo"
"";1069507.0;"gui_1881";"tmdb_directo";"directo"
"";1095771.0;"gui_1882";"tmdb_directo";"directo"
"";1095771.0;"gui_1883";"tmdb_directo";"directo"
"";1095771.0;"gui_1884";"tmdb_directo";"directo"
"";1107440.0;"gui_1885";"tmdb_directo";"directo"
"";1127912.0;"gui_1886";"tmdb_directo";"directo"
"";1127912.0;"gui_1887";"tmdb_directo";"directo"
"";1129606.0;"gui_1888";"tmdb_directo";"directo"
"";1129606.0;"gui_1889";"tmdb_directo";"directo"
"";1145674.0;"gui_1890";"tmdb_directo";"directo"
"";1156381.0;"gui_0975";"tmdb_directo";"directo"
"";1156381.0;"gui_1891";"tmdb_directo";"directo"
"";1156381.0;"gui_1245";"tmdb_directo";"directo"
"";1157296.0;"gui_1892";"tmdb_directo";"directo"
"";1157296.0;"gui_1893";"tmdb_directo";"directo"
"";1157658.0;"gui_1894";"tmdb_directo";"directo"
"";1157658.0;"gui_1895";"tmdb_directo";"directo"
"";1159021.0;"gui_0817";"tmdb_directo";"directo"
"";1185347.0;"gui_1896";"tmdb_directo";"directo"
"";1185347.0;"gui_1897";"tmdb_directo";"directo"
"";1200753.0;"gui_1898";"tmdb_directo";"directo"
"";1220043.0;"gui_1899";"tmdb_directo";"directo"
"";1229067.0;"gui_1900";"tmdb_directo";"directo"
"";1240174.0;"gui_1901";"tmdb_directo";"directo"
"";1240174.0;"gui_1902";"tmdb_directo";"directo"
"";1240174.0;"gui_1903";"tmdb_directo";"directo"
"";1250795.0;"gui_1904";"tmdb_directo";"directo"
"";1255712.0;"gui_1905";"tmdb_directo";"directo"
"";1256148.0;"gui_0147";"tmdb_directo";"directo"
"";1270943.0;"gui_1906";"tmdb_directo";"directo"
"";1270943.0;"gui_1418";"tmdb_directo";"directo"
"";1285801.0;"gui_1907";"tmdb_directo";"directo"
"";1287279.0;"gui_1908";"tmdb_directo";"directo"
"";1287713.0;"gui_1909";"tmdb_directo";"directo"
"";1288250.0;"gui_1910";"tmdb_directo";"directo"
"";1288250.0;"gui_1911";"tmdb_directo";"directo"
"";1310024.0;"gui_1912";"tmdb_directo";"directo"
"";1310024.0;"gui_1913";"tmdb_directo";"directo"
"";1310024.0;"gui_1914";"tmdb_directo";"directo"
"";1317931.0;"gui_1915";"tmdb_directo";"directo"
"";1320323.0;"gui_1916";"tmdb_directo";"directo"
"";1355283.0;"gui_0120";"tmdb_directo";"directo"
"";1360402.0;"gui_1917";"tmdb_directo";"directo"
"";1386565.0;"gui_1918";"tmdb_directo";"directo"
"";1386565.0;"gui_1919";"tmdb_directo";"directo"
"";1395187.0;"gui_1683";"tmdb_directo";"directo"
"";1404606.0;"gui_1920";"tmdb_directo";"directo"
"";1442764.0;"gui_1921";"tmdb_directo";"directo"
"";1442764.0;"gui_1922";"tmdb_directo";"directo"
"";1449392.0;"gui_1923";"tmdb_directo";"directo"
"";1449392.0;"gui_1924";"tmdb_directo";"directo"
"";1458304.0;"gui_1925";"tmdb_directo";"directo"
"";1458304.0;"gui_1926";"tmdb_directo";"directo"
"";1458304.0;"gui_1927";"tmdb_directo";"directo"
"";1475645.0;"gui_1928";"tmdb_directo";"directo"
"";1529720.0;"gui_1929";"tmdb_directo";"directo"
"";1529720.0;"gui_1930";"tmdb_directo";"directo"
"";1573024.0;"gui_1931";"tmdb_directo";"directo"
"";1582147.0;"gui_0259";"tmdb_directo";"directo"
"";1661588.0;"gui_1932";"tmdb_directo";"directo"
100517.0;"";"gui_1933";"icaa";""
100820.0;"";"gui_1934";"icaa";""
101817.0;"";"gui_1935";"icaa";""
102020.0;"";"gui_1936";"icaa";""
102022.0;"";"gui_1937";"icaa";""
1022.0;"";"gui_1938";"icaa";""
102521.0;"";"gui_1939";"icaa";""
102620.0;"";"gui_1940";"icaa";""
102920.0;"";"gui_1941";"icaa";""
103817.0;"";"gui_1942";"icaa";""
104221.0;"";"gui_1943";"icaa";""
104620.0;"";"gui_1944";"icaa";""
104722.0;"";"gui_1945";"icaa";""
10522.0;"";"gui_1946";"icaa";""
106418.0;"";"gui_1947";"icaa";""
106918.0;"";"gui_1948";"icaa";""
107421.0;"";"gui_1949";"icaa";""
107621.0;"";"gui_1950";"icaa";""
107621.0;"";"gui_1951";"icaa";""
107918.0;"";"gui_1952";"icaa";""
108022.0;"";"gui_1953";"icaa";""
108421.0;"";"gui_1954";"icaa";""
108421.0;"";"gui_1955";"icaa";""
110623.0;"";"gui_1956";"icaa";""
110718.0;"";"gui_1957";"icaa";""
11106.0;"";"gui_1958";"icaa";""
11122.0;"";"gui_1959";"icaa";""
111321.0;"";"gui_1960";"icaa";""
112222.0;"";"gui_1961";"icaa";""
11224.0;"";"gui_1962";"icaa";""
114520.0;"";"gui_1963";"icaa";""
114821.0;"";"gui_1964";"icaa";""
114921.0;"";"gui_1965";"icaa";""
11523.0;"";"gui_1966";"icaa";""
116121.0;"";"gui_1967";"icaa";""
11623.0;"";"gui_1968";"icaa";""
11722.0;"";"gui_1969";"icaa";""
11725.0;"";"gui_1970";"icaa";""
119216.0;"";"gui_1971";"icaa";""
119222.0;"";"gui_1972";"icaa";""
11923.0;"";"gui_1973";"icaa";""
119518.0;"";"gui_1974";"icaa";""
119821.0;"";"gui_1975";"icaa";""
119918.0;"";"gui_1976";"icaa";""
120016.0;"";"gui_1977";"icaa";""
120414.0;"";"gui_1978";"icaa";""
120414.0;"";"gui_1979";"icaa";""
121718.0;"";"gui_1980";"icaa";""
122818.0;"";"gui_1981";"icaa";""
123023.0;"";"gui_1982";"icaa";""
123918.0;"";"gui_1983";"icaa";""
124017.0;"";"gui_1984";"icaa";""
124622.0;"";"gui_1985";"icaa";""
126723.0;"";"gui_1986";"icaa";""
129521.0;"";"gui_1987";"icaa";""
129619.0;"";"gui_1988";"icaa";""
129619.0;"";"gui_1989";"icaa";""
129619.0;"";"gui_1990";"icaa";""
131517.0;"";"gui_1991";"icaa";""
13223.0;"";"gui_1992";"icaa";""
13321.0;"";"gui_1993";"icaa";""
134322.0;"";"gui_1994";"icaa";""
135622.0;"";"gui_1995";"icaa";""
135721.0;"";"gui_1996";"icaa";""
136119.0;"";"gui_1997";"icaa";""
136321.0;"";"gui_1998";"icaa";""
141023.0;"";"gui_1999";"icaa";""
1415.0;"";"gui_2000";"icaa";""
1415.0;"";"gui_2001";"icaa";""
143221.0;"";"gui_2002";"icaa";""
143223.0;"";"gui_2003";"icaa";""
143223.0;"";"gui_2004";"icaa";""
144822.0;"";"gui_2005";"icaa";""
145026.0;"";"gui_2006";"icaa";""
146218.0;"";"gui_2007";"icaa";""
146920.0;"";"gui_2008";"icaa";""
147323.0;"";"gui_2001";"icaa";""
147523.0;"";"gui_2009";"icaa";""
147921.0;"";"gui_2010";"icaa";""
147921.0;"";"gui_2011";"icaa";""
149323.0;"";"gui_2012";"icaa";""
150320.0;"";"gui_2013";"icaa";""
150917.0;"";"gui_2014";"icaa";""
151522.0;"";"gui_2015";"icaa";""
1517.0;"";"gui_2016";"icaa";""
152217.0;"";"gui_2017";"icaa";""
152221.0;"";"gui_2018";"icaa";""
154721.0;"";"gui_2019";"icaa";""
154817.0;"";"gui_2020";"icaa";""
154817.0;"";"gui_2021";"icaa";""
155422.0;"";"gui_2022";"icaa";""
155521.0;"";"gui_2023";"icaa";""
155620.0;"";"gui_2024";"icaa";""
155822.0;"";"gui_2025";"icaa";""
15624.0;"";"gui_2026";"icaa";""
156322.0;"";"gui_2027";"icaa";""
157619.0;"";"gui_2001";"icaa";""
158224.0;"";"gui_2028";"icaa";""
158525.0;"";"gui_2029";"icaa";""
159520.0;"";"gui_2030";"icaa";""
16021.0;"";"gui_1997";"icaa";""
160220.0;"";"gui_2031";"icaa";""
160321.0;"";"gui_2032";"icaa";""
161223.0;"";"gui_2033";"icaa";""
161921.0;"";"gui_1944";"icaa";""
162019.0;"";"gui_2034";"icaa";""
1621.0;"";"gui_2035";"icaa";""
162923.0;"";"gui_2036";"icaa";""
16315.0;"";"gui_2037";"icaa";""
163219.0;"";"gui_2038";"icaa";""
163521.0;"";"gui_2039";"icaa";""
163721.0;"";"gui_2040";"icaa";""
163721.0;"";"gui_2041";"icaa";""
166321.0;"";"gui_2042";"icaa";""
167724.0;"";"gui_2043";"icaa";""
170117.0;"";"gui_2044";"icaa";""
170317.0;"";"gui_2045";"icaa";""
171424.0;"";"gui_2046";"icaa";""
171721.0;"";"gui_2047";"icaa";""
171721.0;"";"gui_2048";"icaa";""
171721.0;"";"gui_2049";"icaa";""
172224.0;"";"gui_2050";"icaa";""
172918.0;"";"gui_2051";"icaa";""
174121.0;"";"gui_2052";"icaa";""
17421.0;"";"gui_2053";"icaa";""
174321.0;"";"gui_2054";"icaa";""
175922.0;"";"gui_2055";"icaa";""
175924.0;"";"gui_2056";"icaa";""
177324.0;"";"gui_2057";"icaa";""
177417.0;"";"gui_2058";"icaa";""
178624.0;"";"gui_2059";"icaa";""
178624.0;"";"gui_2060";"icaa";""
178624.0;"";"gui_2061";"icaa";""
178722.0;"";"gui_2062";"icaa";""
178722.0;"";"gui_2063";"icaa";""
17878.0;"";"gui_2064";"icaa";""
17878.0;"";"gui_2065";"icaa";""
179923.0;"";"gui_2026";"icaa";""
180521.0;"";"gui_2066";"icaa";""
18118.0;"";"gui_2067";"icaa";""
181424.0;"";"gui_2068";"icaa";""
182621.0;"";"gui_2069";"icaa";""
182621.0;"";"gui_2070";"icaa";""
182623.0;"";"gui_2071";"icaa";""
182720.0;"";"gui_2072";"icaa";""
182720.0;"";"gui_2073";"icaa";""
182823.0;"";"gui_2074";"icaa";""
183217.0;"";"gui_2075";"icaa";""
183417.0;"";"gui_2076";"icaa";""
183417.0;"";"gui_2077";"icaa";""
183621.0;"";"gui_2078";"icaa";""
18399.0;"";"gui_2079";"icaa";""
184010.0;"";"gui_2080";"icaa";""
185120.0;"";"gui_2081";"icaa";""
185120.0;"";"gui_2082";"icaa";""
185620.0;"";"gui_2083";"icaa";""
185822.0;"";"gui_2084";"icaa";""
186516.0;"";"gui_2085";"icaa";""
187021.0;"";"gui_2086";"icaa";""
187223.0;"";"gui_2087";"icaa";""
187521.0;"";"gui_2088";"icaa";""
18760.0;"";"gui_2089";"icaa";""
188323.0;"";"gui_2090";"icaa";""
188419.0;"";"gui_2091";"icaa";""
18875.0;"";"gui_2092";"icaa";""
19016.0;"";"gui_2093";"icaa";""
191118.0;"";"gui_2094";"icaa";""
191421.0;"";"gui_2095";"icaa";""
191523.0;"";"gui_2096";"icaa";""
191523.0;"";"gui_2097";"icaa";""
192423.0;"";"gui_2098";"icaa";""
1925.0;"";"gui_2099";"icaa";""
1925.0;"";"gui_2100";"icaa";""
192821.0;"";"gui_2101";"icaa";""
192821.0;"";"gui_2102";"icaa";""
193418.0;"";"gui_2103";"icaa";""
194222.0;"";"gui_2026";"icaa";""
194810.0;"";"gui_2104";"icaa";""
194921.0;"";"gui_2105";"icaa";""
195420.0;"";"gui_2106";"icaa";""
195721.0;"";"gui_2107";"icaa";""
196311.0;"";"gui_2108";"icaa";""
197018.0;"";"gui_2109";"icaa";""
197219.0;"";"gui_2110";"icaa";""
198417.0;"";"gui_2111";"icaa";""
201922.0;"";"gui_2112";"icaa";""
202150.0;"";"gui_2113";"icaa";""
202618.0;"";"gui_2114";"icaa";""
2050.0;"";"gui_2115";"icaa";""
208423.0;"";"gui_2116";"icaa";""
210624.0;"";"gui_2117";"icaa";""
210624.0;"";"gui_2118";"icaa";""
210750.0;"";"gui_2119";"icaa";""
211224.0;"";"gui_2120";"icaa";""
211224.0;"";"gui_2121";"icaa";""
211624.0;"";"gui_2122";"icaa";""
212522.0;"";"gui_2123";"icaa";""
212922.0;"";"gui_2124";"icaa";""
213025.0;"";"gui_2026";"icaa";""
214850.0;"";"gui_2125";"icaa";""
214850.0;"";"gui_2126";"icaa";""
216022.0;"";"gui_2127";"icaa";""
217411.0;"";"gui_2128";"icaa";""
218210.0;"";"gui_2129";"icaa";""
219021.0;"";"gui_2130";"icaa";""
219021.0;"";"gui_2131";"icaa";""
219116.0;"";"gui_2132";"icaa";""
221325.0;"";"gui_2133";"icaa";""
222925.0;"";"gui_2134";"icaa";""
223116.0;"";"gui_2135";"icaa";""
223116.0;"";"gui_2136";"icaa";""
223525.0;"";"gui_2137";"icaa";""
224225.0;"";"gui_2138";"icaa";""
224521.0;"";"gui_2139";"icaa";""
225025.0;"";"gui_2140";"icaa";""
226623.0;"";"gui_2141";"icaa";""
227321.0;"";"gui_2142";"icaa";""
227421.0;"";"gui_2143";"icaa";""
227721.0;"";"gui_2144";"icaa";""
22820.0;"";"gui_2145";"icaa";""
22820.0;"";"gui_2146";"icaa";""
229121.0;"";"gui_1997";"icaa";""
231023.0;"";"gui_2147";"icaa";""
231023.0;"";"gui_2148";"icaa";""
23420.0;"";"gui_2149";"icaa";""
241325.0;"";"gui_2023";"icaa";""
241523.0;"";"gui_2150";"icaa";""
24617.0;"";"gui_2151";"icaa";""
2476440.0;"";"gui_2152";"icaa";""
247725.0;"";"gui_2153";"icaa";""
251524.0;"";"gui_2154";"icaa";""
252125.0;"";"gui_2155";"icaa";""
25623.0;"";"gui_2156";"icaa";""
257824.0;"";"gui_2157";"icaa";""
261224.0;"";"gui_2158";"icaa";""
262224.0;"";"gui_2159";"icaa";""
26421.0;"";"gui_2160";"icaa";""
2674340.0;"";"gui_2161";"icaa";""
270225.0;"";"gui_2162";"icaa";""
27614.0;"";"gui_2163";"icaa";""
27825.0;"";"gui_2164";"icaa";""
28122.0;"";"gui_2165";"icaa";""
28521.0;"";"gui_2166";"icaa";""
28521.0;"";"gui_2167";"icaa";""
28921.0;"";"gui_2168";"icaa";""
292650.0;"";"gui_2169";"icaa";""
293350.0;"";"gui_2170";"icaa";""
293350.0;"";"gui_2171";"icaa";""
293350.0;"";"gui_2172";"icaa";""
30020.0;"";"gui_2004";"icaa";""
300950.0;"";"gui_2173";"icaa";""
300950.0;"";"gui_2174";"icaa";""
30720.0;"";"gui_2175";"icaa";""
31724.0;"";"gui_2176";"icaa";""
31922.0;"";"gui_2177";"icaa";""
33920.0;"";"gui_2178";"icaa";""
34217.0;"";"gui_2179";"icaa";""
34621.0;"";"gui_2180";"icaa";""
34621.0;"";"gui_2181";"icaa";""
34621.0;"";"gui_2182";"icaa";""
34621.0;"";"gui_2183";"icaa";""
35323.0;"";"gui_2184";"icaa";""
3619.0;"";"gui_2185";"icaa";""
36922.0;"";"gui_2186";"icaa";""
3719.0;"";"gui_2187";"icaa";""
37422.0;"";"gui_2188";"icaa";""
38715.0;"";"gui_2189";"icaa";""
4021.0;"";"gui_2190";"icaa";""
40422.0;"";"gui_2191";"icaa";""
41119.0;"";"gui_2192";"icaa";""
41119.0;"";"gui_2193";"icaa";""
41519.0;"";"gui_2194";"icaa";""
41915.0;"";"gui_2195";"icaa";""
41922.0;"";"gui_2196";"icaa";""
41922.0;"";"gui_2197";"icaa";""
42818.0;"";"gui_2198";"icaa";""
42818.0;"";"gui_2088";"icaa";""
42818.0;"";"gui_2199";"icaa";""
43120.0;"";"gui_2200";"icaa";""
43216.0;"";"gui_2201";"icaa";""
44112.0;"";"gui_2202";"icaa";""
45119.0;"";"gui_2203";"icaa";""
45723.0;"";"gui_2204";"icaa";""
45819.0;"";"gui_2205";"icaa";""
46223.0;"";"gui_2206";"icaa";""
46515.0;"";"gui_2207";"icaa";""
46817.0;"";"gui_2208";"icaa";""
47321.0;"";"gui_2209";"icaa";""
47712.0;"";"gui_2210";"icaa";""
47712.0;"";"gui_2211";"icaa";""
47712.0;"";"gui_2191";"icaa";""
47712.0;"";"gui_2212";"icaa";""
47912.0;"";"gui_2213";"icaa";""
49019.0;"";"gui_2214";"icaa";""
49116.0;"";"gui_2215";"icaa";""
49318.0;"";"gui_2216";"icaa";""
49725.0;"";"gui_2217";"icaa";""
49725.0;"";"gui_2218";"icaa";""
49725.0;"";"gui_2219";"icaa";""
50122.0;"";"gui_2220";"icaa";""
51022.0;"";"gui_2221";"icaa";""
51123.0;"";"gui_2222";"icaa";""
51508.0;"";"gui_2223";"icaa";""
51713.0;"";"gui_2224";"icaa";""
51821.0;"";"gui_2225";"icaa";""
521251.0;"";"gui_2226";"icaa";""
521251.0;"";"gui_2227";"icaa";""
521251.0;"";"gui_2228";"icaa";""
52714.0;"";"gui_1949";"icaa";""
54621.0;"";"gui_2229";"icaa";""
54917.0;"";"gui_2230";"icaa";""
54917.0;"";"gui_2231";"icaa";""
5521.0;"";"gui_2232";"icaa";""
55222.0;"";"gui_2233";"icaa";""
55417.0;"";"gui_2234";"icaa";""
5548540.0;"";"gui_2235";"icaa";""
56519.0;"";"gui_2236";"icaa";""
56717.0;"";"gui_2237";"icaa";""
56820.0;"";"gui_2179";"icaa";""
57417.0;"";"gui_2238";"icaa";""
57620.0;"";"gui_2239";"icaa";""
57620.0;"";"gui_2240";"icaa";""
58821.0;"";"gui_2241";"icaa";""
58821.0;"";"gui_2242";"icaa";""
58823.0;"";"gui_2243";"icaa";""
594651.0;"";"gui_2244";"icaa";""
59523.0;"";"gui_2245";"icaa";""
60217.0;"";"gui_2246";"icaa";""
60221.0;"";"gui_2247";"icaa";""
60421.0;"";"gui_2248";"icaa";""
60724.0;"";"gui_2249";"icaa";""
61115.0;"";"gui_2250";"icaa";""
61323.0;"";"gui_2251";"icaa";""
61324.0;"";"gui_2252";"icaa";""
61324.0;"";"gui_2253";"icaa";""
61623.0;"";"gui_2254";"icaa";""
61819.0;"";"gui_2210";"icaa";""
61919.0;"";"gui_2255";"icaa";""
6319.0;"";"gui_2256";"icaa";""
63220.0;"";"gui_2257";"icaa";""
63321.0;"";"gui_2258";"icaa";""
63820.0;"";"gui_2259";"icaa";""
64217.0;"";"gui_2260";"icaa";""
64225.0;"";"gui_2261";"icaa";""
65216.0;"";"gui_2262";"icaa";""
65216.0;"";"gui_2202";"icaa";""
65216.0;"";"gui_2263";"icaa";""
65415.0;"";"gui_2264";"icaa";""
65423.0;"";"gui_2265";"icaa";""
65423.0;"";"gui_2266";"icaa";""
66119.0;"";"gui_2267";"icaa";""
66320.0;"";"gui_2268";"icaa";""
67315.0;"";"gui_2269";"icaa";""
67503.0;"";"gui_2270";"icaa";""
6817.0;"";"gui_2271";"icaa";""
6817.0;"";"gui_2272";"icaa";""
68716.0;"";"gui_2273";"icaa";""
69223.0;"";"gui_2274";"icaa";""
69513.0;"";"gui_2007";"icaa";""
71013.0;"";"gui_2275";"icaa";""
71923.0;"";"gui_2276";"icaa";""
73120.0;"";"gui_2277";"icaa";""
73715.0;"";"gui_2278";"icaa";""
74719.0;"";"gui_2175";"icaa";""
75824.0;"";"gui_2279";"icaa";""
76523.0;"";"gui_2280";"icaa";""
7901140.0;"";"gui_2281";"icaa";""
80907.0;"";"gui_2282";"icaa";""
80907.0;"";"gui_2283";"icaa";""
81224.0;"";"gui_2284";"icaa";""
81605.0;"";"gui_2285";"icaa";""
81819.0;"";"gui_2286";"icaa";""
81824.0;"";"gui_2287";"icaa";""
82115.0;"";"gui_2288";"icaa";""
83025.0;"";"gui_2289";"icaa";""
83915.0;"";"gui_2290";"icaa";""
84115.0;"";"gui_2291";"icaa";""
84417.0;"";"gui_2292";"icaa";""
84725.0;"";"gui_2293";"icaa";""
84725.0;"";"gui_2294";"icaa";""
85019.0;"";"gui_2295";"icaa";""
85219.0;"";"gui_2296";"icaa";""
85219.0;"";"gui_2297";"icaa";""
85909.0;"";"gui_2298";"icaa";""
86018.0;"";"gui_2051";"icaa";""
8908340.0;"";"gui_2299";"icaa";""
89422.0;"";"gui_2300";"icaa";""
89519.0;"";"gui_2001";"icaa";""
89719.0;"";"gui_2301";"icaa";""
90404.0;"";"gui_2302";"icaa";""
90920.0;"";"gui_2303";"icaa";""
90920.0;"";"gui_2304";"icaa";""
9120.0;"";"gui_2305";"icaa";""
91217.0;"";"gui_2306";"icaa";""
91222.0;"";"gui_2307";"icaa";""
91320.0;"";"gui_2308";"icaa";""
91619.0;"";"gui_2199";"icaa";""
91919.0;"";"gui_2309";"icaa";""
92722.0;"";"gui_2310";"icaa";""
9285.0;"";"gui_2311";"icaa";""
93416.0;"";"gui_2312";"icaa";""
93416.0;"";"gui_2313";"icaa";""
95019.0;"";"gui_2035";"icaa";""
95219.0;"";"gui_2314";"icaa";""
95519.0;"";"gui_2315";"icaa";""
97120.0;"";"gui_2316";"icaa";""
97315.0;"";"gui_1997";"icaa";""
97315.0;"";"gui_1991";"icaa";""
97319.0;"";"gui_2146";"icaa";""
97522.0;"";"gui_2317";"icaa";""
98017.0;"";"gui_2318";"icaa";""
98219.0;"";"gui_2319";"icaa";""
98819.0;"";"gui_2320";"icaa";""
98920.0;"";"gui_2321";"icaa";""
99019.0;"";"gui_2322";"icaa";""
9917.0;"";"gui_2323";"icaa";""
