"icaa_id";"tmdb_id";"dir_id";"fuente_credito";"metodo_match_persona"
100317.0;"";"dir_0001";"icaa";"busqueda_nombre_exacta"
100421.0;"";"dir_0002";"icaa";"busqueda_nombre_exacta"
100820.0;"";"dir_0003";"icaa";"busqueda_nombre_exacta"
100878.0;"";"dir_0004";"icaa";"busqueda_nombre_exacta"
100920.0;"";"dir_0005";"icaa";"busqueda_nombre_exacta"
101120.0;"";"dir_0006";"icaa";"busqueda_nombre_aproximada"
101222.0;"";"dir_0007";"icaa";"busqueda_nombre_aproximada"
101420.0;"";"dir_0008";"icaa";"busqueda_nombre_exacta"
101489.0;"";"dir_0009";"icaa";"busqueda_nombre_exacta"
101522.0;"";"dir_0010";"icaa";"busqueda_nombre_exacta"
101692.0;"";"dir_0011";"icaa";"busqueda_nombre_exacta"
101718.0;"";"dir_0012";"icaa";"busqueda_nombre_exacta"
101721.0;"";"dir_0013";"icaa";"busqueda_nombre_exacta"
101817.0;"";"dir_0014";"icaa";"busqueda_nombre_exacta"
101817.0;"";"dir_0015";"icaa";"busqueda_nombre_exacta"
101820.0;"";"dir_0016";"icaa";"busqueda_nombre_exacta"
102020.0;"";"dir_0017";"icaa";"busqueda_nombre_exacta"
102120.0;"";"dir_0018";"icaa";"busqueda_nombre_exacta"
10222.0;"";"dir_0019";"icaa";"busqueda_nombre_exacta"
102221.0;"";"dir_0020";"icaa";"busqueda_nombre_exacta"
102421.0;"";"dir_0021";"icaa";"busqueda_nombre_exacta"
102613.0;"";"dir_0022";"icaa";"busqueda_nombre_exacta"
102720.0;"";"dir_0023";"icaa";"busqueda_nombre_exacta"
102820.0;"";"dir_0024";"icaa";"busqueda_nombre_exacta"
102820.0;"";"dir_0025";"icaa";"busqueda_nombre_exacta"
102980.0;"";"dir_0009";"icaa";"busqueda_nombre_exacta"
103096.0;"";"dir_0026";"icaa";"busqueda_nombre_exacta"
103118.0;"";"dir_0027";"icaa";"busqueda_nombre_aproximada"
103120.0;"";"dir_0028";"icaa";"busqueda_nombre_exacta"
103121.0;"";"dir_0029";"icaa";"busqueda_nombre_exacta"
103320.0;"";"dir_0030";"icaa";"busqueda_nombre_aproximada"
103421.0;"";"dir_0031";"icaa";"busqueda_nombre_exacta"
103521.0;"";"dir_0032";"icaa";"busqueda_nombre_exacta"
103721.0;"";"dir_0033";"icaa";"busqueda_nombre_exacta"
103920.0;"";"dir_0034";"icaa";"busqueda_nombre_exacta"
104022.0;"";"dir_0035";"icaa";"busqueda_nombre_exacta"
104120.0;"";"dir_0036";"icaa";"busqueda_nombre_exacta"
104221.0;"";"dir_0037";"icaa";"busqueda_nombre_exacta"
104499.0;"";"dir_0038";"icaa";"busqueda_nombre_exacta"
104522.0;"";"dir_0039";"icaa";"busqueda_nombre_exacta"
104621.0;"";"dir_0040";"icaa";"busqueda_nombre_exacta"
104721.0;"";"dir_0041";"icaa";"busqueda_nombre_exacta"
104722.0;"";"dir_0042";"icaa";"busqueda_nombre_exacta"
104817.0;"";"dir_0043";"icaa";"busqueda_nombre_exacta"
104821.0;"";"dir_0044";"icaa";"busqueda_nombre_exacta"
104897.0;"";"dir_0045";"icaa";"busqueda_nombre_exacta"
105110.0;"";"dir_0046";"icaa";"busqueda_nombre_exacta"
105121.0;"";"dir_0045";"icaa";"busqueda_nombre_exacta"
105122.0;"";"dir_0047";"icaa";"busqueda_nombre_exacta"
10522.0;"";"dir_0048";"icaa";"busqueda_nombre_exacta"
105321.0;"";"dir_0049";"icaa";"busqueda_nombre_exacta"
105321.0;"";"dir_0050";"icaa";"busqueda_nombre_exacta"
105322.0;"";"dir_0051";"icaa";"busqueda_nombre_aproximada"
105421.0;"";"dir_0052";"icaa";"busqueda_nombre_exacta"
105721.0;"";"dir_0053";"icaa";"busqueda_nombre_exacta"
105820.0;"";"dir_0054";"icaa";"busqueda_nombre_exacta"
105920.0;"";"dir_0055";"icaa";"busqueda_nombre_exacta"
105920.0;"";"dir_0056";"icaa";"busqueda_nombre_exacta"
105920.0;"";"dir_0057";"icaa";"busqueda_nombre_exacta"
106121.0;"";"dir_0058";"icaa";"busqueda_nombre_exacta"
106222.0;"";"dir_0059";"icaa";"busqueda_nombre_exacta"
106321.0;"";"dir_0060";"icaa";"busqueda_nombre_exacta"
106418.0;"";"dir_0061";"icaa";"busqueda_nombre_aproximada"
106420.0;"";"dir_0062";"icaa";"busqueda_nombre_exacta"
106422.0;"";"dir_0063";"icaa";"busqueda_nombre_exacta"
106422.0;"";"dir_0064";"icaa";"busqueda_nombre_exacta"
106513.0;"";"dir_0065";"icaa";"busqueda_nombre_exacta"
106518.0;"";"dir_0066";"icaa";"busqueda_nombre_exacta"
106521.0;"";"dir_0067";"icaa";"busqueda_nombre_exacta"
106910.0;"";"dir_0068";"icaa";"busqueda_nombre_exacta"
106918.0;"";"dir_0069";"icaa";"busqueda_nombre_exacta"
10717.0;"";"dir_0070";"icaa";"busqueda_nombre_exacta"
107222.0;"";"dir_0071";"icaa";"busqueda_nombre_exacta"
107222.0;"";"dir_0072";"icaa";"busqueda_nombre_aproximada"
107421.0;"";"dir_0073";"icaa";"busqueda_nombre_exacta"
107522.0;"";"dir_0074";"icaa";"busqueda_nombre_exacta"
107621.0;"";"dir_0075";"icaa";"busqueda_nombre_exacta"
108022.0;"";"dir_0076";"icaa";"busqueda_nombre_exacta"
108022.0;"";"dir_0077";"icaa";"busqueda_nombre_exacta"
108022.0;"";"dir_0078";"icaa";"busqueda_nombre_exacta"
108022.0;"";"dir_0079";"icaa";"busqueda_nombre_exacta"
108119.0;"";"dir_0080";"icaa";"busqueda_nombre_exacta"
108221.0;"";"dir_0081";"icaa";"busqueda_nombre_exacta"
108221.0;"";"dir_0082";"icaa";"busqueda_nombre_exacta"
108421.0;"";"dir_0083";"icaa";"busqueda_nombre_exacta"
108422.0;"";"dir_0084";"icaa";"busqueda_nombre_exacta"
108518.0;"";"dir_0085";"icaa";"busqueda_nombre_exacta"
108522.0;"";"dir_0086";"icaa";"busqueda_nombre_exacta"
10921.0;"";"dir_0087";"icaa";"busqueda_nombre_exacta"
109221.0;"";"dir_0088";"icaa";"busqueda_nombre_exacta"
109317.0;"";"dir_0089";"icaa";"busqueda_nombre_exacta"
109317.0;"";"dir_0090";"icaa";"busqueda_nombre_exacta"
109321.0;"";"dir_0091";"icaa";"busqueda_nombre_exacta"
109723.0;"";"dir_0092";"icaa";"busqueda_nombre_aproximada"
109822.0;"";"dir_0093";"icaa";"busqueda_nombre_exacta"
109905.0;"";"dir_0094";"icaa";"busqueda_nombre_exacta"
110018.0;"";"dir_0046";"icaa";"busqueda_nombre_exacta"
110021.0;"";"dir_0095";"icaa";"busqueda_nombre_exacta"
110120.0;"";"dir_0096";"icaa";"busqueda_nombre_exacta"
110120.0;"";"dir_0097";"icaa";"busqueda_nombre_exacta"
110321.0;"";"dir_0098";"icaa";"busqueda_nombre_exacta"
110803.0;"";"dir_0009";"icaa";"busqueda_nombre_exacta"
111022.0;"";"dir_0099";"icaa";"busqueda_nombre_aproximada"
11121.0;"";"dir_0100";"icaa";"busqueda_nombre_exacta"
111321.0;"";"dir_0101";"icaa";"busqueda_nombre_exacta"
111415.0;"";"dir_0102";"icaa";"busqueda_nombre_aproximada"
111800.0;"";"dir_0103";"icaa";"busqueda_nombre_exacta"
111905.0;"";"dir_0104";"icaa";"busqueda_nombre_exacta"
111921.0;"";"dir_0105";"icaa";"busqueda_nombre_exacta"
112122.0;"";"dir_0106";"icaa";"busqueda_nombre_exacta"
112122.0;"";"dir_0107";"icaa";"busqueda_nombre_exacta"
112421.0;"";"dir_0108";"icaa";"busqueda_nombre_exacta"
112521.0;"";"dir_0109";"icaa";"busqueda_nombre_aproximada"
112918.0;"";"dir_0110";"icaa";"busqueda_nombre_exacta"
113018.0;"";"dir_0111";"icaa";"busqueda_nombre_exacta"
113023.0;"";"dir_0112";"icaa";"busqueda_nombre_exacta"
113118.0;"";"dir_0113";"icaa";"busqueda_nombre_exacta"
113221.0;"";"dir_0010";"icaa";"busqueda_nombre_exacta"
113518.0;"";"dir_0114";"icaa";"busqueda_nombre_exacta"
113518.0;"";"dir_0115";"icaa";"busqueda_nombre_exacta"
113619.0;"";"dir_0116";"icaa";"busqueda_nombre_exacta"
113619.0;"";"dir_0117";"icaa";"busqueda_nombre_aproximada"
113721.0;"";"dir_0118";"icaa";"busqueda_nombre_exacta"
11391.0;"";"dir_0119";"icaa";"busqueda_nombre_exacta"
113921.0;"";"dir_0120";"icaa";"busqueda_nombre_exacta"
114020.0;"";"dir_0121";"icaa";"busqueda_nombre_exacta"
11422.0;"";"dir_0122";"icaa";"busqueda_nombre_exacta"
114421.0;"";"dir_0123";"icaa";"busqueda_nombre_exacta"
114518.0;"";"dir_0124";"icaa";"busqueda_nombre_exacta"
114718.0;"";"dir_0125";"icaa";"busqueda_nombre_exacta"
114821.0;"";"dir_0126";"icaa";"busqueda_nombre_exacta"
114921.0;"";"dir_0054";"icaa";"busqueda_nombre_exacta"
115102.0;"";"dir_0127";"icaa";"busqueda_nombre_exacta"
115222.0;"";"dir_0128";"icaa";"busqueda_nombre_aproximada"
11523.0;"";"dir_0129";"icaa";"busqueda_nombre_exacta"
115621.0;"";"dir_0130";"icaa";"busqueda_nombre_exacta"
115621.0;"";"dir_0131";"icaa";"busqueda_nombre_exacta"
115718.0;"";"dir_0132";"icaa";"busqueda_nombre_exacta"
115723.0;"";"dir_0133";"icaa";"busqueda_nombre_exacta"
115823.0;"";"dir_0134";"icaa";"busqueda_nombre_exacta"
116018.0;"";"dir_0135";"icaa";"busqueda_nombre_exacta"
116124.0;"";"dir_0136";"icaa";"busqueda_nombre_exacta"
11621.0;"";"dir_0137";"icaa";"busqueda_nombre_exacta"
11622.0;"";"dir_0110";"icaa";"busqueda_nombre_exacta"
11623.0;"";"dir_0138";"icaa";"busqueda_nombre_exacta"
11722.0;"";"dir_0043";"icaa";"busqueda_nombre_exacta"
11722.0;"";"dir_0139";"icaa";"busqueda_nombre_exacta"
117721.0;"";"dir_0140";"icaa";"busqueda_nombre_exacta"
117721.0;"";"dir_0141";"icaa";"busqueda_nombre_exacta"
117918.0;"";"dir_0142";"icaa";"busqueda_nombre_exacta"
118750.0;"";"dir_0143";"icaa";"busqueda_nombre_exacta"
118920.0;"";"dir_0144";"icaa";"busqueda_nombre_exacta"
119216.0;"";"dir_0145";"icaa";"busqueda_nombre_exacta"
119222.0;"";"dir_0146";"icaa";"busqueda_nombre_exacta"
11923.0;"";"dir_0147";"icaa";"busqueda_nombre_exacta"
119422.0;"";"dir_0148";"icaa";"busqueda_nombre_exacta"
119518.0;"";"dir_0149";"icaa";"busqueda_nombre_exacta"
119718.0;"";"dir_0150";"icaa";"busqueda_nombre_exacta"
119918.0;"";"dir_0151";"icaa";"busqueda_nombre_exacta"
120021.0;"";"dir_0152";"icaa";"busqueda_nombre_exacta"
120022.0;"";"dir_0153";"icaa";"busqueda_nombre_exacta"
120022.0;"";"dir_0154";"icaa";"busqueda_nombre_exacta"
12024.0;"";"dir_0155";"icaa";"busqueda_nombre_exacta"
120307.0;"";"dir_0156";"icaa";"busqueda_nombre_exacta"
120313.0;"";"dir_0157";"icaa";"busqueda_nombre_exacta"
120318.0;"";"dir_0158";"icaa";"busqueda_nombre_exacta"
120414.0;"";"dir_0114";"icaa";"busqueda_nombre_exacta"
120414.0;"";"dir_0115";"icaa";"busqueda_nombre_exacta"
120418.0;"";"dir_0101";"icaa";"busqueda_nombre_exacta"
120423.0;"";"dir_0159";"icaa";"busqueda_nombre_exacta"
120523.0;"";"dir_0160";"icaa";"busqueda_nombre_exacta"
120618.0;"";"dir_0161";"icaa";"busqueda_nombre_exacta"
120724.0;"";"dir_0162";"icaa";"busqueda_nombre_exacta"
121219.0;"";"dir_0163";"icaa";"busqueda_nombre_exacta"
121219.0;"";"dir_0164";"icaa";"busqueda_nombre_exacta"
12122.0;"";"dir_0165";"icaa";"busqueda_nombre_exacta"
121624.0;"";"dir_0123";"icaa";"busqueda_nombre_exacta"
121718.0;"";"dir_0166";"icaa";"busqueda_nombre_exacta"
121819.0;"";"dir_0167";"icaa";"busqueda_nombre_exacta"
121823.0;"";"dir_0168";"icaa";"busqueda_nombre_exacta"
122318.0;"";"dir_0169";"icaa";"busqueda_nombre_exacta"
122518.0;"";"dir_0170";"icaa";"busqueda_nombre_exacta"
122621.0;"";"dir_0171";"icaa";"busqueda_nombre_aproximada"
122818.0;"";"dir_0054";"icaa";"busqueda_nombre_exacta"
122910.0;"";"dir_0172";"icaa";"busqueda_nombre_exacta"
123018.0;"";"dir_0173";"icaa";"busqueda_nombre_exacta"
123022.0;"";"dir_0174";"icaa";"busqueda_nombre_exacta"
123023.0;"";"dir_0175";"icaa";"busqueda_nombre_exacta"
123393.0;"";"dir_0176";"icaa";"busqueda_nombre_exacta"
123421.0;"";"dir_0177";"icaa";"busqueda_nombre_exacta"
123503.0;"";"dir_0178";"icaa";"busqueda_nombre_exacta"
123518.0;"";"dir_0179";"icaa";"busqueda_nombre_exacta"
123624.0;"";"dir_0180";"icaa";"busqueda_nombre_exacta"
123717.0;"";"dir_0181";"icaa";"busqueda_nombre_exacta"
123723.0;"";"dir_0182";"icaa";"busqueda_nombre_exacta"
123918.0;"";"dir_0183";"icaa";"busqueda_nombre_exacta"
123918.0;"";"dir_0184";"icaa";"busqueda_nombre_exacta"
124017.0;"";"dir_0185";"icaa";"busqueda_nombre_exacta"
124318.0;"";"dir_0186";"icaa";"busqueda_nombre_exacta"
124422.0;"";"dir_0187";"icaa";"busqueda_nombre_exacta"
124702.0;"";"dir_0188";"icaa";"busqueda_nombre_exacta"
124718.0;"";"dir_0189";"icaa";"busqueda_nombre_exacta"
124817.0;"";"dir_0190";"icaa";"busqueda_nombre_exacta"
124824.0;"";"dir_0191";"icaa";"busqueda_nombre_exacta"
124918.0;"";"dir_0192";"icaa";"busqueda_nombre_exacta"
125123.0;"";"dir_0193";"icaa";"busqueda_nombre_exacta"
125621.0;"";"dir_0194";"icaa";"busqueda_nombre_aproximada"
125718.0;"";"dir_0195";"icaa";"busqueda_nombre_exacta"
125823.0;"";"dir_0196";"icaa";"busqueda_nombre_exacta"
126114.0;"";"dir_0197";"icaa";"busqueda_nombre_exacta"
126125.0;"";"dir_0198";"icaa";"busqueda_nombre_exacta"
127008.0;"";"dir_0199";"icaa";"busqueda_nombre_exacta"
127019.0;"";"dir_0200";"icaa";"busqueda_nombre_exacta"
127204.0;"";"dir_0201";"icaa";"busqueda_nombre_exacta"
127222.0;"";"dir_0202";"icaa";"busqueda_nombre_exacta"
127723.0;"";"dir_0203";"icaa";"busqueda_nombre_exacta"
127724.0;"";"dir_0204";"icaa";"busqueda_nombre_exacta"
127818.0;"";"dir_0205";"icaa";"busqueda_nombre_exacta"
128004.0;"";"dir_0045";"icaa";"busqueda_nombre_exacta"
128118.0;"";"dir_0206";"icaa";"busqueda_nombre_exacta"
128222.0;"";"dir_0207";"icaa";"busqueda_nombre_exacta"
128318.0;"";"dir_0208";"icaa";"busqueda_nombre_aproximada"
128511.0;"";"dir_0209";"icaa";"busqueda_nombre_exacta"
128519.0;"";"dir_0210";"icaa";"busqueda_nombre_exacta"
128520.0;"";"dir_0161";"icaa";"busqueda_nombre_exacta"
128522.0;"";"dir_0211";"icaa";"busqueda_nombre_exacta"
128616.0;"";"dir_0212";"icaa";"busqueda_nombre_exacta"
128706.0;"";"dir_0145";"icaa";"busqueda_nombre_exacta"
128706.0;"";"dir_0213";"icaa";"busqueda_nombre_exacta"
128721.0;"";"dir_0214";"icaa";"busqueda_nombre_exacta"
129121.0;"";"dir_0215";"icaa";"busqueda_nombre_exacta"
129121.0;"";"dir_0216";"icaa";"busqueda_nombre_exacta"
129124.0;"";"dir_0217";"icaa";"busqueda_nombre_exacta"
129521.0;"";"dir_0218";"icaa";"busqueda_nombre_exacta"
129619.0;"";"dir_0219";"icaa";"busqueda_nombre_exacta"
129622.0;"";"dir_0132";"icaa";"busqueda_nombre_exacta"
129922.0;"";"dir_0220";"icaa";"busqueda_nombre_exacta"
129923.0;"";"dir_0107";"icaa";"busqueda_nombre_exacta"
129923.0;"";"dir_0221";"icaa";"busqueda_nombre_exacta"
12993640.0;"";"dir_0222";"icaa";"busqueda_nombre_aproximada"
130222.0;"";"dir_0223";"icaa";"busqueda_nombre_exacta"
13023.0;"";"dir_0107";"icaa";"busqueda_nombre_exacta"
13024.0;"";"dir_0224";"icaa";"busqueda_nombre_exacta"
130522.0;"";"dir_0225";"icaa";"busqueda_nombre_exacta"
130523.0;"";"dir_0226";"icaa";"busqueda_nombre_exacta"
130921.0;"";"dir_0227";"icaa";"busqueda_nombre_exacta"
13099.0;"";"dir_0228";"icaa";"busqueda_nombre_exacta"
131123.0;"";"dir_0229";"icaa";"busqueda_nombre_exacta"
131221.0;"";"dir_0230";"icaa";"busqueda_nombre_exacta"
131524.0;"";"dir_0231";"icaa";"busqueda_nombre_exacta"
131721.0;"";"dir_0232";"icaa";"busqueda_nombre_exacta"
13223.0;"";"dir_0233";"icaa";"busqueda_nombre_exacta"
132722.0;"";"dir_0234";"icaa";"busqueda_nombre_exacta"
132724.0;"";"dir_0235";"icaa";"busqueda_nombre_aproximada"
132918.0;"";"dir_0236";"icaa";"busqueda_nombre_exacta"
13321.0;"";"dir_0237";"icaa";"busqueda_nombre_exacta"
133321.0;"";"dir_0238";"icaa";"busqueda_nombre_exacta"
133322.0;"";"dir_0239";"icaa";"busqueda_nombre_exacta"
133518.0;"";"dir_0240";"icaa";"busqueda_nombre_exacta"
133621.0;"";"dir_0241";"icaa";"busqueda_nombre_exacta"
133724.0;"";"dir_0242";"icaa";"busqueda_nombre_exacta"
133822.0;"";"dir_0243";"icaa";"busqueda_nombre_exacta"
133910.0;"";"dir_0244";"icaa";"busqueda_nombre_exacta"
133910.0;"";"dir_0245";"icaa";"busqueda_nombre_exacta"
133921.0;"";"dir_0246";"icaa";"busqueda_nombre_exacta"
134122.0;"";"dir_0247";"icaa";"busqueda_nombre_exacta"
134122.0;"";"dir_0248";"icaa";"busqueda_nombre_aproximada"
134222.0;"";"dir_0249";"icaa";"busqueda_nombre_exacta"
134222.0;"";"dir_0250";"icaa";"busqueda_nombre_exacta"
134322.0;"";"dir_0045";"icaa";"busqueda_nombre_exacta"
134422.0;"";"dir_0251";"icaa";"busqueda_nombre_exacta"
134522.0;"";"dir_0252";"icaa";"busqueda_nombre_exacta"
134621.0;"";"dir_0253";"icaa";"busqueda_nombre_exacta"
134622.0;"";"dir_0254";"icaa";"busqueda_nombre_exacta"
134819.0;"";"dir_0255";"icaa";"busqueda_nombre_exacta"
135020.0;"";"dir_0256";"icaa";"busqueda_nombre_exacta"
135221.0;"";"dir_0257";"icaa";"busqueda_nombre_exacta"
13524.0;"";"dir_0258";"icaa";"busqueda_nombre_exacta"
135325.0;"";"dir_0259";"icaa";"busqueda_nombre_exacta"
135517.0;"";"dir_0133";"icaa";"busqueda_nombre_exacta"
135622.0;"";"dir_0260";"icaa";"busqueda_nombre_exacta"
135721.0;"";"dir_0261";"icaa";"busqueda_nombre_exacta"
135722.0;"";"dir_0262";"icaa";"busqueda_nombre_exacta"
135821.0;"";"dir_0190";"icaa";"busqueda_nombre_exacta"
135822.0;"";"dir_0263";"icaa";"busqueda_nombre_exacta"
136022.0;"";"dir_0245";"icaa";"busqueda_nombre_exacta"
136022.0;"";"dir_0244";"icaa";"busqueda_nombre_exacta"
136023.0;"";"dir_0264";"icaa";"busqueda_nombre_exacta"
136118.0;"";"dir_0265";"icaa";"busqueda_nombre_exacta"
136119.0;"";"dir_0221";"icaa";"busqueda_nombre_exacta"
136119.0;"";"dir_0266";"icaa";"busqueda_nombre_exacta"
136121.0;"";"dir_0267";"icaa";"busqueda_nombre_exacta"
136122.0;"";"dir_0268";"icaa";"busqueda_nombre_exacta"
136321.0;"";"dir_0269";"icaa";"busqueda_nombre_exacta"
136610.0;"";"dir_0270";"icaa";"busqueda_nombre_exacta"
13677.0;"";"dir_0240";"icaa";"busqueda_nombre_exacta"
136823.0;"";"dir_0271";"icaa";"busqueda_nombre_exacta"
137121.0;"";"dir_0272";"icaa";"busqueda_nombre_exacta"
137123.0;"";"dir_0273";"icaa";"busqueda_nombre_aproximada"
137420.0;"";"dir_0274";"icaa";"busqueda_nombre_exacta"
137623.0;"";"dir_0275";"icaa";"busqueda_nombre_aproximada"
137821.0;"";"dir_0276";"icaa";"busqueda_nombre_exacta"
137919.0;"";"dir_0277";"icaa";"busqueda_nombre_exacta"
137921.0;"";"dir_0278";"icaa";"busqueda_nombre_exacta"
138122.0;"";"dir_0279";"icaa";"busqueda_nombre_exacta"
13821.0;"";"dir_0280";"icaa";"busqueda_nombre_exacta"
138421.0;"";"dir_0281";"icaa";"busqueda_nombre_exacta"
138421.0;"";"dir_0282";"icaa";"busqueda_nombre_exacta"
138521.0;"";"dir_0283";"icaa";"busqueda_nombre_exacta"
138910.0;"";"dir_0284";"icaa";"busqueda_nombre_exacta"
138919.0;"";"dir_0188";"icaa";"busqueda_nombre_exacta"
139022.0;"";"dir_0285";"icaa";"busqueda_nombre_exacta"
13923.0;"";"dir_0286";"icaa";"busqueda_nombre_aproximada"
139419.0;"";"dir_0287";"icaa";"busqueda_nombre_exacta"
139421.0;"";"dir_0204";"icaa";"busqueda_nombre_exacta"
140423.0;"";"dir_0288";"icaa";"busqueda_nombre_exacta"
140922.0;"";"dir_0289";"icaa";"busqueda_nombre_exacta"
141023.0;"";"dir_0290";"icaa";"busqueda_nombre_exacta"
141123.0;"";"dir_0291";"icaa";"busqueda_nombre_aproximada"
141223.0;"";"dir_0292";"icaa";"busqueda_nombre_exacta"
14124.0;"";"dir_0293";"icaa";"busqueda_nombre_exacta"
141422.0;"";"dir_0294";"icaa";"busqueda_nombre_exacta"
1415.0;"";"dir_0105";"icaa";"busqueda_nombre_exacta"
141621.0;"";"dir_0240";"icaa";"busqueda_nombre_exacta"
141920.0;"";"dir_0295";"icaa";"busqueda_nombre_exacta"
141924.0;"";"dir_0296";"icaa";"busqueda_nombre_exacta"
1421.0;"";"dir_0196";"icaa";"busqueda_nombre_exacta"
142106.0;"";"dir_0297";"icaa";"busqueda_nombre_aproximada"
142106.0;"";"dir_0262";"icaa";"busqueda_nombre_exacta"
142121.0;"";"dir_0298";"icaa";"busqueda_nombre_exacta"
142225.0;"";"dir_0299";"icaa";"busqueda_nombre_exacta"
1424.0;"";"dir_0300";"icaa";"busqueda_nombre_aproximada"
142421.0;"";"dir_0301";"icaa";"busqueda_nombre_exacta"
142721.0;"";"dir_0284";"icaa";"busqueda_nombre_exacta"
142819.0;"";"dir_0302";"icaa";"busqueda_nombre_exacta"
142922.0;"";"dir_0303";"icaa";"busqueda_nombre_exacta"
143020.0;"";"dir_0199";"icaa";"busqueda_nombre_exacta"
143120.0;"";"dir_0304";"icaa";"busqueda_nombre_exacta"
143221.0;"";"dir_0305";"icaa";"busqueda_nombre_exacta"
143421.0;"";"dir_0306";"icaa";"busqueda_nombre_exacta"
143608.0;"";"dir_0307";"icaa";"busqueda_nombre_exacta"
143722.0;"";"dir_0308";"icaa";"busqueda_nombre_aproximada"
143921.0;"";"dir_0309";"icaa";"busqueda_nombre_exacta"
144019.0;"";"dir_0145";"icaa";"busqueda_nombre_exacta"
144223.0;"";"dir_0270";"icaa";"busqueda_nombre_exacta"
144321.0;"";"dir_0310";"icaa";"busqueda_nombre_exacta"
144322.0;"";"dir_0311";"icaa";"busqueda_nombre_exacta"
144322.0;"";"dir_0312";"icaa";"busqueda_nombre_exacta"
144323.0;"";"dir_0136";"icaa";"busqueda_nombre_exacta"
144420.0;"";"dir_0313";"icaa";"busqueda_nombre_exacta"
144423.0;"";"dir_0314";"icaa";"busqueda_nombre_exacta"
144519.0;"";"dir_0315";"icaa";"busqueda_nombre_exacta"
144521.0;"";"dir_0306";"icaa";"busqueda_nombre_exacta"
144522.0;"";"dir_0316";"icaa";"busqueda_nombre_exacta"
144721.0;"";"dir_0317";"icaa";"busqueda_nombre_exacta"
144723.0;"";"dir_0210";"icaa";"busqueda_nombre_exacta"
144822.0;"";"dir_0318";"icaa";"busqueda_nombre_exacta"
145017.0;"";"dir_0319";"icaa";"busqueda_nombre_exacta"
145021.0;"";"dir_0320";"icaa";"busqueda_nombre_exacta"
14506.0;"";"dir_0188";"icaa";"busqueda_nombre_exacta"
145221.0;"";"dir_0211";"icaa";"busqueda_nombre_exacta"
145419.0;"";"dir_0321";"icaa";"busqueda_nombre_exacta"
145421.0;"";"dir_0011";"icaa";"busqueda_nombre_exacta"
145624.0;"";"dir_0270";"icaa";"busqueda_nombre_exacta"
145714.0;"";"dir_0198";"icaa";"busqueda_nombre_exacta"
145720.0;"";"dir_0322";"icaa";"busqueda_nombre_exacta"
145823.0;"";"dir_0323";"icaa";"busqueda_nombre_exacta"
145922.0;"";"dir_0269";"icaa";"busqueda_nombre_exacta"
146022.0;"";"dir_0324";"icaa";"busqueda_nombre_exacta"
146218.0;"";"dir_0325";"icaa";"busqueda_nombre_exacta"
146319.0;"";"dir_0326";"icaa";"busqueda_nombre_exacta"
146419.0;"";"dir_0327";"icaa";"busqueda_nombre_exacta"
146419.0;"";"dir_0010";"icaa";"busqueda_nombre_exacta"
146424.0;"";"dir_0328";"icaa";"busqueda_nombre_aproximada"
146620.0;"";"dir_0329";"icaa";"busqueda_nombre_exacta"
146620.0;"";"dir_0330";"icaa";"busqueda_nombre_exacta"
146724.0;"";"dir_0331";"icaa";"busqueda_nombre_exacta"
147020.0;"";"dir_0332";"icaa";"busqueda_nombre_exacta"
14715.0;"";"dir_0333";"icaa";"busqueda_nombre_exacta"
147217.0;"";"dir_0178";"icaa";"busqueda_nombre_exacta"
147222.0;"";"dir_0334";"icaa";"busqueda_nombre_exacta"
147420.0;"";"dir_0335";"icaa";"busqueda_nombre_exacta"
147516.0;"";"dir_0336";"icaa";"busqueda_nombre_exacta"
147519.0;"";"dir_0337";"icaa";"busqueda_nombre_exacta"
147522.0;"";"dir_0338";"icaa";"busqueda_nombre_exacta"
147523.0;"";"dir_0339";"icaa";"busqueda_nombre_exacta"
147620.0;"";"dir_0340";"icaa";"busqueda_nombre_exacta"
147823.0;"";"dir_0341";"icaa";"busqueda_nombre_exacta"
147921.0;"";"dir_0342";"icaa";"busqueda_nombre_exacta"
148025.0;"";"dir_0343";"icaa";"busqueda_nombre_exacta"
148419.0;"";"dir_0344";"icaa";"busqueda_nombre_exacta"
148622.0;"";"dir_0345";"icaa";"busqueda_nombre_exacta"
148719.0;"";"dir_0346";"icaa";"busqueda_nombre_exacta"
148720.0;"";"dir_0347";"icaa";"busqueda_nombre_exacta"
148721.0;"";"dir_0348";"icaa";"busqueda_nombre_aproximada"
1488.0;"";"dir_0349";"icaa";"busqueda_nombre_exacta"
148822.0;"";"dir_0350";"icaa";"busqueda_nombre_exacta"
148922.0;"";"dir_0351";"icaa";"busqueda_nombre_exacta"
149020.0;"";"dir_0352";"icaa";"busqueda_nombre_exacta"
149024.0;"";"dir_0353";"icaa";"busqueda_nombre_exacta"
149119.0;"";"dir_0157";"icaa";"busqueda_nombre_exacta"
149222.0;"";"dir_0354";"icaa";"busqueda_nombre_exacta"
149323.0;"";"dir_0355";"icaa";"busqueda_nombre_exacta"
149620.0;"";"dir_0356";"icaa";"busqueda_nombre_exacta"
150017.0;"";"dir_0101";"icaa";"busqueda_nombre_exacta"
150123.0;"";"dir_0357";"icaa";"busqueda_nombre_exacta"
150221.0;"";"dir_0358";"icaa";"busqueda_nombre_exacta"
150223.0;"";"dir_0359";"icaa";"busqueda_nombre_aproximada"
150223.0;"";"dir_0360";"icaa";"busqueda_nombre_exacta"
150319.0;"";"dir_0361";"icaa";"busqueda_nombre_exacta"
150320.0;"";"dir_0362";"icaa";"busqueda_nombre_exacta"
150421.0;"";"dir_0363";"icaa";"busqueda_nombre_exacta"
150519.0;"";"dir_0364";"icaa";"busqueda_nombre_exacta"
150523.0;"";"dir_0365";"icaa";"busqueda_nombre_exacta"
15080.0;"";"dir_0094";"icaa";"busqueda_nombre_exacta"
151020.0;"";"dir_0094";"icaa";"busqueda_nombre_exacta"
1517.0;"";"dir_0366";"icaa";"busqueda_nombre_exacta"
152120.0;"";"dir_0367";"icaa";"busqueda_nombre_exacta"
152217.0;"";"dir_0368";"icaa";"busqueda_nombre_exacta"
152217.0;"";"dir_0369";"icaa";"busqueda_nombre_exacta"
152319.0;"";"dir_0156";"icaa";"busqueda_nombre_exacta"
152320.0;"";"dir_0111";"icaa";"busqueda_nombre_exacta"
152420.0;"";"dir_0162";"icaa";"busqueda_nombre_exacta"
152421.0;"";"dir_0370";"icaa";"busqueda_nombre_exacta"
152520.0;"";"dir_0371";"icaa";"busqueda_nombre_exacta"
152623.0;"";"dir_0372";"icaa";"busqueda_nombre_exacta"
152624.0;"";"dir_0373";"icaa";"busqueda_nombre_exacta"
152720.0;"";"dir_0374";"icaa";"busqueda_nombre_aproximada"
152819.0;"";"dir_0347";"icaa";"busqueda_nombre_exacta"
152921.0;"";"dir_0375";"icaa";"busqueda_nombre_exacta"
153122.0;"";"dir_0370";"icaa";"busqueda_nombre_exacta"
153317.0;"";"dir_0325";"icaa";"busqueda_nombre_exacta"
153321.0;"";"dir_0376";"icaa";"busqueda_nombre_exacta"
153523.0;"";"dir_0178";"icaa";"busqueda_nombre_exacta"
153722.0;"";"dir_0377";"icaa";"busqueda_nombre_exacta"
154119.0;"";"dir_0378";"icaa";"busqueda_nombre_exacta"
154219.0;"";"dir_0379";"icaa";"busqueda_nombre_exacta"
15422.0;"";"dir_0380";"icaa";"busqueda_nombre_exacta"
154322.0;"";"dir_0381";"icaa";"busqueda_nombre_exacta"
154622.0;"";"dir_0382";"icaa";"busqueda_nombre_exacta"
154722.0;"";"dir_0383";"icaa";"busqueda_nombre_exacta"
154817.0;"";"dir_0384";"icaa";"busqueda_nombre_exacta"
154817.0;"";"dir_0385";"icaa";"busqueda_nombre_exacta"
154919.0;"";"dir_0386";"icaa";"busqueda_nombre_exacta"
154922.0;"";"dir_0387";"icaa";"busqueda_nombre_exacta"
154922.0;"";"dir_0388";"icaa";"busqueda_nombre_exacta"
154923.0;"";"dir_0389";"icaa";"busqueda_nombre_exacta"
155119.0;"";"dir_0317";"icaa";"busqueda_nombre_exacta"
155120.0;"";"dir_0390";"icaa";"busqueda_nombre_exacta"
155123.0;"";"dir_0391";"icaa";"busqueda_nombre_exacta"
155323.0;"";"dir_0392";"icaa";"busqueda_nombre_exacta"
155421.0;"";"dir_0386";"icaa";"busqueda_nombre_exacta"
155422.0;"";"dir_0393";"icaa";"busqueda_nombre_exacta"
155521.0;"";"dir_0394";"icaa";"busqueda_nombre_exacta"
155523.0;"";"dir_0395";"icaa";"busqueda_nombre_exacta"
155523.0;"";"dir_0396";"icaa";"busqueda_nombre_exacta"
155619.0;"";"dir_0137";"icaa";"busqueda_nombre_exacta"
155620.0;"";"dir_0397";"icaa";"busqueda_nombre_exacta"
155623.0;"";"dir_0394";"icaa";"busqueda_nombre_exacta"
155721.0;"";"dir_0357";"icaa";"busqueda_nombre_exacta"
155921.0;"";"dir_0398";"icaa";"busqueda_nombre_exacta"
156120.0;"";"dir_0399";"icaa";"busqueda_nombre_exacta"
15622.0;"";"dir_0400";"icaa";"busqueda_nombre_exacta"
156320.0;"";"dir_0391";"icaa";"busqueda_nombre_exacta"
156322.0;"";"dir_0401";"icaa";"busqueda_nombre_exacta"
156419.0;"";"dir_0402";"icaa";"busqueda_nombre_exacta"
156420.0;"";"dir_0403";"icaa";"busqueda_nombre_exacta"
156620.0;"";"dir_0404";"icaa";"busqueda_nombre_aproximada"
156621.0;"";"dir_0405";"icaa";"busqueda_nombre_exacta"
156920.0;"";"dir_0406";"icaa";"busqueda_nombre_exacta"
156924.0;"";"dir_0407";"icaa";"busqueda_nombre_exacta"
157220.0;"";"dir_0408";"icaa";"busqueda_nombre_exacta"
157220.0;"";"dir_0105";"icaa";"busqueda_nombre_exacta"
157320.0;"";"dir_0188";"icaa";"busqueda_nombre_exacta"
157419.0;"";"dir_0357";"icaa";"busqueda_nombre_exacta"
157420.0;"";"dir_0409";"icaa";"busqueda_nombre_exacta"
157510.0;"";"dir_0410";"icaa";"busqueda_nombre_exacta"
157510.0;"";"dir_0411";"icaa";"busqueda_nombre_exacta"
157519.0;"";"dir_0045";"icaa";"busqueda_nombre_exacta"
157521.0;"";"dir_0412";"icaa";"busqueda_nombre_exacta"
157521.0;"";"dir_0413";"icaa";"busqueda_nombre_exacta"
157523.0;"";"dir_0414";"icaa";"busqueda_nombre_exacta"
157619.0;"";"dir_0415";"icaa";"busqueda_nombre_exacta"
157620.0;"";"dir_0038";"icaa";"busqueda_nombre_exacta"
157621.0;"";"dir_0409";"icaa";"busqueda_nombre_exacta"
157722.0;"";"dir_0246";"icaa";"busqueda_nombre_exacta"
157724.0;"";"dir_0416";"icaa";"busqueda_nombre_exacta"
157821.0;"";"dir_0417";"icaa";"busqueda_nombre_exacta"
157821.0;"";"dir_0418";"icaa";"busqueda_nombre_exacta"
157911.0;"";"dir_0419";"icaa";"busqueda_nombre_exacta"
158022.0;"";"dir_0420";"icaa";"busqueda_nombre_exacta"
158121.0;"";"dir_0421";"icaa";"busqueda_nombre_exacta"
158217.0;"";"dir_0422";"icaa";"busqueda_nombre_exacta"
158320.0;"";"dir_0423";"icaa";"busqueda_nombre_exacta"
158321.0;"";"dir_0213";"icaa";"busqueda_nombre_exacta"
158322.0;"";"dir_0424";"icaa";"busqueda_nombre_exacta"
158423.0;"";"dir_0425";"icaa";"busqueda_nombre_exacta"
158519.0;"";"dir_0426";"icaa";"busqueda_nombre_exacta"
158520.0;"";"dir_0427";"icaa";"busqueda_nombre_exacta"
158521.0;"";"dir_0428";"icaa";"busqueda_nombre_exacta"
158525.0;"";"dir_0429";"icaa";"busqueda_nombre_exacta"
158525.0;"";"dir_0430";"icaa";"busqueda_nombre_exacta"
158619.0;"";"dir_0223";"icaa";"busqueda_nombre_exacta"
158621.0;"";"dir_0431";"icaa";"busqueda_nombre_exacta"
158624.0;"";"dir_0432";"icaa";"busqueda_nombre_exacta"
158625.0;"";"dir_0433";"icaa";"busqueda_nombre_exacta"
158719.0;"";"dir_0434";"icaa";"busqueda_nombre_exacta"
158720.0;"";"dir_0435";"icaa";"busqueda_nombre_aproximada"
158723.0;"";"dir_0436";"icaa";"busqueda_nombre_exacta"
158821.0;"";"dir_0437";"icaa";"busqueda_nombre_exacta"
158919.0;"";"dir_0438";"icaa";"busqueda_nombre_exacta"
158920.0;"";"dir_0439";"icaa";"busqueda_nombre_exacta"
158921.0;"";"dir_0440";"icaa";"busqueda_nombre_exacta"
158921.0;"";"dir_0441";"icaa";"busqueda_nombre_exacta"
159020.0;"";"dir_0334";"icaa";"busqueda_nombre_exacta"
159119.0;"";"dir_0409";"icaa";"busqueda_nombre_exacta"
159120.0;"";"dir_0442";"icaa";"busqueda_nombre_exacta"
159123.0;"";"dir_0422";"icaa";"busqueda_nombre_exacta"
15913.0;"";"dir_0443";"icaa";"busqueda_nombre_exacta"
159222.0;"";"dir_0196";"icaa";"busqueda_nombre_exacta"
15924.0;"";"dir_0102";"icaa";"busqueda_nombre_exacta"
159319.0;"";"dir_0038";"icaa";"busqueda_nombre_exacta"
159320.0;"";"dir_0099";"icaa";"busqueda_nombre_exacta"
159323.0;"";"dir_0444";"icaa";"busqueda_nombre_exacta"
159420.0;"";"dir_0413";"icaa";"busqueda_nombre_exacta"
159610.0;"";"dir_0445";"icaa";"busqueda_nombre_exacta"
159620.0;"";"dir_0446";"icaa";"busqueda_nombre_exacta"
159720.0;"";"dir_0127";"icaa";"busqueda_nombre_exacta"
159721.0;"";"dir_0437";"icaa";"busqueda_nombre_exacta"
159724.0;"";"dir_0447";"icaa";"busqueda_nombre_exacta"
159820.0;"";"dir_0448";"icaa";"busqueda_nombre_exacta"
159920.0;"";"dir_0102";"icaa";"busqueda_nombre_exacta"
159950.0;"";"dir_0119";"icaa";"busqueda_nombre_exacta"
160020.0;"";"dir_0449";"icaa";"busqueda_nombre_exacta"
160124.0;"";"dir_0450";"icaa";"busqueda_nombre_exacta"
16021.0;"";"dir_0221";"icaa";"busqueda_nombre_exacta"
16021.0;"";"dir_0107";"icaa";"busqueda_nombre_exacta"
160220.0;"";"dir_0451";"icaa";"busqueda_nombre_exacta"
160321.0;"";"dir_0452";"icaa";"busqueda_nombre_exacta"
160322.0;"";"dir_0453";"icaa";"busqueda_nombre_exacta"
160520.0;"";"dir_0447";"icaa";"busqueda_nombre_exacta"
160620.0;"";"dir_0454";"icaa";"busqueda_nombre_exacta"
160621.0;"";"dir_0455";"icaa";"busqueda_nombre_exacta"
16119.0;"";"dir_0272";"icaa";"busqueda_nombre_exacta"
16124.0;"";"dir_0456";"icaa";"busqueda_nombre_exacta"
161320.0;"";"dir_0457";"icaa";"busqueda_nombre_exacta"
161523.0;"";"dir_0458";"icaa";"busqueda_nombre_aproximada"
161721.0;"";"dir_0459";"icaa";"busqueda_nombre_exacta"
162122.0;"";"dir_0460";"icaa";"busqueda_nombre_exacta"
162723.0;"";"dir_0461";"icaa";"busqueda_nombre_exacta"
162821.0;"";"dir_0462";"icaa";"busqueda_nombre_exacta"
163022.0;"";"dir_0463";"icaa";"busqueda_nombre_exacta"
163121.0;"";"dir_0464";"icaa";"busqueda_nombre_exacta"
163219.0;"";"dir_0465";"icaa";"busqueda_nombre_exacta"
163219.0;"";"dir_0466";"icaa";"busqueda_nombre_exacta"
163519.0;"";"dir_0467";"icaa";"busqueda_nombre_exacta"
163519.0;"";"dir_0468";"icaa";"busqueda_nombre_aproximada"
163622.0;"";"dir_0469";"icaa";"busqueda_nombre_exacta"
163622.0;"";"dir_0470";"icaa";"busqueda_nombre_exacta"
163623.0;"";"dir_0471";"icaa";"busqueda_nombre_exacta"
163719.0;"";"dir_0472";"icaa";"busqueda_nombre_exacta"
163920.0;"";"dir_0370";"icaa";"busqueda_nombre_exacta"
164322.0;"";"dir_0156";"icaa";"busqueda_nombre_exacta"
164621.0;"";"dir_0473";"icaa";"busqueda_nombre_aproximada"
164816.0;"";"dir_0474";"icaa";"busqueda_nombre_exacta"
164816.0;"";"dir_0475";"icaa";"busqueda_nombre_exacta"
165520.0;"";"dir_0476";"icaa";"busqueda_nombre_exacta"
165722.0;"";"dir_0477";"icaa";"busqueda_nombre_exacta"
165919.0;"";"dir_0478";"icaa";"busqueda_nombre_exacta"
166522.0;"";"dir_0472";"icaa";"busqueda_nombre_exacta"
166523.0;"";"dir_0371";"icaa";"busqueda_nombre_exacta"
166821.0;"";"dir_0479";"icaa";"busqueda_nombre_exacta"
166823.0;"";"dir_0391";"icaa";"busqueda_nombre_exacta"
166917.0;"";"dir_0480";"icaa";"busqueda_nombre_aproximada"
166923.0;"";"dir_0188";"icaa";"busqueda_nombre_exacta"
167022.0;"";"dir_0481";"icaa";"busqueda_nombre_exacta"
167023.0;"";"dir_0482";"icaa";"busqueda_nombre_exacta"
167023.0;"";"dir_0483";"icaa";"busqueda_nombre_aproximada"
167122.0;"";"dir_0484";"icaa";"busqueda_nombre_exacta"
167122.0;"";"dir_0485";"icaa";"busqueda_nombre_exacta"
167123.0;"";"dir_0486";"icaa";"busqueda_nombre_exacta"
16720.0;"";"dir_0487";"icaa";"busqueda_nombre_exacta"
167223.0;"";"dir_0204";"icaa";"busqueda_nombre_exacta"
16723.0;"";"dir_0488";"icaa";"busqueda_nombre_aproximada"
16723.0;"";"dir_0489";"icaa";"busqueda_nombre_exacta"
167623.0;"";"dir_0490";"icaa";"busqueda_nombre_exacta"
167724.0;"";"dir_0491";"icaa";"busqueda_nombre_exacta"
167821.0;"";"dir_0492";"icaa";"busqueda_nombre_exacta"
167821.0;"";"dir_0493";"icaa";"busqueda_nombre_exacta"
16787.0;"";"dir_0094";"icaa";"busqueda_nombre_exacta"
167923.0;"";"dir_0211";"icaa";"busqueda_nombre_exacta"
168523.0;"";"dir_0494";"icaa";"busqueda_nombre_exacta"
168722.0;"";"dir_0495";"icaa";"busqueda_nombre_exacta"
168820.0;"";"dir_0107";"icaa";"busqueda_nombre_exacta"
168823.0;"";"dir_0169";"icaa";"busqueda_nombre_exacta"
16917.0;"";"dir_0496";"icaa";"busqueda_nombre_exacta"
169420.0;"";"dir_0497";"icaa";"busqueda_nombre_exacta"
169422.0;"";"dir_0003";"icaa";"busqueda_nombre_exacta"
169721.0;"";"dir_0105";"icaa";"busqueda_nombre_exacta"
17021.0;"";"dir_0498";"icaa";"busqueda_nombre_exacta"
170219.0;"";"dir_0499";"icaa";"busqueda_nombre_exacta"
170317.0;"";"dir_0500";"icaa";"busqueda_nombre_aproximada"
170622.0;"";"dir_0501";"icaa";"busqueda_nombre_exacta"
17093.0;"";"dir_0045";"icaa";"busqueda_nombre_exacta"
171420.0;"";"dir_0502";"icaa";"busqueda_nombre_exacta"
171420.0;"";"dir_0503";"icaa";"busqueda_nombre_exacta"
171520.0;"";"dir_0141";"icaa";"busqueda_nombre_exacta"
171520.0;"";"dir_0140";"icaa";"busqueda_nombre_exacta"
172024.0;"";"dir_0262";"icaa";"busqueda_nombre_exacta"
172624.0;"";"dir_0504";"icaa";"busqueda_nombre_exacta"
173019.0;"";"dir_0505";"icaa";"busqueda_nombre_exacta"
173023.0;"";"dir_0128";"icaa";"busqueda_nombre_aproximada"
173121.0;"";"dir_0506";"icaa";"busqueda_nombre_exacta"
173221.0;"";"dir_0507";"icaa";"busqueda_nombre_exacta"
173609.0;"";"dir_0188";"icaa";"busqueda_nombre_exacta"
173719.0;"";"dir_0508";"icaa";"busqueda_nombre_exacta"
17375.0;"";"dir_0509";"icaa";"busqueda_nombre_exacta"
174118.0;"";"dir_0510";"icaa";"busqueda_nombre_exacta"
174121.0;"";"dir_0511";"icaa";"busqueda_nombre_exacta"
174122.0;"";"dir_0512";"icaa";"busqueda_nombre_exacta"
174424.0;"";"dir_0513";"icaa";"busqueda_nombre_exacta"
174720.0;"";"dir_0514";"icaa";"busqueda_nombre_exacta"
17480.0;"";"dir_0515";"icaa";"busqueda_nombre_exacta"
175318.0;"";"dir_0516";"icaa";"busqueda_nombre_exacta"
175523.0;"";"dir_0517";"icaa";"busqueda_nombre_exacta"
175621.0;"";"dir_0518";"icaa";"busqueda_nombre_exacta"
175711.0;"";"dir_0519";"icaa";"busqueda_nombre_exacta"
175718.0;"";"dir_0520";"icaa";"busqueda_nombre_exacta"
175723.0;"";"dir_0521";"icaa";"busqueda_nombre_exacta"
175919.0;"";"dir_0522";"icaa";"busqueda_nombre_exacta"
175922.0;"";"dir_0299";"icaa";"busqueda_nombre_exacta"
175923.0;"";"dir_0523";"icaa";"busqueda_nombre_exacta"
175923.0;"";"dir_0524";"icaa";"busqueda_nombre_exacta"
175924.0;"";"dir_0525";"icaa";"busqueda_nombre_exacta"
17623.0;"";"dir_0526";"icaa";"busqueda_nombre_exacta"
176418.0;"";"dir_0527";"icaa";"busqueda_nombre_exacta"
176423.0;"";"dir_0528";"icaa";"busqueda_nombre_exacta"
176521.0;"";"dir_0529";"icaa";"busqueda_nombre_exacta"
17662.0;"";"dir_0530";"icaa";"busqueda_nombre_exacta"
176818.0;"";"dir_0531";"icaa";"busqueda_nombre_exacta"
176818.0;"";"dir_0532";"icaa";"busqueda_nombre_exacta"
176924.0;"";"dir_0533";"icaa";"busqueda_nombre_exacta"
17721.0;"";"dir_0074";"icaa";"busqueda_nombre_exacta"
17723.0;"";"dir_0534";"icaa";"busqueda_nombre_aproximada"
177324.0;"";"dir_0535";"icaa";"busqueda_nombre_exacta"
177620.0;"";"dir_0273";"icaa";"busqueda_nombre_aproximada"
177718.0;"";"dir_0371";"icaa";"busqueda_nombre_exacta"
177818.0;"";"dir_0536";"icaa";"busqueda_nombre_exacta"
178009.0;"";"dir_0537";"icaa";"busqueda_nombre_exacta"
178017.0;"";"dir_0538";"icaa";"busqueda_nombre_exacta"
178124.0;"";"dir_0539";"icaa";"busqueda_nombre_exacta"
178611.0;"";"dir_0236";"icaa";"busqueda_nombre_exacta"
178618.0;"";"dir_0540";"icaa";"busqueda_nombre_exacta"
178718.0;"";"dir_0306";"icaa";"busqueda_nombre_exacta"
178722.0;"";"dir_0541";"icaa";"busqueda_nombre_exacta"
178723.0;"";"dir_0542";"icaa";"busqueda_nombre_exacta"
17878.0;"";"dir_0217";"icaa";"busqueda_nombre_exacta"
17878.0;"";"dir_0543";"icaa";"busqueda_nombre_exacta"
178818.0;"";"dir_0544";"icaa";"busqueda_nombre_exacta"
178819.0;"";"dir_0248";"icaa";"busqueda_nombre_aproximada"
178918.0;"";"dir_0211";"icaa";"busqueda_nombre_exacta"
178919.0;"";"dir_0141";"icaa";"busqueda_nombre_exacta"
178922.0;"";"dir_0545";"icaa";"busqueda_nombre_exacta"
179121.0;"";"dir_0546";"icaa";"busqueda_nombre_exacta"
179121.0;"";"dir_0260";"icaa";"busqueda_nombre_exacta"
179121.0;"";"dir_0547";"icaa";"busqueda_nombre_exacta"
179124.0;"";"dir_0548";"icaa";"busqueda_nombre_exacta"
179218.0;"";"dir_0268";"icaa";"busqueda_nombre_exacta"
179319.0;"";"dir_0549";"icaa";"busqueda_nombre_exacta"
179418.0;"";"dir_0039";"icaa";"busqueda_nombre_exacta"
179419.0;"";"dir_0550";"icaa";"busqueda_nombre_exacta"
179618.0;"";"dir_0551";"icaa";"busqueda_nombre_exacta"
179718.0;"";"dir_0552";"icaa";"busqueda_nombre_aproximada"
179819.0;"";"dir_0553";"icaa";"busqueda_nombre_exacta"
180018.0;"";"dir_0409";"icaa";"busqueda_nombre_exacta"
180023.0;"";"dir_0554";"icaa";"busqueda_nombre_exacta"
180219.0;"";"dir_0456";"icaa";"busqueda_nombre_exacta"
180319.0;"";"dir_0555";"icaa";"busqueda_nombre_exacta"
180910.0;"";"dir_0556";"icaa";"busqueda_nombre_exacta"
181020.0;"";"dir_0557";"icaa";"busqueda_nombre_aproximada"
18118.0;"";"dir_0558";"icaa";"busqueda_nombre_aproximada"
18118.0;"";"dir_0559";"icaa";"busqueda_nombre_exacta"
181221.0;"";"dir_0465";"icaa";"busqueda_nombre_exacta"
181221.0;"";"dir_0560";"icaa";"busqueda_nombre_exacta"
181221.0;"";"dir_0561";"icaa";"busqueda_nombre_aproximada"
181620.0;"";"dir_0562";"icaa";"busqueda_nombre_exacta"
181620.0;"";"dir_0563";"icaa";"busqueda_nombre_exacta"
181720.0;"";"dir_0564";"icaa";"busqueda_nombre_exacta"
181821.0;"";"dir_0565";"icaa";"busqueda_nombre_exacta"
18194.0;"";"dir_0038";"icaa";"busqueda_nombre_exacta"
182024.0;"";"dir_0289";"icaa";"busqueda_nombre_exacta"
182520.0;"";"dir_0566";"icaa";"busqueda_nombre_exacta"
182621.0;"";"dir_0567";"icaa";"busqueda_nombre_aproximada"
182923.0;"";"dir_0219";"icaa";"busqueda_nombre_exacta"
182924.0;"";"dir_0568";"icaa";"busqueda_nombre_exacta"
182924.0;"";"dir_0281";"icaa";"busqueda_nombre_exacta"
183017.0;"";"dir_0569";"icaa";"busqueda_nombre_exacta"
183217.0;"";"dir_0570";"icaa";"busqueda_nombre_exacta"
183223.0;"";"dir_0132";"icaa";"busqueda_nombre_exacta"
183224.0;"";"dir_0571";"icaa";"busqueda_nombre_exacta"
18324.0;"";"dir_0572";"icaa";"busqueda_nombre_exacta"
183321.0;"";"dir_0472";"icaa";"busqueda_nombre_exacta"
183417.0;"";"dir_0105";"icaa";"busqueda_nombre_exacta"
183421.0;"";"dir_0573";"icaa";"busqueda_nombre_exacta"
183424.0;"";"dir_0574";"icaa";"busqueda_nombre_exacta"
183523.0;"";"dir_0575";"icaa";"busqueda_nombre_exacta"
183523.0;"";"dir_0576";"icaa";"busqueda_nombre_exacta"
183523.0;"";"dir_0577";"icaa";"busqueda_nombre_exacta"
18399.0;"";"dir_0578";"icaa";"busqueda_nombre_exacta"
184023.0;"";"dir_0096";"icaa";"busqueda_nombre_exacta"
184223.0;"";"dir_0579";"icaa";"busqueda_nombre_exacta"
184723.0;"";"dir_0580";"icaa";"busqueda_nombre_exacta"
185018.0;"";"dir_0581";"icaa";"busqueda_nombre_exacta"
185022.0;"";"dir_0582";"icaa";"busqueda_nombre_exacta"
185022.0;"";"dir_0583";"icaa";"busqueda_nombre_exacta"
185716.0;"";"dir_0584";"icaa";"busqueda_nombre_exacta"
185822.0;"";"dir_0585";"icaa";"busqueda_nombre_exacta"
186119.0;"";"dir_0586";"icaa";"busqueda_nombre_aproximada"
186120.0;"";"dir_0587";"icaa";"busqueda_nombre_exacta"
186120.0;"";"dir_0588";"icaa";"busqueda_nombre_exacta"
186219.0;"";"dir_0589";"icaa";"busqueda_nombre_exacta"
186224.0;"";"dir_0590";"icaa";"busqueda_nombre_exacta"
186920.0;"";"dir_0591";"icaa";"busqueda_nombre_exacta"
187021.0;"";"dir_0592";"icaa";"busqueda_nombre_exacta"
187021.0;"";"dir_0593";"icaa";"busqueda_nombre_exacta"
187223.0;"";"dir_0594";"icaa";"busqueda_nombre_exacta"
187224.0;"";"dir_0595";"icaa";"busqueda_nombre_exacta"
18723.0;"";"dir_0596";"icaa";"busqueda_nombre_exacta"
187521.0;"";"dir_0597";"icaa";"busqueda_nombre_aproximada"
18760.0;"";"dir_0598";"icaa";"busqueda_nombre_exacta"
187722.0;"";"dir_0599";"icaa";"busqueda_nombre_exacta"
187820.0;"";"dir_0600";"icaa";"busqueda_nombre_exacta"
188020.0;"";"dir_0601";"icaa";"busqueda_nombre_exacta"
188120.0;"";"dir_0602";"icaa";"busqueda_nombre_exacta"
188419.0;"";"dir_0471";"icaa";"busqueda_nombre_exacta"
188423.0;"";"dir_0409";"icaa";"busqueda_nombre_exacta"
188523.0;"";"dir_0603";"icaa";"busqueda_nombre_exacta"
188624.0;"";"dir_0354";"icaa";"busqueda_nombre_exacta"
188817.0;"";"dir_0262";"icaa";"busqueda_nombre_exacta"
188824.0;"";"dir_0145";"icaa";"busqueda_nombre_exacta"
18908.0;"";"dir_0178";"icaa";"busqueda_nombre_exacta"
189124.0;"";"dir_0604";"icaa";"busqueda_nombre_aproximada"
189124.0;"";"dir_0605";"icaa";"busqueda_nombre_exacta"
189221.0;"";"dir_0606";"icaa";"busqueda_nombre_exacta"
189323.0;"";"dir_0607";"icaa";"busqueda_nombre_exacta"
189623.0;"";"dir_0608";"icaa";"busqueda_nombre_exacta"
189724.0;"";"dir_0085";"icaa";"busqueda_nombre_exacta"
189820.0;"";"dir_0609";"icaa";"busqueda_nombre_exacta"
189924.0;"";"dir_0135";"icaa";"busqueda_nombre_exacta"
190024.0;"";"dir_0610";"icaa";"busqueda_nombre_aproximada"
190024.0;"";"dir_0611";"icaa";"busqueda_nombre_exacta"
19024.0;"";"dir_0612";"icaa";"busqueda_nombre_exacta"
190623.0;"";"dir_0252";"icaa";"busqueda_nombre_exacta"
19082.0;"";"dir_0187";"icaa";"busqueda_nombre_exacta"
190823.0;"";"dir_0613";"icaa";"busqueda_nombre_exacta"
190824.0;"";"dir_0614";"icaa";"busqueda_nombre_exacta"
190923.0;"";"dir_0615";"icaa";"busqueda_nombre_exacta"
190924.0;"";"dir_0616";"icaa";"busqueda_nombre_exacta"
191021.0;"";"dir_0617";"icaa";"busqueda_nombre_exacta"
191023.0;"";"dir_0618";"icaa";"busqueda_nombre_exacta"
191024.0;"";"dir_0619";"icaa";"busqueda_nombre_exacta"
191418.0;"";"dir_0456";"icaa";"busqueda_nombre_exacta"
191420.0;"";"dir_0620";"icaa";"busqueda_nombre_exacta"
191523.0;"";"dir_0621";"icaa";"busqueda_nombre_exacta"
191823.0;"";"dir_0622";"icaa";"busqueda_nombre_exacta"
191823.0;"";"dir_0245";"icaa";"busqueda_nombre_exacta"
19220.0;"";"dir_0623";"icaa";"busqueda_nombre_exacta"
192221.0;"";"dir_0624";"icaa";"busqueda_nombre_exacta"
192222.0;"";"dir_0625";"icaa";"busqueda_nombre_exacta"
192322.0;"";"dir_0409";"icaa";"busqueda_nombre_exacta"
192423.0;"";"dir_0626";"icaa";"busqueda_nombre_exacta"
192523.0;"";"dir_0627";"icaa";"busqueda_nombre_exacta"
192622.0;"";"dir_0628";"icaa";"busqueda_nombre_exacta"
192622.0;"";"dir_0629";"icaa";"busqueda_nombre_exacta"
192821.0;"";"dir_0086";"icaa";"busqueda_nombre_exacta"
192923.0;"";"dir_0404";"icaa";"busqueda_nombre_aproximada"
193021.0;"";"dir_0630";"icaa";"busqueda_nombre_exacta"
193023.0;"";"dir_0399";"icaa";"busqueda_nombre_exacta"
193123.0;"";"dir_0427";"icaa";"busqueda_nombre_exacta"
193316.0;"";"dir_0631";"icaa";"busqueda_nombre_exacta"
193418.0;"";"dir_0632";"icaa";"busqueda_nombre_exacta"
193423.0;"";"dir_0633";"icaa";"busqueda_nombre_exacta"
193616.0;"";"dir_0634";"icaa";"busqueda_nombre_exacta"
193723.0;"";"dir_0635";"icaa";"busqueda_nombre_exacta"
193821.0;"";"dir_0481";"icaa";"busqueda_nombre_exacta"
193823.0;"";"dir_0217";"icaa";"busqueda_nombre_exacta"
193920.0;"";"dir_0636";"icaa";"busqueda_nombre_exacta"
193921.0;"";"dir_0637";"icaa";"busqueda_nombre_exacta"
193922.0;"";"dir_0638";"icaa";"busqueda_nombre_exacta"
194023.0;"";"dir_0068";"icaa";"busqueda_nombre_exacta"
194123.0;"";"dir_0357";"icaa";"busqueda_nombre_exacta"
19419.0;"";"dir_0639";"icaa";"busqueda_nombre_exacta"
194223.0;"";"dir_0640";"icaa";"busqueda_nombre_exacta"
194223.0;"";"dir_0641";"icaa";"busqueda_nombre_exacta"
194423.0;"";"dir_0642";"icaa";"busqueda_nombre_exacta"
194810.0;"";"dir_0133";"icaa";"busqueda_nombre_aproximada"
1950.0;"";"dir_0643";"icaa";"busqueda_nombre_exacta"
195324.0;"";"dir_0644";"icaa";"busqueda_nombre_exacta"
195420.0;"";"dir_0645";"icaa";"busqueda_nombre_exacta"
195421.0;"";"dir_0646";"icaa";"busqueda_nombre_exacta"
195520.0;"";"dir_0155";"icaa";"busqueda_nombre_exacta"
195520.0;"";"dir_0647";"icaa";"busqueda_nombre_exacta"
196116.0;"";"dir_0034";"icaa";"busqueda_nombre_exacta"
196311.0;"";"dir_0422";"icaa";"busqueda_nombre_exacta"
196624.0;"";"dir_0648";"icaa";"busqueda_nombre_exacta"
197018.0;"";"dir_0649";"icaa";"busqueda_nombre_exacta"
197023.0;"";"dir_0650";"icaa";"busqueda_nombre_exacta"
197122.0;"";"dir_0651";"icaa";"busqueda_nombre_aproximada"
197221.0;"";"dir_0652";"icaa";"busqueda_nombre_exacta"
197223.0;"";"dir_0456";"icaa";"busqueda_nombre_exacta"
197223.0;"";"dir_0653";"icaa";"busqueda_nombre_exacta"
197322.0;"";"dir_0557";"icaa";"busqueda_nombre_aproximada"
197323.0;"";"dir_0654";"icaa";"busqueda_nombre_exacta"
197623.0;"";"dir_0655";"icaa";"busqueda_nombre_aproximada"
197623.0;"";"dir_0656";"icaa";"busqueda_nombre_exacta"
197723.0;"";"dir_0657";"icaa";"busqueda_nombre_exacta"
197724.0;"";"dir_0658";"icaa";"busqueda_nombre_exacta"
198224.0;"";"dir_0223";"icaa";"busqueda_nombre_exacta"
198823.0;"";"dir_0659";"icaa";"busqueda_nombre_exacta"
198921.0;"";"dir_0660";"icaa";"busqueda_nombre_exacta"
199124.0;"";"dir_0272";"icaa";"busqueda_nombre_exacta"
19920.0;"";"dir_0087";"icaa";"busqueda_nombre_exacta"
19920.0;"";"dir_0661";"icaa";"busqueda_nombre_exacta"
19920.0;"";"dir_0662";"icaa";"busqueda_nombre_aproximada"
19920.0;"";"dir_0663";"icaa";"busqueda_nombre_exacta"
19920.0;"";"dir_0664";"icaa";"busqueda_nombre_exacta"
199523.0;"";"dir_0665";"icaa";"busqueda_nombre_exacta"
199624.0;"";"dir_0666";"icaa";"busqueda_nombre_exacta"
200017.0;"";"dir_0667";"icaa";"busqueda_nombre_exacta"
2002.0;"";"dir_0119";"icaa";"busqueda_nombre_exacta"
200525.0;"";"dir_0668";"icaa";"busqueda_nombre_exacta"
200623.0;"";"dir_0296";"icaa";"busqueda_nombre_exacta"
200921.0;"";"dir_0432";"icaa";"busqueda_nombre_exacta"
201221.0;"";"dir_0669";"icaa";"busqueda_nombre_aproximada"
201824.0;"";"dir_0670";"icaa";"busqueda_nombre_exacta"
201922.0;"";"dir_0671";"icaa";"busqueda_nombre_exacta"
202150.0;"";"dir_0672";"icaa";"busqueda_nombre_exacta"
20224.0;"";"dir_0094";"icaa";"busqueda_nombre_exacta"
202323.0;"";"dir_0673";"icaa";"busqueda_nombre_exacta"
202550.0;"";"dir_0674";"icaa";"busqueda_nombre_exacta"
202618.0;"";"dir_0675";"icaa";"busqueda_nombre_exacta"
203625.0;"";"dir_0630";"icaa";"busqueda_nombre_exacta"
204421.0;"";"dir_0676";"icaa";"busqueda_nombre_exacta"
204721.0;"";"dir_0436";"icaa";"busqueda_nombre_exacta"
204919.0;"";"dir_0292";"icaa";"busqueda_nombre_exacta"
2050.0;"";"dir_0677";"icaa";"busqueda_nombre_exacta"
205318.0;"";"dir_0678";"icaa";"busqueda_nombre_exacta"
205522.0;"";"dir_0679";"icaa";"busqueda_nombre_exacta"
205821.0;"";"dir_0680";"icaa";"busqueda_nombre_exacta"
20619.0;"";"dir_0681";"icaa";"busqueda_nombre_exacta"
206950.0;"";"dir_0682";"icaa";"busqueda_nombre_aproximada"
207022.0;"";"dir_0683";"icaa";"busqueda_nombre_aproximada"
207417.0;"";"dir_0684";"icaa";"busqueda_nombre_exacta"
207522.0;"";"dir_0472";"icaa";"busqueda_nombre_exacta"
207616.0;"";"dir_0102";"icaa";"busqueda_nombre_aproximada"
207623.0;"";"dir_0685";"icaa";"busqueda_nombre_exacta"
207624.0;"";"dir_0266";"icaa";"busqueda_nombre_exacta"
208122.0;"";"dir_0686";"icaa";"busqueda_nombre_aproximada"
208217.0;"";"dir_0003";"icaa";"busqueda_nombre_exacta"
208423.0;"";"dir_0687";"icaa";"busqueda_nombre_exacta"
208723.0;"";"dir_0688";"icaa";"busqueda_nombre_exacta"
208910.0;"";"dir_0689";"icaa";"busqueda_nombre_aproximada"
209122.0;"";"dir_0690";"icaa";"busqueda_nombre_exacta"
209122.0;"";"dir_0691";"icaa";"busqueda_nombre_exacta"
20922.0;"";"dir_0270";"icaa";"busqueda_nombre_exacta"
209521.0;"";"dir_0692";"icaa";"busqueda_nombre_exacta"
209521.0;"";"dir_0693";"icaa";"busqueda_nombre_exacta"
209722.0;"";"dir_0694";"icaa";"busqueda_nombre_exacta"
21018.0;"";"dir_0695";"icaa";"busqueda_nombre_exacta"
210250.0;"";"dir_0696";"icaa";"busqueda_nombre_exacta"
210423.0;"";"dir_0697";"icaa";"busqueda_nombre_exacta"
210621.0;"";"dir_0193";"icaa";"busqueda_nombre_exacta"
210750.0;"";"dir_0696";"icaa";"busqueda_nombre_exacta"
211224.0;"";"dir_0698";"icaa";"busqueda_nombre_exacta"
211224.0;"";"dir_0699";"icaa";"busqueda_nombre_exacta"
212021.0;"";"dir_0700";"icaa";"busqueda_nombre_exacta"
2121.0;"";"dir_0701";"icaa";"busqueda_nombre_exacta"
2121.0;"";"dir_0702";"icaa";"busqueda_nombre_exacta"
21405.0;"";"dir_0703";"icaa";"busqueda_nombre_exacta"
214122.0;"";"dir_0704";"icaa";"busqueda_nombre_exacta"
21415.0;"";"dir_0705";"icaa";"busqueda_nombre_exacta"
21424.0;"";"dir_0706";"icaa";"busqueda_nombre_exacta"
214824.0;"";"dir_0152";"icaa";"busqueda_nombre_exacta"
214850.0;"";"dir_0707";"icaa";"busqueda_nombre_exacta"
215122.0;"";"dir_0708";"icaa";"busqueda_nombre_exacta"
215322.0;"";"dir_0502";"icaa";"busqueda_nombre_exacta"
215322.0;"";"dir_0503";"icaa";"busqueda_nombre_exacta"
215623.0;"";"dir_0709";"icaa";"busqueda_nombre_exacta"
216022.0;"";"dir_0710";"icaa";"busqueda_nombre_exacta"
216025.0;"";"dir_0711";"icaa";"busqueda_nombre_exacta"
21620.0;"";"dir_0712";"icaa";"busqueda_nombre_exacta"
21620.0;"";"dir_0713";"icaa";"busqueda_nombre_exacta"
21621.0;"";"dir_0714";"icaa";"busqueda_nombre_exacta"
21622.0;"";"dir_0715";"icaa";"busqueda_nombre_exacta"
216222.0;"";"dir_0716";"icaa";"busqueda_nombre_exacta"
216222.0;"";"dir_0717";"icaa";"busqueda_nombre_exacta"
21713.0;"";"dir_0162";"icaa";"busqueda_nombre_exacta"
217411.0;"";"dir_0272";"icaa";"busqueda_nombre_exacta"
217521.0;"";"dir_0718";"icaa";"busqueda_nombre_exacta"
218124.0;"";"dir_0435";"icaa";"busqueda_nombre_aproximada"
218210.0;"";"dir_0719";"icaa";"busqueda_nombre_exacta"
218210.0;"";"dir_0720";"icaa";"busqueda_nombre_exacta"
218221.0;"";"dir_0721";"icaa";"busqueda_nombre_exacta"
218325.0;"";"dir_0722";"icaa";"busqueda_nombre_exacta"
218325.0;"";"dir_0723";"icaa";"busqueda_nombre_exacta"
219116.0;"";"dir_0724";"icaa";"busqueda_nombre_exacta"
21915.0;"";"dir_0188";"icaa";"busqueda_nombre_exacta"
2195.0;"";"dir_0094";"icaa";"busqueda_nombre_exacta"
219550.0;"";"dir_0672";"icaa";"busqueda_nombre_exacta"
219922.0;"";"dir_0094";"icaa";"busqueda_nombre_exacta"
220121.0;"";"dir_0725";"icaa";"busqueda_nombre_exacta"
220124.0;"";"dir_0726";"icaa";"busqueda_nombre_exacta"
22022.0;"";"dir_0727";"icaa";"busqueda_nombre_exacta"
220650.0;"";"dir_0728";"icaa";"busqueda_nombre_exacta"
22113.0;"";"dir_0439";"icaa";"busqueda_nombre_exacta"
22118.0;"";"dir_0729";"icaa";"busqueda_nombre_exacta"
221722.0;"";"dir_0051";"icaa";"busqueda_nombre_aproximada"
222023.0;"";"dir_0730";"icaa";"busqueda_nombre_exacta"
222421.0;"";"dir_0731";"icaa";"busqueda_nombre_exacta"
222925.0;"";"dir_0732";"icaa";"busqueda_nombre_exacta"
223116.0;"";"dir_0733";"icaa";"busqueda_nombre_exacta"
223116.0;"";"dir_0734";"icaa";"busqueda_nombre_aproximada"
223123.0;"";"dir_0350";"icaa";"busqueda_nombre_exacta"
22321.0;"";"dir_0735";"icaa";"busqueda_nombre_exacta"
223525.0;"";"dir_0736";"icaa";"busqueda_nombre_exacta"
223823.0;"";"dir_0315";"icaa";"busqueda_nombre_exacta"
224021.0;"";"dir_0737";"icaa";"busqueda_nombre_exacta"
22420.0;"";"dir_0738";"icaa";"busqueda_nombre_exacta"
22422.0;"";"dir_0739";"icaa";"busqueda_nombre_exacta"
224225.0;"";"dir_0740";"icaa";"busqueda_nombre_exacta"
224225.0;"";"dir_0359";"icaa";"busqueda_nombre_exacta"
224521.0;"";"dir_0315";"icaa";"busqueda_nombre_exacta"
224621.0;"";"dir_0554";"icaa";"busqueda_nombre_exacta"
224721.0;"";"dir_0741";"icaa";"busqueda_nombre_exacta"
224723.0;"";"dir_0623";"icaa";"busqueda_nombre_exacta"
224723.0;"";"dir_0742";"icaa";"busqueda_nombre_exacta"
225025.0;"";"dir_0743";"icaa";"busqueda_nombre_exacta"
225222.0;"";"dir_0744";"icaa";"busqueda_nombre_exacta"
225424.0;"";"dir_0518";"icaa";"busqueda_nombre_exacta"
225722.0;"";"dir_0456";"icaa";"busqueda_nombre_exacta"
226123.0;"";"dir_0701";"icaa";"busqueda_nombre_exacta"
226123.0;"";"dir_0702";"icaa";"busqueda_nombre_exacta"
22615.0;"";"dir_0471";"icaa";"busqueda_nombre_exacta"
226323.0;"";"dir_0745";"icaa";"busqueda_nombre_exacta"
227421.0;"";"dir_0107";"icaa";"busqueda_nombre_exacta"
227421.0;"";"dir_0221";"icaa";"busqueda_nombre_exacta"
227721.0;"";"dir_0746";"icaa";"busqueda_nombre_aproximada"
22820.0;"";"dir_0747";"icaa";"busqueda_nombre_exacta"
22821.0;"";"dir_0748";"icaa";"busqueda_nombre_exacta"
228223.0;"";"dir_0749";"icaa";"busqueda_nombre_exacta"
228721.0;"";"dir_0750";"icaa";"busqueda_nombre_exacta"
228921.0;"";"dir_0221";"icaa";"busqueda_nombre_exacta"
22895.0;"";"dir_0178";"icaa";"busqueda_nombre_exacta"
229121.0;"";"dir_0107";"icaa";"busqueda_nombre_exacta"
22925.0;"";"dir_0751";"icaa";"busqueda_nombre_exacta"
229550.0;"";"dir_0752";"icaa";"busqueda_nombre_exacta"
229550.0;"";"dir_0753";"icaa";"busqueda_nombre_aproximada"
23020.0;"";"dir_0262";"icaa";"busqueda_nombre_exacta"
230221.0;"";"dir_0754";"icaa";"busqueda_nombre_exacta"
23025.0;"";"dir_0755";"icaa";"busqueda_nombre_exacta"
23120.0;"";"dir_0756";"icaa";"busqueda_nombre_aproximada"
231321.0;"";"dir_0754";"icaa";"busqueda_nombre_aproximada"
231621.0;"";"dir_0757";"icaa";"busqueda_nombre_exacta"
231721.0;"";"dir_0758";"icaa";"busqueda_nombre_exacta"
232321.0;"";"dir_0759";"icaa";"busqueda_nombre_aproximada"
233221.0;"";"dir_0166";"icaa";"busqueda_nombre_exacta"
233223.0;"";"dir_0760";"icaa";"busqueda_nombre_aproximada"
23324.0;"";"dir_0761";"icaa";"busqueda_nombre_exacta"
233623.0;"";"dir_0762";"icaa";"busqueda_nombre_exacta"
233723.0;"";"dir_0763";"icaa";"busqueda_nombre_exacta"
233724.0;"";"dir_0602";"icaa";"busqueda_nombre_exacta"
23420.0;"";"dir_0764";"icaa";"busqueda_nombre_exacta"
234330.0;"";"dir_0765";"icaa";"busqueda_nombre_exacta"
234523.0;"";"dir_0766";"icaa";"busqueda_nombre_exacta"
234624.0;"";"dir_0767";"icaa";"busqueda_nombre_exacta"
234624.0;"";"dir_0768";"icaa";"busqueda_nombre_exacta"
234924.0;"";"dir_0769";"icaa";"busqueda_nombre_exacta"
23624.0;"";"dir_0770";"icaa";"busqueda_nombre_exacta"
23722.0;"";"dir_0003";"icaa";"busqueda_nombre_exacta"
237623.0;"";"dir_0771";"icaa";"busqueda_nombre_exacta"
238023.0;"";"dir_0772";"icaa";"busqueda_nombre_exacta"
238650.0;"";"dir_0765";"icaa";"busqueda_nombre_exacta"
238723.0;"";"dir_0773";"icaa";"busqueda_nombre_exacta"
238825.0;"";"dir_0774";"icaa";"busqueda_nombre_exacta"
238825.0;"";"dir_0775";"icaa";"busqueda_nombre_exacta"
23918.0;"";"dir_0776";"icaa";"busqueda_nombre_exacta"
23918.0;"";"dir_0777";"icaa";"busqueda_nombre_exacta"
23922.0;"";"dir_0432";"icaa";"busqueda_nombre_exacta"
240925.0;"";"dir_0778";"icaa";"busqueda_nombre_exacta"
24123.0;"";"dir_0350";"icaa";"busqueda_nombre_exacta"
241323.0;"";"dir_0779";"icaa";"busqueda_nombre_exacta"
241523.0;"";"dir_0780";"icaa";"busqueda_nombre_exacta"
241850.0;"";"dir_0781";"icaa";"busqueda_nombre_exacta"
24224.0;"";"dir_0782";"icaa";"busqueda_nombre_exacta"
244124.0;"";"dir_0783";"icaa";"busqueda_nombre_exacta"
24422.0;"";"dir_0784";"icaa";"busqueda_nombre_exacta"
24424.0;"";"dir_0785";"icaa";"busqueda_nombre_exacta"
244424.0;"";"dir_0786";"icaa";"busqueda_nombre_exacta"
244523.0;"";"dir_0313";"icaa";"busqueda_nombre_exacta"
246524.0;"";"dir_0787";"icaa";"busqueda_nombre_exacta"
247023.0;"";"dir_0788";"icaa";"busqueda_nombre_exacta"
247624.0;"";"dir_0789";"icaa";"busqueda_nombre_exacta"
247624.0;"";"dir_0790";"icaa";"busqueda_nombre_exacta"
2476440.0;"";"dir_0009";"icaa";"busqueda_nombre_exacta"
247724.0;"";"dir_0791";"icaa";"busqueda_nombre_exacta"
247824.0;"";"dir_0792";"icaa";"busqueda_nombre_exacta"
24821.0;"";"dir_0793";"icaa";"busqueda_nombre_exacta"
24821.0;"";"dir_0495";"icaa";"busqueda_nombre_exacta"
24821.0;"";"dir_0794";"icaa";"busqueda_nombre_exacta"
248750.0;"";"dir_0795";"icaa";"busqueda_nombre_exacta"
249523.0;"";"dir_0796";"icaa";"busqueda_nombre_exacta"
249750.0;"";"dir_0795";"icaa";"busqueda_nombre_exacta"
249823.0;"";"dir_0518";"icaa";"busqueda_nombre_exacta"
250430.0;"";"dir_0797";"icaa";"busqueda_nombre_exacta"
25114.0;"";"dir_0798";"icaa";"busqueda_nombre_exacta"
251524.0;"";"dir_0799";"icaa";"busqueda_nombre_aproximada"
252024.0;"";"dir_0800";"icaa";"busqueda_nombre_exacta"
252125.0;"";"dir_0801";"icaa";"busqueda_nombre_exacta"
25222.0;"";"dir_0415";"icaa";"busqueda_nombre_exacta"
25321.0;"";"dir_0802";"icaa";"busqueda_nombre_exacta"
254323.0;"";"dir_0803";"icaa";"busqueda_nombre_exacta"
255123.0;"";"dir_0804";"icaa";"busqueda_nombre_exacta"
255424.0;"";"dir_0805";"icaa";"busqueda_nombre_exacta"
25622.0;"";"dir_0195";"icaa";"busqueda_nombre_exacta"
25623.0;"";"dir_0806";"icaa";"busqueda_nombre_exacta"
256230.0;"";"dir_0807";"icaa";"busqueda_nombre_exacta"
25624.0;"";"dir_0808";"icaa";"busqueda_nombre_exacta"
256525.0;"";"dir_0809";"icaa";"busqueda_nombre_exacta"
256623.0;"";"dir_0810";"icaa";"busqueda_nombre_exacta"
256724.0;"";"dir_0811";"icaa";"busqueda_nombre_exacta"
257725.0;"";"dir_0812";"icaa";"busqueda_nombre_exacta"
257824.0;"";"dir_0813";"icaa";"busqueda_nombre_exacta"
25823.0;"";"dir_0300";"icaa";"busqueda_nombre_aproximada"
258424.0;"";"dir_0221";"icaa";"busqueda_nombre_exacta"
259325.0;"";"dir_0814";"icaa";"busqueda_nombre_exacta"
259450.0;"";"dir_0815";"icaa";"busqueda_nombre_aproximada"
259630.0;"";"dir_0816";"icaa";"busqueda_nombre_exacta"
26022.0;"";"dir_0817";"icaa";"busqueda_nombre_exacta"
26122.0;"";"dir_0818";"icaa";"busqueda_nombre_exacta"
261224.0;"";"dir_0819";"icaa";"busqueda_nombre_exacta"
261224.0;"";"dir_0820";"icaa";"busqueda_nombre_exacta"
26196.0;"";"dir_0821";"icaa";"busqueda_nombre_exacta"
262024.0;"";"dir_0822";"icaa";"busqueda_nombre_aproximada"
262224.0;"";"dir_0743";"icaa";"busqueda_nombre_exacta"
262450.0;"";"dir_0823";"icaa";"busqueda_nombre_exacta"
263324.0;"";"dir_0824";"icaa";"busqueda_nombre_exacta"
263924.0;"";"dir_0003";"icaa";"busqueda_nombre_exacta"
264024.0;"";"dir_0825";"icaa";"busqueda_nombre_exacta"
26421.0;"";"dir_0826";"icaa";"busqueda_nombre_exacta"
266424.0;"";"dir_0518";"icaa";"busqueda_nombre_exacta"
26724.0;"";"dir_0827";"icaa";"busqueda_nombre_exacta"
2674340.0;"";"dir_0828";"icaa";"busqueda_nombre_exacta"
27123.0;"";"dir_0829";"icaa";"busqueda_nombre_exacta"
2722140.0;"";"dir_0830";"icaa";"busqueda_nombre_exacta"
2725.0;"";"dir_0831";"icaa";"busqueda_nombre_exacta"
27297.0;"";"dir_0178";"icaa";"busqueda_nombre_exacta"
27595.0;"";"dir_0832";"icaa";"busqueda_nombre_exacta"
276424.0;"";"dir_0772";"icaa";"busqueda_nombre_exacta"
280224.0;"";"dir_0833";"icaa";"busqueda_nombre_aproximada"
28122.0;"";"dir_0834";"icaa";"busqueda_nombre_exacta"
28223.0;"";"dir_0835";"icaa";"busqueda_nombre_exacta"
28297.0;"";"dir_0317";"icaa";"busqueda_nombre_exacta"
28391.0;"";"dir_0836";"icaa";"busqueda_nombre_exacta"
28421.0;"";"dir_0837";"icaa";"busqueda_nombre_exacta"
28521.0;"";"dir_0838";"icaa";"busqueda_nombre_exacta"
28524.0;"";"dir_0839";"icaa";"busqueda_nombre_exacta"
285950.0;"";"dir_0672";"icaa";"busqueda_nombre_exacta"
285950.0;"";"dir_0795";"icaa";"busqueda_nombre_exacta"
28615.0;"";"dir_0840";"icaa";"busqueda_nombre_exacta"
28723.0;"";"dir_0841";"icaa";"busqueda_nombre_exacta"
28823.0;"";"dir_0842";"icaa";"busqueda_nombre_exacta"
292650.0;"";"dir_0843";"icaa";"busqueda_nombre_aproximada"
29319.0;"";"dir_0009";"icaa";"busqueda_nombre_exacta"
29322.0;"";"dir_0844";"icaa";"busqueda_nombre_exacta"
29322.0;"";"dir_0845";"icaa";"busqueda_nombre_exacta"
29322.0;"";"dir_0846";"icaa";"busqueda_nombre_exacta"
293350.0;"";"dir_0847";"icaa";"busqueda_nombre_exacta"
29483.0;"";"dir_0848";"icaa";"busqueda_nombre_exacta"
29521.0;"";"dir_0849";"icaa";"busqueda_nombre_exacta"
29620.0;"";"dir_0850";"icaa";"busqueda_nombre_exacta"
29621.0;"";"dir_0456";"icaa";"busqueda_nombre_exacta"
29821.0;"";"dir_0668";"icaa";"busqueda_nombre_exacta"
29923.0;"";"dir_0851";"icaa";"busqueda_nombre_exacta"
29925.0;"";"dir_0852";"icaa";"busqueda_nombre_exacta"
30020.0;"";"dir_0853";"icaa";"busqueda_nombre_exacta"
30021.0;"";"dir_0854";"icaa";"busqueda_nombre_exacta"
300950.0;"";"dir_0855";"icaa";"busqueda_nombre_aproximada"
30105.0;"";"dir_0022";"icaa";"busqueda_nombre_exacta"
30123.0;"";"dir_0856";"icaa";"busqueda_nombre_exacta"
30224.0;"";"dir_0857";"icaa";"busqueda_nombre_exacta"
3024.0;"";"dir_0489";"icaa";"busqueda_nombre_exacta"
30325.0;"";"dir_0045";"icaa";"busqueda_nombre_exacta"
30424.0;"";"dir_0858";"icaa";"busqueda_nombre_exacta"
30517.0;"";"dir_0859";"icaa";"busqueda_nombre_exacta"
305250.0;"";"dir_0677";"icaa";"busqueda_nombre_aproximada"
306850.0;"";"dir_0009";"icaa";"busqueda_nombre_exacta"
30720.0;"";"dir_0860";"icaa";"busqueda_nombre_exacta"
30723.0;"";"dir_0861";"icaa";"busqueda_nombre_exacta"
30723.0;"";"dir_0862";"icaa";"busqueda_nombre_exacta"
30724.0;"";"dir_0863";"icaa";"busqueda_nombre_aproximada"
307550.0;"";"dir_0815";"icaa";"busqueda_nombre_aproximada"
30822.0;"";"dir_0864";"icaa";"busqueda_nombre_exacta"
30923.0;"";"dir_0865";"icaa";"busqueda_nombre_exacta"
31023.0;"";"dir_0866";"icaa";"busqueda_nombre_exacta"
311650.0;"";"dir_0696";"icaa";"busqueda_nombre_exacta"
31212.0;"";"dir_0212";"icaa";"busqueda_nombre_exacta"
31322.0;"";"dir_0867";"icaa";"busqueda_nombre_exacta"
31323.0;"";"dir_0868";"icaa";"busqueda_nombre_aproximada"
31424.0;"";"dir_0869";"icaa";"busqueda_nombre_exacta"
31582.0;"";"dir_0094";"icaa";"busqueda_nombre_exacta"
31724.0;"";"dir_0870";"icaa";"busqueda_nombre_exacta"
31809.0;"";"dir_0335";"icaa";"busqueda_nombre_exacta"
31922.0;"";"dir_0871";"icaa";"busqueda_nombre_exacta"
31994.0;"";"dir_0872";"icaa";"busqueda_nombre_exacta"
323650.0;"";"dir_0873";"icaa";"busqueda_nombre_exacta"
324.0;"";"dir_0874";"icaa";"busqueda_nombre_aproximada"
324125.0;"";"dir_0875";"icaa";"busqueda_nombre_exacta"
324125.0;"";"dir_0087";"icaa";"busqueda_nombre_exacta"
33122.0;"";"dir_0272";"icaa";"busqueda_nombre_exacta"
33422.0;"";"dir_0876";"icaa";"busqueda_nombre_exacta"
33425.0;"";"dir_0204";"icaa";"busqueda_nombre_exacta"
33522.0;"";"dir_0877";"icaa";"busqueda_nombre_exacta"
33522.0;"";"dir_0754";"icaa";"busqueda_nombre_exacta"
336750.0;"";"dir_0119";"icaa";"busqueda_nombre_exacta"
33725.0;"";"dir_0878";"icaa";"busqueda_nombre_exacta"
33826.0;"";"dir_0879";"icaa";"busqueda_nombre_exacta"
3391.0;"";"dir_0187";"icaa";"busqueda_nombre_exacta"
34020.0;"";"dir_0880";"icaa";"busqueda_nombre_exacta"
34022.0;"";"dir_0881";"icaa";"busqueda_nombre_exacta"
34123.0;"";"dir_0882";"icaa";"busqueda_nombre_exacta"
34123.0;"";"dir_0323";"icaa";"busqueda_nombre_exacta"
34420.0;"";"dir_0883";"icaa";"busqueda_nombre_exacta"
34492.0;"";"dir_0685";"icaa";"busqueda_nombre_exacta"
34581.0;"";"dir_0848";"icaa";"busqueda_nombre_exacta"
34623.0;"";"dir_0884";"icaa";"busqueda_nombre_exacta"
34719.0;"";"dir_0885";"icaa";"busqueda_nombre_exacta"
34722.0;"";"dir_0886";"icaa";"busqueda_nombre_exacta"
34723.0;"";"dir_0887";"icaa";"busqueda_nombre_aproximada"
35019.0;"";"dir_0888";"icaa";"busqueda_nombre_exacta"
35320.0;"";"dir_0264";"icaa";"busqueda_nombre_exacta"
353251.0;"";"dir_0119";"icaa";"busqueda_nombre_exacta"
35417.0;"";"dir_0889";"icaa";"busqueda_nombre_aproximada"
35518.0;"";"dir_0876";"icaa";"busqueda_nombre_exacta"
35722.0;"";"dir_0890";"icaa";"busqueda_nombre_exacta"
35813.0;"";"dir_0891";"icaa";"busqueda_nombre_exacta"
35813.0;"";"dir_0219";"icaa";"busqueda_nombre_exacta"
35922.0;"";"dir_0892";"icaa";"busqueda_nombre_exacta"
36022.0;"";"dir_0893";"icaa";"busqueda_nombre_exacta"
36122.0;"";"dir_0894";"icaa";"busqueda_nombre_exacta"
361550.0;"";"dir_0009";"icaa";"busqueda_nombre_exacta"
3619.0;"";"dir_0895";"icaa";"busqueda_nombre_exacta"
36295.0;"";"dir_0896";"icaa";"busqueda_nombre_exacta"
36295.0;"";"dir_0897";"icaa";"busqueda_nombre_exacta"
36422.0;"";"dir_0898";"icaa";"busqueda_nombre_exacta"
364450.0;"";"dir_0119";"icaa";"busqueda_nombre_exacta"
37109.0;"";"dir_0346";"icaa";"busqueda_nombre_exacta"
37122.0;"";"dir_0257";"icaa";"busqueda_nombre_exacta"
37318.0;"";"dir_0265";"icaa";"busqueda_nombre_exacta"
37318.0;"";"dir_0899";"icaa";"busqueda_nombre_exacta"
37422.0;"";"dir_0333";"icaa";"busqueda_nombre_exacta"
37519.0;"";"dir_0900";"icaa";"busqueda_nombre_exacta"
37622.0;"";"dir_0901";"icaa";"busqueda_nombre_exacta"
37622.0;"";"dir_0902";"icaa";"busqueda_nombre_exacta"
37723.0;"";"dir_0903";"icaa";"busqueda_nombre_exacta"
3821.0;"";"dir_0904";"icaa";"busqueda_nombre_exacta"
3821.0;"";"dir_0905";"icaa";"busqueda_nombre_exacta"
3822.0;"";"dir_0906";"icaa";"busqueda_nombre_exacta"
38421.0;"";"dir_0086";"icaa";"busqueda_nombre_exacta"
38625.0;"";"dir_0907";"icaa";"busqueda_nombre_exacta"
38707.0;"";"dir_0908";"icaa";"busqueda_nombre_exacta"
38707.0;"";"dir_0909";"icaa";"busqueda_nombre_exacta"
39022.0;"";"dir_0910";"icaa";"busqueda_nombre_aproximada"
39025.0;"";"dir_0911";"icaa";"busqueda_nombre_exacta"
39025.0;"";"dir_0912";"icaa";"busqueda_nombre_exacta"
3920.0;"";"dir_0204";"icaa";"busqueda_nombre_exacta"
39424.0;"";"dir_0913";"icaa";"busqueda_nombre_exacta"
39621.0;"";"dir_0914";"icaa";"busqueda_nombre_exacta"
39719.0;"";"dir_0915";"icaa";"busqueda_nombre_exacta"
39823.0;"";"dir_0204";"icaa";"busqueda_nombre_exacta"
39919.0;"";"dir_0916";"icaa";"busqueda_nombre_exacta"
401751.0;"";"dir_0917";"icaa";"busqueda_nombre_aproximada"
4021.0;"";"dir_0918";"icaa";"busqueda_nombre_aproximada"
40221.0;"";"dir_0919";"icaa";"busqueda_nombre_aproximada"
40221.0;"";"dir_0920";"icaa";"busqueda_nombre_exacta"
40420.0;"";"dir_0319";"icaa";"busqueda_nombre_exacta"
40420.0;"";"dir_0921";"icaa";"busqueda_nombre_exacta"
40422.0;"";"dir_0315";"icaa";"busqueda_nombre_exacta"
405851.0;"";"dir_0672";"icaa";"busqueda_nombre_exacta"
40721.0;"";"dir_0922";"icaa";"busqueda_nombre_exacta"
40722.0;"";"dir_0923";"icaa";"busqueda_nombre_exacta"
40922.0;"";"dir_0073";"icaa";"busqueda_nombre_exacta"
41298.0;"";"dir_0349";"icaa";"busqueda_nombre_exacta"
41420.0;"";"dir_0236";"icaa";"busqueda_nombre_exacta"
41519.0;"";"dir_0213";"icaa";"busqueda_nombre_exacta"
41522.0;"";"dir_0924";"icaa";"busqueda_nombre_aproximada"
41624.0;"";"dir_0925";"icaa";"busqueda_nombre_exacta"
41823.0;"";"dir_0926";"icaa";"busqueda_nombre_exacta"
42019.0;"";"dir_0927";"icaa";"busqueda_nombre_exacta"
42024.0;"";"dir_0157";"icaa";"busqueda_nombre_exacta"
42318.0;"";"dir_0928";"icaa";"busqueda_nombre_exacta"
42394.0;"";"dir_0556";"icaa";"busqueda_nombre_exacta"
42712.0;"";"dir_0045";"icaa";"busqueda_nombre_exacta"
42722.0;"";"dir_0929";"icaa";"busqueda_nombre_exacta"
42818.0;"";"dir_0930";"icaa";"busqueda_nombre_exacta"
42922.0;"";"dir_0465";"icaa";"busqueda_nombre_exacta"
430051.0;"";"dir_0931";"icaa";"busqueda_nombre_exacta"
43112.0;"";"dir_0932";"icaa";"busqueda_nombre_exacta"
43120.0;"";"dir_0933";"icaa";"busqueda_nombre_exacta"
43122.0;"";"dir_0934";"icaa";"busqueda_nombre_exacta"
43216.0;"";"dir_0935";"icaa";"busqueda_nombre_exacta"
43320.0;"";"dir_0936";"icaa";"busqueda_nombre_exacta"
43322.0;"";"dir_0391";"icaa";"busqueda_nombre_exacta"
43350.0;"";"dir_0009";"icaa";"busqueda_nombre_exacta"
43421.0;"";"dir_0937";"icaa";"busqueda_nombre_exacta"
43422.0;"";"dir_0438";"icaa";"busqueda_nombre_exacta"
43522.0;"";"dir_0938";"icaa";"busqueda_nombre_exacta"
43524.0;"";"dir_0939";"icaa";"busqueda_nombre_exacta"
43619.0;"";"dir_0898";"icaa";"busqueda_nombre_exacta"
4371740.0;"";"dir_0940";"icaa";"busqueda_nombre_exacta"
44112.0;"";"dir_0889";"icaa";"busqueda_nombre_exacta"
44396.0;"";"dir_0119";"icaa";"busqueda_nombre_exacta"
44493.0;"";"dir_0672";"icaa";"busqueda_nombre_exacta"
44522.0;"";"dir_0366";"icaa";"busqueda_nombre_exacta"
44621.0;"";"dir_0941";"icaa";"busqueda_nombre_exacta"
44719.0;"";"dir_0942";"icaa";"busqueda_nombre_exacta"
44808.0;"";"dir_0943";"icaa";"busqueda_nombre_aproximada"
45119.0;"";"dir_0944";"icaa";"busqueda_nombre_exacta"
45124.0;"";"dir_0904";"icaa";"busqueda_nombre_exacta"
4523.0;"";"dir_0945";"icaa";"busqueda_nombre_aproximada"
4523.0;"";"dir_0946";"icaa";"busqueda_nombre_aproximada"
45293.0;"";"dir_0947";"icaa";"busqueda_nombre_exacta"
45325.0;"";"dir_0948";"icaa";"busqueda_nombre_exacta"
45520.0;"";"dir_0949";"icaa";"busqueda_nombre_exacta"
45522.0;"";"dir_0950";"icaa";"busqueda_nombre_exacta"
45819.0;"";"dir_0951";"icaa";"busqueda_nombre_exacta"
45920.0;"";"dir_0952";"icaa";"busqueda_nombre_exacta"
46016.0;"";"dir_0953";"icaa";"busqueda_nombre_exacta"
46524.0;"";"dir_0954";"icaa";"busqueda_nombre_exacta"
46817.0;"";"dir_0156";"icaa";"busqueda_nombre_exacta"
46921.0;"";"dir_0955";"icaa";"busqueda_nombre_exacta"
47011.0;"";"dir_0392";"icaa";"busqueda_nombre_aproximada"
47095.0;"";"dir_0956";"icaa";"busqueda_nombre_exacta"
47119.0;"";"dir_0957";"icaa";"busqueda_nombre_exacta"
47515.0;"";"dir_0958";"icaa";"busqueda_nombre_exacta"
47521.0;"";"dir_0959";"icaa";"busqueda_nombre_exacta"
47695.0;"";"dir_0960";"icaa";"busqueda_nombre_exacta"
47695.0;"";"dir_0961";"icaa";"busqueda_nombre_exacta"
47712.0;"";"dir_0962";"icaa";"busqueda_nombre_exacta"
47912.0;"";"dir_0622";"icaa";"busqueda_nombre_exacta"
47912.0;"";"dir_0244";"icaa";"busqueda_nombre_exacta"
48104.0;"";"dir_0963";"icaa";"busqueda_nombre_exacta"
48215.0;"";"dir_0444";"icaa";"busqueda_nombre_exacta"
48322.0;"";"dir_0953";"icaa";"busqueda_nombre_exacta"
48419.0;"";"dir_0964";"icaa";"busqueda_nombre_exacta"
48523.0;"";"dir_0411";"icaa";"busqueda_nombre_exacta"
48623.0;"";"dir_0965";"icaa";"busqueda_nombre_exacta"
48822.0;"";"dir_0966";"icaa";"busqueda_nombre_exacta"
49019.0;"";"dir_0621";"icaa";"busqueda_nombre_exacta"
49019.0;"";"dir_0967";"icaa";"busqueda_nombre_exacta"
49116.0;"";"dir_0968";"icaa";"busqueda_nombre_exacta"
49116.0;"";"dir_0969";"icaa";"busqueda_nombre_exacta"
49318.0;"";"dir_0970";"icaa";"busqueda_nombre_exacta"
49622.0;"";"dir_0971";"icaa";"busqueda_nombre_exacta"
49722.0;"";"dir_0022";"icaa";"busqueda_nombre_exacta"
49822.0;"";"dir_0028";"icaa";"busqueda_nombre_exacta"
49923.0;"";"dir_0461";"icaa";"busqueda_nombre_exacta"
49923.0;"";"dir_0972";"icaa";"busqueda_nombre_exacta"
50022.0;"";"dir_0973";"icaa";"busqueda_nombre_exacta"
50122.0;"";"dir_0974";"icaa";"busqueda_nombre_exacta"
50213.0;"";"dir_0975";"icaa";"busqueda_nombre_aproximada"
50217.0;"";"dir_0976";"icaa";"busqueda_nombre_exacta"
5022.0;"";"dir_0977";"icaa";"busqueda_nombre_exacta"
50222.0;"";"dir_0978";"icaa";"busqueda_nombre_exacta"
50417.0;"";"dir_0979";"icaa";"busqueda_nombre_exacta"
50422.0;"";"dir_0450";"icaa";"busqueda_nombre_exacta"
50522.0;"";"dir_0980";"icaa";"busqueda_nombre_exacta"
50722.0;"";"dir_0438";"icaa";"busqueda_nombre_exacta"
50822.0;"";"dir_0981";"icaa";"busqueda_nombre_exacta"
50823.0;"";"dir_0982";"icaa";"busqueda_nombre_exacta"
50920.0;"";"dir_0983";"icaa";"busqueda_nombre_exacta"
51017.0;"";"dir_0984";"icaa";"busqueda_nombre_exacta"
51019.0;"";"dir_0985";"icaa";"busqueda_nombre_exacta"
51119.0;"";"dir_0548";"icaa";"busqueda_nombre_exacta"
51121.0;"";"dir_0986";"icaa";"busqueda_nombre_exacta"
51424.0;"";"dir_0987";"icaa";"busqueda_nombre_exacta"
51424.0;"";"dir_0988";"icaa";"busqueda_nombre_aproximada"
51623.0;"";"dir_0731";"icaa";"busqueda_nombre_exacta"
51713.0;"";"dir_0989";"icaa";"busqueda_nombre_exacta"
51720.0;"";"dir_0990";"icaa";"busqueda_nombre_exacta"
51720.0;"";"dir_0991";"icaa";"busqueda_nombre_exacta"
51821.0;"";"dir_0992";"icaa";"busqueda_nombre_exacta"
51917.0;"";"dir_0028";"icaa";"busqueda_nombre_exacta"
51921.0;"";"dir_0889";"icaa";"busqueda_nombre_exacta"
52018.0;"";"dir_0209";"icaa";"busqueda_nombre_exacta"
52024.0;"";"dir_0993";"icaa";"busqueda_nombre_exacta"
521251.0;"";"dir_0310";"icaa";"busqueda_nombre_exacta"
521251.0;"";"dir_0994";"icaa";"busqueda_nombre_exacta"
521251.0;"";"dir_0995";"icaa";"busqueda_nombre_exacta"
521251.0;"";"dir_0996";"icaa";"busqueda_nombre_exacta"
521251.0;"";"dir_0240";"icaa";"busqueda_nombre_exacta"
521251.0;"";"dir_0997";"icaa";"busqueda_nombre_exacta"
521251.0;"";"dir_0998";"icaa";"busqueda_nombre_aproximada"
521251.0;"";"dir_0999";"icaa";"busqueda_nombre_exacta"
521251.0;"";"dir_1000";"icaa";"busqueda_nombre_exacta"
522.0;"";"dir_1001";"icaa";"busqueda_nombre_exacta"
52218.0;"";"dir_1002";"icaa";"busqueda_nombre_exacta"
52224.0;"";"dir_1003";"icaa";"busqueda_nombre_exacta"
52318.0;"";"dir_1004";"icaa";"busqueda_nombre_exacta"
52324.0;"";"dir_1005";"icaa";"busqueda_nombre_exacta"
52415.0;"";"dir_1006";"icaa";"busqueda_nombre_aproximada"
52515.0;"";"dir_0366";"icaa";"busqueda_nombre_exacta"
526651.0;"";"dir_1007";"icaa";"busqueda_nombre_exacta"
52714.0;"";"dir_0442";"icaa";"busqueda_nombre_exacta"
52917.0;"";"dir_0397";"icaa";"busqueda_nombre_exacta"
53017.0;"";"dir_0132";"icaa";"busqueda_nombre_exacta"
53020.0;"";"dir_0105";"icaa";"busqueda_nombre_exacta"
53224.0;"";"dir_0370";"icaa";"busqueda_nombre_exacta"
53318.0;"";"dir_1008";"icaa";"busqueda_nombre_exacta"
53421.0;"";"dir_1009";"icaa";"busqueda_nombre_exacta"
53515.0;"";"dir_1010";"icaa";"busqueda_nombre_exacta"
53623.0;"";"dir_1011";"icaa";"busqueda_nombre_exacta"
53823.0;"";"dir_1012";"icaa";"busqueda_nombre_exacta"
54216.0;"";"dir_1013";"icaa";"busqueda_nombre_exacta"
54216.0;"";"dir_1014";"icaa";"busqueda_nombre_exacta"
54220.0;"";"dir_0083";"icaa";"busqueda_nombre_exacta"
54319.0;"";"dir_1015";"icaa";"busqueda_nombre_exacta"
54413.0;"";"dir_0188";"icaa";"busqueda_nombre_exacta"
54422.0;"";"dir_0381";"icaa";"busqueda_nombre_exacta"
545051.0;"";"dir_1016";"icaa";"busqueda_nombre_exacta"
54521.0;"";"dir_0904";"icaa";"busqueda_nombre_exacta"
54612.0;"";"dir_0070";"icaa";"busqueda_nombre_exacta"
54619.0;"";"dir_0269";"icaa";"busqueda_nombre_exacta"
54821.0;"";"dir_1017";"icaa";"busqueda_nombre_aproximada"
54921.0;"";"dir_1018";"icaa";"busqueda_nombre_exacta"
55020.0;"";"dir_1019";"icaa";"busqueda_nombre_exacta"
55122.0;"";"dir_1020";"icaa";"busqueda_nombre_exacta"
5521.0;"";"dir_1021";"icaa";"busqueda_nombre_exacta"
55212.0;"";"dir_1022";"icaa";"busqueda_nombre_exacta"
55222.0;"";"dir_0087";"icaa";"busqueda_nombre_exacta"
55223.0;"";"dir_1023";"icaa";"busqueda_nombre_exacta"
55321.0;"";"dir_1024";"icaa";"busqueda_nombre_exacta"
55415.0;"";"dir_1025";"icaa";"busqueda_nombre_exacta"
5548540.0;"";"dir_0672";"icaa";"busqueda_nombre_exacta"
55618.0;"";"dir_1026";"icaa";"busqueda_nombre_exacta"
55720.0;"";"dir_1027";"icaa";"busqueda_nombre_exacta"
55723.0;"";"dir_1028";"icaa";"busqueda_nombre_exacta"
55723.0;"";"dir_0308";"icaa";"busqueda_nombre_exacta"
56219.0;"";"dir_1029";"icaa";"busqueda_nombre_aproximada"
56221.0;"";"dir_1030";"icaa";"busqueda_nombre_exacta"
56223.0;"";"dir_1031";"icaa";"busqueda_nombre_exacta"
56223.0;"";"dir_0782";"icaa";"busqueda_nombre_exacta"
5623.0;"";"dir_1032";"icaa";"busqueda_nombre_exacta"
56414.0;"";"dir_0045";"icaa";"busqueda_nombre_exacta"
56421.0;"";"dir_1033";"icaa";"busqueda_nombre_exacta"
56519.0;"";"dir_1034";"icaa";"busqueda_nombre_aproximada"
56521.0;"";"dir_1035";"icaa";"busqueda_nombre_exacta"
56595.0;"";"dir_0188";"icaa";"busqueda_nombre_exacta"
56717.0;"";"dir_1036";"icaa";"busqueda_nombre_aproximada"
56819.0;"";"dir_0309";"icaa";"busqueda_nombre_exacta"
57016.0;"";"dir_0894";"icaa";"busqueda_nombre_exacta"
5702.0;"";"dir_0045";"icaa";"busqueda_nombre_exacta"
57116.0;"";"dir_1037";"icaa";"busqueda_nombre_exacta"
573651.0;"";"dir_1038";"icaa";"busqueda_nombre_exacta"
57418.0;"";"dir_1039";"icaa";"busqueda_nombre_exacta"
57518.0;"";"dir_1040";"icaa";"busqueda_nombre_exacta"
57524.0;"";"dir_0669";"icaa";"busqueda_nombre_aproximada"
57550.0;"";"dir_1041";"icaa";"busqueda_nombre_aproximada"
57620.0;"";"dir_1042";"icaa";"busqueda_nombre_exacta"
57821.0;"";"dir_0973";"icaa";"busqueda_nombre_exacta"
57822.0;"";"dir_1043";"icaa";"busqueda_nombre_exacta"
58021.0;"";"dir_0432";"icaa";"busqueda_nombre_exacta"
58116.0;"";"dir_1044";"icaa";"busqueda_nombre_exacta"
58224.0;"";"dir_0949";"icaa";"busqueda_nombre_exacta"
58318.0;"";"dir_1045";"icaa";"busqueda_nombre_exacta"
58420.0;"";"dir_0272";"icaa";"busqueda_nombre_exacta"
58423.0;"";"dir_1008";"icaa";"busqueda_nombre_exacta"
58620.0;"";"dir_1046";"icaa";"busqueda_nombre_exacta"
58723.0;"";"dir_1047";"icaa";"busqueda_nombre_exacta"
58822.0;"";"dir_1048";"icaa";"busqueda_nombre_exacta"
58823.0;"";"dir_1049";"icaa";"busqueda_nombre_exacta"
59021.0;"";"dir_1050";"icaa";"busqueda_nombre_exacta"
59123.0;"";"dir_0370";"icaa";"busqueda_nombre_exacta"
59215.0;"";"dir_0526";"icaa";"busqueda_nombre_exacta"
592551.0;"";"dir_0672";"icaa";"busqueda_nombre_exacta"
59323.0;"";"dir_0667";"icaa";"busqueda_nombre_exacta"
59397.0;"";"dir_0156";"icaa";"busqueda_nombre_exacta"
59423.0;"";"dir_0366";"icaa";"busqueda_nombre_exacta"
594651.0;"";"dir_0527";"icaa";"busqueda_nombre_exacta"
59521.0;"";"dir_1051";"icaa";"busqueda_nombre_exacta"
59523.0;"";"dir_1052";"icaa";"busqueda_nombre_exacta"
59613.0;"";"dir_1053";"icaa";"busqueda_nombre_exacta"
59613.0;"";"dir_1054";"icaa";"busqueda_nombre_exacta"
59816.0;"";"dir_0613";"icaa";"busqueda_nombre_exacta"
59915.0;"";"dir_0472";"icaa";"busqueda_nombre_exacta"
59918.0;"";"dir_1055";"icaa";"busqueda_nombre_exacta"
60014.0;"";"dir_1056";"icaa";"busqueda_nombre_exacta"
60119.0;"";"dir_1057";"icaa";"busqueda_nombre_exacta"
60217.0;"";"dir_0198";"icaa";"busqueda_nombre_exacta"
60219.0;"";"dir_0314";"icaa";"busqueda_nombre_exacta"
60220.0;"";"dir_1058";"icaa";"busqueda_nombre_exacta"
602351.0;"";"dir_1059";"icaa";"busqueda_nombre_exacta"
60421.0;"";"dir_1060";"icaa";"busqueda_nombre_exacta"
60520.0;"";"dir_1061";"icaa";"busqueda_nombre_exacta"
60598.0;"";"dir_0188";"icaa";"busqueda_nombre_exacta"
60617.0;"";"dir_1062";"icaa";"busqueda_nombre_exacta"
60719.0;"";"dir_1063";"icaa";"busqueda_nombre_exacta"
60724.0;"";"dir_1064";"icaa";"busqueda_nombre_exacta"
60821.0;"";"dir_0850";"icaa";"busqueda_nombre_exacta"
61017.0;"";"dir_1065";"icaa";"busqueda_nombre_exacta"
61115.0;"";"dir_0160";"icaa";"busqueda_nombre_aproximada"
61316.0;"";"dir_0102";"icaa";"busqueda_nombre_exacta"
61419.0;"";"dir_1066";"icaa";"busqueda_nombre_exacta"
61523.0;"";"dir_1067";"icaa";"busqueda_nombre_exacta"
61719.0;"";"dir_1068";"icaa";"busqueda_nombre_exacta"
61819.0;"";"dir_0962";"icaa";"busqueda_nombre_exacta"
61824.0;"";"dir_1069";"icaa";"busqueda_nombre_exacta"
61919.0;"";"dir_1070";"icaa";"busqueda_nombre_exacta"
61923.0;"";"dir_1071";"icaa";"busqueda_nombre_exacta"
62018.0;"";"dir_1072";"icaa";"busqueda_nombre_exacta"
62216.0;"";"dir_1073";"icaa";"busqueda_nombre_exacta"
6225.0;"";"dir_1074";"icaa";"busqueda_nombre_exacta"
62316.0;"";"dir_0357";"icaa";"busqueda_nombre_exacta"
62321.0;"";"dir_1075";"icaa";"busqueda_nombre_exacta"
62420.0;"";"dir_0456";"icaa";"busqueda_nombre_exacta"
62725.0;"";"dir_1076";"icaa";"busqueda_nombre_exacta"
62917.0;"";"dir_1077";"icaa";"busqueda_nombre_exacta"
63023.0;"";"dir_1078";"icaa";"busqueda_nombre_exacta"
6316.0;"";"dir_0011";"icaa";"busqueda_nombre_exacta"
6319.0;"";"dir_0105";"icaa";"busqueda_nombre_exacta"
63217.0;"";"dir_1079";"icaa";"busqueda_nombre_exacta"
63220.0;"";"dir_1080";"icaa";"busqueda_nombre_exacta"
63520.0;"";"dir_1081";"icaa";"busqueda_nombre_exacta"
63523.0;"";"dir_1082";"icaa";"busqueda_nombre_exacta"
63617.0;"";"dir_1083";"icaa";"busqueda_nombre_exacta"
63620.0;"";"dir_1084";"icaa";"busqueda_nombre_exacta"
63620.0;"";"dir_1085";"icaa";"busqueda_nombre_exacta"
63821.0;"";"dir_1086";"icaa";"busqueda_nombre_exacta"
6385540.0;"";"dir_1087";"icaa";"busqueda_nombre_exacta"
64217.0;"";"dir_1088";"icaa";"busqueda_nombre_exacta"
64221.0;"";"dir_1089";"icaa";"busqueda_nombre_exacta"
64819.0;"";"dir_1090";"icaa";"busqueda_nombre_exacta"
64919.0;"";"dir_0011";"icaa";"busqueda_nombre_exacta"
64919.0;"";"dir_1091";"icaa";"busqueda_nombre_exacta"
65019.0;"";"dir_0160";"icaa";"busqueda_nombre_exacta"
65216.0;"";"dir_1092";"icaa";"busqueda_nombre_exacta"
65225.0;"";"dir_0350";"icaa";"busqueda_nombre_exacta"
65425.0;"";"dir_1093";"icaa";"busqueda_nombre_exacta"
65519.0;"";"dir_1094";"icaa";"busqueda_nombre_exacta"
65625.0;"";"dir_0773";"icaa";"busqueda_nombre_exacta"
65716.0;"";"dir_1095";"icaa";"busqueda_nombre_aproximada"
65920.0;"";"dir_1096";"icaa";"busqueda_nombre_exacta"
66116.0;"";"dir_0733";"icaa";"busqueda_nombre_exacta"
66119.0;"";"dir_1097";"icaa";"busqueda_nombre_exacta"
66119.0;"";"dir_1098";"icaa";"busqueda_nombre_exacta"
66120.0;"";"dir_1099";"icaa";"busqueda_nombre_exacta"
66218.0;"";"dir_1100";"icaa";"busqueda_nombre_exacta"
66218.0;"";"dir_1101";"icaa";"busqueda_nombre_aproximada"
66318.0;"";"dir_1102";"icaa";"busqueda_nombre_exacta"
66320.0;"";"dir_1103";"icaa";"busqueda_nombre_exacta"
66398.0;"";"dir_0094";"icaa";"busqueda_nombre_exacta"
66820.0;"";"dir_0094";"icaa";"busqueda_nombre_exacta"
6703.0;"";"dir_0402";"icaa";"busqueda_nombre_exacta"
67119.0;"";"dir_1104";"icaa";"busqueda_nombre_aproximada"
67503.0;"";"dir_1105";"icaa";"busqueda_nombre_exacta"
67720.0;"";"dir_1106";"icaa";"busqueda_nombre_exacta"
67721.0;"";"dir_1107";"icaa";"busqueda_nombre_exacta"
67818.0;"";"dir_1108";"icaa";"busqueda_nombre_exacta"
67825.0;"";"dir_1109";"icaa";"busqueda_nombre_aproximada"
67825.0;"";"dir_1110";"icaa";"busqueda_nombre_exacta"
67920.0;"";"dir_1111";"icaa";"busqueda_nombre_aproximada"
68020.0;"";"dir_1112";"icaa";"busqueda_nombre_exacta"
68119.0;"";"dir_1113";"icaa";"busqueda_nombre_exacta"
68123.0;"";"dir_1114";"icaa";"busqueda_nombre_exacta"
6817.0;"";"dir_1115";"icaa";"busqueda_nombre_exacta"
68217.0;"";"dir_1116";"icaa";"busqueda_nombre_exacta"
68417.0;"";"dir_0112";"icaa";"busqueda_nombre_exacta"
68716.0;"";"dir_0010";"icaa";"busqueda_nombre_exacta"
68920.0;"";"dir_0240";"icaa";"busqueda_nombre_exacta"
69119.0;"";"dir_1117";"icaa";"busqueda_nombre_exacta"
69217.0;"";"dir_0392";"icaa";"busqueda_nombre_exacta"
69223.0;"";"dir_1118";"icaa";"busqueda_nombre_aproximada"
6923.0;"";"dir_1119";"icaa";"busqueda_nombre_exacta"
69325.0;"";"dir_1120";"icaa";"busqueda_nombre_exacta"
6952.0;"";"dir_0672";"icaa";"busqueda_nombre_exacta"
69806.0;"";"dir_1121";"icaa";"busqueda_nombre_exacta"
6990.0;"";"dir_1122";"icaa";"busqueda_nombre_exacta"
70219.0;"";"dir_0974";"icaa";"busqueda_nombre_exacta"
70223.0;"";"dir_1123";"icaa";"busqueda_nombre_aproximada"
70320.0;"";"dir_0391";"icaa";"busqueda_nombre_exacta"
704551.0;"";"dir_0843";"icaa";"busqueda_nombre_aproximada"
709151.0;"";"dir_1124";"icaa";"busqueda_nombre_exacta"
71318.0;"";"dir_1125";"icaa";"busqueda_nombre_exacta"
71324.0;"";"dir_1126";"icaa";"busqueda_nombre_aproximada"
71511.0;"";"dir_1127";"icaa";"busqueda_nombre_exacta"
7186.0;"";"dir_0094";"icaa";"busqueda_nombre_exacta"
71923.0;"";"dir_1128";"icaa";"busqueda_nombre_exacta"
71925.0;"";"dir_1129";"icaa";"busqueda_nombre_exacta"
72323.0;"";"dir_0193";"icaa";"busqueda_nombre_exacta"
72550.0;"";"dir_1130";"icaa";"busqueda_nombre_exacta"
72924.0;"";"dir_1131";"icaa";"busqueda_nombre_exacta"
72924.0;"";"dir_1132";"icaa";"busqueda_nombre_exacta"
73120.0;"";"dir_1133";"icaa";"busqueda_nombre_exacta"
73215.0;"";"dir_1134";"icaa";"busqueda_nombre_exacta"
73620.0;"";"dir_0953";"icaa";"busqueda_nombre_exacta"
73720.0;"";"dir_1135";"icaa";"busqueda_nombre_exacta"
744751.0;"";"dir_1136";"icaa";"busqueda_nombre_aproximada"
74596.0;"";"dir_1137";"icaa";"busqueda_nombre_exacta"
74819.0;"";"dir_1138";"icaa";"busqueda_nombre_exacta"
74823.0;"";"dir_1139";"icaa";"busqueda_nombre_exacta"
74824.0;"";"dir_1140";"icaa";"busqueda_nombre_exacta"
74919.0;"";"dir_1141";"icaa";"busqueda_nombre_exacta"
75024.0;"";"dir_1142";"icaa";"busqueda_nombre_exacta"
75219.0;"";"dir_1143";"icaa";"busqueda_nombre_exacta"
7523.0;"";"dir_1144";"icaa";"busqueda_nombre_aproximada"
7523.0;"";"dir_1145";"icaa";"busqueda_nombre_aproximada"
75324.0;"";"dir_1146";"icaa";"busqueda_nombre_aproximada"
75324.0;"";"dir_1147";"icaa";"busqueda_nombre_aproximada"
75495.0;"";"dir_1148";"icaa";"busqueda_nombre_exacta"
75495.0;"";"dir_1149";"icaa";"busqueda_nombre_exacta"
75495.0;"";"dir_1150";"icaa";"busqueda_nombre_exacta"
75608.0;"";"dir_1151";"icaa";"busqueda_nombre_exacta"
75715.0;"";"dir_0135";"icaa";"busqueda_nombre_exacta"
75818.0;"";"dir_1152";"icaa";"busqueda_nombre_exacta"
76099.0;"";"dir_1153";"icaa";"busqueda_nombre_exacta"
76104.0;"";"dir_0556";"icaa";"busqueda_nombre_exacta"
76420.0;"";"dir_0350";"icaa";"busqueda_nombre_exacta"
768051.0;"";"dir_1154";"icaa";"busqueda_nombre_exacta"
76817.0;"";"dir_0161";"icaa";"busqueda_nombre_exacta"
76915.0;"";"dir_0251";"icaa";"busqueda_nombre_exacta"
77219.0;"";"dir_0444";"icaa";"busqueda_nombre_exacta"
7723.0;"";"dir_1155";"icaa";"busqueda_nombre_exacta"
77307.0;"";"dir_0710";"icaa";"busqueda_nombre_exacta"
77320.0;"";"dir_1156";"icaa";"busqueda_nombre_exacta"
77320.0;"";"dir_1157";"icaa";"busqueda_nombre_aproximada"
77619.0;"";"dir_1158";"icaa";"busqueda_nombre_exacta"
7784.0;"";"dir_0556";"icaa";"busqueda_nombre_exacta"
77920.0;"";"dir_0633";"icaa";"busqueda_nombre_exacta"
78020.0;"";"dir_1159";"icaa";"busqueda_nombre_exacta"
78025.0;"";"dir_0032";"icaa";"busqueda_nombre_exacta"
7820.0;"";"dir_1160";"icaa";"busqueda_nombre_exacta"
78215.0;"";"dir_1161";"icaa";"busqueda_nombre_exacta"
7823.0;"";"dir_1162";"icaa";"busqueda_nombre_exacta"
7823.0;"";"dir_1163";"icaa";"busqueda_nombre_exacta"
78515.0;"";"dir_0285";"icaa";"busqueda_nombre_exacta"
78915.0;"";"dir_0057";"icaa";"busqueda_nombre_exacta"
78915.0;"";"dir_0056";"icaa";"busqueda_nombre_exacta"
78920.0;"";"dir_0472";"icaa";"busqueda_nombre_exacta"
7901140.0;"";"dir_1164";"icaa";"busqueda_nombre_exacta"
79518.0;"";"dir_0307";"icaa";"busqueda_nombre_exacta"
79723.0;"";"dir_1165";"icaa";"busqueda_nombre_exacta"
80100.0;"";"dir_1166";"icaa";"busqueda_nombre_exacta"
80120.0;"";"dir_1167";"icaa";"busqueda_nombre_exacta"
80220.0;"";"dir_1168";"icaa";"busqueda_nombre_exacta"
80320.0;"";"dir_0639";"icaa";"busqueda_nombre_exacta"
80420.0;"";"dir_0314";"icaa";"busqueda_nombre_exacta"
80614.0;"";"dir_0371";"icaa";"busqueda_nombre_exacta"
80812.0;"";"dir_1137";"icaa";"busqueda_nombre_exacta"
81018.0;"";"dir_1169";"icaa";"busqueda_nombre_exacta"
81018.0;"";"dir_1170";"icaa";"busqueda_nombre_exacta"
81019.0;"";"dir_1171";"icaa";"busqueda_nombre_exacta"
81100.0;"";"dir_0178";"icaa";"busqueda_nombre_exacta"
81220.0;"";"dir_0251";"icaa";"busqueda_nombre_exacta"
81224.0;"";"dir_1172";"icaa";"busqueda_nombre_exacta"
81319.0;"";"dir_1173";"icaa";"busqueda_nombre_exacta"
81419.0;"";"dir_1174";"icaa";"busqueda_nombre_exacta"
81421.0;"";"dir_1175";"icaa";"busqueda_nombre_exacta"
81510.0;"";"dir_0188";"icaa";"busqueda_nombre_exacta"
81605.0;"";"dir_1176";"icaa";"busqueda_nombre_aproximada"
81615.0;"";"dir_1177";"icaa";"busqueda_nombre_exacta"
81622.0;"";"dir_1178";"icaa";"busqueda_nombre_exacta"
81717.0;"";"dir_1179";"icaa";"busqueda_nombre_exacta"
81720.0;"";"dir_0070";"icaa";"busqueda_nombre_exacta"
81820.0;"";"dir_1180";"icaa";"busqueda_nombre_exacta"
81822.0;"";"dir_1181";"icaa";"busqueda_nombre_exacta"
81824.0;"";"dir_1182";"icaa";"busqueda_nombre_exacta"
81920.0;"";"dir_1183";"icaa";"busqueda_nombre_aproximada"
82022.0;"";"dir_0915";"icaa";"busqueda_nombre_exacta"
82115.0;"";"dir_1184";"icaa";"busqueda_nombre_exacta"
82319.0;"";"dir_0335";"icaa";"busqueda_nombre_exacta"
82512.0;"";"dir_0045";"icaa";"busqueda_nombre_exacta"
82520.0;"";"dir_0281";"icaa";"busqueda_nombre_exacta"
82717.0;"";"dir_0284";"icaa";"busqueda_nombre_exacta"
82801.0;"";"dir_0094";"icaa";"busqueda_nombre_exacta"
82819.0;"";"dir_1185";"icaa";"busqueda_nombre_exacta"
828651.0;"";"dir_0672";"icaa";"busqueda_nombre_exacta"
82919.0;"";"dir_0322";"icaa";"busqueda_nombre_exacta"
83019.0;"";"dir_1186";"icaa";"busqueda_nombre_exacta"
83020.0;"";"dir_0175";"icaa";"busqueda_nombre_exacta"
83025.0;"";"dir_0502";"icaa";"busqueda_nombre_exacta"
83025.0;"";"dir_0503";"icaa";"busqueda_nombre_exacta"
83120.0;"";"dir_1187";"icaa";"busqueda_nombre_exacta"
83218.0;"";"dir_1188";"icaa";"busqueda_nombre_exacta"
83513.0;"";"dir_1189";"icaa";"busqueda_nombre_exacta"
83519.0;"";"dir_1190";"icaa";"busqueda_nombre_exacta"
83722.0;"";"dir_1191";"icaa";"busqueda_nombre_exacta"
83815.0;"";"dir_0439";"icaa";"busqueda_nombre_aproximada"
83821.0;"";"dir_1192";"icaa";"busqueda_nombre_exacta"
83915.0;"";"dir_0281";"icaa";"busqueda_nombre_exacta"
83920.0;"";"dir_1193";"icaa";"busqueda_nombre_exacta"
84022.0;"";"dir_1194";"icaa";"busqueda_nombre_exacta"
84115.0;"";"dir_0270";"icaa";"busqueda_nombre_exacta"
84118.0;"";"dir_1195";"icaa";"busqueda_nombre_exacta"
84219.0;"";"dir_1196";"icaa";"busqueda_nombre_aproximada"
84219.0;"";"dir_1197";"icaa";"busqueda_nombre_exacta"
84319.0;"";"dir_1198";"icaa";"busqueda_nombre_exacta"
84417.0;"";"dir_1199";"icaa";"busqueda_nombre_exacta"
84419.0;"";"dir_1200";"icaa";"busqueda_nombre_exacta"
84519.0;"";"dir_1135";"icaa";"busqueda_nombre_exacta"
84521.0;"";"dir_1177";"icaa";"busqueda_nombre_exacta"
84619.0;"";"dir_1201";"icaa";"busqueda_nombre_exacta"
84620.0;"";"dir_0465";"icaa";"busqueda_nombre_exacta"
84725.0;"";"dir_1202";"icaa";"busqueda_nombre_aproximada"
85115.0;"";"dir_1203";"icaa";"busqueda_nombre_exacta"
85119.0;"";"dir_0952";"icaa";"busqueda_nombre_exacta"
8516.0;"";"dir_1099";"icaa";"busqueda_nombre_exacta"
85219.0;"";"dir_1127";"icaa";"busqueda_nombre_exacta"
85323.0;"";"dir_1204";"icaa";"busqueda_nombre_exacta"
85325.0;"";"dir_0626";"icaa";"busqueda_nombre_exacta"
85419.0;"";"dir_1056";"icaa";"busqueda_nombre_exacta"
85515.0;"";"dir_1205";"icaa";"busqueda_nombre_aproximada"
85515.0;"";"dir_1206";"icaa";"busqueda_nombre_exacta"
85622.0;"";"dir_1207";"icaa";"busqueda_nombre_exacta"
85909.0;"";"dir_0821";"icaa";"busqueda_nombre_exacta"
85918.0;"";"dir_0094";"icaa";"busqueda_nombre_exacta"
86018.0;"";"dir_1208";"icaa";"busqueda_nombre_exacta"
86018.0;"";"dir_1209";"icaa";"busqueda_nombre_exacta"
86050.0;"";"dir_1210";"icaa";"busqueda_nombre_exacta"
86120.0;"";"dir_1211";"icaa";"busqueda_nombre_exacta"
86220.0;"";"dir_1212";"icaa";"busqueda_nombre_exacta"
86317.0;"";"dir_1213";"icaa";"busqueda_nombre_exacta"
86422.0;"";"dir_1214";"icaa";"busqueda_nombre_exacta"
86519.0;"";"dir_1215";"icaa";"busqueda_nombre_exacta"
86520.0;"";"dir_1216";"icaa";"busqueda_nombre_exacta"
8653.0;"";"dir_0795";"icaa";"busqueda_nombre_exacta"
86608.0;"";"dir_0666";"icaa";"busqueda_nombre_exacta"
86619.0;"";"dir_1217";"icaa";"busqueda_nombre_exacta"
86719.0;"";"dir_1218";"icaa";"busqueda_nombre_exacta"
86919.0;"";"dir_1177";"icaa";"busqueda_nombre_exacta"
87022.0;"";"dir_1219";"icaa";"busqueda_nombre_exacta"
87120.0;"";"dir_0526";"icaa";"busqueda_nombre_exacta"
87220.0;"";"dir_1103";"icaa";"busqueda_nombre_exacta"
873.0;"";"dir_0187";"icaa";"busqueda_nombre_exacta"
87425.0;"";"dir_0690";"icaa";"busqueda_nombre_exacta"
87816.0;"";"dir_1220";"icaa";"busqueda_nombre_exacta"
88020.0;"";"dir_1221";"icaa";"busqueda_nombre_exacta"
88021.0;"";"dir_1222";"icaa";"busqueda_nombre_exacta"
88117.0;"";"dir_0622";"icaa";"busqueda_nombre_exacta"
88117.0;"";"dir_0244";"icaa";"busqueda_nombre_exacta"
88117.0;"";"dir_0245";"icaa";"busqueda_nombre_exacta"
88119.0;"";"dir_1223";"icaa";"busqueda_nombre_exacta"
88123.0;"";"dir_1010";"icaa";"busqueda_nombre_exacta"
88218.0;"";"dir_1224";"icaa";"busqueda_nombre_exacta"
88222.0;"";"dir_1225";"icaa";"busqueda_nombre_exacta"
88319.0;"";"dir_1226";"icaa";"busqueda_nombre_exacta"
88319.0;"";"dir_1227";"icaa";"busqueda_nombre_exacta"
88350.0;"";"dir_0872";"icaa";"busqueda_nombre_exacta"
88520.0;"";"dir_1228";"icaa";"busqueda_nombre_exacta"
88622.0;"";"dir_1229";"icaa";"busqueda_nombre_exacta"
88622.0;"";"dir_1230";"icaa";"busqueda_nombre_exacta"
88720.0;"";"dir_1231";"icaa";"busqueda_nombre_exacta"
88919.0;"";"dir_1232";"icaa";"busqueda_nombre_exacta"
89011.0;"";"dir_1233";"icaa";"busqueda_nombre_exacta"
89019.0;"";"dir_0877";"icaa";"busqueda_nombre_exacta"
89019.0;"";"dir_0754";"icaa";"busqueda_nombre_exacta"
8908340.0;"";"dir_1234";"icaa";"busqueda_nombre_exacta"
89218.0;"";"dir_1235";"icaa";"busqueda_nombre_exacta"
89318.0;"";"dir_1236";"icaa";"busqueda_nombre_exacta"
89318.0;"";"dir_1237";"icaa";"busqueda_nombre_exacta"
89318.0;"";"dir_1238";"icaa";"busqueda_nombre_exacta"
89422.0;"";"dir_0891";"icaa";"busqueda_nombre_exacta"
89425.0;"";"dir_0140";"icaa";"busqueda_nombre_exacta"
89425.0;"";"dir_1239";"icaa";"busqueda_nombre_exacta"
89519.0;"";"dir_1240";"icaa";"busqueda_nombre_exacta"
89620.0;"";"dir_1241";"icaa";"busqueda_nombre_exacta"
896951.0;"";"dir_0815";"icaa";"busqueda_nombre_exacta"
89719.0;"";"dir_1242";"icaa";"busqueda_nombre_exacta"
89719.0;"";"dir_1243";"icaa";"busqueda_nombre_exacta"
89719.0;"";"dir_1244";"icaa";"busqueda_nombre_exacta"
89721.0;"";"dir_0009";"icaa";"busqueda_nombre_exacta"
89819.0;"";"dir_1245";"icaa";"busqueda_nombre_exacta"
89820.0;"";"dir_1246";"icaa";"busqueda_nombre_exacta"
8983.0;"";"dir_0310";"icaa";"busqueda_nombre_exacta"
89920.0;"";"dir_1247";"icaa";"busqueda_nombre_exacta"
89922.0;"";"dir_1248";"icaa";"busqueda_nombre_exacta"
90020.0;"";"dir_1249";"icaa";"busqueda_nombre_exacta"
90421.0;"";"dir_1250";"icaa";"busqueda_nombre_exacta"
90520.0;"";"dir_0648";"icaa";"busqueda_nombre_exacta"
90809.0;"";"dir_0956";"icaa";"busqueda_nombre_exacta"
90920.0;"";"dir_1251";"icaa";"busqueda_nombre_exacta"
91019.0;"";"dir_1252";"icaa";"busqueda_nombre_exacta"
91020.0;"";"dir_1253";"icaa";"busqueda_nombre_exacta"
91222.0;"";"dir_0266";"icaa";"busqueda_nombre_exacta"
91222.0;"";"dir_1254";"icaa";"busqueda_nombre_exacta"
91320.0;"";"dir_1148";"icaa";"busqueda_nombre_exacta"
91422.0;"";"dir_0966";"icaa";"busqueda_nombre_exacta"
91612.0;"";"dir_1255";"icaa";"busqueda_nombre_exacta"
91612.0;"";"dir_1256";"icaa";"busqueda_nombre_exacta"
91612.0;"";"dir_1257";"icaa";"busqueda_nombre_exacta"
91612.0;"";"dir_1258";"icaa";"busqueda_nombre_exacta"
91617.0;"";"dir_0188";"icaa";"busqueda_nombre_exacta"
91619.0;"";"dir_1259";"icaa";"busqueda_nombre_exacta"
91720.0;"";"dir_0754";"icaa";"busqueda_nombre_aproximada"
91722.0;"";"dir_1260";"icaa";"busqueda_nombre_exacta"
9179.0;"";"dir_1261";"icaa";"busqueda_nombre_exacta"
91919.0;"";"dir_1262";"icaa";"busqueda_nombre_exacta"
921.0;"";"dir_1184";"icaa";"busqueda_nombre_exacta"
92120.0;"";"dir_1263";"icaa";"busqueda_nombre_exacta"
92219.0;"";"dir_1264";"icaa";"busqueda_nombre_exacta"
92220.0;"";"dir_1265";"icaa";"busqueda_nombre_exacta"
92222.0;"";"dir_1266";"icaa";"busqueda_nombre_exacta"
92318.0;"";"dir_0366";"icaa";"busqueda_nombre_exacta"
92525.0;"";"dir_1267";"icaa";"busqueda_nombre_aproximada"
92618.0;"";"dir_1268";"icaa";"busqueda_nombre_exacta"
92722.0;"";"dir_1269";"icaa";"busqueda_nombre_exacta"
9285.0;"";"dir_1122";"icaa";"busqueda_nombre_exacta"
92920.0;"";"dir_1270";"icaa";"busqueda_nombre_exacta"
92920.0;"";"dir_1271";"icaa";"busqueda_nombre_exacta"
92994.0;"";"dir_1272";"icaa";"busqueda_nombre_exacta"
93122.0;"";"dir_1273";"icaa";"busqueda_nombre_exacta"
93222.0;"";"dir_1274";"icaa";"busqueda_nombre_exacta"
93321.0;"";"dir_0242";"icaa";"busqueda_nombre_exacta"
93322.0;"";"dir_1092";"icaa";"busqueda_nombre_exacta"
93409.0;"";"dir_1275";"icaa";"busqueda_nombre_exacta"
93420.0;"";"dir_1276";"icaa";"busqueda_nombre_exacta"
935251.0;"";"dir_0672";"icaa";"busqueda_nombre_exacta"
93820.0;"";"dir_0009";"icaa";"busqueda_nombre_exacta"
93920.0;"";"dir_0285";"icaa";"busqueda_nombre_exacta"
93922.0;"";"dir_1277";"icaa";"busqueda_nombre_exacta"
94100.0;"";"dir_0808";"icaa";"busqueda_nombre_exacta"
94119.0;"";"dir_0958";"icaa";"busqueda_nombre_exacta"
94219.0;"";"dir_1278";"icaa";"busqueda_nombre_exacta"
94420.0;"";"dir_0063";"icaa";"busqueda_nombre_exacta"
94619.0;"";"dir_0567";"icaa";"busqueda_nombre_aproximada"
94619.0;"";"dir_1279";"icaa";"busqueda_nombre_exacta"
94620.0;"";"dir_1280";"icaa";"busqueda_nombre_exacta"
94722.0;"";"dir_1281";"icaa";"busqueda_nombre_exacta"
94807.0;"";"dir_1282";"icaa";"busqueda_nombre_exacta"
94816.0;"";"dir_1283";"icaa";"busqueda_nombre_exacta"
94919.0;"";"dir_1284";"icaa";"busqueda_nombre_exacta"
94920.0;"";"dir_1285";"icaa";"busqueda_nombre_exacta"
94925.0;"";"dir_1286";"icaa";"busqueda_nombre_exacta"
95017.0;"";"dir_1287";"icaa";"busqueda_nombre_exacta"
95189.0;"";"dir_0132";"icaa";"busqueda_nombre_exacta"
95219.0;"";"dir_1288";"icaa";"busqueda_nombre_exacta"
95219.0;"";"dir_1289";"icaa";"busqueda_nombre_exacta"
954440.0;"";"dir_1290";"icaa";"busqueda_nombre_exacta"
95519.0;"";"dir_1291";"icaa";"busqueda_nombre_exacta"
95520.0;"";"dir_1292";"icaa";"busqueda_nombre_exacta"
95619.0;"";"dir_1293";"icaa";"busqueda_nombre_exacta"
95821.0;"";"dir_0754";"icaa";"busqueda_nombre_aproximada"
95908.0;"";"dir_1294";"icaa";"busqueda_nombre_exacta"
95915.0;"";"dir_0094";"icaa";"busqueda_nombre_exacta"
95997.0;"";"dir_0334";"icaa";"busqueda_nombre_exacta"
96020.0;"";"dir_1295";"icaa";"busqueda_nombre_exacta"
96020.0;"";"dir_1296";"icaa";"busqueda_nombre_aproximada"
9624.0;"";"dir_1297";"icaa";"busqueda_nombre_exacta"
96306.0;"";"dir_1194";"icaa";"busqueda_nombre_exacta"
96422.0;"";"dir_1298";"icaa";"busqueda_nombre_exacta"
96720.0;"";"dir_0965";"icaa";"busqueda_nombre_exacta"
96824.0;"";"dir_1299";"icaa";"busqueda_nombre_exacta"
97120.0;"";"dir_0638";"icaa";"busqueda_nombre_exacta"
97319.0;"";"dir_1300";"icaa";"busqueda_nombre_exacta"
97420.0;"";"dir_1301";"icaa";"busqueda_nombre_exacta"
974551.0;"";"dir_1302";"icaa";"busqueda_nombre_exacta"
974551.0;"";"dir_1303";"icaa";"busqueda_nombre_exacta"
97522.0;"";"dir_0927";"icaa";"busqueda_nombre_exacta"
97622.0;"";"dir_0161";"icaa";"busqueda_nombre_exacta"
97718.0;"";"dir_1304";"icaa";"busqueda_nombre_exacta"
97722.0;"";"dir_0629";"icaa";"busqueda_nombre_exacta"
97722.0;"";"dir_0628";"icaa";"busqueda_nombre_exacta"
98119.0;"";"dir_1305";"icaa";"busqueda_nombre_exacta"
98219.0;"";"dir_1306";"icaa";"busqueda_nombre_exacta"
98220.0;"";"dir_0859";"icaa";"busqueda_nombre_exacta"
98319.0;"";"dir_1307";"icaa";"busqueda_nombre_exacta"
98420.0;"";"dir_1308";"icaa";"busqueda_nombre_exacta"
98520.0;"";"dir_1309";"icaa";"busqueda_nombre_aproximada"
98520.0;"";"dir_1310";"icaa";"busqueda_nombre_aproximada"
98819.0;"";"dir_1004";"icaa";"busqueda_nombre_exacta"
98820.0;"";"dir_0439";"icaa";"busqueda_nombre_exacta"
98920.0;"";"dir_0774";"icaa";"busqueda_nombre_exacta"
98922.0;"";"dir_1311";"icaa";"busqueda_nombre_exacta"
99022.0;"";"dir_0240";"icaa";"busqueda_nombre_exacta"
99120.0;"";"dir_0101";"icaa";"busqueda_nombre_exacta"
99122.0;"";"dir_1312";"icaa";"busqueda_nombre_exacta"
99125.0;"";"dir_0324";"icaa";"busqueda_nombre_exacta"
9917.0;"";"dir_1313";"icaa";"busqueda_nombre_exacta"
99520.0;"";"dir_0806";"icaa";"busqueda_nombre_exacta"
99622.0;"";"dir_1314";"icaa";"busqueda_nombre_exacta"
99622.0;"";"dir_1315";"icaa";"busqueda_nombre_exacta"
99820.0;"";"dir_1063";"icaa";"busqueda_nombre_exacta"
99822.0;"";"dir_1316";"icaa";"busqueda_nombre_exacta"
99908.0;"";"dir_1317";"icaa";"busqueda_nombre_exacta"
99920.0;"";"dir_1318";"icaa";"busqueda_nombre_exacta"
"";1396.0;"dir_1319";"tmdb_directo";"directo"
"";9923.0;"dir_1320";"tmdb_directo";"directo"
"";31732.0;"dir_1321";"tmdb_directo";"directo"
"";56815.0;"dir_1322";"tmdb_directo";"directo"
"";225574.0;"dir_1323";"tmdb_directo";"directo"
"";254470.0;"dir_1324";"tmdb_directo";"directo"
"";315162.0;"dir_1325";"tmdb_directo";"directo"
"";376659.0;"dir_1326";"tmdb_directo";"directo"
"";376659.0;"dir_1327";"tmdb_directo";"directo"
"";411135.0;"dir_1328";"tmdb_directo";"directo"
"";411135.0;"dir_1329";"tmdb_directo";"directo"
"";637055.0;"dir_1330";"tmdb_directo";"directo"
"";725893.0;"dir_1331";"tmdb_directo";"directo"
"";746972.0;"dir_1332";"tmdb_directo";"directo"
"";746972.0;"dir_1333";"tmdb_directo";"directo"
"";751542.0;"dir_1334";"tmdb_directo";"directo"
"";759180.0;"dir_1335";"tmdb_directo";"directo"
"";759180.0;"dir_1336";"tmdb_directo";"directo"
"";765849.0;"dir_1337";"tmdb_directo";"directo"
"";765849.0;"dir_1338";"tmdb_directo";"directo"
"";776503.0;"dir_1339";"tmdb_directo";"directo"
"";794038.0;"dir_1340";"tmdb_directo";"directo"
"";800890.0;"dir_1341";"tmdb_directo";"directo"
"";801005.0;"dir_0075";"tmdb_directo";"directo"
"";801005.0;"dir_1342";"tmdb_directo";"directo"
"";801005.0;"dir_1343";"tmdb_directo";"directo"
"";801005.0;"dir_1344";"tmdb_directo";"directo"
"";801005.0;"dir_1345";"tmdb_directo";"directo"
"";802365.0;"dir_0110";"tmdb_directo";"directo"
"";803427.0;"dir_0427";"tmdb_directo";"directo"
"";803864.0;"dir_1346";"tmdb_directo";"directo"
"";810016.0;"dir_1347";"tmdb_directo";"directo"
"";811631.0;"dir_1348";"tmdb_directo";"directo"
"";819082.0;"dir_1349";"tmdb_directo";"directo"
"";834887.0;"dir_1350";"tmdb_directo";"directo"
"";837674.0;"dir_1351";"tmdb_directo";"directo"
"";847821.0;"dir_1078";"tmdb_directo";"directo"
"";880305.0;"dir_1352";"tmdb_directo";"directo"
"";882844.0;"dir_1353";"tmdb_directo";"directo"
"";903085.0;"dir_1354";"tmdb_directo";"directo"
"";903085.0;"dir_1355";"tmdb_directo";"directo"
"";903085.0;"dir_1356";"tmdb_directo";"directo"
"";934408.0;"dir_0503";"tmdb_directo";"directo"
"";934408.0;"dir_0502";"tmdb_directo";"directo"
"";943001.0;"dir_0252";"tmdb_directo";"directo"
"";946700.0;"dir_0776";"tmdb_directo";"directo"
"";946700.0;"dir_0777";"tmdb_directo";"directo"
"";952512.0;"dir_1357";"tmdb_directo";"directo"
"";960576.0;"dir_1358";"tmdb_directo";"directo"
"";974244.0;"dir_1359";"tmdb_directo";"directo"
"";978006.0;"dir_1360";"tmdb_directo";"directo"
"";978006.0;"dir_1361";"tmdb_directo";"directo"
"";982531.0;"dir_1362";"tmdb_directo";"directo"
"";988159.0;"dir_1363";"tmdb_directo";"directo"
"";1000738.0;"dir_1364";"tmdb_directo";"directo"
"";1001487.0;"dir_1365";"tmdb_directo";"directo"
"";1001487.0;"dir_1366";"tmdb_directo";"directo"
"";1001631.0;"dir_1367";"tmdb_directo";"directo"
"";1001682.0;"dir_1368";"tmdb_directo";"directo"
"";1001682.0;"dir_1369";"tmdb_directo";"directo"
"";1006082.0;"dir_1370";"tmdb_directo";"directo"
"";1017908.0;"dir_1371";"tmdb_directo";"directo"
"";1025314.0;"dir_1372";"tmdb_directo";"directo"
"";1033028.0;"dir_1373";"tmdb_directo";"directo"
"";1038875.0;"dir_1374";"tmdb_directo";"directo"
"";1052841.0;"dir_1375";"tmdb_directo";"directo"
"";1067551.0;"dir_1376";"tmdb_directo";"directo"
"";1067609.0;"dir_1377";"tmdb_directo";"directo"
"";1068553.0;"dir_1378";"tmdb_directo";"directo"
"";1069507.0;"dir_1379";"tmdb_directo";"directo"
"";1095771.0;"dir_1380";"tmdb_directo";"directo"
"";1107440.0;"dir_1381";"tmdb_directo";"directo"
"";1127912.0;"dir_1382";"tmdb_directo";"directo"
"";1129606.0;"dir_1383";"tmdb_directo";"directo"
"";1129606.0;"dir_1384";"tmdb_directo";"directo"
"";1129606.0;"dir_1385";"tmdb_directo";"directo"
"";1145674.0;"dir_1386";"tmdb_directo";"directo"
"";1156381.0;"dir_0893";"tmdb_directo";"directo"
"";1157296.0;"dir_1387";"tmdb_directo";"directo"
"";1157658.0;"dir_1388";"tmdb_directo";"directo"
"";1157658.0;"dir_1389";"tmdb_directo";"directo"
"";1158844.0;"dir_1390";"tmdb_directo";"directo"
"";1158844.0;"dir_1391";"tmdb_directo";"directo"
"";1159021.0;"dir_0586";"tmdb_directo";"directo"
"";1176766.0;"dir_1392";"tmdb_directo";"directo"
"";1185347.0;"dir_1393";"tmdb_directo";"directo"
"";1197453.0;"dir_1394";"tmdb_directo";"directo"
"";1200753.0;"dir_1395";"tmdb_directo";"directo"
"";1220043.0;"dir_1396";"tmdb_directo";"directo"
"";1225745.0;"dir_1397";"tmdb_directo";"directo"
"";1229067.0;"dir_1363";"tmdb_directo";"directo"
"";1240174.0;"dir_1398";"tmdb_directo";"directo"
"";1245899.0;"dir_1363";"tmdb_directo";"directo"
"";1248026.0;"dir_1363";"tmdb_directo";"directo"
"";1248816.0;"dir_1363";"tmdb_directo";"directo"
"";1250201.0;"dir_1399";"tmdb_directo";"directo"
"";1250201.0;"dir_1400";"tmdb_directo";"directo"
"";1250795.0;"dir_1401";"tmdb_directo";"directo"
"";1252732.0;"dir_1363";"tmdb_directo";"directo"
"";1255712.0;"dir_1402";"tmdb_directo";"directo"
"";1256148.0;"dir_0108";"tmdb_directo";"directo"
"";1270943.0;"dir_1371";"tmdb_directo";"directo"
"";1270943.0;"dir_1021";"tmdb_directo";"directo"
"";1285801.0;"dir_1403";"tmdb_directo";"directo"
"";1287279.0;"dir_1404";"tmdb_directo";"directo"
"";1287279.0;"dir_1405";"tmdb_directo";"directo"
"";1287713.0;"dir_1406";"tmdb_directo";"directo"
"";1288250.0;"dir_1407";"tmdb_directo";"directo"
"";1307150.0;"dir_1408";"tmdb_directo";"directo"
"";1310024.0;"dir_1409";"tmdb_directo";"directo"
"";1317931.0;"dir_1406";"tmdb_directo";"directo"
"";1320323.0;"dir_1410";"tmdb_directo";"directo"
"";1323762.0;"dir_1411";"tmdb_directo";"directo"
"";1323762.0;"dir_1412";"tmdb_directo";"directo"
"";1346537.0;"dir_1413";"tmdb_directo";"directo"
"";1355283.0;"dir_0087";"tmdb_directo";"directo"
"";1360402.0;"dir_1414";"tmdb_directo";"directo"
"";1360528.0;"dir_1415";"tmdb_directo";"directo"
"";1386565.0;"dir_1416";"tmdb_directo";"directo"
"";1395187.0;"dir_1215";"tmdb_directo";"directo"
"";1395187.0;"dir_1417";"tmdb_directo";"directo"
"";1404606.0;"dir_1418";"tmdb_directo";"directo"
"";1442175.0;"dir_1419";"tmdb_directo";"directo"
"";1442175.0;"dir_1420";"tmdb_directo";"directo"
"";1442764.0;"dir_1421";"tmdb_directo";"directo"
"";1449392.0;"dir_1422";"tmdb_directo";"directo"
"";1449392.0;"dir_1423";"tmdb_directo";"directo"
"";1449392.0;"dir_1424";"tmdb_directo";"directo"
"";1449392.0;"dir_1425";"tmdb_directo";"directo"
"";1449392.0;"dir_1426";"tmdb_directo";"directo"
"";1449392.0;"dir_1427";"tmdb_directo";"directo"
"";1451230.0;"dir_1428";"tmdb_directo";"directo"
"";1451230.0;"dir_1429";"tmdb_directo";"directo"
"";1458304.0;"dir_1430";"tmdb_directo";"directo"
"";1460931.0;"dir_1431";"tmdb_directo";"directo"
"";1475645.0;"dir_1432";"tmdb_directo";"directo"
"";1477335.0;"dir_1363";"tmdb_directo";"directo"
"";1529720.0;"dir_1433";"tmdb_directo";"directo"
"";1573024.0;"dir_1434";"tmdb_directo";"directo"
"";1582147.0;"dir_1435";"tmdb_directo";"directo"
"";1595465.0;"dir_1436";"tmdb_directo";"directo"
"";1601411.0;"dir_1437";"tmdb_directo";"directo"
"";1661588.0;"dir_1438";"tmdb_directo";"directo"
"";1705959.0;"dir_1439";"tmdb_directo";"directo"
"";1737531.0;"dir_1440";"tmdb_directo";"directo"
100517.0;"";"dir_1441";"icaa";""
102022.0;"";"dir_1442";"icaa";""
1022.0;"";"dir_1443";"icaa";""
1022.0;"";"dir_1444";"icaa";""
102521.0;"";"dir_1445";"icaa";""
102620.0;"";"dir_1446";"icaa";""
102920.0;"";"dir_1447";"icaa";""
103817.0;"";"dir_1448";"icaa";""
104620.0;"";"dir_1449";"icaa";""
10522.0;"";"dir_1450";"icaa";""
106418.0;"";"dir_1451";"icaa";""
107300.0;"";"dir_1452";"icaa";""
107300.0;"";"dir_1453";"icaa";""
107918.0;"";"dir_1454";"icaa";""
110623.0;"";"dir_1455";"icaa";""
110718.0;"";"dir_1456";"icaa";""
11106.0;"";"dir_1457";"icaa";""
11122.0;"";"dir_1458";"icaa";""
111321.0;"";"dir_1459";"icaa";""
112222.0;"";"dir_1460";"icaa";""
11224.0;"";"dir_1461";"icaa";""
114520.0;"";"dir_1462";"icaa";""
114618.0;"";"dir_1463";"icaa";""
114821.0;"";"dir_1464";"icaa";""
116121.0;"";"dir_1465";"icaa";""
11725.0;"";"dir_1466";"icaa";""
119516.0;"";"dir_1467";"icaa";""
119821.0;"";"dir_1468";"icaa";""
120016.0;"";"dir_1469";"icaa";""
123122.0;"";"dir_1470";"icaa";""
124017.0;"";"dir_1471";"icaa";""
124622.0;"";"dir_1472";"icaa";""
126723.0;"";"dir_1473";"icaa";""
130222.0;"";"dir_1474";"icaa";""
131517.0;"";"dir_1475";"icaa";""
13321.0;"";"dir_1476";"icaa";""
140423.0;"";"dir_1477";"icaa";""
141023.0;"";"dir_1478";"icaa";""
143223.0;"";"dir_1479";"icaa";""
145026.0;"";"dir_1480";"icaa";""
146920.0;"";"dir_1481";"icaa";""
147323.0;"";"dir_1482";"icaa";""
147323.0;"";"dir_1483";"icaa";""
150320.0;"";"dir_1484";"icaa";""
150917.0;"";"dir_1485";"icaa";""
151522.0;"";"dir_1486";"icaa";""
152221.0;"";"dir_1487";"icaa";""
152624.0;"";"dir_1488";"icaa";""
154721.0;"";"dir_1489";"icaa";""
154817.0;"";"dir_1490";"icaa";""
154817.0;"";"dir_1491";"icaa";""
155521.0;"";"dir_1492";"icaa";""
155822.0;"";"dir_1493";"icaa";""
15624.0;"";"dir_1494";"icaa";""
156322.0;"";"dir_1495";"icaa";""
156421.0;"";"dir_1496";"icaa";""
158224.0;"";"dir_1497";"icaa";""
159520.0;"";"dir_1498";"icaa";""
161223.0;"";"dir_1499";"icaa";""
161921.0;"";"dir_1449";"icaa";""
162019.0;"";"dir_1500";"icaa";""
1621.0;"";"dir_1501";"icaa";""
162923.0;"";"dir_1502";"icaa";""
16315.0;"";"dir_1503";"icaa";""
16315.0;"";"dir_1504";"icaa";""
163521.0;"";"dir_1505";"icaa";""
163721.0;"";"dir_1506";"icaa";""
166321.0;"";"dir_1507";"icaa";""
170117.0;"";"dir_1508";"icaa";""
170524.0;"";"dir_1509";"icaa";""
171424.0;"";"dir_1510";"icaa";""
171721.0;"";"dir_1511";"icaa";""
171721.0;"";"dir_1512";"icaa";""
171721.0;"";"dir_1513";"icaa";""
172224.0;"";"dir_1514";"icaa";""
172918.0;"";"dir_1515";"icaa";""
174121.0;"";"dir_1516";"icaa";""
17421.0;"";"dir_1517";"icaa";""
174321.0;"";"dir_1518";"icaa";""
177417.0;"";"dir_1519";"icaa";""
178624.0;"";"dir_1520";"icaa";""
178624.0;"";"dir_1521";"icaa";""
17878.0;"";"dir_1522";"icaa";""
179923.0;"";"dir_1494";"icaa";""
180521.0;"";"dir_1523";"icaa";""
181424.0;"";"dir_1524";"icaa";""
182623.0;"";"dir_1525";"icaa";""
182720.0;"";"dir_1526";"icaa";""
182823.0;"";"dir_1527";"icaa";""
183621.0;"";"dir_1528";"icaa";""
184010.0;"";"dir_1529";"icaa";""
185120.0;"";"dir_1530";"icaa";""
185620.0;"";"dir_1531";"icaa";""
186516.0;"";"dir_1532";"icaa";""
187521.0;"";"dir_1533";"icaa";""
188323.0;"";"dir_1534";"icaa";""
18875.0;"";"dir_1535";"icaa";""
19016.0;"";"dir_1536";"icaa";""
191118.0;"";"dir_1537";"icaa";""
191421.0;"";"dir_1538";"icaa";""
192423.0;"";"dir_1539";"icaa";""
1925.0;"";"dir_1540";"icaa";""
194222.0;"";"dir_1541";"icaa";""
194810.0;"";"dir_1542";"icaa";""
194921.0;"";"dir_1543";"icaa";""
1950.0;"";"dir_1544";"icaa";""
195721.0;"";"dir_1545";"icaa";""
197219.0;"";"dir_1546";"icaa";""
198417.0;"";"dir_1470";"icaa";""
206318.0;"";"dir_1547";"icaa";""
210021.0;"";"dir_1548";"icaa";""
210624.0;"";"dir_1549";"icaa";""
210624.0;"";"dir_1550";"icaa";""
211624.0;"";"dir_1551";"icaa";""
212522.0;"";"dir_1459";"icaa";""
212823.0;"";"dir_1552";"icaa";""
212922.0;"";"dir_1553";"icaa";""
213025.0;"";"dir_1494";"icaa";""
219021.0;"";"dir_1554";"icaa";""
219021.0;"";"dir_1555";"icaa";""
219116.0;"";"dir_1556";"icaa";""
220721.0;"";"dir_1557";"icaa";""
221325.0;"";"dir_1558";"icaa";""
223525.0;"";"dir_1559";"icaa";""
224225.0;"";"dir_1560";"icaa";""
226623.0;"";"dir_1561";"icaa";""
227321.0;"";"dir_1562";"icaa";""
231023.0;"";"dir_1563";"icaa";""
241325.0;"";"dir_1492";"icaa";""
24617.0;"";"dir_1564";"icaa";""
247725.0;"";"dir_1565";"icaa";""
250430.0;"";"dir_1566";"icaa";""
251524.0;"";"dir_1567";"icaa";""
252125.0;"";"dir_1568";"icaa";""
26421.0;"";"dir_1569";"icaa";""
270225.0;"";"dir_1570";"icaa";""
27614.0;"";"dir_1571";"icaa";""
27825.0;"";"dir_1572";"icaa";""
28921.0;"";"dir_1573";"icaa";""
3024.0;"";"dir_1574";"icaa";""
30720.0;"";"dir_1575";"icaa";""
33920.0;"";"dir_1576";"icaa";""
34217.0;"";"dir_1577";"icaa";""
34621.0;"";"dir_1578";"icaa";""
35323.0;"";"dir_1579";"icaa";""
36922.0;"";"dir_1580";"icaa";""
3719.0;"";"dir_1581";"icaa";""
38715.0;"";"dir_1582";"icaa";""
40513.0;"";"dir_1583";"icaa";""
41119.0;"";"dir_1584";"icaa";""
41915.0;"";"dir_1585";"icaa";""
41922.0;"";"dir_1586";"icaa";""
41922.0;"";"dir_1587";"icaa";""
43412.0;"";"dir_1588";"icaa";""
43524.0;"";"dir_1589";"icaa";""
45723.0;"";"dir_1590";"icaa";""
46223.0;"";"dir_1591";"icaa";""
46515.0;"";"dir_1592";"icaa";""
47321.0;"";"dir_1593";"icaa";""
48423.0;"";"dir_1594";"icaa";""
49318.0;"";"dir_1595";"icaa";""
49725.0;"";"dir_1596";"icaa";""
51022.0;"";"dir_1597";"icaa";""
51123.0;"";"dir_1598";"icaa";""
51221.0;"";"dir_1599";"icaa";""
51508.0;"";"dir_1600";"icaa";""
51713.0;"";"dir_1601";"icaa";""
52024.0;"";"dir_1602";"icaa";""
54621.0;"";"dir_1603";"icaa";""
54917.0;"";"dir_1604";"icaa";""
5521.0;"";"dir_1605";"icaa";""
55417.0;"";"dir_1606";"icaa";""
56717.0;"";"dir_1607";"icaa";""
56820.0;"";"dir_1577";"icaa";""
57417.0;"";"dir_1608";"icaa";""
58821.0;"";"dir_1609";"icaa";""
58821.0;"";"dir_1610";"icaa";""
59523.0;"";"dir_1611";"icaa";""
60221.0;"";"dir_1612";"icaa";""
60421.0;"";"dir_1613";"icaa";""
61323.0;"";"dir_1614";"icaa";""
61324.0;"";"dir_1615";"icaa";""
61324.0;"";"dir_1616";"icaa";""
61324.0;"";"dir_1617";"icaa";""
61623.0;"";"dir_1618";"icaa";""
63321.0;"";"dir_1619";"icaa";""
63820.0;"";"dir_1620";"icaa";""
64225.0;"";"dir_1621";"icaa";""
65415.0;"";"dir_1622";"icaa";""
65423.0;"";"dir_1623";"icaa";""
67315.0;"";"dir_1624";"icaa";""
69223.0;"";"dir_1625";"icaa";""
69223.0;"";"dir_1626";"icaa";""
69513.0;"";"dir_1627";"icaa";""
709151.0;"";"dir_1628";"icaa";""
71013.0;"";"dir_1629";"icaa";""
71925.0;"";"dir_1630";"icaa";""
73715.0;"";"dir_1631";"icaa";""
74719.0;"";"dir_1575";"icaa";""
7513.0;"";"dir_1632";"icaa";""
75824.0;"";"dir_1633";"icaa";""
76523.0;"";"dir_1634";"icaa";""
7723.0;"";"dir_1635";"icaa";""
80907.0;"";"dir_1636";"icaa";""
81819.0;"";"dir_1637";"icaa";""
81824.0;"";"dir_1638";"icaa";""
81919.0;"";"dir_1639";"icaa";""
82916.0;"";"dir_1640";"icaa";""
84013.0;"";"dir_1475";"icaa";""
85019.0;"";"dir_1641";"icaa";""
85909.0;"";"dir_1642";"icaa";""
90404.0;"";"dir_1643";"icaa";""
9120.0;"";"dir_1644";"icaa";""
91217.0;"";"dir_1645";"icaa";""
92920.0;"";"dir_1646";"icaa";""
93416.0;"";"dir_1647";"icaa";""
95019.0;"";"dir_1501";"icaa";""
97315.0;"";"dir_1475";"icaa";""
98017.0;"";"dir_1648";"icaa";""
99019.0;"";"dir_1649";"icaa";""
9917.0;"";"dir_1589";"icaa";""
