"guionista_id";"person_id_tmdb";"nombre";"sexo";"fuente_sexo";"pais";"fuente_pais";"nombre_credito_original"
1;229931;"Asghar Farhadi";"hombre";"tmdb";"IR";"tmdb_heuristico";""
2;1930872;"Ferrán Navarro-Beltrán";"hombre";"tmdb";"";"";""
3;1114075;"Vicente Pérez Herrero";"";"";"";"";""
4;1120691;"Antonio Drove";"hombre";"tmdb";"ES";"tmdb_heuristico";""
5;87506;"Antonio Larreta";"hombre";"tmdb";"UY";"tmdb_heuristico";""
6;4748222;"Jose Ramón Fernández Pinazo";"";"";"";"";""
7;2434913;"César Souto Vilanova";"";"";"";"";""
8;2434919;"Cristina Liz Graña";"";"";"";"";""
9;5349292;"Ramón Pineda";"";"";"";"";""
10;1452364;"Mercè Sarrias";"mujer";"wikidata";"ES";"wikidata";""
11;2522953;"Patricia Franquesa";"";"";"";"";""
12;96369;"Carlos Saura";"hombre";"tmdb";"ES";"tmdb_heuristico";""
13;37590;"Rafael Azcona";"hombre";"tmdb";"ES";"tmdb_heuristico";""
14;1115312;"Gaizka Urresti";"hombre";"wikidata";"ES";"wikidata";""
15;1284828;"Juan Barrero";"";"";"";"";""
16;5955689;"Moisés Garrido";"";"";"";"";""
17;3567270;"Evgeny Yablokov";"";"";"";"";""
18;1036577;"Elio Quiroga";"hombre";"tmdb";"ES";"wikidata";""
19;3778185;"Nick Igea";"";"";"";"";""
20;2020210;"Zebina Guerra";"mujer";"tmdb";"ES";"tmdb_heuristico";""
21;135468;"Juan Pablo Buscarini";"hombre";"tmdb";"AR";"tmdb_heuristico";""
22;4962452;"Pablo Enrique Bossi";"hombre";"manual";"AR";"manual";""
23;1316935;"Sergi Cameron";"hombre";"tmdb";"ES";"wikidata";""
24;1624337;"Pau Faus";"";"";"";"";""
25;3884067;"Júlia R. Aymar";"";"";"";"";""
26;5694090;"Marta García";"";"";"";"";""
27;4382575;"Ana L. Martín";"";"";"";"";""
28;19826;"Joel Joan";"hombre";"tmdb";"ES";"tmdb_heuristico";""
29;1105225;"Héctor Claramunt";"hombre";"wikidata";"";"";""
30;2445361;"Valeriano López";"";"";"";"";""
31;2181973;"Iratxe Fresneda";"mujer";"tmdb";"ES";"tmdb_heuristico";""
32;5702959;"Alberto Martos";"";"";"";"";""
33;113406;"Belén Macías";"mujer";"tmdb";"ES";"tmdb_heuristico";""
34;1304400;"Aitor Gabilondo";"hombre";"tmdb";"ES";"wikidata";""
35;1063543;"Verónica Fernández";"mujer";"tmdb";"";"";""
36;3324578;"Xiana do Teixeiro";"";"";"";"";""
37;17000;"Elena Manrique";"mujer";"tmdb";"";"";""
38;3217186;"Chiara Avesani";"";"";"";"";""
39;3538411;"Lluís Sellarès";"hombre";"tmdb";"";"";""
40;1459948;"Juanjo Giménez Peña";"hombre";"tmdb";"ES";"tmdb_heuristico";""
41;2372329;"Pere Altimira";"";"";"";"";""
42;2025649;"Pilar Palomero";"mujer";"tmdb";"ES";"tmdb_heuristico";""
43;4237979;"Coré Ruiz";"";"";"";"";""
44;4442477;"Raquel Herrera";"";"";"";"";""
45;3960733;"Juan Perez Fajardo";"";"";"";"";""
46;1641338;"David Calle";"hombre";"tmdb";"";"";""
47;1090718;"Sigfrid Monleón";"hombre";"wikidata";"ES";"wikidata";""
48;1121668;"Germán Roda";"";"";"";"";""
49;1744391;"Andrea Jaurrieta";"mujer";"tmdb";"ES";"tmdb_heuristico";""
50;3811620;"José Manuel Rodríguez Calvo";"";"";"";"";""
51;1909488;"José Manuel Gómez Vidal";"";"";"";"";""
52;6346352;"Sandra Romero";"";"";"";"";""
53;1966070;"Álvaro Gago";"hombre";"tmdb";"ES";"tmdb_heuristico";""
54;3788;"Jorge Guerricaechevarría";"hombre";"tmdb";"ES";"tmdb_heuristico";""
55;57865;"Álex de la Iglesia";"hombre";"tmdb";"ES";"tmdb_heuristico";""
56;25900;"Daniel Guzmán";"hombre";"tmdb";"ES";"tmdb_heuristico";""
57;1805365;"Octavio Guerra";"hombre";"tmdb";"ES";"tmdb_heuristico";""
58;2628141;"Gerard Oms";"hombre";"tmdb";"ES";"tmdb_heuristico";""
59;74909;"Dolores Fonzi";"mujer";"tmdb";"AR";"tmdb_heuristico";""
60;1331228;"David Pantaleón";"";"";"";"";""
61;3303861;"Amos Milbor";"";"";"";"";""
62;2389366;"Salvador Serrano";"hombre";"tmdb";"ES";"wikidata";""
63;90;"Isabel Coixet";"mujer";"tmdb";"ES";"tmdb_heuristico";""
64;2587719;"Juan Potau";"";"";"";"";""
65;1282574;"Paloma Concejero";"mujer";"tmdb";"ES";"tmdb_heuristico";""
66;3998718;"Laura Ferrero";"";"";"";"";""
67;1608135;"Guillermo Guerrero";"hombre";"manual";"ES";"manual";""
68;1462879;"Enric Pardo";"hombre";"manual";"ES";"manual";""
69;5736743;"David Pascual";"hombre";"manual";"ES";"manual";""
70;4152418;"Manuel Rossell";"";"";"";"";""
71;2428618;"Patricia Tamayo";"mujer";"tmdb";"CO";"tmdb_heuristico";""
72;4776926;"Lucía Casañ Rodríguez";"";"";"";"";""
73;4896283;"Itsaso Arana";"";"";"";"";""
74;5777600;"Dani Fabra";"hombre";"manual";"ES";"manual";""
75;2522604;"Claudia Reig";"mujer";"manual";"ES";"manual";""
76;1367159;"Adrián Silvestre";"hombre";"wikidata";"ES";"wikidata";""
77;1624805;"Ainhoa Andraka";"";"";"";"";""
78;2610510;"Larraitz Zuazo";"";"";"";"";""
79;2584715;"Zuri Goikoetxea";"";"";"";"";""
80;1049263;"Abel García Roure";"";"";"";"";""
81;1616022;"Avelina Prat";"mujer";"tmdb";"ES";"wikidata";""
82;2095830;"Vicente Arlandis";"";"";"";"";""
83;5775607;"Darío García Sanz";"";"";"";"";""
84;3184568;"Manu Trillo";"";"";"";"";""
85;226491;"Toni Soler";"hombre";"tmdb";"ES";"tmdb_heuristico";""
86;1788543;"Carmen Fernández Villalba";"";"";"";"";""
87;1360055;"Guillermo Benet";"hombre";"tmdb";"ES";"tmdb_heuristico";""
88;1809110;"Rafa Alberola";"";"";"";"";""
89;2617011;"Daniel Luna";"";"";"";"";""
90;2071650;"Eva Vizcarra";"mujer";"tmdb";"ES";"tmdb_heuristico";""
91;5844744;"Alejandro Hernández";"hombre";"manual";"CU";"manual";""
92;932363;"Mariano Barroso";"hombre";"tmdb";"ES";"tmdb_heuristico";""
93;1151386;"Neus Ballús";"mujer";"tmdb";"ES";"tmdb_heuristico";""
94;3438202;"María Luisa Calderón";"";"";"";"";""
95;1908907;"Montse Ganges";"";"";"";"";""
96;1502664;"Clara Roquet";"mujer";"tmdb";"ES";"wikidata";""
97;1788850;"Elena Martín Gimeno";"mujer";"tmdb";"ES";"tmdb_heuristico";""
98;34017;"Daniel Sánchez Arévalo";"hombre";"tmdb";"ES";"tmdb_heuristico";""
99;19805;"Lluís Arcarazo";"hombre";"tmdb";"ES";"wikidata";""
100;1106577;"Carlos Vermut";"hombre";"tmdb";"ES";"tmdb_heuristico";""
101;5318950;"Liena Cid Navia";"";"";"";"";""
102;2467723;"Patricia Pérez Fernández";"mujer";"manual";"ES";"manual";""
103;3022884;"Borja de la Vega";"";"";"";"";""
104;2549328;"Irene Iborra Rizo";"mujer";"manual";"ES";"manual";""
105;6088764;"Laia Soler Aragonés";"";"";"";"";""
106;3262866;"Ekain Albite";"hombre";"tmdb";"";"";""
107;3959300;"Nicolau Mallofré";"hombre";"tmdb";"";"";""
108;3959289;"Mikel Ibarguren";"hombre";"tmdb";"";"";""
109;2046903;"Magda Calabrese";"";"";"";"";""
110;2767302;"María Gisele Royo";"";"";"";"";""
111;2494000;"Julia de Castro";"";"";"";"";""
112;4633425;"Francisco R. Tejedor";"";"";"";"";""
113;5181798;"Cristina Menéndez Torralba";"";"";"";"";""
114;1149068;"Mar Coll";"mujer";"tmdb";"ES";"tmdb_heuristico";""
115;1669189;"Valentina Viso";"";"";"";"";""
116;1388779;"Ramon Luque";"";"";"";"";""
117;1031128;"David Marqués";"hombre";"tmdb";"ES";"tmdb_heuristico";""
118;4223120;"Rafa Calatayud Cano";"hombre";"manual";"ES";"manual";""
119;269695;"Manuel Tallafé";"hombre";"tmdb";"ES";"tmdb_heuristico";""
120;1195187;"Víctor Matellano";"hombre";"tmdb";"ES";"tmdb_heuristico";""
121;1294751;"Estibaliz Urresola Solaguren";"mujer";"tmdb";"ES";"tmdb_heuristico";""
122;4511432;"Èric Moral";"";"";"";"";""
123;4342635;"Núria Velasco";"";"";"";"";""
124;944402;"José F. Ortuño";"hombre";"tmdb";"ES";"tmdb_heuristico";""
125;4149569;"Moisés Martín";"hombre";"wikidata";"";"";""
126;309;"Pedro Almodóvar";"hombre";"tmdb";"ES";"tmdb_heuristico";""
127;2189495;"Gemma Blasco";"mujer";"tmdb";"";"";""
128;2391063;"Eva Pauné";"";"";"";"";""
129;3365472;"Rocío Martín";"mujer";"tmdb";"";"";""
130;2168024;"José Luis García Cossío";"";"";"";"";""
131;1031912;"Elena Trapé";"mujer";"tmdb";"ES";"wikidata";""
132;2018521;"Miguel Ibáñez Monroy";"";"";"";"";""
133;3790;"Ray Loriga";"hombre";"tmdb";"ES";"tmdb_heuristico";""
134;140396;"Miguel Ángel Vivas";"hombre";"tmdb";"ES";"tmdb_heuristico";""
135;1578295;"Ignasi Rubio";"";"";"";"";""
136;1778368;"Fran Carballal";"";"";"";"";""
137;3255932;"Carlos Marbán";"hombre";"tmdb";"";"";""
138;64194;"Paweł Pawlikowski";"hombre";"tmdb";"PL";"tmdb_heuristico";""
139;72156;"Ben Hopkins";"hombre";"tmdb";"HK";"tmdb_heuristico";""
140;1012214;"José Antonio Hergueta";"";"";"";"";""
141;5834871;"Jorge Peña Pezo";"";"";"";"";""
142;2950177;"Leticia Salvago";"";"";"";"";""
143;1047274;"Arantxa Aguirre";"mujer";"tmdb";"ES";"tmdb_heuristico";""
144;10828;"Guillermo del Toro";"hombre";"tmdb";"MX";"tmdb_heuristico";""
145;1439986;"Eduard Sola";"hombre";"tmdb";"ES";"tmdb_heuristico";""
146;5337383;"Benjamín Lorenzo";"";"";"";"";""
147;237581;"César Martínez Herrada";"hombre";"wikidata";"ES";"wikidata";""
148;2760432;"Miguel A. Mejias";"";"";"";"";""
149;5361958;"Amanda Lobo";"";"";"";"";""
150;1459419;"Alba Sotorra";"mujer";"tmdb";"ES";"tmdb_heuristico";""
151;937151;"Félix Viscarret";"hombre";"wikidata";"ES";"wikidata";""
152;2632889;"David Pérez Sañudo";"hombre";"tmdb";"ES";"tmdb_heuristico";""
153;2632890;"Marina Parés";"";"";"";"";""
154;1962957;"Meritxell Colell Aparicio";"mujer";"manual";"ES";"manual";""
155;4460475;"Elisa Múgica";"";"";"";"";""
156;2203960;"Rafa Molés";"hombre";"tmdb";"";"";""
157;2203959;"Pepe Andreu";"";"";"";"";""
158;1183079;"Ólafur Rögnvaldsson";"hombre";"wikidata";"";"";""
159;550068;"Arūnas Matelis";"hombre";"wikidata";"LT";"wikidata";""
160;4603658;"Rafael Sánchez G.";"";"";"";"";""
161;5370042;"Alex Cuellar";"";"";"";"";""
162;2163917;"Héctor Escandell";"";"";"";"";""
163;8908;"Arturo Pérez-Reverte";"hombre";"tmdb";"ES";"tmdb_heuristico";""
164;932841;"Francisco Prada";"";"";"";"";""
165;81849;"Pedro Olea";"hombre";"tmdb";"ES";"tmdb_heuristico";""
166;2231098;"Miguel Faus";"hombre";"tmdb";"ES";"wikidata";""
167;2000753;"Marina Lameiro";"mujer";"tmdb";"ES";"tmdb_heuristico";""
168;2461318;"Mamen Díaz";"mujer";"tmdb";"";"";""
169;1668830;"Violeta Rodríguez";"mujer";"tmdb";"";"";""
170;1436448;"Amparo Climent";"mujer";"tmdb";"ES";"tmdb_heuristico";""
171;1768555;"Ivan Ruiz Flores";"";"";"";"";""
172;5427878;"Ana González";"";"";"";"";""
173;3149032;"Marina Rodríguez Colás";"";"";"";"";""
174;1170687;"Xavier Bermúdez";"hombre";"wikidata";"ES";"wikidata";""
175;1764966;"Marisa Crespo";"";"";"";"";""
176;27450;"David Serrano";"hombre";"tmdb";"ES";"wikidata";""
177;833156;"Javier Lorenzo";"hombre";"tmdb";"";"";""
178;4180107;"Ernesto Daranas Serrano";"hombre";"manual";"CU";"manual";""
179;2494026;"Pepa G. Ramos";"mujer";"manual";"ES";"manual";""
180;1582248;"Alexis Morante";"hombre";"tmdb";"ES";"tmdb_heuristico";""
181;2225317;"Nacho Blasco";"";"";"";"";""
182;1515828;"Alberto Vázquez";"hombre";"tmdb";"ES";"tmdb_heuristico";""
183;5981442;"Francesc Xavier Manuel";"";"";"";"";""
184;2781728;"Jaume Claret Muxart";"";"";"";"";""
185;931271;"Eduardo Casanova";"hombre";"tmdb";"ES";"tmdb_heuristico";""
186;1147996;"Fernando Merinero";"";"";"";"";""
187;1145408;"Jo Sol";"hombre";"tmdb";"ES";"tmdb_heuristico";""
188;5217820;"David Arnanz";"";"";"";"";""
189;3059119;"Amat Vallmajor del Pozo";"";"";"";"";""
190;6389083;"José Victor Fuentes";"";"";"";"";""
191;5011589;"Fernando Alcántara";"";"";"";"";""
192;3607097;"Rubén Sánchez Trigos";"";"";"";"";""
193;2596472;"Raúl Cerezo";"hombre";"tmdb";"ES";"tmdb_heuristico";""
194;3099796;"Javier Trigales";"";"";"";"";""
195;1046529;"Denis Delestrac";"hombre";"tmdb";"FR";"wikidata";""
196;1726169;"Miquel Sanz";"";"";"";"";""
197;589553;"Antoni Ribas";"hombre";"tmdb";"ES";"tmdb_heuristico";""
198;1348362;"Juan Francisco Viruega";"";"";"";"";""
199;54526;"Paco Plaza";"hombre";"tmdb";"ES";"tmdb_heuristico";""
200;2095405;"Alejandro G. Salgado";"";"";"";"";""
201;6033605;"Marta Sánchez";"";"";"";"";""
202;1379702;"Sayago Ayuso";"hombre";"tmdb";"ES";"tmdb_heuristico";""
203;1143781;"Juanjo Ramírez Mascaró";"hombre";"tmdb";"ES";"wikidata";""
204;2682878;"Paco Mateo";"hombre";"tmdb";"";"";""
205;5644533;"Luis Santana Déniz";"";"";"";"";""
206;2524429;"Isabel Fernández";"";"";"";"";""
207;1711334;"Marc Ferrer";"hombre";"tmdb";"ES";"tmdb_heuristico";""
208;1957066;"César F. Calvillo";"";"";"";"";""
209;1957068;"Teresa Bellón";"";"";"";"";""
210;6362320;"Josu Martínez";"";"";"";"";""
211;56470;"Javier Fesser";"hombre";"tmdb";"ES";"tmdb_heuristico";""
212;1150199;"Oskar Alegria";"hombre";"tmdb";"ES";"tmdb_heuristico";""
213;1381243;"Coral Cruz";"mujer";"wikidata";"ES";"wikidata";""
214;1077643;"Regina Alvarez";"";"";"";"";""
215;1820703;"Asier Urbieta";"";"";"";"";""
216;1695424;"Andoni de Carlos";"";"";"";"";""
217;1428818;"Paul Urkijo Alijo";"hombre";"tmdb";"ES";"tmdb_heuristico";""
218;2814318;"Laura Hojman";"mujer";"tmdb";"ES";"tmdb_heuristico";""
219;1036281;"Vera Fogwill";"hombre";"tmdb";"AR";"tmdb_heuristico";""
220;3629503;"Victòria Morell Salom";"mujer";"tmdb";"";"";""
221;1442569;"Juan Miguel del Castillo";"hombre";"tmdb";"ES";"tmdb_heuristico";""
222;2076971;"Fon Cortizo";"hombre";"wikidata";"ES";"wikidata";""
223;5364688;"Guillermo Galoe";"";"";"";"";""
224;2334053;"Victor Alonso-Berbel";"hombre";"tmdb";"ES";"tmdb_heuristico";""
225;2373399;"Polo Menárguez";"";"";"";"";""
226;1409248;"Ignasi Vidal";"hombre";"tmdb";"ES";"tmdb_heuristico";""
227;1785157;"Maria Elorza";"mujer";"tmdb";"ES";"tmdb_heuristico";""
228;260953;"Nicolás Muñoz";"hombre";"tmdb";"";"";""
229;3389899;"Raphaëlle Perez";"";"";"FR";"tmdb_heuristico";""
230;3156507;"Rafael Russo";"hombre";"manual";"UY";"manual";""
231;2829430;"Helena de Llanos";"mujer";"tmdb";"ES";"wikidata";""
232;1167112;"David S. Olivas";"hombre";"tmdb";"";"";""
233;79002;"Nacho G. Velilla";"hombre";"tmdb";"ES";"tmdb_heuristico";""
234;4086869;"Claire Ducreux";"";"";"";"";""
235;181945;"Jim Allen";"hombre";"tmdb";"GB";"tmdb_heuristico";""
236;4638503;"Patricia de Luna";"";"";"";"";""
237;19840;"Alejandro Amenábar";"hombre";"tmdb";"CL";"tmdb_heuristico";""
238;19841;"Mateo Gil";"hombre";"tmdb";"ES";"tmdb_heuristico";""
239;2577039;"Laura Sisteró";"";"";"";"";""
240;2805759;"Jorge Bartolomé";"";"";"";"";""
241;4889588;"Pablo Agüero";"hombre";"manual";"AR";"manual";""
242;2480566;"Katell Guillou";"mujer";"manual";"FR";"manual";""
243;238384;"Alain Guiraudie";"hombre";"tmdb";"FR";"tmdb_heuristico";""
244;5399174;"Alejandro Rojas";"";"";"";"";""
245;589505;"Oscar Moreno";"hombre";"wikidata";"";"";""
246;2773693;"Víctor Luengo";"";"";"";"";""
247;1814108;"Virginia Díaz";"";"";"";"";""
248;24971;"Michel Gaztambide";"hombre";"tmdb";"FR";"tmdb_heuristico";""
249;37833;"Víctor Erice";"hombre";"tmdb";"ES";"tmdb_heuristico";""
250;16973;"Icíar Bollaín";"mujer";"tmdb";"ES";"tmdb_heuristico";""
251;987802;"Alicia Luna";"mujer";"tmdb";"ES";"wikidata";""
252;2896953;"Javier Tolentino";"";"";"";"";""
253;3631222;"Alejandra Mora";"";"";"";"";""
254;2896955;"Doriam Alonso";"";"";"";"";""
255;1193421;"Juan Manuel Cotelo";"hombre";"tmdb";"ES";"tmdb_heuristico";""
256;1890848;"Alexis Martinez";"";"";"";"";""
257;2352932;"José Luis Pedrero";"hombre";"tmdb";"ES";"tmdb_heuristico";""
258;1695482;"Kurro González";"";"";"";"";""
259;2195096;"Marisa Lafuente";"mujer";"tmdb";"ES";"tmdb_heuristico";""
260;5276832;"Ana Barcos";"";"";"";"";""
261;3574547;"Alfredo Carrasco Alonso";"";"";"";"";""
262;2406756;"Belén Sánchez Arévalo";"mujer";"tmdb";"";"";""
263;1008548;"Emilio Ruiz Barrachina";"hombre";"wikidata";"ES";"wikidata";""
264;168769;"Michael Maurer";"hombre";"manual";"DE";"manual";""
265;2194080;"John Michael Boughn";"hombre";"manual";"US";"manual";""
266;1581539;"Alicia Medina";"";"";"";"";""
267;1208929;"Hernán Zin";"hombre";"wikidata";"IT";"wikidata";""
268;74943;"Daniel Monzón";"hombre";"tmdb";"ES";"tmdb_heuristico";""
269;2244942;"Marc Serena";"";"";"";"";""
270;1173037;"Andrés Duque";"hombre";"tmdb";"VE";"tmdb_heuristico";""
271;4162971;"Noel Gálvez";"hombre";"tmdb";"";"";""
272;2978732;"Martín Cuervo";"hombre";"tmdb";"ES";"wikidata";""
273;3290639;"Irene Niubó";"";"";"";"";""
274;1507365;"Luis E. Parés";"";"";"";"";""
275;2350322;"Juan Palacios";"";"";"";"";""
276;3445141;"Luc Knowles";"hombre";"tmdb";"GB";"tmdb_heuristico";""
277;1463084;"Juan Antonio Moreno Amador";"hombre";"wikidata";"";"";""
278;3517055;"José Corral Llorente";"hombre";"manual";"ES";"manual";""
279;95320;"Rodrigo Cortés";"hombre";"tmdb";"ES";"tmdb_heuristico";""
280;1838478;"David Safier";"hombre";"tmdb";"DE";"tmdb_heuristico";""
281;138699;"Patxi Amezcua";"hombre";"tmdb";"ES";"tmdb_heuristico";""
282;1199496;"Alejo Flah";"hombre";"tmdb";"AR";"tmdb_heuristico";""
283;5524932;"Claudia Clemente";"";"";"";"";""
284;1262057;"Joaquín Gutiérrez Acha";"hombre";"wikidata";"ES";"wikidata";""
285;54525;"Jaume Balagueró";"hombre";"tmdb";"ES";"tmdb_heuristico";""
286;586103;"Luiso Berdejo";"hombre";"tmdb";"ES";"tmdb_heuristico";""
287;4346432;"Alex Mateos";"";"";"";"";""
288;3844697;"Julio Martín Alarcón";"";"";"";"";""
289;6142772;"Alba Prol Cid";"";"";"";"";""
290;4736109;"Raúl García";"";"";"";"";""
291;96693;"Yolanda García Serrano";"mujer";"wikidata";"ES";"wikidata";""
292;2592415;"José María Izquierdo";"";"";"";"";""
293;2747679;"David Orea";"hombre";"tmdb";"ES";"tmdb_heuristico";""
294;1149065;"Raúl Santos";"hombre";"tmdb";"";"";""
295;85552;"Borja Cobeaga";"hombre";"tmdb";"ES";"wikidata";""
296;2079453;"Andrés Garrigó";"hombre";"manual";"ES";"manual";""
297;4019154;"Josepmaria Anglès";"hombre";"manual";"ES";"manual";""
298;2079455;"Josemaría Muñoz";"hombre";"manual";"ES";"manual";""
299;3072665;"Javier Ramírez";"";"";"";"";""
300;2182011;"Cristina Otero";"mujer";"tmdb";"ES";"tmdb_heuristico";""
301;1341326;"Ana Murugarren";"mujer";"wikidata";"ES";"wikidata";""
302;6243133;"Ana Galán";"";"";"";"";""
303;1180358;"Pablo Moreno";"hombre";"tmdb";"ES";"wikidata";""
304;5593416;"Jordi Torra";"";"";"";"";""
305;1414901;"Fin Edquist";"hombre";"wikidata";"";"";""
306;1932129;"Domingo J. González";"";"";"";"";""
307;5444595;"Elena de Vera";"";"";"";"";""
308;2205048;"Víctor Escribano";"";"";"";"";""
309;106697;"José Luis López-Linares";"hombre";"wikidata";"ES";"wikidata";""
310;3106232;"David Riaño";"";"";"";"";""
311;2319;"Maria de Medeiros";"mujer";"tmdb";"PT";"tmdb_heuristico";""
312;150498;"Ève Deboise";"mujer";"wikidata";"FR";"wikidata";""
313;1504421;"David Cánovas";"hombre";"wikidata";"ES";"wikidata";""
314;2038507;"Raúl Jiménez Pastor";"";"";"";"";""
315;2915594;"Víctor Cerdán";"";"";"";"";""
316;2980736;"Marjan Khosravi";"mujer";"tmdb";"IR";"tmdb_heuristico";""
317;1367435;"Luis Tinoco";"hombre";"tmdb";"";"";""
318;2725314;"Ricard Peitx";"";"";"";"";""
319;1338870;"Pavel Giroud";"hombre";"manual";"CU";"manual";""
320;5657782;"Idoia Garzes Aldazabal";"";"";"";"";""
321;96690;"Rodrigo Sorogoyen";"hombre";"tmdb";"ES";"tmdb_heuristico";""
322;1303404;"Isabel Peña";"mujer";"tmdb";"ES";"tmdb_heuristico";""
323;5247630;"Gerard Peris";"";"";"";"";""
324;68234;"Ezekiel Montes";"hombre";"wikidata";"";"";""
325;589104;"Paco Arango";"hombre";"tmdb";"MX";"tmdb_heuristico";""
326;2257939;"Javier Jauregui";"";"";"";"";""
327;1799272;"Guillem Clua";"";"";"";"";""
328;1044672;"Rafael Alcázar";"hombre";"tmdb";"ES";"tmdb_heuristico";""
329;4163858;"Santiago Alvarado Ilarri";"hombre";"manual";"PE";"manual";""
330;1443072;"Ramón Salas";"hombre";"manual";"ES";"manual";""
331;1130540;"Jose Mari Goenaga";"hombre";"tmdb";"ES";"tmdb_heuristico";""
332;1130539;"Jon Garaño";"hombre";"tmdb";"ES";"tmdb_heuristico";""
333;1064869;"Aitor Arregi";"hombre";"tmdb";"ES";"tmdb_heuristico";""
334;1231448;"David Cantolla";"hombre";"wikidata";"ES";"wikidata";""
335;2006454;"Alberto Triano";"";"";"";"";""
336;1133344;"Javier López Barreira";"";"";"";"";""
337;1133339;"Jordi Gasull";"hombre";"wikidata";"ES";"wikidata";""
338;2096630;"Sonia Escolano";"mujer";"wikidata";"ES";"wikidata";""
339;53230;"Fernando Franco";"hombre";"tmdb";"ES";"tmdb_heuristico";""
340;2662836;"Begoña Arostegui";"no_binario";"manual";"ES";"manual";""
341;102329;"Maria Ripoll";"mujer";"tmdb";"ES";"tmdb_heuristico";""
342;992040;"Olga Iglesias";"mujer";"tmdb";"";"";""
343;2558765;"Juan Antonio Chavero";"";"";"";"";""
344;3055331;"Yolanda Centeno";"";"";"";"";""
345;3055337;"Jesús Luque";"";"";"";"";""
346;1243;"Woody Allen";"hombre";"tmdb";"US";"tmdb_heuristico";""
347;113736;"Giordano Gederlini";"hombre";"tmdb";"CL";"tmdb_heuristico";""
348;1263121;"Chema García Ibarra";"hombre";"tmdb";"ES";"wikidata";""
349;1185966;"Lorena Iglesias";"mujer";"tmdb";"";"";""
350;1378230;"Ion de Sosa";"hombre";"tmdb";"ES";"tmdb_heuristico";""
351;1185964;"Julián Génisson";"hombre";"tmdb";"ES";"tmdb_heuristico";""
352;5935015;"Juan González";"";"";"";"";""
353;3127416;"Juan Gamero";"";"";"";"";""
354;2796656;"Carmen Rodríguez";"";"";"";"";""
355;1399736;"Ana Victoria Pérez";"mujer";"tmdb";"";"";""
356;1170971;"David Galán Galindo";"hombre";"tmdb";"ES";"wikidata";""
357;2443976;"María José Moreno";"";"";"";"";""
358;4745815;"Xavier Romero";"";"";"";"";""
359;59879;"David Trueba";"hombre";"tmdb";"ES";"tmdb_heuristico";""
360;43318;"Albert Espinosa";"hombre";"tmdb";"ES";"tmdb_heuristico";""
361;1082714;"Miguel Barros";"hombre";"tmdb";"";"";""
362;1170171;"Jorge Gil Munarriz";"hombre";"tmdb";"ES";"tmdb_heuristico";""
363;2661441;"Pepe Coira";"hombre";"tmdb";"ES";"tmdb_heuristico";""
364;1070463;"Manuel H. Martín";"";"";"";"";""
365;2853009;"Antonio Fernández Torres";"";"";"";"";""
366;1115313;"Javier Espada";"hombre";"manual";"ES";"manual";""
367;1061663;"Alfonso Sánchez";"hombre";"tmdb";"ES";"tmdb_heuristico";""
368;37561;"Fernando Colomo";"hombre";"tmdb";"ES";"tmdb_heuristico";""
369;2543463;"Eva Libertad";"mujer";"tmdb";"ES";"tmdb_heuristico";""
370;1527536;"Frank Ariza";"hombre";"tmdb";"ES";"tmdb_heuristico";""
371;2348612;"Margarita Ledo";"mujer";"tmdb";"ES";"tmdb_heuristico";""
372;3484808;"Eva Veiga";"";"";"";"";""
373;2168850;"Diego Llorente";"hombre";"tmdb";"ES";"wikidata";""
374;1708407;"Irati Gorostidi";"mujer";"tmdb";"ES";"tmdb_heuristico";""
375;4030050;"José Gasset";"";"";"";"";""
376;6264805;"Eloy Enciso Cachafeiro";"";"";"";"";""
377;3016177;"Mercedes Rodrigo";"mujer";"manual";"ES";"manual";""
378;4065553;"Pablo Riesgo";"";"";"";"";""
379;1266452;"Jose Val Bal";"";"";"";"";""
380;588973;"Isaki Lacuesta";"hombre";"tmdb";"ES";"tmdb_heuristico";""
381;1453651;"Fernando Navarro";"hombre";"tmdb";"ES";"wikidata";""
382;935765;"Sílvia Munt";"mujer";"tmdb";"ES";"tmdb_heuristico";""
383;1295643;"Alfonso Zarauza";"hombre";"wikidata";"ES";"wikidata";""
384;1836299;"Jaione Camborda";"mujer";"tmdb";"ES";"tmdb_heuristico";""
385;1221292;"Lois Patiño";"hombre";"tmdb";"ES";"tmdb_heuristico";""
386;2998049;"Alberto Armas Díaz";"";"";"";"";""
387;2333553;"Víctor Conde";"hombre";"tmdb";"";"";""
388;5224609;"Carlos López Olano";"";"";"";"";""
389;92661;"Javier Veiga";"hombre";"tmdb";"ES";"tmdb_heuristico";""
390;37613;"Jaime Chávarri";"hombre";"tmdb";"ES";"tmdb_heuristico";""
391;2836489;"Ana Lambarri";"mujer";"tmdb";"";"";""
392;1438827;"Vicent Monsonís";"hombre";"wikidata";"";"";""
393;1826479;"Marga Melià";"";"";"";"";""
394;1060140;"Pedro Rivero";"hombre";"tmdb";"ES";"tmdb_heuristico";""
395;2374023;"Galder Gaztelu-Urrutia";"hombre";"tmdb";"ES";"tmdb_heuristico";""
396;1317749;"David Desola";"hombre";"manual";"ES";"manual";""
397;1958700;"Eduardo Solá Franco";"";"";"";"";""
398;2839663;"Mireia Llinàs";"";"";"";"";""
399;1074001;"Jorge Laplace";"hombre";"wikidata";"";"";""
400;125852;"Miguel Ángel Muñoz";"hombre";"tmdb";"ES";"tmdb_heuristico";""
401;2478401;"Santiago Requejo";"hombre";"tmdb";"";"";""
402;1074041;"Luis Alegre Saz";"hombre";"tmdb";"ES";"tmdb_heuristico";""
403;3592180;"Juan A. Anguita";"";"";"";"";""
404;1672990;"Andoni Canela";"";"";"";"";""
405;1413007;"Adolfo Dufour";"hombre";"tmdb";"";"";""
406;1430334;"Juan Galiñanes";"hombre";"tmdb";"ES";"wikidata";""
407;54528;"Alberto Marini";"hombre";"tmdb";"IT";"tmdb_heuristico";""
408;2263746;"Fernando Vera";"";"";"";"";""
409;5644505;"Jesús Ponce";"";"";"";"";""
410;2422984;"Mauro Colombo";"hombre";"manual";"IT";"manual";""
411;1436791;"Alejandro Suárez Lozano";"hombre";"wikidata";"ES";"wikidata";""
412;5270914;"Nuria Martín Esteban";"";"";"";"";""
413;1541697;"Marta Buchaca";"mujer";"wikidata";"ES";"wikidata";""
414;93651;"Eduardo Sacheri";"hombre";"wikidata";"AR";"wikidata";""
415;84714;"Juan José Campanella";"hombre";"tmdb";"AR";"tmdb_heuristico";""
416;5503054;"Sergio Rodrigo Ruiz";"";"";"";"";""
417;1024687;"Gemma Ventura";"mujer";"tmdb";"";"";""
418;2016984;"Ana Graciani";"";"";"";"";""
419;1187864;"José Ángel Esteban";"";"";"";"";""
420;4424916;"Marta Espar";"";"";"ES";"tmdb_heuristico";""
421;3512702;"Jorge Navarro de Lemus";"";"";"";"";""
422;1152634;"Marcel Barrena";"hombre";"tmdb";"ES";"tmdb_heuristico";""
423;2435292;"Nerea Castro";"";"";"";"";""
424;1035833;"Vicente Villanueva";"hombre";"tmdb";"ES";"tmdb_heuristico";""
425;3233145;"Iker Elorrieta";"";"";"";"";""
426;2648709;"Flora González Villanueva";"";"";"";"";""
427;2545879;"Patxi Uriz";"";"";"";"";""
428;2545881;"Jordi Matas";"";"";"";"";""
429;2374150;"Tatiana Rodríguez";"";"";"";"";""
430;1261462;"Ramón Campos";"hombre";"tmdb";"ES";"tmdb_heuristico";""
431;1261463;"Gema R. Neira";"mujer";"tmdb";"ES";"tmdb_heuristico";""
432;2885188;"Javier Chacártegui";"";"";"";"";""
433;2747678;"Salvador S. Molina";"hombre";"tmdb";"ES";"wikidata";""
434;37526;"Fernando Trueba";"hombre";"tmdb";"ES";"tmdb_heuristico";""
435;4881904;"Rylend Grant";"";"";"";"";""
436;5790674;"Eva Montoya";"";"";"";"";""
437;1194904;"Pablo Maqueda";"hombre";"tmdb";"ES";"tmdb_heuristico";""
438;4580493;"José Cabanach";"";"";"";"";""
439;2928016;"Luís Gibert";"";"";"";"";""
440;1697308;"Diego López-Fernández";"hombre";"tmdb";"ES";"tmdb_heuristico";""
441;2000744;"Ione Atenea";"mujer";"tmdb";"ES";"tmdb_heuristico";""
442;1355193;"Igor Legarreta";"hombre";"wikidata";"ES";"wikidata";""
443;225972;"Jon Sagalá";"";"";"";"";""
444;3979041;"Miguel Mena";"";"";"";"";""
445;3701720;"Paula Labordeta";"";"";"";"";""
446;4813064;"Ángela Labordeta";"";"";"";"";""
447;5421335;"Azucena Carbajosa Rodriguez";"";"";"";"";""
448;1261502;"Màrius Sánchez";"hombre";"tmdb";"";"";""
449;2448460;"Silvia Merino";"";"";"";"";""
450;3405709;"Ana Liébana";"";"";"";"";""
451;2256047;"Javier Fernández Vázquez";"";"";"";"";""
452;130988;"Inés París";"mujer";"wikidata";"ES";"wikidata";""
453;15602;"Fernando León de Aranoa";"hombre";"tmdb";"ES";"tmdb_heuristico";""
454;1489447;"Alfred Pérez-Fargas";"hombre";"wikidata";"ES";"wikidata";""
455;1489446;"Roger Danès";"hombre";"wikidata";"ES";"wikidata";""
456;563855;"Juanma Bajo Ulloa";"hombre";"tmdb";"ES";"tmdb_heuristico";""
457;4470945;"Elisa Marinas";"";"";"";"";""
458;1021717;"Javier Corcuera";"hombre";"tmdb";"PE";"tmdb_heuristico";""
459;2556742;"Luis Mancha";"";"";"";"";""
460;1895984;"Néstor F. Dennis";"hombre";"tmdb";"";"";""
461;1851075;"Ivan Zekić";"hombre";"tmdb";"";"";""
462;5332377;"Vukasin Soc";"";"";"";"";""
463;1416286;"Mateja Popović";"hombre";"wikidata";"";"";""
464;1593464;"Stojan Đorđević";"hombre";"tmdb";"RS";"tmdb_heuristico";""
465;2135546;"Petar Mihajlović";"";"";"";"";""
466;2119721;"Boris Grgurović";"";"";"";"";""
467;5332384;"Jelena Andelovski";"";"";"";"";""
468;1034476;"Telmo Esnal";"hombre";"tmdb";"ES";"tmdb_heuristico";""
469;230209;"Ángeles González-Sinde";"mujer";"tmdb";"ES";"tmdb_heuristico";""
470;1012190;"Miguel Santesmases";"hombre";"tmdb";"ES";"wikidata";""
471;576087;"Javier Martín";"hombre";"tmdb";"ES";"tmdb_heuristico";""
472;132450;"José Corbacho";"hombre";"tmdb";"ES";"tmdb_heuristico";""
473;5299192;"Catalina Solivellas";"";"";"";"";""
474;234532;"Secun de la Rosa";"hombre";"tmdb";"ES";"tmdb_heuristico";""
475;588840;"Roberto Pérez Toledo";"hombre";"tmdb";"ES";"wikidata";""
476;1426746;"Joanes Urkixo";"hombre";"wikidata";"ES";"wikidata";""
477;2437353;"Inés Silva";"mujer";"manual";"ES";"manual";""
478;3195500;"Beatriz Iznaola";"mujer";"manual";"ES";"manual";""
479;1694893;"Pedro Martín Calero";"hombre";"manual";"ES";"manual";""
480;19842;"José Luis Cuerda";"hombre";"tmdb";"ES";"tmdb_heuristico";""
481;589003;"Norberto Ramos del Val";"hombre";"tmdb";"ES";"tmdb_heuristico";""
482;1322494;"César del Álamo";"";"";"";"";""
483;5040794;"Lorenzo Sanz Fernández";"";"";"";"";""
484;111090;"Javier Botet";"hombre";"tmdb";"ES";"tmdb_heuristico";""
485;589777;"Oscar Martín";"hombre";"manual";"";"manual";""
486;1282294;"David Pareja";"hombre";"tmdb";"ES";"wikidata";""
487;5640808;"Irene Bailo Carramiñana";"";"";"";"";""
488;2945902;"Celine Ducreux";"";"";"";"";""
489;2204600;"Senén Fernández";"";"";"";"";""
490;4923208;"Toni Andújar";"";"";"";"";""
491;4923210;"Erick Straver";"";"";"";"";""
492;3196456;"Alexis Vietti";"";"";"";"";""
493;236514;"Max Lemcke";"hombre";"wikidata";"ES";"wikidata";""
494;2941579;"Regina Álvarez Lorenzo";"mujer";"tmdb";"";"";""
495;1482515;"Olatz Arroyo";"";"";"";"";""
496;3632587;"Jose Manuel Rebollo";"hombre";"manual";"ES";"manual";""
497;3127742;"Cesar Vallejo";"";"";"";"";""
498;1649980;"Ángela Gallardo Bernal";"mujer";"tmdb";"ES";"manual";""
499;1063315;"David Esteban Cubero";"";"";"";"";""
500;2560103;"Nacho Álvarez";"hombre";"tmdb";"UY";"tmdb_heuristico";""
501;2560104;"Eduardo Navarro";"";"";"";"";""
502;4276328;"Octavio Lasheras";"";"";"";"";""
503;4543767;"Matías Boero Lutz";"";"";"";"";""
504;4282773;"Raúl Capdevila";"";"";"";"";""
505;2306392;"Ingrid Pokropek";"mujer";"tmdb";"AR";"wikidata";""
506;972158;"Ernesto Sevilla";"hombre";"tmdb";"ES";"tmdb_heuristico";""
507;1185970;"Miguel Esteban";"";"";"";"";""
508;114462;"Joaquín Reyes";"hombre";"tmdb";"ES";"tmdb_heuristico";""
509;4534713;"Yurre Ugarte";"mujer";"manual";"ES";"manual";""
510;1555116;"Fernando Salem";"hombre";"tmdb";"AR";"tmdb_heuristico";""
511;5065139;"Matías Goldberg";"hombre";"manual";"AR";"manual";""
512;1396455;"Claro García";"";"";"";"";""
513;2426873;"David Muñoz";"hombre";"tmdb";"";"";""
514;2258086;"Javier García Arredondo";"";"";"";"";""
515;4772220;"Juan Mayorga";"";"";"";"";""
516;6163639;"Paula Ortiz";"";"";"";"";""
517;2046902;"Richard Zubelzu";"";"";"";"";""
518;560258;"Tomàs Aragay";"hombre";"wikidata";"ES";"wikidata";""
519;73693;"Cesc Gay";"hombre";"tmdb";"ES";"tmdb_heuristico";""
520;4416357;"Gabriel Chicano";"";"";"";"";""
521;5376528;"Javier Canales Sepúlveda";"";"";"";"";""
522;2297013;"Elena Cid Sebastián";"";"";"";"";""
523;3039206;"Sandra García Nieto";"mujer";"manual";"ES";"manual";""
524;1211122;"Amèlia Mora";"";"";"";"";""
525;1097734;"Juan Luis de No";"hombre";"manual";"ES";"manual";""
526;4577431;"Jaime Noguera";"";"";"";"";""
527;2628918;"Sergio Dow";"hombre";"manual";"CO";"manual";""
528;5727167;"Carmen López";"mujer";"manual";"ES";"manual";""
529;8574;"Walter Salles";"hombre";"tmdb";"BR";"tmdb_heuristico";""
530;148766;"Rafa Russo";"hombre";"tmdb";"ES";"tmdb_heuristico";""
531;2706985;"Mario Parra";"";"";"";"";""
532;2289823;"Eric du Bellay";"";"";"";"";""
533;3016263;"Enrique García-Vázquez";"hombre";"tmdb";"ES";"tmdb_heuristico";""
534;3016268;"Lucía Lobato";"mujer";"tmdb";"ES";"tmdb_heuristico";""
535;3973127;"Pino de Pablos";"mujer";"tmdb";"ES";"tmdb_heuristico";""
536;5934164;"Juan San Martín";"";"";"";"";""
537;1649611;"Marta Lallana García";"mujer";"tmdb";"ES";"tmdb_heuristico";""
538;5842166;"Sandra García Bueno";"";"";"";"";""
539;79000;"Manuel Martín Cuenca";"hombre";"tmdb";"ES";"tmdb_heuristico";""
540;2555250;"Toni Escandell";"";"";"";"";""
541;27473;"Daniel González";"hombre";"wikidata";"ES";"wikidata";""
542;2124703;"Marta Armengol";"mujer";"tmdb";"";"";""
543;141967;"Benito Zambrano";"hombre";"tmdb";"ES";"wikidata";""
544;967367;"Cristina Campos";"mujer";"tmdb";"";"";""
545;1369119;"Susanna Barranco";"mujer";"wikidata";"ES";"wikidata";""
546;82726;"Curro Velázquez";"hombre";"manual";"ES";"manual";""
547;2924495;"Benjamín Herranz";"hombre";"manual";"ES";"manual";""
548;2826886;"Arturo Dueñas";"hombre";"tmdb";"ES";"wikidata";""
549;2453244;"Olga Mansilla";"";"";"";"";""
550;1902030;"Beatrice Fulconis";"";"";"";"";""
551;1795939;"Inés Acebes";"";"";"";"";""
552;4316906;"Marta Ruiz de Viñaspre";"";"";"";"";""
553;1063668;"Lola Mayo";"mujer";"tmdb";"ES";"tmdb_heuristico";""
554;5406230;"Jesús García";"";"";"";"";""
555;2464574;"Juan Ponce de León";"hombre";"tmdb";"AR";"tmdb_heuristico";""
556;4102781;"Facundo Ponce de León";"hombre";"manual";"UY";"manual";""
557;2269274;"Roberto Bueso";"";"";"";"";""
558;1799781;"Javier González";"hombre";"tmdb";"";"";""
559;1302077;"Arantxa Echevarría";"mujer";"tmdb";"ES";"tmdb_heuristico";""
560;3439224;"Manuel J. Rodríguez";"";"";"";"";""
561;5967557;"Luis Navarrete";"";"";"";"";""
562;3265496;"Martín Spínola";"";"";"";"";""
563;1325729;"Pablo Alén";"hombre";"tmdb";"ES";"wikidata";""
564;1325730;"Breixo Corral";"hombre";"tmdb";"ES";"wikidata";""
565;2535053;"Antonio Donaire";"";"";"";"";""
566;43317;"Joaquín Oristrell";"hombre";"tmdb";"ES";"tmdb_heuristico";""
567;3683806;"Javier Morales Pérez";"";"";"";"";""
568;585035;"Óscar Aibar";"hombre";"tmdb";"ES";"tmdb_heuristico";""
569;1434231;"Manuel Burque";"hombre";"tmdb";"ES";"tmdb_heuristico";""
570;1740635;"Josep Gatell";"hombre";"tmdb";"ES";"tmdb_heuristico";""
571;5652588;"Alberto Mimbrera Rodríguez";"";"";"";"";""
572;6522;"Rafael Cobos";"hombre";"wikidata";"ES";"wikidata";""
573;3139891;"Jesús Eguía Armenteros";"";"";"";"";""
574;3701170;"Albert Val";"";"";"";"";""
575;1730390;"Carlos del Hoyo";"hombre";"tmdb";"";"";""
576;4796018;"Irene Bohoyo";"";"";"";"";""
577;2198654;"Carlos Franco";"hombre";"tmdb";"ES";"tmdb_heuristico";""
578;1179639;"Isa Campo";"mujer";"tmdb";"ES";"wikidata";""
579;10847;"Santiago Segura";"hombre";"tmdb";"ES";"tmdb_heuristico";""
580;2005167;"Marta González de Vega";"mujer";"tmdb";"ES";"wikidata";""
581;2112999;"Amaia Remírez";"";"";"";"";""
582;2113000;"David Weber";"";"";"";"";""
583;1091857;"Raúl de la Fuente";"hombre";"tmdb";"ES";"wikidata";""
584;58547;"Niall Johnson";"hombre";"tmdb";"GB";"tmdb_heuristico";""
585;278087;"Elvira Lindo";"mujer";"tmdb";"";"";""
586;130987;"Daniela Féjerman";"mujer";"tmdb";"AR";"tmdb_heuristico";""
587;4266108;"Sergi Pitarch Garrido";"";"";"";"";""
588;3040796;"María Bravo Cortés";"";"";"";"";""
589;1457161;"Paco Caballero";"hombre";"tmdb";"ES";"tmdb_heuristico";""
590;1302760;"Eric Navarro";"hombre";"tmdb";"ES";"wikidata";""
591;3108583;"Efrén Tarifa";"";"";"";"";""
592;3722569;"Fernando D. Umpierrez";"";"";"";"";""
593;3435792;"Giampaolo Manfreda";"";"";"";"";""
594;4268719;"Gracia Solera";"";"";"";"";""
595;2261583;"Iván Roiz";"";"";"";"";""
596;2261582;"Álvaro Priante";"";"";"";"";""
597;1493049;"David Martín de los Santos";"hombre";"wikidata";"";"";""
598;3216102;"Regis Francisco López";"hombre";"tmdb";"ES";"tmdb_heuristico";""
599;2270952;"Alejandro Marín";"hombre";"wikidata";"ES";"wikidata";""
600;2461133;"Carmen Garrido";"";"";"";"";""
601;1731588;"Santiago Fillol";"hombre";"manual";"AR";"manual";""
602;1048523;"Oliver Laxe";"hombre";"tmdb";"FR";"tmdb_heuristico";""
603;5122410;"María del Mar de Dios Rodríguez";"";"";"";"";""
604;2897025;"Laura Sarmiento";"mujer";"tmdb";"ES";"wikidata";""
605;2398104;"Carlos Ruano";"hombre";"tmdb";"ES";"tmdb_heuristico";""
606;1436742;"Lluís Segura";"hombre";"wikidata";"ES";"wikidata";""
607;5295734;"Ingride Santos";"mujer";"manual";"ES";"manual";""
608;1778357;"Santi Díaz";"";"";"";"";""
609;2776984;"Pol Cortecans";"";"";"";"";""
610;133526;"Laura Mañá";"mujer";"tmdb";"ES";"tmdb_heuristico";""
611;1745479;"Samu Fuentes";"hombre";"tmdb";"ES";"wikidata";""
612;2367863;"Juanjo Castro";"";"";"";"";""
613;1206753;"Ernesto de Nova";"";"";"";"";""
614;936999;"Toni Bestard";"hombre";"wikidata";"ES";"wikidata";""
615;1784530;"Manu Gómez";"";"";"";"";""
616;1678215;"Daniel Castro";"hombre";"tmdb";"";"";""
617;2537904;"Irene Zoe Alameda";"";"";"";"";""
618;570531;"Juana Macías";"mujer";"tmdb";"ES";"wikidata";""
619;2645951;"Isa Sánchez";"";"";"";"";""
620;151162;"Agustí Villaronga";"hombre";"tmdb";"ES";"tmdb_heuristico";""
621;2413239;"Mario Torrecillas";"hombre";"tmdb";"";"";""
622;3045347;"Pep Antón Gómez";"hombre";"tmdb";"ES";"tmdb_heuristico";""
623;5775340;"Jordi Sánchez";"";"";"";"";""
624;591600;"Damián Szifron";"hombre";"tmdb";"AR";"tmdb_heuristico";""
625;2529670;"Marta Medina";"mujer";"tmdb";"ES";"tmdb_heuristico";""
626;1748697;"Carla Simón";"mujer";"tmdb";"ES";"tmdb_heuristico";""
627;971986;"Mauro Herce";"hombre";"tmdb";"ES";"wikidata";""
628;1481857;"Manuel Muñoz Rivas";"hombre";"tmdb";"ES";"tmdb_heuristico";""
629;577795;"Luz Cipriota";"mujer";"tmdb";"AR";"tmdb_heuristico";""
630;1074733;"Cristóbal Garrido";"hombre";"wikidata";"";"";""
631;1074735;"Adolfo Valor";"hombre";"wikidata";"ES";"wikidata";""
632;1755625;"Olga Osorio";"mujer";"tmdb";"ES";"tmdb_heuristico";""
633;2091221;"Paul Pen";"";"";"";"";""
634;4034150;"John J. Healey";"";"";"";"";""
635;1920859;"Antonio Prieto";"hombre";"tmdb";"CL";"tmdb_heuristico";""
636;2264674;"Ángeles Reiné";"mujer";"tmdb";"";"";""
637;1051305;"Oriol Paulo";"hombre";"tmdb";"ES";"tmdb_heuristico";""
638;127146;"Alan R. Cohen";"hombre";"tmdb";"";"";""
639;127148;"Alan Freedland";"hombre";"tmdb";"";"";""
640;3840554;"Araceli Gonda";"mujer";"manual";"ES";"manual";""
641;94403;"F. Javier Gutiérrez";"hombre";"wikidata";"ES";"wikidata";""
642;2759690;"Rubén Burén";"";"";"";"";""
643;16979;"Chus Gutiérrez";"mujer";"tmdb";"ES";"wikidata";""
644;2388429;"Lina Badenes";"";"";"";"";""
645;2180969;"José María Zavala";"hombre";"tmdb";"";"";""
646;1806051;"Ignacio Benedeti";"";"";"";"";""
647;4951153;"Miguel Herrero";"";"";"";"";""
648;4160275;"J. Alberto Andrés Lacasta";"";"";"";"";""
649;1804069;"Imanol Ortiz López";"";"";"";"";""
650;4770718;"Joan-Pol Argenter";"";"";"";"";""
651;2270965;"Celia Giraldo";"mujer";"tmdb";"";"";""
652;4543717;"Bianca Franceza Omonte";"";"";"";"";""
653;3829133;"Luis (Soto) Muñoz";"hombre";"tmdb";"ES";"tmdb_heuristico";""
654;1684860;"Mario Pagano";"hombre";"wikidata";"VE";"wikidata";""
655;3599655;"Marco Gandolfo";"";"";"";"";""
656;1223;"Joel Coen";"hombre";"tmdb";"US";"tmdb_heuristico";""
657;1098477;"Cal Brunker";"hombre";"tmdb";"CA";"wikidata";""
658;12893;"Alec Sokolow";"hombre";"tmdb";"US";"tmdb_heuristico";""
659;1098478;"Bob Barlen";"hombre";"tmdb";"CA";"tmdb_heuristico";""
660;1392412;"More Raça";"mujer";"tmdb";"";"";""
661;1041579;"Gabriel Velázquez";"hombre";"wikidata";"";"";""
662;1302078;"Carlos Unamuno";"";"";"";"";""
663;2574131;"Xesús Ron";"";"";"";"";""
664;956692;"Miguel de Lira";"hombre";"tmdb";"ES";"tmdb_heuristico";""
665;2178183;"Patricia de Lorenzo";"mujer";"tmdb";"ES";"tmdb_heuristico";""
666;929049;"Paco Limón";"hombre";"tmdb";"ES";"tmdb_heuristico";""
667;2427245;"Julio César Sánchez";"hombre";"manual";"MX";"manual";""
668;3793844;"Ángel Holgado";"";"";"";"";""
669;5959830;"Joan Frank Charansonnet";"";"";"";"";""
670;6024188;"Alba López";"";"";"";"";""
671;2710782;"Luis Acebes Navarro";"";"";"";"";""
672;1396648;"Athenea Mata";"mujer";"wikidata";"ES";"wikidata";""
673;5252601;"J.L. Rojas";"";"";"";"";""
674;1443615;"Javier Calvo";"hombre";"tmdb";"ES";"tmdb_heuristico";""
675;95606;"Javier Ambrossi";"hombre";"tmdb";"ES";"tmdb_heuristico";""
676;240118;"Jean-Louis Milesi";"hombre";"tmdb";"IT";"tmdb_heuristico";""
677;2207591;"Zaida Carmona";"";"";"";"";""
678;2285247;"Hèctor Romance";"hombre";"tmdb";"";"";""
679;4277756;"Laura de Dios";"";"";"";"";""
680;2903084;"Roberto Jimenez";"hombre";"tmdb";"US";"tmdb_heuristico";""
681;2764547;"Miguel Angel Barroso Garcia";"";"";"";"";""
682;1741791;"Darío Autrán";"";"";"";"";""
683;1842346;"Kevin Castellano";"";"";"";"";""
684;3490020;"Edu Hirschfeld";"";"";"";"";""
685;4766481;"Jacobo Muñoz";"hombre";"tmdb";"ES";"tmdb_heuristico";""
686;1061514;"Álex O'Dogherty";"hombre";"tmdb";"ES";"tmdb_heuristico";""
687;3168014;"Iván Karras";"";"";"";"";""
688;2022341;"Carolina África";"";"";"";"";""
689;1072835;"Pilar Ordóñez";"mujer";"tmdb";"";"";""
690;4010268;"Ariel Castro";"";"";"";"";""
691;5155779;"Elisa Forcano";"";"";"";"";""
692;5063588;"Sofía Cortés";"";"";"";"";""
693;4814461;"Natalia Llorente";"mujer";"tmdb";"";"";""
694;5638016;"Laura Fité";"";"";"";"";""
695;1331713;"Fanny Condado";"";"";"";"";""
696;6149474;"David Ruiz";"";"";"";"";""
697;4308395;"Pitu González";"";"";"";"";""
698;1368562;"Arturo Ruiz Serrano";"hombre";"tmdb";"";"";""
699;6162301;"Carlos Giménez";"";"";"";"";""
700;3644479;"Nina Solà";"mujer";"tmdb";"";"";""
701;2152935;"Guillermo de Oliveira";"hombre";"tmdb";"ES";"tmdb_heuristico";""
702;5466763;"Francisco Sánchez";"";"";"";"";""
703;1958975;"Jordi Vallejo";"hombre";"tmdb";"";"";""
704;6332299;"Iñaki Peña";"";"";"";"";""
705;1223421;"Cristina Otero Roth";"mujer";"tmdb";"ES";"tmdb_heuristico";""
706;3669393;"Manuel Nector Yáñez";"";"";"";"";""
707;4898367;"Álvaro Gimenez";"";"";"";"";""
708;2407285;"Óscar García Blesa";"";"";"";"";""
709;5988546;"Emilio González";"";"";"";"";""
710;232130;"Luis Sánchez Polack";"hombre";"tmdb";"ES";"tmdb_heuristico";""
711;6363870;"Ángel González";"";"";"";"";""
712;5526507;"Sara Vicente Laguna";"";"";"";"";""
713;2108770;"Javi Camino";"";"";"";"";""
714;1828428;"Blanco Santos";"";"";"";"";""
715;4026096;"Tommy Llorens";"";"";"";"";""
716;1797508;"Pablo Romero-Fresco";"";"";"";"";""
717;15490;"Paul Laverty";"hombre";"tmdb";"GB";"wikidata";""
718;1672993;"Julio Mazarico";"";"";"";"";""
719;5345510;"Narciso Ibáñez Serrador";"";"";"";"";""
720;133004;"Chicho Ibáñez Serrador";"hombre";"tmdb";"UY";"tmdb_heuristico";""
721;81157;"Sebastián Borensztein";"hombre";"tmdb";"AR";"tmdb_heuristico";""
722;3489419;"Xuban Intxausti";"";"";"";"";""
723;1658534;"Nicole Betancourt";"";"";"";"";""
724;72768;"Ugo Chiti";"hombre";"tmdb";"IT";"tmdb_heuristico";""
725;1544003;"Luis Castro";"";"";"";"";""
726;1621241;"Luis Murillo";"";"";"";"";""
727;5626806;"Javier Aguirre";"";"";"";"";""
728;1459584;"Rocco Pucillo";"";"";"";"";""
729;5938497;"David Andrade";"";"";"";"";""
730;1796079;"Alberto Utrera";"";"";"";"";""
731;1796081;"Carlos Soria";"";"";"";"";""
732;3286310;"Ana Folgueira";"";"";"";"";""
733;4833291;"Javier Martín-Domínguez";"";"";"";"";""
734;2539801;"Sonia Tercero Ramiro";"";"";"";"";""
735;1468122;"Antonio Aguilar Vicente";"";"";"";"";""
736;5061066;"Carlos Aceituno";"";"";"";"";""
737;1364092;"Marc Fàbregas";"hombre";"wikidata";"";"";""
738;1672995;"Unai Canela";"";"";"";"";""
739;1168568;"Bertha Gaztelumendi";"";"";"";"";""
740;4250005;"Rosa Zufía";"";"";"";"";""
741;5116594;"Rogelio Enríquez Soto";"";"";"";"";""
742;1061599;"Fermin Muguruza";"hombre";"tmdb";"ES";"tmdb_heuristico";""
743;103511;"José Luis Garci";"hombre";"tmdb";"ES";"tmdb_heuristico";""
744;1435013;"Javier Muñoz";"hombre";"tmdb";"ES";"tmdb_heuristico";""
745;1013886;"Rafa Cortés";"hombre";"tmdb";"ES";"wikidata";""
746;5470294;"Sofía Menéndez";"";"";"";"";""
747;222608;"Pedro Masó";"hombre";"tmdb";"ES";"tmdb_heuristico";""
748;51422;"Vicente Coello";"hombre";"tmdb";"ES";"tmdb_heuristico";""
749;98499;"Rafael J. Salvia";"hombre";"tmdb";"ES";"wikidata";""
750;2558738;"Jaime Murciego";"";"";"";"";""
751;1119623;"Pablo Iraburu";"hombre";"tmdb";"";"";""
752;564282;"Manuel Ríos San Martín";"hombre";"wikidata";"ES";"wikidata";""
753;2700038;"Victoria dal Vera";"mujer";"tmdb";"";"";""
754;4865414;"Julio S. de la Fuente";"hombre";"manual";"ES";"manual";""
755;2873841;"Bruno Martín";"";"";"";"";""
756;3759352;"Isabelle Dierckx";"";"";"";"";""
757;2397509;"Javier Quintanilla";"";"";"";"";""
758;1334436;"Miguel Ángel Tobías";"hombre";"wikidata";"ES";"wikidata";""
759;2397512;"Jon Ander Santamaría";"";"";"";"";""
760;2880;"Emilio Estevez";"hombre";"tmdb";"US";"tmdb_heuristico";""
761;2881144;"Mohamed El Badaoui";"";"";"";"";""
762;3446971;"Fran J. Marber";"";"";"";"";""
763;1093748;"David Victori";"hombre";"tmdb";"ES";"tmdb_heuristico";""
764;1526016;"Clara Viola";"";"";"";"";""
765;1563107;"Nacho La Casa";"hombre";"tmdb";"";"";""
766;3331506;"Juan Apolo";"";"";"";"";""
767;88084;"Luis Prieto";"hombre";"tmdb";"ES";"tmdb_heuristico";""
768;3952402;"Mario Hernández";"";"";"";"";""
769;108499;"Manuel Gómez Pereira";"hombre";"tmdb";"ES";"wikidata";""
770;1489421;"Ignacio Tatay";"hombre";"wikidata";"ES";"wikidata";""
771;1679853;"Fernando González Gómez";"";"";"";"";""
772;1175887;"Belén Santos";"";"";"";"";""
773;1066407;"Esaú Dharma";"";"";"";"";""
774;1170972;"Pablo Vara";"";"";"";"";""
775;44224;"Leonardo Brzezicki";"hombre";"tmdb";"AR";"tmdb_heuristico";""
776;3936156;"Esther Yañez";"";"";"";"";""
777;225945;"Javier Elorrieta";"hombre";"wikidata";"ES";"wikidata";""
778;4091835;"Félix García Hernán";"";"";"";"";""
779;3829602;"Gabriela Ybarra";"";"";"";"";""
780;4266799;"Daniel Burgui Iguzkiza";"";"";"";"";""
781;2876642;"Paco Sepúlveda";"hombre";"wikidata";"ES";"wikidata";""
782;1640298;"Luis Roca";"";"";"";"";""
783;583118;"Montxo Armendáriz";"hombre";"tmdb";"ES";"tmdb_heuristico";""
784;1264790;"David Martín Porras";"hombre";"wikidata";"ES";"wikidata";""
785;2662941;"Andrea Gautier";"mujer";"manual";"AR";"manual";""
786;4206690;"Tabatta Salinas Caballero";"mujer";"manual";"MX";"manual";""
787;5010799;"Fernando Rodríguez";"";"";"";"";""
788;4936576;"Rai Fernandez";"";"";"";"";""
789;1395170;"Fernanda Valadez";"mujer";"tmdb";"MX";"tmdb_heuristico";""
790;1486121;"Astrid Rondero";"mujer";"tmdb";"MX";"tmdb_heuristico";""
791;2503583;"David Casals-Roma";"";"";"";"";""
792;2270970;"Marta Romero";"";"";"";"";""
793;1088457;"Albert Solé";"hombre";"tmdb";"ES";"wikidata";""
794;3615853;"Ariadna Vázquez";"";"";"";"";""
795;5798126;"Mario Díaz";"";"";"";"";""
796;5497531;"Miguel Ángel Gutiérrez";"";"";"";"";""
797;2579211;"Elena Molina";"mujer";"tmdb";"ES";"wikidata";""
798;1525399;"Ida Cuéllar";"hombre";"manual";"BO";"manual";""
799;2645524;"Juan Muñoz-Tébar";"hombre";"manual";"ES";"manual";""
800;2697139;"Natxo Leuza";"";"";"";"";""
801;112607;"Carlos Iglesias";"hombre";"tmdb";"ES";"wikidata";""
802;2428295;"Ángel Tirado";"";"";"ES";"tmdb_heuristico";""
803;3567372;"Diego Lodeiros";"";"";"";"";""
804;4839826;"Antón Álvarez";"";"";"";"";""
805;4272320;"Cris Trenas";"";"";"";"";""
806;3193916;"Santos Bacana";"";"";"";"";""
807;3009003;"Rogelio González";"";"";"";"";""
808;59142;"Achero Mañas";"hombre";"tmdb";"ES";"tmdb_heuristico";""
809;59144;"Federico Mañas";"hombre";"wikidata";"ES";"wikidata";""
810;1681183;"Álvaro Díaz Lorenzo";"hombre";"tmdb";"ES";"tmdb_heuristico";""
811;2196715;"Cecilia Montagut";"";"";"";"";""
812;2254756;"Raquel Osborne";"";"";"";"";""
813;1350506;"Pablo Aragüés";"hombre";"wikidata";"ES";"wikidata";""
814;3880881;"Joan Lloveras Mora";"";"";"";"";""
815;2402950;"Bibiana Monje";"";"";"";"";""
816;234369;"Christophe Farnarier";"hombre";"wikidata";"";"";""
817;1013025;"Pablo García Pérez de Lara";"hombre";"wikidata";"ES";"wikidata";""
818;4933566;"Álvaro Mayoral";"";"";"";"";""
819;4181357;"Adrian Varela";"";"";"";"";""
820;4933571;"Nacho Rojas";"";"";"";"";""
821;2002082;"Javier Guerra";"";"";"";"";""
822;4933579;"Isaac Leiro";"";"";"";"";""
823;1963039;"David Moragas";"hombre";"tmdb";"";"";""
824;5778006;"José Luis Rodríguez";"";"";"";"";""
825;3576022;"Nacho Serapio";"hombre";"tmdb";"ES";"tmdb_heuristico";""
826;2856894;"Julia Rebato";"";"";"";"";""
827;1039907;"Jorge Arenillas";"";"";"";"";""
828;1248203;"Luke Eve";"hombre";"tmdb";"AU";"tmdb_heuristico";""
829;1942491;"María Albiñana";"mujer";"tmdb";"";"";""
830;1384823;"Celia Rico Clavellino";"mujer";"tmdb";"ES";"tmdb_heuristico";""
831;793;"Luis Buñuel";"hombre";"tmdb";"ES";"tmdb_heuristico";""
832;4220253;"Xavier Moreno";"";"";"";"";""
833;4261006;"Maria Vilaseca Miguel";"";"";"";"";""
834;5251010;"Joan Marc Voces";"";"";"";"";""
835;88092;"Federico Moccia";"hombre";"tmdb";"IT";"tmdb_heuristico";""
836;564076;"Luca Biglione";"hombre";"tmdb";"";"";""
837;2184142;"Giorgia Colli";"";"";"";"";""
838;1148982;"David Valero";"";"";"";"";""
839;5692485;"Alba López Manubens";"";"";"";"";""
840;2534651;"Alberto Adsuara";"hombre";"tmdb";"ES";"tmdb_heuristico";""
841;71927;"Mapa Pastor";"mujer";"tmdb";"ES";"wikidata";""
842;2247381;"Itziar Bernaola";"";"";"";"";""
843;4919676;"Nino Fontán Allen";"";"";"";"";""
844;3292721;"Jan Matheu";"hombre";"tmdb";"ES";"tmdb_heuristico";""
845;113515;"Jeff Pope";"hombre";"tmdb";"GB";"tmdb_heuristico";""
846;5853511;"Nieves Gómez";"";"";"";"";""
847;1840711;"Teo Martinez";"";"";"";"";""
848;4150281;"Ana Capella";"";"";"";"";""
849;3020937;"Josep Serra Mateu";"";"";"";"";""
850;572453;"Javier Echániz";"hombre";"wikidata";"ES";"wikidata";""
851;3233134;"Nere Falagan";"mujer";"tmdb";"";"";""
852;4919663;"Jone Ibarretxe de la Cal";"mujer";"tmdb";"";"";""
853;1970518;"Erika Halvorsen";"mujer";"manual";"AR";"manual";""
854;1976655;"Mara Pescio";"mujer";"tmdb";"AR";"tmdb_heuristico";""
855;5826190;"Lea Garbini";"";"";"";"";""
856;5205185;"María Ruiz";"";"";"";"";""
857;212674;"Gracia Querejeta";"mujer";"tmdb";"ES";"tmdb_heuristico";""
858;2804608;"Sergio Hernández";"";"";"";"";""
859;2616720;"Eñaut Tolosa";"";"";"";"";""
860;2334966;"Beñat Iturrioz";"";"";"";"";""
861;2369929;"David Hebrero";"";"";"";"";""
862;3697588;"Javier Kiran";"";"";"";"";""
863;5384401;"Iván Morales";"";"";"";"";""
864;5686508;"Adrián Guanche";"";"";"";"";""
865;4990465;"Antonio R. Cabal";"";"";"";"";""
866;2806166;"Laia Aguilar";"";"";"";"";""
867;4510630;"Silvia Moreno";"";"";"";"";""
868;4458925;"Fernando Erre";"";"";"";"";""
869;2433852;"Roi Cagiao";"hombre";"tmdb";"ES";"tmdb_heuristico";""
870;3960005;"Iñaki Varela";"";"";"";"";""
871;1098341;"Manuel Sanabria";"hombre";"wikidata";"";"";""
872;2865703;"Ángela Obón";"mujer";"manual";"ES";"manual";""
873;1569540;"Bárbara Alpuente";"mujer";"manual";"ES";"manual";""
874;4198427;"Paula Iglesias";"";"";"";"";""
875;5374503;"Marta Gómez";"";"";"";"";""
876;5002083;"Asier Guerricaechebarría";"";"";"";"";""
877;588181;"Marcos Cabotá";"hombre";"tmdb";"ES";"wikidata";""
878;5086133;"Vivien Dakota";"";"";"";"";""
879;4800918;"Marina Martín";"";"";"";"";""
880;5086132;"Ivy Hesh";"";"";"";"";""
881;2257022;"Manolo Munguía";"";"";"";"";""
882;1354222;"Ángela Armero";"mujer";"tmdb";"ES";"tmdb_heuristico";""
883;2147073;"Susan Béjar";"";"";"";"";""
884;2352923;"Alfredo Contreras";"";"";"";"";""
885;1049261;"Iñaki Arteta";"hombre";"wikidata";"ES";"wikidata";""
886;2053703;"Armando Ravelo";"hombre";"tmdb";"";"";""
887;588888;"Ramon Térmens";"hombre";"wikidata";"ES";"wikidata";""
888;2885257;"Daniel Faraldo";"";"";"";"";""
889;2467570;"Inés Pintor";"";"";"";"";""
890;2467571;"Pablo Santidrián";"";"";"";"";""
891;4860717;"Diana Muro";"";"";"";"";""
892;1745864;"Chloé Wallace";"mujer";"tmdb";"ES";"wikidata";""
893;40;"Orson Welles";"hombre";"tmdb";"US";"tmdb_heuristico";""
894;2161084;"Diego Corsini";"hombre";"wikidata";"ES";"wikidata";""
895;2441053;"Mariana Cangas";"mujer";"manual";"AR";"manual";""
896;4944469;"Marc Galver Lacruz";"";"";"";"";""
897;2345832;"Ana Ramón Rubio";"";"";"";"";""
898;1491235;"Txaber Larreategi";"";"";"";"";""
899;2229398;"Alauda Ruiz de Azúa";"mujer";"tmdb";"ES";"tmdb_heuristico";""
900;1358333;"Arturo Prins";"hombre";"manual";"NL";"manual";""
901;5520423;"Javier Calvo Torrecilla";"";"";"";"";""
902;3698547;"Carmina Balaguer";"mujer";"manual";"ES";"manual";""
903;2261541;"Izaskun Arandia";"";"";"";"";""
904;1894302;"Arturo Montenegro";"hombre";"tmdb";"PA";"tmdb_heuristico";""
905;4506103;"Andry José Barrientos";"hombre";"manual";"VE";"manual";""
906;5232889;"Andrés Clemente";"hombre";"manual";"ES";"manual";""
907;5348288;"Javier Sánchez Martínez";"";"";"";"";""
908;111462;"D. Ross Lederman";"hombre";"tmdb";"US";"tmdb_heuristico";""
909;5073008;"Viviana González Delfino";"";"";"";"";""
910;5592585;"Alberto José Redondo Villa";"";"";"";"";""
911;2718376;"Francesc Cuéllar";"";"";"";"";""
912;2876280;"Victoria Vázquez";"mujer";"manual";"ES";"manual";""
913;5467197;"Ignacio López";"hombre";"manual";"";"manual";""
914;1805421;"Isaac Berrocal";"hombre";"manual";"ES";"manual";""
915;2876275;"Piter Moreira";"hombre";"tmdb";"UY";"tmdb_heuristico";""
916;2261043;"Diego Arjona";"hombre";"manual";"ES";"manual";""
917;4353897;"Santiago Mazarro";"";"";"";"";""
918;1111670;"Fernando Cortizo";"hombre";"tmdb";"ES";"tmdb_heuristico";""
919;1263849;"Alfonso Amador";"";"";"";"";""
920;1609316;"Sergi Dies";"";"";"";"";""
921;140854;"Miguel Ángel Fernández";"";"";"";"";""
922;140855;"Joaquín Górriz";"";"";"";"";""
923;3033406;"Gonzalo Gurrea Ysasi";"";"";"";"";""
924;4340717;"José Gabriel Lorenzo";"";"";"";"";""
925;1458492;"Tomás Aceituno Maldonado";"hombre";"tmdb";"ES";"tmdb_heuristico";""
926;1016262;"Leonardo Martín";"hombre";"wikidata";"";"";""
927;228489;"Florentino Soria";"";"";"";"";""
928;37493;"Luis García Berlanga";"hombre";"tmdb";"ES";"tmdb_heuristico";""
929;5397;"Ennio Flaiano";"hombre";"tmdb";"IT";"tmdb_heuristico";""
930;4993766;"Joan Bennàssar Escape";"";"";"";"";""
931;1173027;"Antonio Mas Guindal";"hombre";"tmdb";"";"";""
932;104063;"Jesús María de Arozamena";"hombre";"tmdb";"ES";"tmdb_heuristico";""
933;3655290;"José Luis Estañ";"";"";"";"";""
934;2636055;"Miguel Ángel Puro";"";"";"";"";""
935;1909477;"Hilario Abad";"";"";"";"";""
936;47059;"Gerardo Herrero";"hombre";"tmdb";"ES";"tmdb_heuristico";""
937;4043856;"Chema Cardeña";"";"";"";"";""
938;4385;"Sergio Leone";"hombre";"tmdb";"IT";"tmdb_heuristico";""
939;16320;"Jaime Comas Gil";"hombre";"tmdb";"ES";"wikidata";""
940;1805107;"Ricardo Macián";"";"";"";"";""
941;5105628;"David Varela";"";"";"";"";""
942;3630012;"Antonio Gil Aparicio";"";"";"";"";""
943;3630056;"Esteve Ferrer";"";"";"";"";""
944;1690566;"Ana Hurtado";"";"";"";"";""
945;2993061;"Pere Marzo";"";"";"";"";""
946;1672994;"Meritxell Margarit";"";"";"";"";""
947;1180455;"Jaime García Herranz";"hombre";"tmdb";"ES";"wikidata";""
948;1161119;"Alejandro Marzoa Blasco";"";"";"";"";""
949;1066930;"Maite Alberdi";"mujer";"tmdb";"CL";"tmdb_heuristico";""
950;1692673;"José Ángel Bohollo";"";"";"";"";""
951;64845;"Antonio Cuadri";"hombre";"wikidata";"ES";"wikidata";""
952;1582128;"Pedro Delgado";"hombre";"wikidata";"";"";""
953;4198442;"Claudio Crespo";"";"";"";"";""
954;5514982;"Isabel de Azcárraga";"";"";"";"";""
955;3304976;"Pau Canivell";"hombre";"tmdb";"ES";"tmdb_heuristico";""
956;6286768;"Raquel Rodríguez";"";"";"";"";""
957;4033952;"Levi Star";"";"";"";"";""
958;4033956;"Nacho Adorna";"";"";"";"";""
959;51895;"Sergio G. Sánchez";"hombre";"tmdb";"ES";"tmdb_heuristico";""
960;2942039;"Joan Vall Karsunke";"hombre";"tmdb";"ES";"tmdb_heuristico";""
961;5633278;"Laia Requesens";"";"";"";"";""
962;2016985;"Sergio Rubio";"hombre";"tmdb";"ES";"tmdb_heuristico";""
963;2516976;"Rodrigo Bazzano";"";"";"";"";""
964;3561271;"Rosa Valiente";"";"";"";"";""
965;1013002;"Rafael Gordon";"hombre";"wikidata";"ES";"wikidata";""
966;1087095;"Andrés Laszlo";"";"";"";"";""
967;1037361;"José Santugini";"hombre";"tmdb";"ES";"tmdb_heuristico";""
968;3128583;"Max Körner";"";"";"";"";""
969;114967;"Gian Luigi Rondi";"hombre";"tmdb";"IT";"tmdb_heuristico";""
970;12733;"Ladislao Vajda";"hombre";"tmdb";"HU";"tmdb_heuristico";""
971;2006688;"Rosa Blas Traisac";"mujer";"tmdb";"";"";""
972;1051295;"Álvaro Longoria";"hombre";"tmdb";"ES";"tmdb_heuristico";""
973;2602846;"Juan Puchades";"";"";"";"";""
974;12734;"Friedrich Dürrenmatt";"hombre";"tmdb";"CH";"tmdb_heuristico";""
975;4180694;"Antonio Díaz Pérez";"";"";"";"";""
976;3763414;"José Luis Pecharromán";"";"";"";"";""
977;3550114;"Remedios Malvárez";"";"";"";"";""
978;3593301;"Arturo Andújar";"";"";"";"";""
979;588842;"Tirso Calero";"hombre";"wikidata";"ES";"wikidata";""
980;4149531;"Begoña Soler";"";"";"";"";""
981;3525090;"Oscar Montón";"";"";"";"";""
982;1676574;"Melina León";"mujer";"tmdb";"PE";"wikidata";""
983;64856;"Michael Jai White";"hombre";"tmdb";"US";"tmdb_heuristico";""
984;1073834;"Antonio Méndez Esparza";"hombre";"wikidata";"ES";"wikidata";""
985;5305447;"Paula Veleiro";"";"";"";"";""
986;5294998;"Gerardo Boneque";"";"";"";"";""
987;942682;"Blanca Torres";"mujer";"tmdb";"MX";"tmdb_heuristico";""
988;2304656;"Juan Carlevaris";"";"";"";"";""
989;5696747;"David Rubira";"";"";"";"";""
990;5948879;"Marcos Zaván";"";"";"";"";""
991;584193;"Mariano Cohn";"hombre";"tmdb";"AR";"tmdb_heuristico";""
992;584191;"Gastón Duprat";"hombre";"tmdb";"AR";"tmdb_heuristico";""
993;584195;"Andrés Duprat";"hombre";"wikidata";"AR";"wikidata";""
994;1851555;"Pedro Peira";"hombre";"tmdb";"ES";"tmdb_heuristico";""
995;1463086;"Jordi Torrent";"hombre";"tmdb";"ES";"wikidata";""
996;97687;"Miguel del Arco";"hombre";"tmdb";"ES";"wikidata";""
997;3943486;"Antonio Rojano";"hombre";"tmdb";"ES";"tmdb_heuristico";""
998;5659339;"Javier Ortega";"";"";"";"";""
999;1643656;"Jelen Morales";"mujer";"tmdb";"";"";""
1000;1422671;"Hèctor Hernández Vicens";"hombre";"tmdb";"ES";"tmdb_heuristico";""
1001;580706;"Hugo Ruiz";"hombre";"tmdb";"SE";"tmdb_heuristico";""
1002;1804047;"Lucas Nolla";"";"";"";"";""
1003;5902817;"Sepia";"";"";"";"";""
1004;2072468;"Mariona Guiu";"";"";"";"";""
1005;6042075;"José Colina";"";"";"";"";""
1006;143847;"José Luis Font";"";"";"";"";""
1007;1022654;"José Antonio Quirós";"hombre";"wikidata";"ES";"wikidata";""
1008;4350703;"Elena Giménez Blaya";"";"";"";"";""
1009;5786930;"Sebastián Galán";"";"";"";"";""
1010;3235426;"Laura García Andreu";"";"";"";"";""
1011;1195429;"Fernando Merelo";"";"";"";"";""
1012;1195430;"Ricardo Toledo";"";"";"";"";""
1013;4272237;"María Zaragoza";"";"";"";"";""
1014;4886267;"Beatriz Carretero";"";"";"";"";""
1015;4886270;"Eva Contreras";"";"";"";"";""
1016;1065198;"Ricardo Íscar";"hombre";"tmdb";"ES";"tmdb_heuristico";""
1017;5811893;"Carlos Navarro";"";"";"";"";""
1018;1120994;"Fran Sariego";"hombre";"wikidata";"ES";"wikidata";""
1019;1494126;"Manuel Pizarro";"hombre";"tmdb";"";"";""
1020;2428982;"Martina Bueno";"";"";"";"";""
1021;5927926;"Mercedes M. del Río";"";"";"";"";""
1022;115394;"Álvaro de Armiñán";"hombre";"wikidata";"";"";""
1023;2362940;"Jesús Garrido";"";"";"";"";""
1024;932086;"Ignacio Ferreras";"hombre";"tmdb";"AR";"tmdb_heuristico";""
1025;2266639;"Carole Wilkinson";"";"";"";"";""
1026;2266640;"Xianping Wang";"";"";"";"";""
1027;2434977;"Angel Codón";"";"";"";"";""
1028;1546501;"Paco Fox";"hombre";"tmdb";"";"";""
1029;25275;"Rodolfo Montero";"";"";"";"";""
1030;1128094;"Ibon Cormenzana";"hombre";"tmdb";"ES";"tmdb_heuristico";""
1031;26279;"Manuela Vellés";"mujer";"tmdb";"ES";"tmdb_heuristico";""
1032;5207258;"Miguel Ángel Sánchez";"";"";"";"";""
1033;2718867;"Pedro Ballesteros";"";"";"";"";""
1034;1464940;"Aurora Sulli";"";"";"";"";""
1035;1536696;"Marija Kavtaradzė";"mujer";"tmdb";"LT";"tmdb_heuristico";""
1036;2025434;"César Vallejo de Castro";"";"";"";"";""
1037;4382373;"Amaya Villar Navascués";"";"";"";"";""
1038;77122;"María Valverde";"mujer";"tmdb";"ES";"tmdb_heuristico";""
1039;6058348;"Miguel Angel Parra";"";"";"";"";""
1040;4458312;"Pedro Aguilera";"";"";"";"";""
1041;2302227;"Carlos Langa";"";"";"";"";""
1042;2018522;"David Matamoros";"hombre";"manual";"ES";"manual";""
1043;2661260;"Mònica Cambra";"mujer";"manual";"ES";"manual";""
1044;3960226;"Ariadna Fortuny";"mujer";"manual";"ES";"manual";""
1045;3960227;"Clàudia Garcia de Dios";"mujer";"manual";"ES";"manual";""
1046;3374272;"Lucía Herrera";"mujer";"manual";"ES";"manual";""
1047;3014975;"Igna L. Vacas";"";"";"";"";""
1048;3035095;"Saúl Pérez Ruano";"";"";"";"";""
1049;4593142;"Néstor López";"";"";"";"";""
1050;3722956;"Amanda García-Tapia";"";"";"";"";""
1051;129304;"Michela Andreozzi";"mujer";"tmdb";"IT";"tmdb_heuristico";""
1052;1904393;"Alessia Crocini";"mujer";"tmdb";"";"";""
1053;4091588;"Tommaso Triolo";"";"";"";"";""
1054;1023088;"Margarita Alexandre";"mujer";"tmdb";"ES";"tmdb_heuristico";""
1055;1269221;"Rafael María Torrecilla";"";"";"";"";""
1056;1732636;"José Luis Barbero";"";"";"";"";""
1057;1809334;"Joserra Halcón Bejarano";"";"";"";"";""
1058;1284006;"Jeri Iglesias";"";"";"";"";""
1059;3511158;"Josema García Pelayo";"";"";"";"";""
1060;4001191;"Chipi";"";"";"";"";""
1061;2952021;"Ignacio Acconcia";"";"";"";"";""
1062;1605611;"Marçal Cebrian";"hombre";"manual";"ES";"manual";""
1063;3105484;"Anna Surinyach";"";"";"";"";""
1064;4940708;"Juanma Arizmendi";"";"";"";"";""
1065;131416;"Sean Patrick O'Reilly";"hombre";"tmdb";"CA";"tmdb_heuristico";""
1066;3511155;"Jerónimo Silvio Iglesias Aparicio";"hombre";"tmdb";"";"";""
1067;3696892;"Rosa García Loire";"mujer";"tmdb";"";"";""
1068;4019075;"Carlos Prado Pampín";"";"";"";"";""
1069;1521812;"Clara Martínez-Lázaro Alameda";"";"";"";"";""
1070;5341468;"Alejandro Torres";"";"";"";"";""
1071;3530478;"Andrés Martorell";"hombre";"manual";"ES";"manual";""
1072;5052862;"Gonzalo Perdomo-Tafur";"hombre";"manual";"CO";"manual";""
1073;2656544;"José David Díaz";"";"";"";"";""
1074;2518741;"Enrique Bernal";"";"";"";"";""
1075;2429078;"Bernabé Bulnes";"";"";"";"";""
1076;4701508;"Iratxe Pérez Barandalla";"";"";"";"";""
1077;1817184;"Pedro Collantes";"hombre";"tmdb";"ES";"wikidata";""
1078;239202;"Luis Marquina";"hombre";"tmdb";"ES";"tmdb_heuristico";""
1079;1192582;"Enric Miró";"";"";"";"";""
1080;2190612;"Hugo Cabezas";"";"";"";"";""
1081;2190613;"Alejandro Toro";"";"";"";"";""
1082;1382887;"Pedro Lendínez";"hombre";"tmdb";"ES";"tmdb_heuristico";""
1083;4577797;"Guillermo Barreira";"";"";"";"";""
1084;4657428;"Javier Horcajada";"";"";"";"";""
1085;4808400;"Antonio Martín";"";"";"";"";""
1086;1510695;"Alex Guimerà";"";"";"";"";""
1087;2406842;"Guillem Ventura";"";"";"";"";""
1088;1381181;"Eneko Olasagasti";"hombre";"wikidata";"ES";"wikidata";""
1089;1381182;"Carlos Zabala";"hombre";"tmdb";"ES";"wikidata";""
1090;5800608;"Alfonso Aguado";"";"";"";"";""
1091;5399136;"Pablo Vázquez";"";"";"";"";""
1092;6003707;"Julio Espinosa";"";"";"";"";""
1093;34264;"Marco Ferreri";"hombre";"tmdb";"IT";"tmdb_heuristico";""
1094;1780288;"Kiko Prada";"hombre";"wikidata";"ES";"wikidata";""
1095;2889301;"Raul Alaejos";"";"";"";"";""
1096;3202577;"María Zanetti";"mujer";"manual";"AR";"manual";""
1097;5709831;"Alejandro Enríquez";"";"";"";"";""
1098;3795890;"Pablo Casanueva";"";"";"";"";""
1099;1131414;"Alfonso Cortés-Cavanillas";"hombre";"tmdb";"";"";""
1100;1986797;"Estefanía Cortes";"";"";"";"";""
1101;4380359;"Leire Albinarrate";"";"";"";"";""
1102;1618234;"Marco Fernandez";"";"";"";"";""
1103;3613698;"Jose Texeira";"";"";"";"";""
1104;6377038;"Fran López Reyes";"";"";"";"";""
1105;85234;"Salvador del Solar";"hombre";"tmdb";"PE";"wikidata";""
1106;1406365;"Héctor Gálvez";"hombre";"tmdb";"PE";"wikidata";""
1107;4093274;"Pol Picas";"";"";"";"";""
1108;4093273;"Júlia Girós";"";"";"";"";""
1109;71522;"Juan Antonio Bardem";"hombre";"tmdb";"ES";"tmdb_heuristico";""
1110;1164105;"Chema Rodríguez";"hombre";"wikidata";"ES";"wikidata";""
1111;1954334;"Mamen García";"";"";"";"";""
1112;237482;"Raúl Alfonso";"hombre";"tmdb";"CU";"tmdb_heuristico";""
1113;1180122;"Francisco Naranjo";"hombre";"wikidata";"ES";"wikidata";""
1114;1180121;"Camilo Murillo";"";"";"";"";""
1115;2861970;"José Ochoa";"";"";"";"";""
1116;566294;"Patricio Guzmán";"hombre";"tmdb";"CL";"tmdb_heuristico";""
1117;2033131;"Carmen López Areal";"";"";"";"";""
1118;4910317;"Jaume Sucarrats";"hombre";"tmdb";"";"";""
1119;1621741;"Telmo Iragorri";"";"";"";"";""
1120;4648054;"Ainara Fernández";"";"";"";"";""
1121;2449762;"Miguel Angel Caro";"";"";"";"";""
1122;2353223;"Paco Izquierdo";"";"";"";"";""
1123;1696531;"Javier Marco";"hombre";"tmdb";"ES";"wikidata";""
1124;2619626;"Marta Lallana";"";"";"";"";""
1125;1728140;"Enrique Herreros";"hombre";"tmdb";"ES";"tmdb_heuristico";""
1126;16435;"Julio Medem";"hombre";"tmdb";"ES";"tmdb_heuristico";""
1127;53708;"Ira Sachs";"hombre";"tmdb";"US";"tmdb_heuristico";""
1128;1240273;"Beatriz Luengo";"mujer";"tmdb";"ES";"tmdb_heuristico";""
1129;3987249;"Nerea Crespo";"";"";"";"";""
1130;4656727;"Oriol Cardús";"hombre";"tmdb";"ES";"tmdb_heuristico";""
1131;1167672;"Sara Sálamo";"mujer";"tmdb";"ES";"tmdb_heuristico";""
1132;2020238;"Javier Castro";"";"";"";"";""
1133;965;"Fernando Fernán Gómez";"hombre";"tmdb";"PE";"tmdb_heuristico";""
1134;5322138;"Maria Jose Pacreu Rodriguez";"mujer";"tmdb";"";"";""
1135;144734;"Edgar Neville";"hombre";"tmdb";"ES";"tmdb_heuristico";""
1136;4051084;"Rodrigo Martín";"";"";"";"";""
1137;5249955;"Pedro García Ríos";"";"";"";"";""
1138;1031958;"Juan Pinzás";"hombre";"tmdb";"ES";"tmdb_heuristico";""
1139;5394205;"Rubén del Pino";"";"";"";"";""
1140;1374390;"Alejandro Millán";"";"";"";"";""
1141;4978497;"Francisco Rodríguez";"";"";"";"";""
1142;2369120;"Helios Manzanera";"";"";"";"";""
1143;5228746;"Louise Brix Andersen";"";"";"";"";""
1144;5329785;"Eva Mora";"";"";"";"";""
1145;5312607;"Luisje Moyano";"";"";"";"";""
1146;932708;"José Luis Sáenz de Heredia";"hombre";"tmdb";"ES";"tmdb_heuristico";""
1147;1338815;"Ramon Tort";"hombre";"wikidata";"ES";"wikidata";""
1148;2675371;"Toni Agustí";"";"";"";"";""
1149;5421685;"Aritz Gorostiaga Eskubi";"";"";"";"";""
1150;1442310;"Arturo Menor";"";"";"";"";""
1151;1283697;"Francisco Summers";"";"";"";"";""
1152;2544423;"David Miralles";"";"";"";"";""
1153;133090;"José Luis Guerín";"hombre";"tmdb";"ES";"tmdb_heuristico";""
1154;1539731;"Samuel M. Delgado";"hombre";"tmdb";"ES";"tmdb_heuristico";""
1155;2227717;"Laure Desmazières";"mujer";"manual";"FR";"manual";""
1156;5307851;"Carlos Enrique Palacio";"";"";"";"";""
1157;1477912;"Alejo Levis";"hombre";"wikidata";"ES";"wikidata";""
1158;4577478;"Denise Duncan";"";"";"";"";""
1159;1186835;"Juan Minon";"hombre";"wikidata";"ES";"wikidata";""
1160;6246497;"Eduardo Cubillo";"";"";"";"";""
1161;77123;"Gonzalo López-Gallego";"hombre";"tmdb";"ES";"tmdb_heuristico";""
1162;1521343;"Laia Manresa";"";"";"";"";""
1163;4241822;"Moisés Salama";"";"";"";"";""
1164;4365971;"Miguel Ángel Oeste";"";"";"";"";""
1165;3710616;"Mariana Starciuc";"";"";"";"";""
1166;53943;"Ignacio F. Iquino";"hombre";"tmdb";"ES";"tmdb_heuristico";""
1167;4747702;"Ximo Peris";"";"";"";"";""
1168;5782306;"Jorge Rojas";"";"";"";"";""
1169;2754644;"Alejandro Pérez Castellanos";"hombre";"tmdb";"ES";"tmdb_heuristico";""
1170;2438991;"Antonio Llamas";"hombre";"tmdb";"";"";""
1171;1031934;"Benito Perojo";"hombre";"tmdb";"ES";"tmdb_heuristico";""
1172;1547100;"Manuel Matji";"";"";"";"";""
1173;237350;"Mario Camus";"hombre";"tmdb";"ES";"tmdb_heuristico";""
1174;936718;"Jaime Rosales";"hombre";"tmdb";"ES";"tmdb_heuristico";""
1175;2374719;"Bárbara Díez";"";"";"";"";""
1176;1418606;"Néstor Ruiz Medina";"";"";"ES";"tmdb_heuristico";""
1177;6308262;"María Lázaro";"";"";"";"";""
1178;1312164;"Fernando Barona";"hombre";"tmdb";"";"";""
1179;4962129;"Reyes Caballero";"";"";"";"";""
1180;5519241;"Julia de Paz Solvas";"";"";"";"";""
1181;1024244;"Héctor Carré";"hombre";"wikidata";"ES";"wikidata";""
1182;1877869;"Alexandre Cirici Pellicer";"";"";"";"";""
1183;4834712;"Rafael Ferrer";"";"";"";"";""
1184;4888027;"José Escobar";"";"";"";"";""
1185;1677883;"Juanjo Moscardó Rius";"hombre";"tmdb";"";"";""
1186;5050358;"Carmen Avalos del Pino";"";"";"";"";""
1187;233957;"Norberto López Amado";"hombre";"wikidata";"ES";"wikidata";""
1188;1343616;"Enrico Audenino";"hombre";"tmdb";"IT";"tmdb_heuristico";""
1189;5408871;"Aser Álvarez González";"";"";"";"";""
1190;1826333;"Lucija Stojevic";"mujer";"tmdb";"";"";""
1191;5810;"Luciano Vincenzoni";"hombre";"tmdb";"IT";"tmdb_heuristico";""
1192;1032968;"Angelino Fons";"hombre";"wikidata";"ES";"wikidata";""
1193;6246635;"Verónica Orrico";"";"";"";"";""
1194;2614503;"Mariana Guzzante";"mujer";"manual";"AR";"manual";""
1195;5455347;"Teresa Trasancos";"mujer";"manual";"ES";"manual";""
1196;1980582;"Juma Fodde";"hombre";"manual";"IT";"manual";""
1197;996580;"Pedro Beltrán";"hombre";"tmdb";"ES";"tmdb_heuristico";""
1198;1169602;"Manuel Ruiz Castillo";"";"";"";"";""
1199;560290;"Pedro Loeb";"hombre";"tmdb";"AR";"tmdb_heuristico";""
1200;5166472;"Javi Barón";"";"";"";"";""
1201;4792626;"David Aguilar";"";"";"";"";""
1202;2261544;"Pello Gutiérrez";"hombre";"tmdb";"";"";""
1203;3403622;"Iñaki Sagastume";"";"";"";"";""
1204;143846;"José Luis Colina";"hombre";"wikidata";"ES";"wikidata";""
1205;1807377;"Fernando López-Mirones";"hombre";"tmdb";"";"";""
1206;1012205;"José Manuel Carrasco";"hombre";"tmdb";"";"";""
1207;4056738;"Francisco Vaquero Robustillo";"";"";"";"";""
1208;4056739;"Gustavo Alés";"";"";"";"";""
1209;4056740;"Pedro Moriche";"";"";"";"";""
1210;5302380;"Garazi Velasco";"";"";"";"";""
1211;2840892;"Carolina Noriega";"mujer";"tmdb";"ES";"tmdb_heuristico";""
1212;4983540;"Roger Danès Morera";"";"";"";"";""
1213;2327508;"Ricardo Franco";"hombre";"tmdb";"MX";"tmdb_heuristico";""
1214;103509;"Eloy de la Iglesia";"hombre";"tmdb";"ES";"tmdb_heuristico";""
1215;27471;"Luis Bermejo";"hombre";"tmdb";"ES";"tmdb_heuristico";""
1216;5331869;"Manuel Cabo Sánchez";"";"";"";"";""
1217;954769;"Ángel Sala";"hombre";"tmdb";"";"";""
1218;5283303;"Vanesa Bocanegra";"";"";"";"";""
1219;4808255;"Sabina Méndez";"mujer";"manual";"ES";"manual";""
1220;3962124;"Marco Lagarde";"hombre";"manual";"AR";"manual";""
1221;1748194;"Javier Pascual";"";"";"";"";""
1222;2850691;"Pedro G. Romero";"hombre";"tmdb";"ES";"tmdb_heuristico";""
1223;1078831;"Juan Antonio Porto";"hombre";"wikidata";"ES";"wikidata";""
1224;390853;"Pilar Távora";"mujer";"tmdb";"ES";"wikidata";""
1225;4653926;"Alana S. Portero";"mujer";"tmdb";"";"";""
1226;1036768;"Xavier Villaverde";"hombre";"tmdb";"ES";"tmdb_heuristico";""
1227;1073957;"Sonia Méndez";"mujer";"wikidata";"ES";"wikidata";""
1228;4580494;"Juan Antonio Tirado";"hombre";"tmdb";"ES";"tmdb_heuristico";""
1229;572115;"Ray Figueroa";"hombre";"manual";"PR";"manual";""
1230;1168674;"Gabriel Villanueva";"hombre";"tmdb";"";"";""
1231;72719;"José Luis Dibildos";"hombre";"wikidata";"ES";"wikidata";""
1232;4312256;"Alex Mañas";"";"";"";"";""
1233;1242114;"Maja Borg";"mujer";"tmdb";"SE";"tmdb_heuristico";""
1234;4578364;"Daniel Tornero";"hombre";"tmdb";"ES";"tmdb_heuristico";""
1235;5718669;"Beñat Gereka Bikuña";"";"";"";"";""
1236;2683614;"Amparo Aguilar";"mujer";"manual";"ES";"manual";""
1237;2509031;"Pío Longo";"hombre";"manual";"AR";"manual";""
1238;3710410;"Daniel D. García";"";"";"";"";""
1239;1724318;"Ángeles Huerta";"mujer";"tmdb";"";"";""
1240;1288697;"Carlos Marques-Marcet";"hombre";"tmdb";"ES";"tmdb_heuristico";""
1241;1533722;"Paula Cons";"mujer";"wikidata";"ES";"wikidata";""
1242;1707578;"Caye Casas";"hombre";"tmdb";"ES";"tmdb_heuristico";""
1243;1485396;"Albert Pintó";"hombre";"tmdb";"ES";"tmdb_heuristico";""
1244;4848073;"Esther Morente";"";"";"";"";""
1245;1474206;"Antonio Ojeda";"";"";"";"";""
1246;1266083;"Ismael Morillo";"";"";"";"";""
1247;5032966;"Carmen Estirado";"";"";"";"";""
1248;3862769;"Liliana Torres";"mujer";"manual";"ES";"manual";""
1249;985375;"Fernando Cámara";"hombre";"tmdb";"MX";"wikidata";""
1250;4680400;"David Alonso";"";"";"";"";""
1251;1081336;"Adán Aliaga";"hombre";"wikidata";"ES";"wikidata";""
1252;1116367;"José Luis Martínez Mollá";"";"";"";"";""
1253;589659;"Imanol Rayo";"hombre";"wikidata";"ES";"wikidata";""
1254;1001903;"Víctor Manuel";"hombre";"tmdb";"ES";"wikidata";""
1255;4808377;"Carmen Jiménez";"";"";"";"";""
1256;6059594;"Anna M. Bofarull";"";"";"";"";""
1257;5495770;"Pablo Más Serrano";"";"";"";"";""
1258;5834440;"Maribel Hernández";"";"";"";"";""
1259;1744131;"Robin Petré";"mujer";"tmdb";"DK";"tmdb_heuristico";""
1260;1491153;"Paco Ortiz";"";"";"";"";""
1261;4545832;"Pablo Zanón";"";"";"";"";""
1262;44264;"Rodrigo Sopeña";"hombre";"tmdb";"ES";"tmdb_heuristico";""
1263;44263;"Luis Piedrahita";"hombre";"tmdb";"ES";"tmdb_heuristico";""
1264;1162072;"Gonzalo Maza";"hombre";"tmdb";"CL";"tmdb_heuristico";""
1265;6389807;"Esther Díaz Rey";"";"";"";"";""
1266;1593605;"Antonio Torres Martinó";"hombre";"tmdb";"PR";"tmdb_heuristico";""
1267;1777512;"Antonio Manuel";"";"";"";"";""
1268;1726147;"Georgina Cisquella";"mujer";"tmdb";"ES";"tmdb_heuristico";""
1269;2474514;"Rafael Lobo";"";"";"BR";"tmdb_heuristico";""
1270;1061976;"Marc Martínez";"hombre";"tmdb";"ES";"tmdb_heuristico";""
1271;1515842;"Lara Izagirre";"mujer";"tmdb";"ES";"wikidata";""
1272;37577;"Bigas Luna";"hombre";"tmdb";"ES";"tmdb_heuristico";""
1273;1065244;"José Sánchez-Montes";"hombre";"tmdb";"";"";""
1274;3497954;"Marina Trigueros";"";"";"";"";""
1275;4980450;"Emanuele Giusto Kantfish";"";"";"";"";""
1276;3416965;"Mario-Paul Martínez";"";"";"";"";""
1277;84520;"Víctor Sierra";"hombre";"wikidata";"";"";""
1278;1440782;"Simón Casal";"hombre";"tmdb";"ES";"wikidata";""
1279;2654024;"Marta-Libertad Castillo";"mujer";"manual";"ES";"manual";""
1280;4958781;"Kike Maillo";"hombre";"manual";"ES";"manual";""
1281;67263;"Andrés M. Koppel";"hombre";"tmdb";"";"";""
1282;1614851;"Rafa Martínez";"hombre";"tmdb";"ES";"wikidata";""
1283;2682372;"Borja González Santaolalla";"hombre";"tmdb";"";"";""
1284;2864402;"Ángel Puado Veloso";"";"";"";"";""
1285;2799615;"Area Erina";"";"";"";"";""
1286;4431351;"Arianne Cristiel Dapena";"";"";"";"";""
1287;1876833;"Marta Grau";"mujer";"manual";"ES";"manual";""
1288;1136758;"Raquel Gómez-Rosado";"";"";"";"";""
1289;1446388;"José Ángel Mañas";"hombre";"wikidata";"ES";"wikidata";""
1290;239149;"Angel de la Cruz";"hombre";"wikidata";"ES";"wikidata";""
1291;6360702;"David Matamoros Manteca";"hombre";"manual";"ES";"manual";""
1292;2018520;"Ángeles Hernández";"mujer";"manual";"ES";"manual";""
1293;100897;"Carlos Puerto";"hombre";"tmdb";"";"";""
1294;1204232;"Francesc Relea";"";"";"";"";""
1295;2568321;"Johanne Gómez Terrero";"mujer";"manual";"DO";"manual";""
1296;236516;"Daniel Remón";"hombre";"wikidata";"";"";""
1297;2021125;"Roberto Martín Maiztegui";"";"";"";"";""
1298;1745310;"Lino Escalera";"hombre";"tmdb";"";"";""
1299;1481855;"Irene M. Borrego";"mujer";"tmdb";"ES";"wikidata";""
1300;1631846;"Álvaro Urtizberea";"hombre";"manual";"AR";"manual";""
1301;2852263;"Daniel Monedero";"hombre";"manual";"ES";"manual";""
1302;2865693;"Francisco Arnal";"hombre";"manual";"ES";"manual";""
1303;3472602;"Toti Martínez de Lezea";"";"";"";"";""
1304;2973700;"Alvaro Gurrea";"";"";"";"";""
1305;1007551;"Antonio Mercero";"hombre";"tmdb";"ES";"tmdb_heuristico";""
1306;1042733;"Daniel Padró";"hombre";"tmdb";"ES";"tmdb_heuristico";""
1307;1263590;"Manuel Facal";"hombre";"manual";"AR";"manual";""
1308;5052917;"Miguel García";"";"";"";"";""
1309;1606368;"Isa Feliu";"";"";"";"";""
1310;1603877;"Rosario Pi";"";"";"";"";""
1311;1686833;"Jorge Berlanga";"";"";"";"";""
1312;937769;"Jonás Trueba";"hombre";"tmdb";"ES";"tmdb_heuristico";""
1313;1716364;"Aitor Echeverría";"hombre";"tmdb";"ES";"tmdb_heuristico";""
1314;1016265;"Pep Garrido";"";"";"";"";""
1315;1063331;"David Bisbano";"hombre";"tmdb";"AR";"tmdb_heuristico";""
1316;1121370;"Alfonso Suárez";"hombre";"tmdb";"MX";"tmdb_heuristico";""
1317;3620424;"Gonzalo Suárez Garayo";"";"";"ES";"tmdb_heuristico";""
1318;139244;"Beatriz Iso";"mujer";"tmdb";"ES";"tmdb_heuristico";""
1319;5338994;"Xabier Mina Ederra";"";"";"";"";""
1320;1489033;"Julio Llamazares";"hombre";"tmdb";"ES";"wikidata";""
1321;942161;"Felipe Vega";"hombre";"tmdb";"ES";"wikidata";""
1322;131867;"Daniel Hendler";"hombre";"tmdb";"UY";"tmdb_heuristico";""
1323;1659438;"Elena López Riera";"mujer";"tmdb";"ES";"tmdb_heuristico";""
1324;2118742;"Philippe Azoury";"";"";"";"";""
1325;3700292;"Fermin Aio";"";"";"";"";""
1326;928784;"Nadine Lamari";"";"";"";"";""
1327;2435618;"Nata Moreno";"";"";"";"";""
1328;929757;"Miguel Ángel Calvo Buttini";"hombre";"wikidata";"ES";"wikidata";""
1329;5581651;"Alicia Rodríguez";"";"";"";"";""
1330;4932113;"José Manuel Herraiz";"";"";"";"";""
1331;1839262;"Miguel Eek";"";"";"";"";""
1332;2785405;"Lupe Pérez García";"";"";"";"";""
1333;168101;"Alex Montoya";"hombre";"tmdb";"US";"tmdb_heuristico";""
1334;1047300;"Sergio Barrejón";"hombre";"tmdb";"ES";"tmdb_heuristico";""
1335;2302849;"Amalia Ulman";"mujer";"tmdb";"AR";"tmdb_heuristico";""
1336;1008378;"Félix Sabroso";"hombre";"wikidata";"ES";"wikidata";""
1337;1008377;"Dunia Ayaso";"mujer";"wikidata";"ES";"wikidata";""
1338;1677698;"Nely Reguera";"mujer";"tmdb";"";"";""
1339;1507947;"Ana Diosdado";"mujer";"tmdb";"AR";"tmdb_heuristico";""
1340;1620763;"Glorimar Marrero Sánchez";"mujer";"tmdb";"PR";"tmdb_heuristico";""
1341;4575898;"Jacobo García Fernández";"";"";"";"";""
1342;4832778;"Rosaura Romero";"";"";"";"";""
1343;5115912;"Marías Recarte";"";"";"";"";""
1344;562915;"Santi Amodeo";"hombre";"tmdb";"ES";"tmdb_heuristico";""
1345;2349796;"Alberto Gastesi";"";"";"";"";""
1346;1801854;"Alex Merino";"";"";"";"";""
1347;5909538;"Alberto Fernández Arregui";"";"";"";"";""
1348;969241;"Cristian Conti";"hombre";"tmdb";"";"";""
1349;2915542;"Lula Gómez";"mujer";"manual";"ES";"manual";""
1350;1147706;"Jimina Sabadú";"mujer";"tmdb";"ES";"tmdb_heuristico";""
1351;1490075;"Helio Mira";"";"";"";"";""
1352;4044587;"Albert Bertran Bas";"";"";"";"";""
1353;4044588;"Carmelo Viera";"";"";"";"";""
1354;1987284;"Carlota Pereda";"mujer";"tmdb";"ES";"tmdb_heuristico";""
1355;2570550;"Jorge Acebo Canedo";"";"";"FR";"tmdb_heuristico";""
1356;2555139;"Mariana Barassi";"mujer";"manual";"AR";"manual";""
1357;2619572;"Jaime Puertas Castillo";"";"";"";"";""
1358;82700;"Mario Casas";"hombre";"tmdb";"ES";"tmdb_heuristico";""
1359;54228;"Déborah François";"mujer";"tmdb";"BE";"tmdb_heuristico";""
1360;236693;"Mabel Lozano";"mujer";"tmdb";"ES";"tmdb_heuristico";""
1361;2639346;"Enrique Buleo";"hombre";"tmdb";"ES";"tmdb_heuristico";""
1362;2194967;"Rubin Stein";"hombre";"tmdb";"ES";"tmdb_heuristico";""
1363;1165419;"Marta Ramos";"";"";"";"";""
1364;6181106;"Miguel Romero";"";"";"";"";""
1365;1572393;"Javier Macipe";"hombre";"tmdb";"ES";"tmdb_heuristico";""
1366;5674493;"Jesus Caballero";"hombre";"manual";"ES";"manual";""
1367;3763970;"Omar Al Abdul Razzak";"hombre";"manual";"ES";"manual";""
1368;1432104;"Alejandro Naranjo";"hombre";"manual";"CO";"manual";""
1369;1355552;"David Romera";"";"";"";"";""
1370;136515;"Rob Sprackling";"hombre";"wikidata";"";"";""
1371;1146781;"Maxi Rodríguez";"hombre";"tmdb";"ES";"tmdb_heuristico";""
1372;6384256;"Alberto García Ortiz";"";"";"";"";""
1373;5111664;"Sylvie Bélanger";"";"";"";"";""
1374;1246601;"Phil Ivanusic";"hombre";"tmdb";"";"";""
1375;3553593;"Joan-Marc Zapata";"";"";"";"";""
1376;1801413;"David Casademunt";"mujer";"tmdb";"ES";"tmdb_heuristico";""
1377;262849;"Alicia Hermida";"mujer";"tmdb";"ES";"wikidata";""
1378;25257;"Julieta Serrano";"mujer";"tmdb";"ES";"tmdb_heuristico";""
1379;97662;"Emma Cohen";"mujer";"tmdb";"ES";"tmdb_heuristico";""
1380;97689;"Juan Tébar";"";"";"";"";""
1381;109081;"Enrique Brasó";"hombre";"tmdb";"ES";"tmdb_heuristico";""
1382;1298398;"Alfonso Ungría";"hombre";"tmdb";"ES";"tmdb_heuristico";""
1383;1744373;"Ignacio Nacho";"";"";"";"";""
1384;1740764;"Luciano Juncos";"hombre";"manual";"AR";"manual";""
1385;3006682;"Renzo Felippa";"hombre";"manual";"CL";"manual";""
1386;4682724;"Biel Macià";"";"";"";"";""
1387;1833773;"Yayo Herrero";"";"";"";"";""
1388;1491189;"Juan Gautier";"";"";"";"";""
1389;5018014;"Laura Herrero";"";"";"";"";""
1390;548748;"Irene Gutiérrez Caba";"mujer";"tmdb";"ES";"tmdb_heuristico";""
1391;2799326;"Lisandra López Fabe";"mujer";"manual";"CU";"manual";""
1392;2729812;"Benet Rosell";"";"";"";"";""
1393;1361408;"Gustau Hernández Mor";"";"";"";"";""
1394;1006815;"Francesc Betriu";"hombre";"tmdb";"ES";"tmdb_heuristico";""
1395;1840534;"Bernardo Sánchez";"";"";"";"";""
1396;3102085;"Eduardo Sánchez Rugeles";"hombre";"tmdb";"VE";"tmdb_heuristico";""
1397;1316690;"Claudia Pinto Emperador";"mujer";"tmdb";"ES";"wikidata";""
1398;1665562;"Maria Mauti";"mujer";"manual";"IT";"manual";""
1399;4080092;"Sara Mesa";"mujer";"manual";"ES";"manual";""
1400;225020;"Juan Cavestany";"hombre";"tmdb";"ES";"tmdb_heuristico";""
1401;5753172;"Carlos Rodríguez";"";"";"";"";""
1402;65452;"Mike Leigh";"hombre";"tmdb";"GB";"tmdb_heuristico";""
1403;1124204;"Robert Bahar";"hombre";"tmdb";"US";"wikidata";""
1404;1124203;"Almudena Carracedo";"mujer";"tmdb";"ES";"wikidata";""
1405;2034541;"Kim Roberts";"";"";"";"";""
1406;5511239;"Ricardo Acosta";"";"";"";"";""
1407;5043210;"Manuel García Serrano";"";"";"";"";""
1408;4633424;"Cristina Linares";"";"";"";"";""
1409;2627397;"Augusto Sinay";"hombre";"tmdb";"AR";"tmdb_heuristico";""
1410;100833;"Tomás Aznar";"hombre";"tmdb";"";"";""
1411;100834;"Miguel Lizondo";"";"";"";"";""
1412;1692922;"Alfredo Casado";"";"";"";"";""
1413;2928018;"Aleksandra Karczewska";"";"";"";"";""
1414;1395595;"Burnin' Percebes";"";"";"";"";""
1415;1295651;"Pau Teixidor";"hombre";"wikidata";"";"";""
1416;1084018;"José Luis Acosta";"hombre";"tmdb";"ES";"wikidata";""
1417;1421242;"Miguel Llansó";"hombre";"tmdb";"ES";"wikidata";""
1418;1058959;"Amaia Merino";"mujer";"tmdb";"ES";"tmdb_heuristico";""
1419;984083;"Patxo Tellería";"hombre";"wikidata";"ES";"wikidata";""
1420;588636;"Marta Nieto";"mujer";"tmdb";"ES";"tmdb_heuristico";""
1421;4547559;"Beatriz Herzog";"";"";"";"";""
1422;1110423;"Chiqui Carabante";"hombre";"wikidata";"ES";"wikidata";""
1423;6015089;"Paula Palacios";"";"";"";"";""
1424;1019826;"José Luis Feito";"hombre";"wikidata";"ES";"wikidata";""
1425;4816032;"Ignacio Wilson";"";"";"";"";""
1426;4816029;"Juana Torrijos";"";"";"";"";""
1427;1866952;"Juanma Villar Betancort";"hombre";"manual";"ES";"manual";""
1428;4318654;"Erlyn L. Borges";"hombre";"manual";"CU";"manual";""
1429;1529816;"Paolo Marinou-Blanco";"hombre";"wikidata";"US";"tmdb_heuristico";""
1430;1490618;"Kike Narcea";"";"";"";"";""
1431;1929029;"Helin Çelik";"mujer";"wikidata";"TR";"wikidata";""
1432;2212104;"María Trénor";"mujer";"tmdb";"";"";""
1433;106779;"Albertina Carri";"mujer";"tmdb";"AR";"tmdb_heuristico";""
1434;2999033;"Agustín Godoy";"hombre";"tmdb";"AR";"tmdb_heuristico";""
1435;4075083;"Carolina Alamino";"mujer";"manual";"AR";"manual";""
1436;3947595;"Xavier Esteban Casas";"";"";"";"";""
1437;4519808;"Erika Sánchez";"";"";"";"";""
1438;3418854;"Daniel Cebrián";"hombre";"manual";"ES";"manual";""
1439;2452476;"Andrés Sanz Vicente";"hombre";"tmdb";"";"";""
1440;"";"Juan Prosper";"hombre";"manual";"MX";"manual";""
1441;4102306;"Rocío Mesa";"";"";"";"";""
1442;229765;"Mariano Ozores Puchol";"hombre";"tmdb";"ES";"tmdb_heuristico";""
1443;1557040;"Belén Funes";"mujer";"tmdb";"ES";"tmdb_heuristico";""
1444;1068859;"Carlos Agulló";"hombre";"wikidata";"ES";"wikidata";""
1445;2452489;"Daniel M. Caneiro";"";"";"";"";""
1446;2452490;"Borja Figuerola";"";"";"";"";""
1447;2391077;"Gala Gracia";"mujer";"tmdb";"";"";""
1448;6224543;"Javier Vila";"";"";"";"";""
1449;3538425;"Álex Galán";"";"";"";"";""
1450;570219;"Manuel Serrano";"hombre";"tmdb";"";"";""
1451;2881252;"Beatriz Alba";"";"";"";"";""
1452;1205054;"Joan López Lloret";"hombre";"wikidata";"";"";""
1453;2543427;"Meri Collazos Solà";"";"";"";"";""
1454;3051868;"Harkaitz Cano";"hombre";"tmdb";"ES";"tmdb_heuristico";""
1455;114716;"Guillermo Fesser";"hombre";"tmdb";"ES";"wikidata";""
1456;1442192;"Vito Sanz";"hombre";"tmdb";"ES";"wikidata";""
1457;140853;"Chema de la Peña";"hombre";"tmdb";"ES";"wikidata";""
1458;2428296;"Antonio García Jimenez";"";"";"";"";""
1459;1427769;"Cristina Martín Barcelona";"";"";"";"";""
1460;1427771;"Maria José Martín Barcelona";"";"";"";"";""
1461;1451411;"Santos Mercero";"hombre";"wikidata";"ES";"wikidata";""
1462;1202721;"Possidónio Cachapa";"";"";"";"";""
1463;1905524;"Cristina Pinheiro";"";"";"";"";""
1464;987581;"Manane Rodríguez";"mujer";"tmdb";"UY";"tmdb_heuristico";""
1465;1660008;"James Lattimer";"";"";"";"";""
1466;1154833;"Danielle Schleif";"mujer";"wikidata";"";"";""
1467;4076684;"José Ortuño";"hombre";"manual";"ES";"manual";""
1468;1340863;"Patricia Ortega";"mujer";"wikidata";"VE";"wikidata";""
1469;4426666;"Asier Andueza";"";"";"";"";""
1470;1871730;"Lola Salvador";"mujer";"tmdb";"";"";""
1471;125209;"Pilar Miró";"mujer";"tmdb";"ES";"tmdb_heuristico";""
1472;3044913;"Sabela Iglesias";"";"";"";"";""
1473;3021521;"Violeta Salama";"";"";"";"";""
1474;1285538;"Luis López Carrasco";"hombre";"tmdb";"ES";"tmdb_heuristico";""
1475;2482448;"Raúl Liarte";"hombre";"tmdb";"";"";""
1476;1639587;"Guillermo Rojas";"";"";"";"";""
1477;5194249;"Fanny Burdino";"";"";"";"";""
1478;559668;"Samuel Doux";"hombre";"tmdb";"FR";"wikidata";""
1479;586024;"Bernabé Rico";"hombre";"tmdb";"ES";"tmdb_heuristico";""
1480;90775;"Juan Carlos Rubio";"hombre";"tmdb";"ES";"wikidata";""
1481;5720969;"Almudena Monzú";"";"";"";"";""
1482;944482;"Javier Rebollo";"hombre";"tmdb";"ES";"tmdb_heuristico";""
1483;1475675;"Luis Bértolo";"";"";"";"";""
1484;1839278;"Guillem Miró";"";"";"";"";""
1485;3108570;"Ana Inés Fernández";"";"";"";"";""
1486;2383780;"Anna Giralt Gris";"mujer";"wikidata";"ES";"wikidata";""
1487;41671;"Nimród Antal";"hombre";"tmdb";"US";"tmdb_heuristico";""
1488;1144092;"Matt Johnson";"hombre";"tmdb";"CA";"tmdb_heuristico";""
1489;5515313;"Santiago Suárez Baldrís";"";"";"";"";""
1490;3772682;"Lucas Vermal";"hombre";"manual";"AR";"manual";""
1491;3772681;"Edgardo Dobry";"hombre";"manual";"AR";"manual";""
1492;1069344;"Pablo Malo";"hombre";"tmdb";"ES";"wikidata";""
1493;6320671;"Antonio Morales";"";"";"";"";""
1494;5052612;"Reyes Gallegos";"mujer";"tmdb";"";"";""
1495;3433442;"Lexeia Larrañaga";"";"";"";"";""
1496;3433444;"Amador Prieto";"";"";"";"";""
1497;2425118;"Jordi Núñez";"hombre";"tmdb";"";"";""
1498;2168402;"Maider Oleaga";"mujer";"tmdb";"ES";"tmdb_heuristico";""
1499;76093;"Carmen Chaplin";"mujer";"tmdb";"GB";"tmdb_heuristico";""
1500;2014388;"Álvaro Lion Depetre";"";"";"";"";""
1501;1562783;"Anna R. Costa";"";"";"";"";""
1502;5563552;"Noelia Adánez";"";"";"";"";""
1503;1074938;"Alberto Morais";"hombre";"wikidata";"ES";"wikidata";""
1504;5020311;"Samuel del Amor";"hombre";"manual";"ES";"manual";""
1505;2955663;"Ferran Ureña";"";"";"";"";""
1506;1030532;"Álvaro García-Capelo";"";"";"";"";""
1507;2282004;"David Berraondo";"hombre";"manual";"ES";"manual";""
1508;2872919;"Celia Viada Caso";"";"";"";"";""
1509;1510245;"Carmen Martín Gaite";"mujer";"tmdb";"";"";""
1510;1364130;"María Pérez Sanz";"mujer";"tmdb";"ES";"wikidata";""
1511;36632;"Juan Diego Botto";"hombre";"tmdb";"AR";"tmdb_heuristico";""
1512;5560016;"Olga Rodríguez";"";"";"";"";""
1513;5544451;"Ainhoa Rodríguez";"";"";"";"";""
1514;1027164;"Ventura Durall";"hombre";"tmdb";"";"";""
1515;5368505;"Carles Cúbos Serra";"";"";"";"";""
1516;2903418;"Alberto Martín Menacho";"";"";"";"";""
1517;1814486;"José Antonio Vitoria";"";"";"";"";""
1518;2261215;"Garbiñe Losada";"";"";"";"";""
1519;5209434;"José Luis López";"hombre";"manual";"";"manual";""
1520;1078616;"Salvador Simó";"hombre";"tmdb";"ES";"tmdb_heuristico";""
1521;1843397;"Eligio R. Montero";"";"";"ES";"tmdb_heuristico";""
1522;1925365;"Pau Cruanyes Garrell";"";"";"";"";""
1523;1925366;"Gerard Vidal Barrena";"hombre";"tmdb";"";"";""
1524;2555197;"Ignasi Àvila Padró";"";"";"";"";""
1525;95528;"Pablo Berger";"hombre";"tmdb";"ES";"tmdb_heuristico";""
1526;5948658;"Carla Pereira";"";"";"";"";""
1527;2385196;"Juan Fran Jacinto";"";"";"";"";""
1528;3370605;"Lucía Tello Díaz";"";"";"";"";""
1529;3370607;"María Jesús Díaz Prada";"";"";"";"";""
1530;1106176;"Pau Durà";"hombre";"tmdb";"ES";"tmdb_heuristico";""
1531;2192826;"Venci Kostov";"hombre";"tmdb";"";"";""
1532;2573595;"Anna Tusell";"";"";"";"";""
1533;1813980;"Laura Ferrés";"mujer";"tmdb";"ES";"tmdb_heuristico";""
1534;2394333;"Giovanna Ribes";"";"";"";"";""
1535;5039064;"Alicia Martínez";"";"";"";"";""
1536;1527814;"Alfredo Navarro";"hombre";"wikidata";"ES";"wikidata";""
1537;5070921;"Sergio Montero Fernández";"";"";"";"";""
1538;5070916;"Asur Fuente";"";"";"";"";""
1539;1185975;"Pablo Hernando";"hombre";"tmdb";"ES";"tmdb_heuristico";""
1540;1222013;"Lucas Figueroa";"hombre";"wikidata";"";"";""
1541;2000740;"Helena Bengoetxea";"";"";"";"";""
1542;1068351;"Vicente Bonet";"hombre";"tmdb";"ES";"tmdb_heuristico";""
1543;933277;"Aitor Merino";"hombre";"tmdb";"ES";"wikidata";""
1544;1527323;"Antonio Palacios";"hombre";"tmdb";"ES";"wikidata";""
1545;1159522;"Nacho Cabana";"";"";"";"";""
1546;1360059;"Casandra Macías Gago";"";"";"";"";""
1547;2294672;"Marina Maesso";"";"";"";"";""
1548;3212692;"Cristina Broquetas";"mujer";"manual";"ES";"manual";""
1549;4916124;"José Pérez";"hombre";"manual";"ES";"manual";""
1550;4034117;"Xavi Torres";"hombre";"wikidata";"ES";"wikidata";""
1551;2086327;"Jorge Alonso";"";"";"";"";""
1552;4712711;"Pablo Lozano";"";"";"";"";""
1553;108993;"Miguel Mihura";"hombre";"tmdb";"ES";"tmdb_heuristico";""
1554;6289557;"Isabel Sánchez";"mujer";"tmdb";"";"";""
1555;6086798;"Enrique García";"";"";"";"";""
1556;1061937;"Carlos Pérez Merinero";"hombre";"wikidata";"ES";"wikidata";""
1557;1061936;"Álvaro del Amo";"hombre";"wikidata";"ES";"wikidata";""
1558;105153;"Vicente Aranda";"hombre";"tmdb";"ES";"tmdb_heuristico";""
1559;1607719;"Lilian Rosado González";"mujer";"tmdb";"ES";"tmdb_heuristico";""
1560;2619775;"Daniel Corpas";"";"";"";"";""
1561;8937;"John Wood";"hombre";"tmdb";"GB";"tmdb_heuristico";""
1562;1542282;"Jackie Kelly";"mujer";"tmdb";"";"";""
1563;2303;"Wim Wenders";"hombre";"tmdb";"DE";"tmdb_heuristico";""
1564;106157;"Robert Kramer";"hombre";"tmdb";"US";"tmdb_heuristico";""
1565;1058288;"Rubén Rojo Aura";"hombre";"tmdb";"MX";"wikidata";""
1566;3424062;"César Tejeda";"hombre";"manual";"MX";"manual";""
1567;3235428;"Aitor González de Langarica Mendizabal";"hombre";"tmdb";"";"";""
1568;116169;"Carlos Asorey";"hombre";"tmdb";"ES";"tmdb_heuristico";""
1569;1019690;"Ignacio Vilar";"hombre";"wikidata";"ES";"wikidata";""
1570;5949603;"Carla Calvo";"";"";"";"";""
1571;72891;"Amando de Ossorio";"hombre";"tmdb";"ES";"tmdb_heuristico";""
1572;3027686;"María Montoya";"";"";"";"";""
1573;1856993;"Roya Sadat";"mujer";"tmdb";"AF";"tmdb_heuristico";""
1574;1480697;"Roelof Jan Minneboo";"hombre";"wikidata";"NL";"wikidata";""
1575;2290446;"Nicolás Pacheco";"";"";"";"";""
1576;2172280;"Juan Ibarrondo";"";"";"";"";""
1577;932161;"Albert Serra";"hombre";"tmdb";"ES";"tmdb_heuristico";""
1578;565852;"Antonio Giménez Rico";"hombre";"tmdb";"ES";"tmdb_heuristico";""
1579;936180;"Santiago Tabernero";"hombre";"tmdb";"ES";"wikidata";""
1580;1923600;"Paco Enlaluna";"";"";"";"";""
1581;2234399;"Agustín Rubio";"";"";"";"";""
1582;5660353;"Eduardo Díaz";"";"";"";"";""
1583;4046621;"Bruno Arias";"";"";"";"";""
1584;3182009;"Lucía Ramiro";"";"";"";"";""
1585;1013011;"Marc Recuenco";"hombre";"wikidata";"";"";""
1586;4567157;"Raul Guardans";"";"";"";"";""
1587;1091827;"Diego Yaker";"hombre";"manual";"AR";"manual";""
1588;4580247;"Enrique Iznaola Gómez";"";"";"";"";""
1589;4580248;"Ignacio Ortega Campos";"";"";"";"";""
1590;148084;"Alfonso Albacete";"hombre";"wikidata";"ES";"wikidata";""
1591;148772;"Miguel Bardem";"hombre";"tmdb";"ES";"tmdb_heuristico";""
1592;260050;"David Menkes";"hombre";"tmdb";"ES";"tmdb_heuristico";""
1593;1098969;"Renate Costa";"mujer";"tmdb";"PY";"tmdb_heuristico";""
1594;2969632;"Cristina Hernández-Carrillo de la Higuera";"";"";"";"";""
1595;66916;"Marcelo Figueras";"hombre";"tmdb";"AR";"wikidata";""
1596;2863671;"Manu Riquelme";"";"";"";"";""
1597;1822926;"Iván Reguera";"";"";"";"";""
1598;71416;"Franco Solinas";"hombre";"tmdb";"IT";"tmdb_heuristico";""
1599;90694;"Gillo Pontecorvo";"hombre";"tmdb";"IT";"tmdb_heuristico";""
1600;3684015;"Coral Maria Cruz  Pacheco";"";"";"";"";""
1601;3004580;"Arnau Vilaró";"";"";"";"";""
1602;2591139;"Miguel A. Hdez. Arango";"";"";"";"";""
1603;618101;"Marc Recha";"hombre";"tmdb";"ES";"wikidata";""
1604;1487183;"Iñaki Alforja";"hombre";"wikidata";"";"";""
1605;2218256;"Iban Toledo Ibañez";"";"";"";"";""
1606;2929692;"Jon Viar";"hombre";"manual";"ES";"manual";""
1607;1007592;"Marina Seresesky";"mujer";"wikidata";"AR";"wikidata";""
1608;1774363;"Mounia Akl";"mujer";"tmdb";"LB";"tmdb_heuristico";""
1609;3102068;"Cira Valiño";"mujer";"manual";"ES";"manual";""
1610;1149058;"Paco R. Baños";"";"";"";"";""
1611;3774850;"Clara Serrano Llorens";"";"";"";"";""
1612;4845897;"Laura Corominas Espelt";"";"";"";"";""
1613;3774887;"Ariadna Ulldemolins Abad";"";"";"";"";""
1614;9747;"Jean-Claude Carrière";"hombre";"tmdb";"FR";"tmdb_heuristico";""
1615;572168;"Darren Kloomok";"hombre";"manual";"US";"manual";""
1616;1966995;"Diana Toucedo";"mujer";"tmdb";"ES";"tmdb_heuristico";""
1617;3992581;"Pablo Lago Dantas";"";"";"";"";""
1618;1608290;"Enrique Otero";"hombre";"wikidata";"ES";"wikidata";""
1619;3977105;"Roberto G. Méndez";"";"";"";"";""
1620;4640765;"Yaiza Berrocal";"mujer";"manual";"ES";"manual";""
1621;2568717;"Camilo Villaverde";"";"";"";"";""
1622;17093;"Eduardo Noriega";"hombre";"tmdb";"ES";"tmdb_heuristico";""
1623;5371432;"Helena Girón";"mujer";"manual";"ES";"manual";""
1624;3302464;"Agustí Franch";"hombre";"tmdb";"";"";""
1625;3935002;"Juli Suárez";"";"";"";"";""
1626;4104751;"J. Echeverría-Torres";"";"";"";"";""
1627;4104754;"María Otero";"";"";"";"";""
1628;2374718;"Xavier Atance";"";"";"";"";""
1629;1681453;"Gemma Sanz";"";"";"";"";""
1630;2993585;"Fran Ruvira";"";"";"";"";""
1631;1168983;"Juan Manuel Chumilla-Carbajosa";"";"";"";"";""
1632;4510265;"Ferran Brooks";"";"";"";"";""
1633;3263007;"Antonio Bonilla";"";"";"";"";""
1634;1031887;"Jesús Pascual";"hombre";"wikidata";"ES";"wikidata";""
1635;1891934;"Miguel Ángel Delgado";"";"";"";"";""
1636;3960776;"Vera Robert";"";"";"";"";""
1637;1079506;"Luis Ortega";"hombre";"tmdb";"AR";"tmdb_heuristico";""
1638;2103455;"Rodolfo Palacios";"hombre";"manual";"AR";"manual";""
1639;1312063;"Fabián Casas";"hombre";"tmdb";"AR";"wikidata";""
1640;5173769;"José Martínez";"";"";"";"";""
1641;4047580;"Sergio Serrano";"";"";"";"";""
1642;28503;"Luis Miñarro";"hombre";"tmdb";"ES";"wikidata";""
1643;4157184;"Lu Colomina";"";"";"";"";""
1644;2500576;"Pablo García Sanz";"hombre";"wikidata";"ES";"wikidata";""
1645;84770;"Cuca Canals";"mujer";"tmdb";"ES";"tmdb_heuristico";""
1646;1336980;"Mike Hostench";"hombre";"tmdb";"";"";""
1647;81159;"Christian Molina";"hombre";"tmdb";"ES";"wikidata";""
1648;1206752;"Fran Araújo";"hombre";"tmdb";"ES";"wikidata";""
1649;1116672;"Chelo Loureiro";"mujer";"tmdb";"ES";"tmdb_heuristico";""
1650;1335795;"Lúa Testa";"mujer";"tmdb";"ES";"tmdb_heuristico";""
1651;1199302;"Haizea G. Viana";"";"";"";"";""
1652;5220528;"Arantzazu Gomez Bayon";"";"";"";"";""
1653;5152588;"Antonio Sánchez";"";"";"";"";""
1654;5061269;"Zeltia Outeiriño González";"";"";"";"";""
1655;3893971;"Xabi Zabaleta";"hombre";"manual";"ES";"manual";""
1656;113407;"Arantxa Cuesta";"mujer";"manual";"ES";"manual";""
1657;1030542;"Diego Galán";"hombre";"tmdb";"MA";"tmdb_heuristico";""
1658;5570327;"Julien Deladrière";"";"";"";"";""
1659;1974980;"Pablo García Canga";"";"";"ES";"tmdb_heuristico";""
1660;1546450;"Juanjo Díaz Polo";"hombre";"wikidata";"ES";"wikidata";""
1661;118303;"Nacho Vigalondo";"hombre";"tmdb";"ES";"tmdb_heuristico";""
1662;1074534;"Rubén Riós";"hombre";"wikidata";"ES";"wikidata";""
1663;4266018;"Cris Lizarraga";"";"";"";"";""
1664;1708908;"Leire Apellániz";"mujer";"tmdb";"";"";""
1665;3268460;"Marc Sempere-Moya";"";"";"";"";""
1666;980972;"Liz Lobato";"mujer";"tmdb";"ES";"tmdb_heuristico";""
1667;3002172;"Ana Cermeño";"";"";"";"";""
1668;3050528;"Iñaki Sánchez Arrieta";"";"";"";"";""
1669;1634868;"José Manuel Colón";"hombre";"manual";"ES";"manual";""
1670;1715633;"Emma Tusell";"";"";"";"";""
1671;1335792;"Laura Sipán";"";"";"";"";""
1672;28500;"David Gallart";"hombre";"wikidata";"ES";"wikidata";""
1673;4536518;"Juan Albarracín";"hombre";"tmdb";"ES";"tmdb_heuristico";""
1674;4198560;"Óscar David Gómez";"";"";"";"";""
1675;2092671;"Ana Schulz";"";"";"";"";""
1676;1291436;"Benjamín Naishtat";"hombre";"tmdb";"AR";"tmdb_heuristico";""
1677;4972462;"Javier Fernández Moratalla";"";"";"";"";""
1678;583120;"María Laura Gargarella";"";"";"";"";""
1679;15189;"Michelangelo Antonioni";"hombre";"tmdb";"IT";"tmdb_heuristico";""
1680;1418613;"Edorta Barruetabeña";"";"";"";"";""
1681;1670267;"Álex Quiroga";"hombre";"tmdb";"ES";"wikidata";""
1682;2732692;"David Aymerich";"hombre";"tmdb";"";"";""
1683;1161118;"Miguel Ángel Blanca";"hombre";"tmdb";"ES";"tmdb_heuristico";""
1684;1598657;"Marc Crehuet";"hombre";"tmdb";"ES";"wikidata";""
1685;5500234;"Jenifer de la Rosa Martín";"mujer";"manual";"ES";"manual";""
1686;1092191;"Maru Solores";"mujer";"wikidata";"ES";"wikidata";""
1687;2021353;"Diego Céspedes";"hombre";"tmdb";"CL";"tmdb_heuristico";""
1688;3256762;"Ángel Fernández Santos";"";"";"";"";""
1689;233912;"Álvaro Brechner";"hombre";"tmdb";"UY";"tmdb_heuristico";""
1690;1475602;"Virginia García del Pino";"mujer";"tmdb";"ES";"wikidata";""
1691;3578728;"Andrea Bagney";"mujer";"tmdb";"ES";"tmdb_heuristico";""
1692;1170683;"Vicente Peñarrocha";"hombre";"tmdb";"ES";"wikidata";""
1693;2879337;"Guillermo Polo";"";"";"";"";""
1694;2002124;"Salva Martos Cortés";"";"";"";"";""
1695;3776173;"Nacho A. Villar";"";"";"";"";""
1696;3776171;"Luis Rojo";"";"";"";"";""
1697;27449;"Emilio Martínez Lázaro";"hombre";"tmdb";"ES";"wikidata";""
1698;13833;"Elías Querejeta";"hombre";"tmdb";"ES";"tmdb_heuristico";""
1699;4149420;"Jeniffer Castañeda García";"";"";"";"";""
1700;4475946;"Mariano Alejandro Rojo";"hombre";"manual";"AR";"manual";""
1701;1204229;"Mireia Gabilondo";"mujer";"tmdb";"ES";"tmdb_heuristico";""
1702;2459717;"Kepa Errasti";"";"";"";"";""
1703;1717771;"Manuel Menchón";"";"";"";"";""
1704;1852055;"Mario Fernández Alonso";"hombre";"tmdb";"ES";"tmdb_heuristico";""
1705;1368643;"Nacho Ruipérez";"hombre";"wikidata";"ES";"wikidata";""
1706;1946650;"Natxo López";"hombre";"tmdb";"ES";"wikidata";""
1707;3211714;"Héctor Domínguez-Viguera";"";"";"";"";""
1708;2294210;"Carlos Mora";"";"";"";"";""
1709;3211717;"Gonzalo Recio";"";"";"";"";""
1710;2875084;"José Luis Rancaño";"";"";"";"";""
1711;4169019;"Marta Armengol Royo";"";"";"";"";""
1712;3627;"Paz Vega";"mujer";"tmdb";"ES";"tmdb_heuristico";""
1713;3258595;"Xabier Etxeberria";"";"";"";"";""
1714;3258594;"Martin Etxeberria";"";"";"";"";""
1715;3258609;"Ritxi Lizartza";"";"";"";"";""
1716;2685948;"Alberto Gracia";"";"";"";"";""
1717;1435759;"Beli Martínez";"";"";"";"";""
1718;2198832;"Enric Álvarez";"";"";"";"";""
1719;2230251;"Carlos Prieto Cabrera";"";"";"";"";""
1720;5729075;"Jordi Morató Pujol";"";"";"";"";""
1721;4359093;"Elena Escura";"mujer";"tmdb";"ES";"tmdb_heuristico";""
1722;2359816;"Aitor López de Aberásturi";"";"";"";"";""
1723;2359817;"Ainhoa Urgoitia";"";"";"";"";""
1724;1122297;"Carla Subirana";"mujer";"wikidata";"ES";"wikidata";""
1725;933695;"Helena Taberna";"mujer";"tmdb";"ES";"tmdb_heuristico";""
1726;981296;"Virginia Yagüe";"mujer";"tmdb";"ES";"wikidata";""
1727;1026235;"Patricia Ferreira";"mujer";"tmdb";"ES";"tmdb_heuristico";""
1728;1712702;"Sadrac González-Perellón";"hombre";"tmdb";"ES";"tmdb_heuristico";""
1729;2895521;"Patricia Barbieri";"";"";"";"";""
1730;1528754;"Carlota Nelson";"";"";"";"";""
1731;4198445;"Marisa Cotolí";"";"";"";"";""
1732;1157455;"Alfonso Domingo";"";"";"";"";""
1733;2416063;"Twiggy Hirota";"mujer";"tmdb";"";"";""
1734;1157454;"Andrés Linares";"";"";"";"";""
1735;2416073;"Daniel Quiñones";"hombre";"tmdb";"";"";""
1736;1152112;"Gonzalo García-Pelayo";"hombre";"tmdb";"ES";"tmdb_heuristico";""
1737;3564092;"Luisa García-Grajalva";"";"";"";"";""
1738;5652192;"Guillermo F. Flórez";"";"";"";"";""
1739;37513;"Iván Zulueta";"hombre";"tmdb";"ES";"tmdb_heuristico";""
1740;1805350;"Ibai Abad";"hombre";"tmdb";"ES";"tmdb_heuristico";""
1741;1730099;"Nerea Mugüerza";"";"";"";"";""
1742;130753;"Carlos Belloso";"hombre";"tmdb";"AR";"tmdb_heuristico";""
1743;4169011;"Antonina Obrador";"";"";"";"";""
1744;1802332;"Adrián Orr";"hombre";"tmdb";"";"";""
1745;5255724;"Celso Giménez";"";"";"";"";""
1746;3184905;"Carol Polakoff";"";"";"";"";""
1747;3917995;"John Milarky";"";"";"";"";""
1748;5377723;"Josep T.París";"";"";"";"";""
1749;1483444;"Isabel Herguera";"mujer";"tmdb";"ES";"tmdb_heuristico";""
1750;1618079;"Gianmarco Serra";"";"";"";"";""
1751;4180730;"Rubén Casas Oché";"";"";"";"";""
1752;5123460;"Mar Nantas";"";"";"";"";""
1753;1102394;"Iñaki Elizalde";"hombre";"wikidata";"ES";"wikidata";""
1754;6245236;"Diego Vega";"";"";"";"";""
1755;1657533;"Klaudia Reynicke";"mujer";"tmdb";"PE";"tmdb_heuristico";""
1756;3928504;"Armando López Muñoz";"hombre";"manual";"ES";"manual";""
1757;5548470;"Alejandro Andrade Pease";"hombre";"manual";"PE";"manual";""
1758;1573270;"Felipe Hernández Cava";"";"";"";"";""
1759;1111138;"Marçal Forés";"hombre";"tmdb";"ES";"tmdb_heuristico";""
1760;466460;"Aintza Serra";"mujer";"wikidata";"ES";"wikidata";""
1761;2419790;"Andrea Queralt";"";"";"";"";""
1762;1181192;"Victor Iriarte";"";"";"";"";""
1763;4177548;"José Morillas";"";"";"";"";""
1764;2470146;"Garbiñe Ortega";"";"";"";"";""
1765;236536;"Ana Asensio";"mujer";"tmdb";"ES";"tmdb_heuristico";""
1766;2309854;"Joana M. Ortueta";"";"";"";"";""
1767;2109392;"Vanesa Benitez Zamora";"";"";"";"";""
1768;4271430;"Abel Alfonso";"";"";"";"";""
1769;4271429;"Carmen Allue";"mujer";"tmdb";"";"";""
1770;3180196;"Raúl Cuevas";"";"";"";"";""
1771;3020416;"Nuria Giménez";"";"";"";"";""
1772;1618032;"Carlos Solano";"hombre";"tmdb";"ES";"tmdb_heuristico";""
1773;1987707;"Carlos C. Tomé";"hombre";"tmdb";"";"";""
1774;1074571;"Ángel Amigo";"hombre";"wikidata";"ES";"wikidata";""
1775;995164;"Joan Marimón";"hombre";"tmdb";"ES";"wikidata";""
1776;2944291;"Joan Bofill";"";"";"";"";""
1777;2348089;"Efthymia Zymvragaki";"";"";"";"";""
1778;1719986;"Victor Nores";"";"";"";"";""
1779;3683881;"David Moncasi";"";"";"";"";""
1780;4572706;"Laura Herrero Garvín";"mujer";"manual";"ES";"manual";""
1781;1182523;"Aina Calleja";"mujer";"tmdb";"ES";"wikidata";""
1782;6085979;"Miguel Ángel González";"";"";"";"";""
1783;2856919;"Keith Miller";"";"";"";"";""
1784;226485;"Airy Maragall";"";"";"";"";""
1785;1415400;"Àngel Leiro";"hombre";"wikidata";"ES";"wikidata";""
1786;43330;"Ventura Pons";"hombre";"tmdb";"ES";"tmdb_heuristico";""
1787;4582221;"Miguel Olid";"";"";"";"";""
1788;2268379;"Carlos Pardo Ros";"";"";"";"";""
1789;4038041;"Pablo Gisbert";"";"";"";"";""
1790;1012105;"Mikel Rueda";"hombre";"tmdb";"ES";"tmdb_heuristico";""
1791;1524680;"Alba Cros";"mujer";"tmdb";"ES";"wikidata";""
1792;4654036;"Nora Haddad";"";"";"";"";""
1793;84676;"Martín Mauregui";"hombre";"tmdb";"AR";"tmdb_heuristico";""
1794;935102;"Marco Berger";"hombre";"tmdb";"AR";"tmdb_heuristico";""
1795;2348700;"Jorge Cassinello";"hombre";"tmdb";"ES";"tmdb_heuristico";""
1796;2193215;"Enric Ribes";"";"";"";"";""
1797;1459422;"Carolina Astudillo Muñoz";"mujer";"tmdb";"ES";"tmdb_heuristico";""
1798;1678420;"José Miguel Hernán";"";"";"";"";""
1799;1319117;"Santiago Ríos";"hombre";"wikidata";"ES";"wikidata";""
1800;1563000;"Teodoro Ríos";"";"";"";"";""
1801;2428561;"Pau Calpe Rufat";"hombre";"manual";"ES";"manual";""
1802;5063296;"María D. Valderrama";"";"";"";"";""
1803;3109392;"Mikel Gurrea";"hombre";"tmdb";"ES";"tmdb_heuristico";""
1804;2210416;"Francisco Kosterlitz";"hombre";"tmdb";"";"";""
1805;4110374;"Macu Machín";"";"";"";"";""
1806;978909;"Álvaro Begines";"hombre";"wikidata";"";"";""
1807;3731035;"Bego Zubia Gallastegi";"";"";"";"";""
1808;1172340;"Alejandro Alvarado";"";"";"";"";""
1809;1172339;"Concha Barquero";"";"";"";"";""
1810;4877486;"Samuel Hurtado";"";"";"";"";""
1811;4963116;"Pablo Colomo";"hombre";"tmdb";"";"";""
1812;4733569;"Tuti Fernández";"";"";"";"";""
1813;2271551;"Raül Refree";"hombre";"tmdb";"";"";""
1814;1276994;"David Sainz";"hombre";"tmdb";"ES";"tmdb_heuristico";""
1815;3933477;"Juanma Sayalonga";"hombre";"tmdb";"";"";""
1816;5151190;"Álex San Martín";"";"";"";"";""
1817;1107473;"Joan Brossa";"hombre";"wikidata";"ES";"wikidata";""
1818;37497;"Pere Portabella";"hombre";"tmdb";"ES";"tmdb_heuristico";""
1819;1172468;"Alessandro Pugno";"hombre";"wikidata";"IT";"wikidata";""
1820;2239321;"Natacha Kucic";"mujer";"manual";"AR";"manual";""
1821;55517;"Александр Мишарин";"hombre";"tmdb";"RU";"wikidata";""
1822;8452;"Andrei Tarkovsky";"hombre";"tmdb";"";"";""
1823;1577;"Richard Kelly";"hombre";"tmdb";"US";"tmdb_heuristico";""
1824;20687;"Steve Barancik";"hombre";"tmdb";"US";"tmdb_heuristico";""
1825;123945;"Charles M. Schulz";"hombre";"tmdb";"US";"tmdb_heuristico";""
1826;225009;"Pablo Larraín";"hombre";"tmdb";"CL";"tmdb_heuristico";""
1827;260267;"Mateo Iribarren";"hombre";"manual";"AR";"manual";""
1828;1211005;"John W. Richardson";"hombre";"tmdb";"";"";""
1829;1211006;"Christopher Roach";"hombre";"tmdb";"";"";""
1830;1325800;"Ryan Engle";"hombre";"tmdb";"";"";""
1831;208664;"Kay Cannon";"mujer";"tmdb";"US";"tmdb_heuristico";""
1832;12965;"Tommy Swerdlow";"hombre";"tmdb";"US";"wikidata";""
1833;936668;"Tom Wheeler";"hombre";"tmdb";"US";"wikidata";""
1834;934181;"Paul Fisher";"hombre";"tmdb";"";"";""
1835;52115;"Scott Moore";"hombre";"tmdb";"US";"wikidata";""
1836;52114;"Jon Lucas";"hombre";"tmdb";"US";"tmdb_heuristico";""
1837;93207;"Jeremy Cheung";"hombre";"tmdb";"";"";""
1838;1510259;"Jay Davis";"";"";"";"";""
1839;1179829;"Bruce Thierry Cheung";"hombre";"tmdb";"";"";""
1840;2426018;"Gustavo Cortés Bueno";"";"";"";"";""
1841;34792;"Miki Molina";"hombre";"tmdb";"ES";"tmdb_heuristico";""
1842;2717273;"José Luis de Damas";"";"";"";"";""
1843;2809161;"Lander Garro";"";"";"";"";""
1844;2861220;"Cristina Fernández Pintado";"mujer";"tmdb";"ES";"tmdb_heuristico";""
1845;1273136;"Miguel Llorens";"hombre";"wikidata";"";"";""
1846;154865;"Sian Heder";"mujer";"tmdb";"US";"tmdb_heuristico";""
1847;1081309;"Arnaud Demuynck";"hombre";"tmdb";"BE";"tmdb_heuristico";""
1848;150330;"Alberto Fuguet";"hombre";"tmdb";"US";"wikidata";""
1849;3023544;"Alberto Muriel";"";"";"";"";""
1850;3023537;"Álvaro Sanz";"";"";"";"";""
1851;1674439;"Joshua Rollins";"hombre";"tmdb";"US";"tmdb_heuristico";""
1852;2150735;"Rafael R. Rafatal";"";"";"";"";""
1853;1636516;"Andrew Nethery";"";"";"";"";""
1854;3255902;"Ignacio Malagón";"hombre";"tmdb";"";"";""
1855;3462312;"Jordi Jimeno";"";"";"";"";""
1856;3462314;"Isaac Pérez";"";"";"";"";""
1857;3264449;"Inés Toharia Terán";"";"";"";"";""
1858;3414230;"Casandra Valdés";"";"";"";"";""
1859;1759433;"Luis Sánchez-Polack";"hombre";"tmdb";"ES";"tmdb_heuristico";""
1860;2845690;"Antonio Escámez";"";"";"";"";""
1861;3450147;"Víctor Sánchez Rodríguez";"";"";"";"";""
1862;1302121;"Danny Garcia";"hombre";"tmdb";"";"";""
1863;231334;"Trine Piil Christensen";"mujer";"tmdb";"DK";"wikidata";""
1864;2883609;"Martín de Marco";"";"";"";"";""
1865;2843638;"Toti Garcia";"";"";"";"";""
1866;2465446;"Álex Dioscórides";"";"";"";"";""
1867;3640001;"Sofía Martell";"";"";"";"";""
1868;3640002;"Marina Wagner";"";"";"";"";""
1869;3629552;"Constança Amengual";"";"";"";"";""
1870;3629554;"Francesca Mas";"";"";"";"";""
1871;1184109;"David Pujol";"hombre";"wikidata";"ES";"wikidata";""
1872;1373688;"Montse Aguer";"";"";"";"";""
1873;2427035;"Yennifer Uribe Alzate";"mujer";"manual";"CO";"manual";""
1874;3731578;"Pere Puigbert";"";"";"";"";""
1875;2776046;"José Antonio Valera";"";"";"";"";""
1876;3800755;"Sílvia Subirós i Mercader";"";"";"";"";""
1877;2653773;"Florencia Aliberti";"";"";"";"";""
1878;3966942;"Roberto J. Oltra";"";"";"";"";""
1879;2366496;"José Luis López Magerus";"";"";"";"";""
1880;3851045;"Felipe Ravina";"";"";"";"";""
1881;3857574;"Ángel Filgueira";"";"";"";"";""
1882;3950706;"Josep Morell";"";"";"";"";""
1883;3804439;"Rosalind Bain";"";"";"";"";""
1884;3950767;"Carlos Montes";"";"";"";"";""
1885;3989209;"David Beltrán i Marí";"hombre";"manual";"ES";"manual";""
1886;1053730;"Danyael Sugawara";"hombre";"wikidata";"JP";"wikidata";""
1887;1275857;"Heleen Suèr";"";"";"";"";""
1888;3902643;"Albert Olivé";"";"";"";"";""
1889;4073101;"Bernat Jordà";"";"";"";"";""
1890;3179151;"Tamara García Iglesias";"mujer";"tmdb";"";"";""
1891;4180516;"Adolfo Moreno";"";"";"";"";""
1892;4184526;"Olivier Verdier";"";"";"";"";""
1893;1839292;"Xavi Herrero";"";"";"";"";""
1894;2567093;"Núria Abad";"";"";"";"";""
1895;2723186;"Marta Hierro";"";"";"";"";""
1896;3124188;"Daniel Cabrero";"";"";"";"";""
1897;4297639;"Natxo Franch";"";"";"";"";""
1898;1086353;"Matías Piñeiro";"hombre";"tmdb";"AR";"tmdb_heuristico";""
1899;4438287;"Miguel Morillo";"";"";"";"";""
1900;1169066;"Pablo Llorca";"hombre";"wikidata";"ES";"wikidata";""
1901;4516953;"J. Craig Jordon";"";"";"";"";""
1902;3623046;"Phoenix Higgins";"";"";"";"";""
1903;2509211;"Jason Walter Short";"";"";"";"";""
1904;38919;"Tatiana Vialle";"mujer";"tmdb";"FR";"wikidata";""
1905;2875833;"Carlos Essmann";"";"";"";"";""
1906;1447517;"Ander Iriarte";"hombre";"wikidata";"";"";""
1907;1350504;"Gerald B. Fillmore";"hombre";"tmdb";"";"";""
1908;2472549;"Arturo Méndiz";"hombre";"manual";"ES";"manual";""
1909;4710480;"Candela Izquierdo";"";"";"";"";""
1910;2232850;"Frank Adkinson";"";"";"";"";""
1911;1741528;"Candice Vernon";"";"";"";"";""
1912;3571803;"Mila Luengo";"";"";"";"";""
1913;3571802;"Sergi Miralles";"";"";"";"";""
1914;2493610;"María Mínguez";"mujer";"tmdb";"ES";"tmdb_heuristico";""
1915;1800952;"Pablo de la Chica";"";"";"";"";""
1916;1048539;"Claudio Zulian";"hombre";"tmdb";"IT";"tmdb_heuristico";""
1917;4635151;"Ezequiel Alvarez";"hombre";"tmdb";"AR";"tmdb_heuristico";""
1918;5054401;"Katherine Tort";"mujer";"manual";"ES";"manual";""
1919;4921801;"Alan Nava";"hombre";"tmdb";"MX";"tmdb_heuristico";""
1920;1891414;"Iván Castiñeiras";"hombre";"tmdb";"";"";""
1921;4358732;"Carlos Mera";"";"";"";"";""
1922;5281498;"Silvia Creo";"";"";"";"";""
1923;3703210;"Eva Picazo";"mujer";"tmdb";"ES";"tmdb_heuristico";""
1924;3774844;"Carla Sánchez";"";"";"";"";""
1925;4826777;"Jana Montllor";"";"";"";"";""
1926;5345388;"Liliana Díaz Castillo";"";"";"";"";""
1927;1923695;"Lucía Dapena";"";"";"";"";""
1928;5693723;"Pablo Villalobos Leal";"";"";"";"";""
1929;1208932;"Mariano Agudo";"hombre";"tmdb";"ES";"tmdb_heuristico";""
1930;5624444;"Bibiana Baxevanos";"";"";"";"";""
1931;1041675;"Rolando Díaz";"hombre";"wikidata";"CU";"wikidata";""
1932;6110259;"Soraya González Guerrero";"";"";"";"";""
1933;"";"Iván López González";"";"";"";"";"Iván López González"
1934;"";"Marta Martínez Rodríguez";"";"";"";"";"Marta Martínez Rodríguez"
1935;"";"Eduardo Carlos Gondell";"";"";"";"";"Eduardo Carlos Gondell"
1936;"";"Javier Esparza";"";"";"";"";"Javier Esparza"
1937;"";"Gabi Ochoa";"";"";"";"";"Gabi Ochoa"
1938;"";"Teresa Soler Garrido";"";"";"";"";"Teresa Soler Garrido"
1939;"";"Marta Borrell Fijo";"";"";"";"";"Marta Borrell Fijo"
1940;"";"Emilio Fonseca Martín";"";"";"";"";"Emilio Fonseca Martín"
1941;"";"Anna Cornudella Castro";"";"";"";"";"Anna Cornudella Castro"
1942;"";"Albert Albacete Radalga";"";"";"";"";"Albert Albacete Radalga"
1943;"";"Sandra Román Peñalba";"";"";"";"";"Sandra Román Peñalba"
1944;"";"Asier Altuna Iza";"";"";"";"";"Asier Altuna Iza"
1945;"";"Laura Jimena Paredes";"";"";"";"";"Laura Jimena Paredes"
1946;"";"Lucas Moro";"";"";"";"";"Lucas Moro"
1947;"";"David Cirici";"";"";"";"";"David Cirici"
1948;"";"María José Jaén Calero";"";"";"";"";"María José Jaén Calero"
1949;"";"Marta-Libertad Castillo Megias";"";"";"";"";"Marta-Libertad Castillo Megias"
1950;"";"M.ª Teresa Carranza Gil-Dolz Del Castellar";"";"";"";"";"M.ª Teresa Carranza Gil-Dolz Del Castellar"
1951;"";"Julia Prats Carranza";"";"";"";"";"Julia Prats Carranza"
1952;"";"Lucía Alemany Compte";"";"";"";"";"Lucía Alemany Compte"
1953;"";"Adrià Roca Farré";"";"";"";"";"Adrià Roca Farré"
1954;"";"Marta Lozoya García";"";"";"";"";"Marta Lozoya García"
1955;"";"Maite Sobera";"";"";"";"";"Maite Sobera"
1956;"";"Jacques Fletcher";"";"";"";"";"Jacques Fletcher"
1957;"";"David Manuel Baute Gutiérrez";"";"";"";"";"David Manuel Baute Gutiérrez"
1958;"";"Maria Viadimirova";"";"";"";"";"Maria Viadimirova"
1959;"";"Kiril Serebrennikov";"";"";"";"";"Kiril Serebrennikov"
1960;"";"Francisco Chica Hermoso";"";"";"";"";"Francisco Chica Hermoso"
1961;"";"Anna Boneta Palacin";"";"";"";"";"Anna Boneta Palacin"
1962;"";"Sholeh Hejazi";"";"";"";"";"Sholeh Hejazi"
1963;"";"Julio Suárez Maireles";"";"";"";"";"Julio Suárez Maireles"
1964;"";"Moisés Romera";"";"";"";"";"Moisés Romera"
1965;"";"Laura Collado Bossi";"";"";"";"";"Laura Collado Bossi"
1966;"";"Ania Molina Alonso";"";"";"";"";"Ania Molina Alonso"
1967;"";"Carlos Martínez-Peñalver Mas";"";"";"";"";"Carlos Martínez-Peñalver Mas"
1968;"";"Carles Txorres";"";"";"";"";"Carles Txorres"
1969;"";"Isabel Arencibia";"";"";"";"";"Isabel Arencibia"
1970;"";"Óscar Parada";"";"";"";"";"Óscar Parada"
1971;"";"Fernando Navarro Rosillo";"";"";"";"";"Fernando Navarro Rosillo"
1972;"";"Pedro Plazo Picazo";"";"";"";"";"Pedro Plazo Picazo"
1973;"";"Guillermo Marrufo";"";"";"";"";"Guillermo Marrufo"
1974;"";"Meritxell Llorens Torras";"";"";"";"";"Meritxell Llorens Torras"
1975;"";"Iris Carballo";"";"";"";"";"Iris Carballo"
1976;"";"Anna Sanz- Magallón";"";"";"";"";"Anna Sanz- Magallón"
1977;"";"Vicente Villanueva Ribes";"";"";"";"";"Vicente Villanueva Ribes"
1978;"";"Rafael Moles Vilar";"";"";"";"";"Rafael Moles Vilar"
1979;"";"Jose Andreu Ibarra";"";"";"";"";"Jose Andreu Ibarra"
1980;"";"José Rodríguez Suárez";"";"";"";"";"José Rodríguez Suárez"
1981;"";"Carles Marqués-Marcet";"";"";"";"";"Carles Marqués-Marcet"
1982;"";"Marta Sánchez Guillén";"";"";"";"";"Marta Sánchez Guillén"
1983;"";"Juan Sebastián Vásquez Ribero";"";"";"";"";"Juan Sebastián Vásquez Ribero"
1984;"";"Jordi Rovira Prat";"";"";"";"";"Jordi Rovira Prat"
1985;"";"Antonio Fontales";"";"";"";"";"Antonio Fontales"
1986;"";"Gerard Gimenez Forner";"";"";"";"";"Gerard Gimenez Forner"
1987;"";"Eva Catalán";"";"";"";"";"Eva Catalán"
1988;"";"Ramón Campos Sáez";"";"";"";"";"Ramón Campos Sáez"
1989;"";"Gema Rodríguez Neira";"";"";"";"";"Gema Rodríguez Neira"
1990;"";"Salvador Serrano Molina";"";"";"";"";"Salvador Serrano Molina"
1991;"";"Pablo Moreno Hernández";"";"";"";"";"Pablo Moreno Hernández"
1992;"";"Salvador López Castillo";"";"";"";"";"Salvador López Castillo"
1993;"";"Jon Herranz Hernández";"";"";"";"";"Jon Herranz Hernández"
1994;"";"Laura Ferrero Carballo";"";"";"";"";"Laura Ferrero Carballo"
1995;"";"Fernando H Barral";"";"";"";"";"Fernando H Barral"
1996;"";"Llorens Espanyol";"";"";"";"";"Llorens Espanyol"
1997;"";"Pedro E. Delgado";"";"";"";"";"Pedro E. Delgado"
1998;"";"Jorge Garrosa Mayordomo";"";"";"";"";"Jorge Garrosa Mayordomo"
1999;"";"Marta Medina Del Valle";"";"";"";"";"Marta Medina Del Valle"
2000;"";"Enric Navarro Serna";"";"";"";"";"Enric Navarro Serna"
2001;"";"Daniel González Guerrero";"";"";"";"";"Daniel González Guerrero"
2002;"";"Grete Lee-Man Suárez";"";"";"";"";"Grete Lee-Man Suárez"
2003;"";"Sara Fantova Barrena";"";"";"";"";"Sara Fantova Barrena"
2004;"";"Núria Dunjó López";"";"";"";"";"Núria Dunjó López"
2005;"";"Cèlia Mateo Novis";"";"";"";"";"Cèlia Mateo Novis"
2006;"";"Emmanuel De Martino Y6712782q";"";"";"";"";"Emmanuel De Martino Y6712782q"
2007;"";"Diana Toucedo Crespo";"";"";"";"";"Diana Toucedo Crespo"
2008;"";"Alberte Mera García";"";"";"";"";"Alberte Mera García"
2009;"";"Sanja Poštic";"";"";"";"";"Sanja Poštic"
2010;"";"David Peña León";"";"";"";"";"David Peña León"
2011;"";"Álvaro Núñez Orellana";"";"";"";"";"Álvaro Núñez Orellana"
2012;"";"Jermy Thomas Scott";"";"";"";"";"Jermy Thomas Scott"
2013;"";"Anna Utrecht";"";"";"";"";"Anna Utrecht"
2014;"";"José María Borrell Balsells";"";"";"";"";"José María Borrell Balsells"
2015;"";"Emilio Martínez-Borso Legerén";"";"";"";"";"Emilio Martínez-Borso Legerén"
2016;"";"No Existe";"";"";"";"";"No Existe"
2017;"";"Segundo Altoagirre";"";"";"";"";"Segundo Altoagirre"
2018;"";"María Luisa Pujol";"";"";"";"";"María Luisa Pujol"
2019;"";"Alberto Pascual Rodríguez";"";"";"";"";"Alberto Pascual Rodríguez"
2020;"";"Ivet Castelo Torres";"";"";"";"";"Ivet Castelo Torres"
2021;"";"Iván Alarcón Mates";"";"";"";"";"Iván Alarcón Mates"
2022;"";"S. Sureño";"";"";"";"";"S. Sureño"
2023;"";"Borja Martínez-Echevarría";"";"";"";"";"Borja Martínez-Echevarría"
2024;"";"Óscar Díaz Cruz";"";"";"";"";"Óscar Díaz Cruz"
2025;"";"Francisco José Ortiz Pérez De León";"";"";"";"";"Francisco José Ortiz Pérez De León"
2026;"";"José Luis Hdez. Arango";"";"";"";"";"José Luis Hdez. Arango"
2027;"";"Juan Zavala Aizpurua";"";"";"";"";"Juan Zavala Aizpurua"
2028;"";"F.J. Fdez. Bordonada";"";"";"";"";"F.J. Fdez. Bordonada"
2029;"";"Bibiana Guarch Llop";"";"";"";"";"Bibiana Guarch Llop"
2030;"";"Marta Díaz De Lope Díaz Martín";"";"";"";"";"Marta Díaz De Lope Díaz Martín"
2031;"";"Guillem Clua Sarró";"";"";"";"";"Guillem Clua Sarró"
2032;"";"Fernando Caballero Rodríguez";"";"";"";"";"Fernando Caballero Rodríguez"
2033;"";"Antoni Verdaguer Serra";"";"";"";"";"Antoni Verdaguer Serra"
2034;"";"Cristopher Cartagena";"";"";"";"";"Cristopher Cartagena"
2035;"";"Miquel Eek";"";"";"";"";"Miquel Eek"
2036;"";"Fernando De Haro";"";"";"";"";"Fernando De Haro"
2037;"";"Manuel Matanza";"";"";"";"";"Manuel Matanza"
2038;"";"Manuel Cortés Tallón";"";"";"";"";"Manuel Cortés Tallón"
2039;"";"Joana Conill Amelivia";"";"";"";"";"Joana Conill Amelivia"
2040;"";"Lluís Carrizo Martínez";"";"";"";"";"Lluís Carrizo Martínez"
2041;"";"Manel Lucas Giralt";"";"";"";"";"Manel Lucas Giralt"
2042;"";"Francesc Alarcón";"";"";"";"";"Francesc Alarcón"
2043;"";"Jorgelina Ferlise";"";"";"";"";"Jorgelina Ferlise"
2044;"";"Daniel Luna Aguilar";"";"";"";"";"Daniel Luna Aguilar"
2045;"";"Antonio González Blasco";"";"";"";"";"Antonio González Blasco"
2046;"";"Miguel Ángel H. Arango";"";"";"";"";"Miguel Ángel H. Arango"
2047;"";"Mónica Del Rey Jordá (Art Al Quadrat)";"";"";"";"";"Mónica Del Rey Jordá (Art Al Quadrat)"
2048;"";"Gema Del Rey Jordá (Art Al Quadrat)";"";"";"";"";"Gema Del Rey Jordá (Art Al Quadrat)"
2049;"";"María Dolores Martín-Consuegra Martín-Fontecha";"";"";"";"";"María Dolores Martín-Consuegra Martín-Fontecha"
2050;"";"Salud García J-Centurión";"";"";"";"";"Salud García J-Centurión"
2051;"";"María Mínguez Pardo";"";"";"";"";"María Mínguez Pardo"
2052;"";"Víctor G. Villavieja";"";"";"";"";"Víctor G. Villavieja"
2053;"";"Marga Gutiérrez Díez";"";"";"";"";"Marga Gutiérrez Díez"
2054;"";"Bruno Martín Ojeda";"";"";"";"";"Bruno Martín Ojeda"
2055;"";"Andoni Canela Urizar";"";"";"";"";"Andoni Canela Urizar"
2056;"";"Vicente Segura Reyes";"";"";"";"";"Vicente Segura Reyes"
2057;"";"Santiago Manuel Taboada Álvarez";"";"";"";"";"Santiago Manuel Taboada Álvarez"
2058;"";"Dácil Manrique De Lara";"";"";"";"";"Dácil Manrique De Lara"
2059;"";"Jordi Mendive";"";"";"";"";"Jordi Mendive"
2060;"";"Oriol Ortega";"";"";"";"";"Oriol Ortega"
2061;"";"Serban Capraru";"";"";"";"";"Serban Capraru"
2062;"";"Ángel Agudo Vázquez";"";"";"";"";"Ángel Agudo Vázquez"
2063;"";"Iván Ledesma García";"";"";"";"";"Iván Ledesma García"
2064;"";"Raimundo Garcia Fernandez";"";"";"";"";"Raimundo Garcia Fernandez"
2065;"";"Jose Manuel Berastegui";"";"";"";"";"Jose Manuel Berastegui"
2066;"";"M. A. Romero";"";"";"";"";"M. A. Romero"
2067;"";"Alba Pino García";"";"";"";"";"Alba Pino García"
2068;"";"Francisco J. Vaquero Robustillo";"";"";"";"";"Francisco J. Vaquero Robustillo"
2069;"";"Raúl Cuevas Mambrilla";"";"";"";"";"Raúl Cuevas Mambrilla"
2070;"";"Joan Salicrú Maltas";"";"";"";"";"Joan Salicrú Maltas"
2071;"";"Ana Belén Gutiérrez";"";"";"";"";"Ana Belén Gutiérrez"
2072;"";"Alejandro Santaella Vera";"";"";"";"";"Alejandro Santaella Vera"
2073;"";"J. Gamero";"";"";"";"";"J. Gamero"
2074;"";"Isabel Martínez De Aragón";"";"";"";"";"Isabel Martínez De Aragón"
2075;"";"Alex García De Vicuña";"";"";"";"";"Alex García De Vicuña"
2076;"";"Marta Suárez Abril";"";"";"";"";"Marta Suárez Abril"
2077;"";"Daniel Castro Villanueva";"";"";"";"";"Daniel Castro Villanueva"
2078;"";"Simone G. Saibene";"";"";"";"";"Simone G. Saibene"
2079;"";"Con La Colaboración De";"";"";"";"";"Con La Colaboración De"
2080;"";"David Pujol Rusiñol";"";"";"";"";"David Pujol Rusiñol"
2081;"";"V. Checa";"";"";"";"";"V. Checa"
2082;"";"Michael Harim Huizar Villavicencio";"";"";"";"";"Michael Harim Huizar Villavicencio"
2083;"";"Jesús Lloveras Mora";"";"";"";"";"Jesús Lloveras Mora"
2084;"";"Maria Àngels Tresserras";"";"";"";"";"Maria Àngels Tresserras"
2085;"";"Pietro Ditano";"";"";"";"";"Pietro Ditano"
2086;"";"Almudena Saíz";"";"";"";"";"Almudena Saíz"
2087;"";"Alex Comas Martin";"";"";"";"";"Alex Comas Martin"
2088;"";"Cristina Broquetas Solans";"";"";"";"";"Cristina Broquetas Solans"
2089;"";"Julio Alejandro De Castro";"";"";"";"";"Julio Alejandro De Castro"
2090;"";"Marta Ferreras";"";"";"";"";"Marta Ferreras"
2091;"";"Joan Francesc Delgado Charansonnet";"";"";"";"";"Joan Francesc Delgado Charansonnet"
2092;"";"Carlos Saura Atarés";"";"";"";"";"Carlos Saura Atarés"
2093;"";"Jorge Arenillas Schnieper";"";"";"";"";"Jorge Arenillas Schnieper"
2094;"";"Arantza Santesteban Pérez";"";"";"";"";"Arantza Santesteban Pérez"
2095;"";"J D Alcázar";"";"";"";"";"J D Alcázar"
2096;"";"Carmen Marfà Vives";"";"";"";"";"Carmen Marfà Vives"
2097;"";"Santiago Alonso Torras";"";"";"";"";"Santiago Alonso Torras"
2098;"";"Carlos “Pocho” Villaverde";"";"";"";"";"Carlos “Pocho” Villaverde"
2099;"";"Eduardo Montero Saponi";"";"";"";"";"Eduardo Montero Saponi"
2100;"";"Ángel Del Río Sánchez";"";"";"";"";"Ángel Del Río Sánchez"
2101;"";"Javier Echániz Petralanda";"";"";"";"";"Javier Echániz Petralanda"
2102;"";"Ion Iriarte Fernandez";"";"";"";"";"Ion Iriarte Fernandez"
2103;"";"Sergio Martínez Méndez";"";"";"";"";"Sergio Martínez Méndez"
2104;"";"Pedro Rivero Aurre";"";"";"";"";"Pedro Rivero Aurre"
2105;"";"J.A. López Espinosa";"";"";"";"";"J.A. López Espinosa"
2106;"";"Ernest Cauhé Martín";"";"";"";"";"Ernest Cauhé Martín"
2107;"";"Enrique Barberá Peregrina";"";"";"";"";"Enrique Barberá Peregrina"
2108;"";"Santiago Fillol Vázquez";"";"";"";"";"Santiago Fillol Vázquez"
2109;"";"Nick Oep";"";"";"";"";"Nick Oep"
2110;"";"Daniel Fernandez-Cañadas";"";"";"";"";"Daniel Fernandez-Cañadas"
2111;"";"Fabián Darío Kritzer Crufermann";"";"";"";"";"Fabián Darío Kritzer Crufermann"
2112;"";"Jordi Rediu Alarcón";"";"";"";"";"Jordi Rediu Alarcón"
2113;"";"Ennio Diálogos Versión Italiana: Flaiano";"";"";"";"";"Ennio Diálogos Versión Italiana: Flaiano"
2114;"";"Iván 'Oggi' Emery";"";"";"";"";"Iván 'Oggi' Emery"
2115;"";"Victor A Catena";"";"";"";"";"Victor A Catena"
2116;"";"Amalio Rodríguez";"";"";"";"";"Amalio Rodríguez"
2117;"";"Guillem Cabra Cortés";"";"";"";"";"Guillem Cabra Cortés"
2118;"";"Mar Clapés Gutiérrez";"";"";"";"";"Mar Clapés Gutiérrez"
2119;"";"Hans Jakoby";"";"";"";"";"Hans Jakoby"
2120;"";"Sara Molina León";"";"";"";"";"Sara Molina León"
2121;"";"Elisa Botticella";"";"";"";"";"Elisa Botticella"
2122;"";"Vicente Tamarit Rius";"";"";"";"";"Vicente Tamarit Rius"
2123;"";"Jorge Sebastián Peña Martín";"";"";"";"";"Jorge Sebastián Peña Martín"
2124;"";"Vicente Martín Terán";"";"";"";"";"Vicente Martín Terán"
2125;"";"Jesús María De Y Diálogos: Arozamena";"";"";"";"";"Jesús María De Y Diálogos: Arozamena"
2126;"";"André Adaptación: Tabet";"";"";"";"";"André Adaptación: Tabet"
2127;"";"Marc Recha Batallé";"";"";"";"";"Marc Recha Batallé"
2128;"";"Curro Albaycin";"";"";"";"";"Curro Albaycin"
2129;"";"Albert Plans Soriano";"";"";"";"";"Albert Plans Soriano"
2130;"";"Cristina Martín (Lasdelcine)";"";"";"";"";"Cristina Martín (Lasdelcine)"
2131;"";"Maria José Martín (Lasdelcine)";"";"";"";"";"Maria José Martín (Lasdelcine)"
2132;"";"Ariadna Relea Ventura";"";"";"";"";"Ariadna Relea Ventura"
2133;"";"Miguel Romero Grayson";"";"";"";"";"Miguel Romero Grayson"
2134;"";"Rafael Adamuz";"";"";"";"";"Rafael Adamuz"
2135;"";"Pablo Ignacio Castrillo Maortua";"";"";"";"";"Pablo Ignacio Castrillo Maortua"
2136;"";"Rosanna Checchini";"";"";"";"";"Rosanna Checchini"
2137;"";"Rosana Marcos Cascón";"";"";"";"";"Rosana Marcos Cascón"
2138;"";"Rafael Muñoz Rodríguez";"";"";"";"";"Rafael Muñoz Rodríguez"
2139;"";"Manuela Vallés";"";"";"";"";"Manuela Vallés"
2140;"";"Raúl Cueto";"";"";"";"";"Raúl Cueto"
2141;"";"Carlos Sainz Del Bosque";"";"";"";"";"Carlos Sainz Del Bosque"
2142;"";"Pototo Díez";"";"";"";"";"Pototo Díez"
2143;"";"José María Muñoz Perera";"";"";"";"";"José María Muñoz Perera"
2144;"";"Miguel Anómalo";"";"";"";"";"Miguel Anómalo"
2145;"";"Clara Hernández Bosch";"";"";"";"";"Clara Hernández Bosch"
2146;"";"Xènia Puiggrós Ferrer";"";"";"";"";"Xènia Puiggrós Ferrer"
2147;"";"Santiago Lapeira Gimeno";"";"";"";"";"Santiago Lapeira Gimeno"
2148;"";"Jr Armadàs";"";"";"";"";"Jr Armadàs"
2149;"";"Daniel Remón Magaña";"";"";"";"";"Daniel Remón Magaña"
2150;"";"Bernat Gasull I Roig";"";"";"";"";"Bernat Gasull I Roig"
2151;"";"Fernando Arroyo Castilla";"";"";"";"";"Fernando Arroyo Castilla"
2152;"";"A. Gades C. Saura";"";"";"";"";"A. Gades C. Saura"
2153;"";"Natalia Hermida Guitierrez";"";"";"";"";"Natalia Hermida Guitierrez"
2154;"";"Ot Burgaya Balaguer";"";"";"";"";"Ot Burgaya Balaguer"
2155;"";"Roser Texidó";"";"";"";"";"Roser Texidó"
2156;"";"Alvaro Augusto Lladó";"";"";"";"";"Alvaro Augusto Lladó"
2157;"";"Fernando Martín Llorente";"";"";"";"";"Fernando Martín Llorente"
2158;"";"Lorena Blanco";"";"";"";"";"Lorena Blanco"
2159;"";"María Luisa Picado Silva";"";"";"";"";"María Luisa Picado Silva"
2160;"";"María S. Torregrosa";"";"";"";"";"María S. Torregrosa"
2161;"";"Jose A. Perez Torreblanca";"";"";"";"";"Jose A. Perez Torreblanca"
2162;"";"Santiago Cartujo";"";"";"";"";"Santiago Cartujo"
2163;"";"Theo Court Bustamante";"";"";"";"";"Theo Court Bustamante"
2164;"";"José Alberto Zúñiga";"";"";"";"";"José Alberto Zúñiga"
2165;"";"Lydia Zimmermann Kuoni";"";"";"";"";"Lydia Zimmermann Kuoni"
2166;"";"Guillermo Cubillo";"";"";"";"";"Guillermo Cubillo"
2167;"";"Jonay Amador";"";"";"";"";"Jonay Amador"
2168;"";"Gerard Bartomeu";"";"";"";"";"Gerard Bartomeu"
2169;"";"Adaptacion:";"";"";"";"";"Adaptacion:"
2170;"";"Antonio Diálogos Adicionales: Quintero";"";"";"";"";"Antonio Diálogos Adicionales: Quintero"
2171;"";"Gerti Diálogos Versión Alemana: Ober";"";"";"";"";"Gerti Diálogos Versión Alemana: Ober"
2172;"";"C.W Burg";"";"";"";"";"C.W Burg"
2173;"";"A González Álvarez";"";"";"";"";"A González Álvarez"
2174;"";"Flora Monteys";"";"";"";"";"Flora Monteys"
2175;"";"Sergio Sanus Vidal";"";"";"";"";"Sergio Sanus Vidal"
2176;"";"José Juan Vaquero";"";"";"";"";"José Juan Vaquero"
2177;"";"Alba Lombardía González";"";"";"";"";"Alba Lombardía González"
2178;"";"Álvaro F. Pulpeiro";"";"";"";"";"Álvaro F. Pulpeiro"
2179;"";"Antonella Sudasassi Furniss";"";"";"";"";"Antonella Sudasassi Furniss"
2180;"";"Davinia Guilló Barceló";"";"";"";"";"Davinia Guilló Barceló"
2181;"";"Patricia Gutiérrez Calatayud";"";"";"";"";"Patricia Gutiérrez Calatayud"
2182;"";"Rubén Oliver Beltrán";"";"";"";"";"Rubén Oliver Beltrán"
2183;"";"Angélica Alarcón Zahonero";"";"";"";"";"Angélica Alarcón Zahonero"
2184;"";"Oliver Riaza";"";"";"";"";"Oliver Riaza"
2185;"";"Jaime Pineda Abel De La Cruz";"";"";"";"";"Jaime Pineda Abel De La Cruz"
2186;"";"Jordi Turtós Orbañanos";"";"";"";"";"Jordi Turtós Orbañanos"
2187;"";"Emilio Juan Ruiz Barrachina";"";"";"";"";"Emilio Juan Ruiz Barrachina"
2188;"";"Fermín Palacios Pina";"";"";"";"";"Fermín Palacios Pina"
2189;"";"Sebastian Lelio Watt";"";"";"";"";"Sebastian Lelio Watt"
2190;"";"Elena Serra Domínguez";"";"";"";"";"Elena Serra Domínguez"
2191;"";"Eduard Solà Guerrero";"";"";"";"";"Eduard Solà Guerrero"
2192;"";"David Valero Simón";"";"";"";"";"David Valero Simón"
2193;"";"Vasileos Papatheocharis";"";"";"";"";"Vasileos Papatheocharis"
2194;"";"Rowan Dinar Athale";"";"";"";"";"Rowan Dinar Athale"
2195;"";"Julie Nurrish";"";"";"";"";"Julie Nurrish"
2196;"";"José María Campos Arenas";"";"";"";"";"José María Campos Arenas"
2197;"";"Milián Oneto";"";"";"";"";"Milián Oneto"
2198;"";"Raul Portero Civantos";"";"";"";"";"Raul Portero Civantos"
2199;"";"José María Pérez Quintero";"";"";"";"";"José María Pérez Quintero"
2200;"";"María Abenia Gracia";"";"";"";"";"María Abenia Gracia"
2201;"";"Manuel Agustín Muñoz Rivas";"";"";"";"";"Manuel Agustín Muñoz Rivas"
2202;"";"Clara Roquet Autonell";"";"";"";"";"Clara Roquet Autonell"
2203;"";"Paula Cons Varela";"";"";"";"";"Paula Cons Varela"
2204;"";"Marc Recha Batalle";"";"";"";"";"Marc Recha Batalle"
2205;"";"Nacho R. Piedra";"";"";"";"";"Nacho R. Piedra"
2206;"";"Carmen Perona Cabrera";"";"";"";"";"Carmen Perona Cabrera"
2207;"";"Cristina Ortega Blanco";"";"";"";"";"Cristina Ortega Blanco"
2208;"";"David Marqués Montes";"";"";"";"";"David Marqués Montes"
2209;"";"Patricia Franquesa Ruiz";"";"";"";"";"Patricia Franquesa Ruiz"
2210;"";"Valentina Viso Rojas";"";"";"";"";"Valentina Viso Rojas"
2211;"";"Diego Ameixeiras Novelle";"";"";"";"";"Diego Ameixeiras Novelle"
2212;"";"Roger Sogues Marco";"";"";"";"";"Roger Sogues Marco"
2213;"";"Aitor Arregi Galdos";"";"";"";"";"Aitor Arregi Galdos"
2214;"";"José Jaime Marques Olearraga";"";"";"";"";"José Jaime Marques Olearraga"
2215;"";"Mercè Glascà";"";"";"";"";"Mercè Glascà"
2216;"";"Heidi Villate Hassan";"";"";"";"";"Heidi Villate Hassan"
2217;"";"Jean Miguel Leiva";"";"";"";"";"Jean Miguel Leiva"
2218;"";"Miguel Caldito";"";"";"";"";"Miguel Caldito"
2219;"";"Begoña Río Pérez";"";"";"";"";"Begoña Río Pérez"
2220;"";"Bernat Vilaplana Gómez";"";"";"";"";"Bernat Vilaplana Gómez"
2221;"";"Carmen Gómez Peralta";"";"";"";"";"Carmen Gómez Peralta"
2222;"";"María Bestard";"";"";"";"";"María Bestard"
2223;"";"Teresa Calo Fontán";"";"";"";"";"Teresa Calo Fontán"
2224;"";"Irene Yagüe Herrero";"";"";"";"";"Irene Yagüe Herrero"
2225;"";"Luis Alejandro Van Eeckhout";"";"";"";"";"Luis Alejandro Van Eeckhout"
2226;"";"Luis Politi";"";"";"";"";"Luis Politi"
2227;"";"Jesús. 'El Vil Metal' García De Dueñas";"";"";"";"";"Jesús. 'El Vil Metal' García De Dueñas"
2228;"";"Augusto 'Frac' Martínez Torres";"";"";"";"";"Augusto 'Frac' Martínez Torres"
2229;"";"Elena María Molina Merino";"";"";"";"";"Elena María Molina Merino"
2230;"";"Belén Funes Giménez";"";"";"";"";"Belén Funes Giménez"
2231;"";"Marçal Cebrián Jubany";"";"";"";"";"Marçal Cebrián Jubany"
2232;"";"Miguel A. Llamas 'Pitu'";"";"";"";"";"Miguel A. Llamas 'Pitu'"
2233;"";"Victoria Váquez Cossío";"";"";"";"";"Victoria Váquez Cossío"
2234;"";"Paula Palacios Castaño";"";"";"";"";"Paula Palacios Castaño"
2235;"";"L. Garcia Berlanga";"";"";"";"";"L. Garcia Berlanga"
2236;"";"Josep Gatell Castro";"";"";"";"";"Josep Gatell Castro"
2237;"";"Odei A. Etxearte";"";"";"";"";"Odei A. Etxearte"
2238;"";"Sergio Oskman";"";"";"";"";"Sergio Oskman"
2239;"";"Juan Manuel Fodde Roma";"";"";"";"";"Juan Manuel Fodde Roma"
2240;"";"Conchi Del Río";"";"";"";"";"Conchi Del Río"
2241;"";"Cecilia Atán Fernández";"";"";"";"";"Cecilia Atán Fernández"
2242;"";"Valeria Pivato Quiroga";"";"";"";"";"Valeria Pivato Quiroga"
2243;"";"Francisco Rodríguez Tejedor";"";"";"";"";"Francisco Rodríguez Tejedor"
2244;"";"Horacio Luis Valcarcel";"";"";"";"";"Horacio Luis Valcarcel"
2245;"";"Sema D’Acosta";"";"";"";"";"Sema D’Acosta"
2246;"";"Fátima Subeh Marzo";"";"";"";"";"Fátima Subeh Marzo"
2247;"";"Pancho G. Matienzo";"";"";"";"";"Pancho G. Matienzo"
2248;"";"Adriana P. Villanueva";"";"";"";"";"Adriana P. Villanueva"
2249;"";"José Antonio González Cuevas";"";"";"";"";"José Antonio González Cuevas"
2250;"";"Asier Guerricaechevarría López";"";"";"";"";"Asier Guerricaechevarría López"
2251;"";"Iván Morales López";"";"";"";"";"Iván Morales López"
2252;"";"Josep Morell Feixa";"";"";"";"";"Josep Morell Feixa"
2253;"";"Guillem Sánchez Marín";"";"";"";"";"Guillem Sánchez Marín"
2254;"";"Laura Muñoz Liaño";"";"";"";"";"Laura Muñoz Liaño"
2255;"";"Antonio Chavarrías Ocaña";"";"";"";"";"Antonio Chavarrías Ocaña"
2256;"";"Olatz Arroyo Abaroa";"";"";"";"";"Olatz Arroyo Abaroa"
2257;"";"Amaya Remírez García";"";"";"";"";"Amaya Remírez García"
2258;"";"M. A. Calvo Buttini";"";"";"";"";"M. A. Calvo Buttini"
2259;"";"Martín G. Ramis";"";"";"";"";"Martín G. Ramis"
2260;"";"Carlos Egea Palomares";"";"";"";"";"Carlos Egea Palomares"
2261;"";"F.J.Fernández Bordonada";"";"";"";"";"F.J.Fernández Bordonada"
2262;"";"Guillem Sala Lorda";"";"";"";"";"Guillem Sala Lorda"
2263;"";"Sandra Beltrán Vázquez";"";"";"";"";"Sandra Beltrán Vázquez"
2264;"";"Telmo Esnal Illarramendi";"";"";"";"";"Telmo Esnal Illarramendi"
2265;"";"Xavier Vila Fonolleda";"";"";"";"";"Xavier Vila Fonolleda"
2266;"";"Anna-Priscila Magriñà";"";"";"";"";"Anna-Priscila Magriñà"
2267;"";"Eudald Valdivieso Roca";"";"";"";"";"Eudald Valdivieso Roca"
2268;"";"Ana María Durá";"";"";"";"";"Ana María Durá"
2269;"";"Jean Castejón Gilabert";"";"";"";"";"Jean Castejón Gilabert"
2270;"";"Scott Alan Kosar";"";"";"";"";"Scott Alan Kosar"
2271;"";"Ainhoa Andraka Rueda";"";"";"";"";"Ainhoa Andraka Rueda"
2272;"";"Amaia Constanza Merino Unzueta";"";"";"";"";"Amaia Constanza Merino Unzueta"
2273;"";"Juan Moya Rentero";"";"";"";"";"Juan Moya Rentero"
2274;"";"Santiago Padró Navarro";"";"";"";"";"Santiago Padró Navarro"
2275;"";"Paco Bech";"";"";"";"";"Paco Bech"
2276;"";"Juan Albarracín Edo";"";"";"";"";"Juan Albarracín Edo"
2277;"";"Aziz Deildar";"";"";"";"";"Aziz Deildar"
2278;"";"Héctor Amado Colino";"";"";"";"";"Héctor Amado Colino"
2279;"";"Imanol Sistiaga";"";"";"";"";"Imanol Sistiaga"
2280;"";"Miguel Saeta De La Torre";"";"";"";"";"Miguel Saeta De La Torre"
2281;"";"B. Martin Patino";"";"";"";"";"B. Martin Patino"
2282;"";"Nacho Sirera";"";"";"";"";"Nacho Sirera"
2283;"";"Manel Barriere Figueroa";"";"";"";"";"Manel Barriere Figueroa"
2284;"";"Josep Vicent Frechina Andreu";"";"";"";"";"Josep Vicent Frechina Andreu"
2285;"";"Gracia Chumilla";"";"";"";"";"Gracia Chumilla"
2286;"";"Ramón Lluís Bande Guerra";"";"";"";"";"Ramón Lluís Bande Guerra"
2287;"";"Marisol Picón";"";"";"";"";"Marisol Picón"
2288;"";"Jaime Lafuente Sebastian";"";"";"";"";"Jaime Lafuente Sebastian"
2289;"";"Myriam Casín López";"";"";"";"";"Myriam Casín López"
2290;"";"Isabel Campo Vilar";"";"";"";"";"Isabel Campo Vilar"
2291;"";"Sergio Rubio Andrade";"";"";"";"";"Sergio Rubio Andrade"
2292;"";"Eduardo Matres Corral";"";"";"";"";"Eduardo Matres Corral"
2293;"";"Carlos Jiménez Poyato";"";"";"";"";"Carlos Jiménez Poyato"
2294;"";"Víctor Colomer Mirabell";"";"";"";"";"Víctor Colomer Mirabell"
2295;"";"Pere Solés Bahi";"";"";"";"";"Pere Solés Bahi"
2296;"";"Esther F. Carrodeguas";"";"";"";"";"Esther F. Carrodeguas"
2297;"";"Ermel Morales Ramón";"";"";"";"";"Ermel Morales Ramón"
2298;"";"Jesucristo Riquelme";"";"";"";"";"Jesucristo Riquelme"
2299;"";"Dave Mckean / Neil Gaiman";"";"";"";"";"Dave Mckean / Neil Gaiman"
2300;"";"Cristina Borobia Palà";"";"";"";"";"Cristina Borobia Palà"
2301;"";"Mielangel Elustondo";"";"";"";"";"Mielangel Elustondo"
2302;"";"Aranzazu Gómez Bayón";"";"";"";"";"Aranzazu Gómez Bayón"
2303;"";"Jordi Roigé I Solé";"";"";"";"";"Jordi Roigé I Solé"
2304;"";"Andrea Bossoms López";"";"";"";"";"Andrea Bossoms López"
2305;"";"Alfonso Chaves León";"";"";"";"";"Alfonso Chaves León"
2306;"";"Tito Jara H";"";"";"";"";"Tito Jara H"
2307;"";"Inmaculada Ruiz De Balugera";"";"";"";"";"Inmaculada Ruiz De Balugera"
2308;"";"Charo Albacete";"";"";"";"";"Charo Albacete"
2309;"";"Elisenda Gorgues Carnicé";"";"";"";"";"Elisenda Gorgues Carnicé"
2310;"";"Ramón Sedano Porcel";"";"";"";"";"Ramón Sedano Porcel"
2311;"";"Antonio Rabinat";"";"";"";"";"Antonio Rabinat"
2312;"";"Juan Manuel Cotelo Oñate";"";"";"";"";"Juan Manuel Cotelo Oñate"
2313;"";"Alexis Martínez Soriano";"";"";"";"";"Alexis Martínez Soriano"
2314;"";"Amanda Sans Patling";"";"";"";"";"Amanda Sans Patling"
2315;"";"Paloma Zapata García";"";"";"";"";"Paloma Zapata García"
2316;"";"Nira Cabrera";"";"";"";"";"Nira Cabrera"
2317;"";"Natividad Escobar Gutiérrez";"";"";"";"";"Natividad Escobar Gutiérrez"
2318;"";"Carles Alberola Ortiz";"";"";"";"";"Carles Alberola Ortiz"
2319;"";"Carlota Begines";"";"";"";"";"Carlota Begines"
2320;"";"Josep Lluis Gómez Frechilla";"";"";"";"";"Josep Lluis Gómez Frechilla"
2321;"";"Guillem Ventura Burrel";"";"";"";"";"Guillem Ventura Burrel"
2322;"";"Omar Al Abdul Razzak Martínez";"";"";"";"";"Omar Al Abdul Razzak Martínez"
2323;"";"Pablo Iraburu Allegue";"";"";"";"";"Pablo Iraburu Allegue"
