"titulo";"distribuidora_pdf_heuristica";"fecha_estreno";"recaudacion";"espectadores";"anio";"anio_reposicion";"titulo_busqueda";"articulo"
"A todo tren. Destino Asturias";"Warner Bros";"08/07/2021";8493358.0;1500811;2021;"";"A todo tren. Destino Asturias";""
"Way Down";"Sony";"12/11/2021";5628247.0;887897;2021;"";"Way Down";""
"Operacion Camaron";"Walt Disney";"24/06/2021";3522415.0;597700;2021;"";"Operacion Camaron";""
"Buen patron, El";"Tri Pictures";"15/10/2021";3336892.0;528523;2021;"";"Buen patron";"El"
"Maixabel";"Walt Disney";"24/09/2021";2828416.0;515293;2021;"";"Maixabel";""
"Madres paralelas";"Sony";"08/10/2021";2627717.0;426582;2021;"";"Madres paralelas";""
"Mama o Papa";"Warner Bros";"17/12/2021";1814261.0;295223;2021;"";"Mama o Papa";""
"Familia perfecta, La";"Universal";"03/12/2021";1309944.0;202597;2021;"";"Familia perfecta";"La"
"D'Artacan y los tres mosqueperros";"A Contracorriente";"18/08/2021";1181161.0;216848;2021;"";"D'Artacan y los tres mosqueperros";""
"García y García";"A Contracorriente";"27/08/2021";1025363.0;176181;2021;"";"García y García";""
"Hasta el cielo";"Universal";"18/12/2020";1021719.0;156723;2021;"";"Hasta el cielo";""
"Descarrilados";"Sony";"20/08/2021";992014.0;171104;2021;"";"Descarrilados";""
"Leyes de la frontera, Las";"Warner Bros";"08/10/2021";662962.0;106359;2021;"";"Leyes de la frontera";"Las"
"Pan de limón con semillas de amapola";"Filmax";"12/11/2021";592770.0;100238;2021;"";"Pan de limón con semillas de amapola";""
"Mediterraneo";"DeAPlaneta";"01/10/2021";476277.0;77382;2021;"";"Mediterraneo";""
"Niñas, Las";"Bteam Pictures";"04/09/2020";380905.0;66339;2021;"";"Niñas";"Las"
"Tengamos la fiesta en Paz";"Infinito mas uno";"03/12/2021";299215.0;49764;2021;"";"Tengamos la fiesta en Paz";""
"España, la primera globalizacion";"Version Digital";"15/10/2021";297321.0;46170;2021;"";"España, la primera globalizacion";""
"Amor en su lugar, El";"A Contracorriente";"03/12/2021";295861.0;45774;2021;"";"Amor en su lugar";"El"
"Medjugorje, la pelicula";"European Dreams Factory";"01/10/2021";285740.0;44622;2021;"";"Medjugorje, la pelicula";""
"Poliamor para principiantes";"Vertice";"21/05/2021";272517.0;45292;2021;"";"Poliamor para principiantes";""
"Cuñados";"Filmax";"09/04/2021";265578.0;47127;2021;"";"Cuñados";""
"Chavalas";"Filmax";"03/09/2021";242260.0;41988;2021;"";"Chavalas";""
"Vivo";"Bosco Films";"09/04/2021";240946.0;37591;2021;"";"Vivo";""
"Hija, La";"Caramel Films";"26/11/2021";233277.0;39640;2021;"";"Hija";"La"
"Cuidado con lo que deseas";"A Contracorriente";"12/11/2021";220887.0;38595;2021;"";"Cuidado con lo que deseas";""
"Donde caben dos";"Filmax";"30/07/2021";216301.0;35779;2021;"";"Donde caben dos";""
"Refugio, El";"Filmax";"26/11/2021";180269.0;30188;2021;"";"Refugio";"El"
"Verano que vivimos, El";"Warner Bros";"04/12/2020";166605.0;27017;2021;"";"Verano que vivimos";"El"
"Agente Topo, El";"Bteam Pictures";"18/03/2021";159789.0;27653;2021;"";"Agente Topo";"El"
"Amanece en Calcuta";"European Dreams Factory";"16/04/2021";130827.0;21763;2021;"";"Amanece en Calcuta";""
"Casa del caracol, La";"Filmax";"11/06/2021";127149.0;20673;2021;"";"Casa del caracol";"La"
"Con quién viajas";"A Contracorriente";"10/09/2021";125764.0;22373;2021;"";"Con quién viajas";""
"Sustituto, El";"Karma";"29/10/2021";124451.0;20668;2021;"";"Sustituto";"El"
"Lodo, El";"Vertice";"10/12/2021";124354.0;20688;2021;"";"Lodo";"El"
"Sevillanas de Brooklyn";"Filmax";"17/09/2021";109508.0;20167;2021;"";"Sevillanas de Brooklyn";""
"Inconveniente, El";"Filmax";"18/12/2020";108614.0;19058;2021;"";"Inconveniente";"El"
"Sis dies corrents";"Filmax";"03/12/2021";97714.0;14683;2021;"";"Sis dies corrents";""
"Non Dago Mikel?";"Atera Films";"26/02/2021";82958.0;15061;2021;"";"Non Dago Mikel?";""
"Erase una vez en Euskadi";"Entertainment One Films";"29/10/2021";80415.0;14154;2021;"";"Erase una vez en Euskadi";""
"Cover, El";"Entertainment One Films";"23/07/2021";73105.0;12474;2021;"";"Cover";"El"
"Libertad";"Avalon Distribución";"19/11/2021";70455.0;11887;2021;"";"Libertad";""
"Sentimental";"Filmax";"30/10/2020";69584.0;10795;2021;"";"Sentimental";""
"Claret";"Proyecfilm";"24/09/2021";68567.0;13894;2021;"";"Claret";""
"Dardara";"Atera Films";"18/03/2021";66584.0;12128;2021;"";"Dardara";""
"Boda de Rosa, La";"Filmax";"21/08/2020";59492.0;10198;2021;"";"Boda de Rosa";"La"
"Nora";"Sherlock";"03/09/2021";57061.0;11078;2021;"";"Nora";""
"Club del paro, El";"Vertice";"17/09/2021";53224.0;9456;2021;"";"Club del paro";"El"
"Vida era eso, La";"Elamedia";"10/12/2021";53117.0;9124;2021;"";"Vida era eso";"La"
"Nieva en Benidorm";"Bteam Pictures";"11/12/2020";52318.0;9009;2021;"";"Nieva en Benidorm";""
"Ane";"Syldavia";"16/10/2020";50495.0;9228;2021;"";"Ane";""
"Semana Santa (re)";"ConUnPack";"01/02/2019";47860.0;1566;2021;"";"Semana Santa";""
"Vampira de Barcelona, La";"Filmax";"04/12/2020";42095.0;6280;2021;"";"Vampira de Barcelona";"La"
"Un efecto optico";"Filmin";"26/03/2021";37543.0;6105;2021;"";"Un efecto optico";""
"Akelarre";"Avalon Distribución";"02/10/2020";36213.0;6545;2021;"";"Akelarre";""
"Libertad";"A Contracorriente";"26/03/2021";34540.0;5867;2021;"";"Libertad";""
"100 dias con la Tata";"Bteam Pictures";"29/12/2021";34288.0;5522;2021;"";"100 dias con la Tata";""
"Piel del Volcan, La";"Las Hormigas negras";"21/05/2021";32452.0;5214;2021;"";"Piel del Volcan";"La"
"Todas las lunas (Ilargi Guztiak)";"Filmax";"14/05/2021";32401.0;5902;2021;"";"Todas las lunas (Ilargi Guztiak)";""
"Josep";"Filmin";"04/12/2020";32122.0;5030;2021;"";"Josep";""
"Año de la furia, El";"Filmax";"28/05/2021";30233.0;5368;2021;"";"Año de la furia";"El"
"Solo una vez";"A Contracorriente";"11/06/2021";26053.0;4652;2021;"";"Solo una vez";""
"Josefina";"Super 8";"05/11/2021";24989.0;4484;2021;"";"Josefina";""
"Consecuencias, Las";"Syldavia";"17/09/2021";24899.0;4436;2021;"";"Consecuencias";"Las"
"Espiritu sagrado";"Aventura Cine";"26/11/2021";23887.0;3846;2021;"";"Espiritu sagrado";""
"Ama";"Filmax";"16/07/2021";21943.0;3772;2021;"";"Ama";""
"Tierra Santa, El ultimo peregrino";"European Dreams Factory";"21/05/2021";20684.0;3428;2021;"";"Tierra Santa, El ultimo peregrino";""
"Adú";"Paramount Int'l";"31/01/2020";19557.0;3290;2021;"";"Adú";""
"Tres";"Filmax";"05/11/2021";19427.0;3256;2021;"";"Tres";""
"Destello bravio";"Filmin";"18/06/2021";19297.0;3143;2021;"";"Destello bravio";""
"Sueño de Sigena, El";"Alfa Pictures";"09/11/2021";19284.0;3502;2021;"";"Sueño de Sigena";"El"
"Hombre muerto no sabe vivir";"Filmax";"02/07/2021";19226.0;3275;2021;"";"Hombre muerto no sabe vivir";""
"Valentina";"Super 8";"10/12/2021";19116.0;3477;2021;"";"Valentina";""
"Nacion";"Atalante";"26/03/2021";18192.0;3483;2021;"";"Nacion";""
"Alegria";"Caramel Films";"10/12/2021";17824.0;2971;2021;"";"Alegria";""
"Quien lo impide";"Atalante";"22/10/2021";16529.0;2847;2021;"";"Quien lo impide";""
"Cronica de una tormenta";"Syldavia";"30/04/2021";16452.0;3168;2021;"";"Cronica de una tormenta";""
"Año del descubrimiento, El";"Begin Again Films";"13/11/2020";16447.0;2877;2021;"";"Año del descubrimiento";"El"
"Ons";"Bteam Pictures";"18/12/2020";15414.0;2817;2021;"";"Ons";""
"No mataras";"Filmax";"16/10/2020";15106.0;2488;2021;"";"No mataras";""
"Panteras";"Wanda";"05/11/2021";14064.0;2541;2021;"";"Panteras";""
"Maragall i la Lluna";"Benece";"29/01/2021";13077.0;2198;2021;"";"Maragall i la Lluna";""
"My Mexican Bretzel";"Avalon Distribución";"11/12/2020";12217.0;2083;2021;"";"My Mexican Bretzel";""
"Vientre del mar, El";"Elastica";"12/11/2021";11759.0;1967;2021;"";"Vientre del mar";"El"
"Dues nits d'ahir, Les (Las dos noches de ayer)";"Splendor Films";"12/03/2021";11697.0;1951;2021;"";"Dues nits d'ahir, Les (Las dos noches de ayer)";""
"Karen";"Begin Again Films";"04/06/2021";10881.0;1993;2021;"";"Karen";""
"Quince";"Independent";"20/03/2021";10434.0;2034;2021;"";"Quince";""
"Natura Bizia";"Barton";"16/04/2021";10280.0;1891;2021;"";"Natura Bizia";""
"Historias lamentables";"Morena Films";"11/06/2021";10262.0;1851;2021;"";"Historias lamentables";""
"Fantasma de la Sauna, El";"Sophia Network";"19/11/2021";10049.0;1611;2021;"";"Fantasma de la Sauna";"El"
"Mia y Moi";"Yedra";"21/05/2021";10039.0;1833;2021;"";"Mia y Moi";""
"Pica Pica Musical Especial Navidad";"Independent";"18/12/2020";9590.0;1570;2021;"";"Pica Pica Musical Especial Navidad";""
"Aita Mari";"Atera Films";"03/12/2021";9529.0;1746;2021;"";"Aita Mari";""
"Negro Purpura";"Begin Again Films";"24/09/2021";9066.0;1782;2021;"";"Negro Purpura";""
"Dia de la bestia, El (1995) (4k re)";"ConUnPack";"15/10/2021";8779.0;1596;2021;1995.0;"Dia de la bestia";"El"
"Maria Solinha";"Via Lactea";"26/11/2021";8296.0;1453;2021;"";"Maria Solinha";""
"Mujer ilegal, La";"Segarra";"11/12/2020";8285.0;1654;2021;"";"Mujer ilegal";"La"
"Surcos";"Phoenix Entertaiment";"28/05/2021";7563.0;1450;2021;"";"Surcos";""
"Caminho Longe";"Independent";"22/01/2021";7034.0;1162;2021;"";"Caminho Longe";""
"Un blues para Teheran";"Surtsey Films";"02/07/2021";6449.0;1223;2021;"";"Un blues para Teheran";""
"Lucas";"Begin Again Films";"25/06/2021";6353.0;1243;2021;"";"Lucas";""
"Escopeta nacional, La (1978)";"A Contracorriente";"18/06/2021";6137.0;1084;2021;1978.0;"Escopeta nacional";"La"
"Ombligo de Guie'dani, El";"El Sur Films";"12/02/2021";5892.0;1069;2021;"";"Ombligo de Guie'dani";"El"
"Bienvenidos a España";"Independent";"18/06/2021";5752.0;1085;2021;"";"Bienvenidos a España";""
"Algo salvaje. La historia de Bambino";"Phoenix Entertaiment";"19/11/2021";5466.0;1109;2021;"";"Algo salvaje. La historia de Bambino";""
"Bolante baten historia (Historia de un volante)";"Barton";"19/11/2021";5379.0;959;2021;"";"Bolante baten historia (Historia de un volante)";""
"Mami, La";"Elamedia";"23/10/2020";5174.0;937;2021;"";"Mami";"La"
"Salvar el arbol (Zutik!)";"Filmax";"22/10/2021";4974.0;979;2021;"";"Salvar el arbol (Zutik!)";""
"Antonio Machado. Los dias azules";"Summer Films";"04/12/2020";4917.0;1144;2021;"";"Antonio Machado. Los dias azules";""
"Gran Camino, El";"Super 8";"25/06/2021";4848.0;859;2021;"";"Gran Camino";"El"
"Uno para todos";"A Contracorriente";"18/09/2020";4665.0;863;2021;"";"Uno para todos";""
"7 Lagos, 7 Vidas";"Version Digital";"23/07/2021";4584.0;726;2021;"";"7 Lagos, 7 Vidas";""
"Olvido y Leon";"Empatia";"26/03/2021";4562.0;835;2021;"";"Olvido y Leon";""
"¡Corten!";"Filmin";"31/10/2021";4434.0;779;2021;"";"¡Corten!";""
"Viva montesa. La vida de un sueño";"Independent";"16/11/2021";4330.0;454;2021;"";"Viva montesa. La vida de un sueño";""
"Aztarnak-Huellas";"Barton";"15/10/2021";4300.0;730;2021;"";"Aztarnak-Huellas";""
"Album de posguerra";"Independent";"05/05/2021";4284.0;799;2021;"";"Album de posguerra";""
"Apaiz Kartzela (La carcel de curas)";"Syldavia";"26/11/2021";4097.0;700;2021;"";"Apaiz Kartzela (La carcel de curas)";""
"Dos";"Filmax";"23/07/2021";4059.0;703;2021;"";"Dos";""
"¿Que hicimos mal?";"Avalon Distribución";"10/12/2021";4014.0;672;2021;"";"¿Que hicimos mal?";""
"Eso que tu me das";"Warner Bros";"30/09/2020";3977.0;608;2021;"";"Eso que tu me das";""
"Billy";"Begin Again Films";"17/09/2021";3904.0;718;2021;"";"Billy";""
"Héroes. Silencio y Rock & Roll";"Heroes AIE";"22/04/2021";3900.0;569;2021;"";"Héroes. Silencio y Rock & Roll";""
"Wojtyla. La Investigacion";"European Dreams Factory";"14/08/2020";3809.0;641;2021;"";"Wojtyla. La Investigacion";""
"Mr. Hand Solo";"Filmax";"26/03/2021";3792.0;567;2021;"";"Mr. Hand Solo";""
"Arte de volver, El";"Filmax";"11/12/2020";3729.0;605;2021;"";"Arte de volver";"El"
"Ultima primavera, La";"El Sur Films";"31/03/2021";3724.0;632;2021;"";"Ultima primavera";"La"
"Inocentes, Los";"El Sur Films";"12/03/2021";3504.0;726;2021;"";"Inocentes";"Los"
"Voz humana, La";"Wanda - Avalon";"21/10/2020";3492.0;777;2021;"";"Voz humana";"La"
"Traidores";"Begin Again Films";"26/03/2021";3483.0;561;2021;"";"Traidores";""
"Zurbaran y sus doce hijos";"Independent";"06/11/2020";3367.0;569;2021;"";"Zurbaran y sus doce hijos";""
"Mendian Hil, Hirian Hil";"Independent";"12/03/2021";3034.0;568;2021;"";"Mendian Hil, Hirian Hil";""
"Finlandia";"Independent";"10/11/2021";2944.0;477;2021;"";"Finlandia";""
"Cartas mojadas";"Syldavia";"09/10/2020";2892.0;520;2021;"";"Cartas mojadas";""
"Armugan, el ultimo acabador";"Independent";"07/05/2021";2881.0;519;2021;"";"Armugan, el ultimo acabador";""
"Terra de telers (Memoria de telares 2020)";"Independent";"11/12/2020";2792.0;516;2021;"";"Terra de telers (Memoria de telares 2020)";""
"Retorno, El: la vida despues del ISIS";"Independent";"27/05/2021";2784.0;482;2021;"";"Retorno, El: la vida despues del ISIS";""
"Nur y el templo del dragon";"Barton";"02/06/2017";2618.0;1676;2021;"";"Nur y el templo del dragon";""
"Maquis, el silencio";"Independent";"10/12/2021";2599.0;376;2021;"";"Maquis, el silencio";""
"Zerø";"Begin Again Films";"23/04/2021";2558.0;415;2021;"";"Zerø";""
"Rey de todo el mundo, El";"Syldavia";"12/11/2021";2487.0;420;2021;"";"Rey de todo el mundo";"El"
"Urtzen";"Atera Films";"22/04/2021";2446.0;497;2021;"";"Urtzen";""
"Salvador Dali. Diarios de juventud";"Independent";"09/03/2021";2442.0;425;2021;"";"Salvador Dali. Diarios de juventud";""
"Padre no hay mas que uno 2: La llegada de la suegra";"Sony";"29/07/2020";2439.0;622;2021;"";"Padre no hay mas que uno 2: La llegada de la suegra";""
"Baby";"Festival Films";"18/12/2020";2437.0;421;2021;"";"Baby";""
"Cuarto de Mona, El";"Independent";"19/11/2021";2412.0;432;2021;"";"Cuarto de Mona";"El"
"Fantasia de juventud";"Independent";"04/12/2020";2330.0;606;2021;"";"Fantasia de juventud";""
"Mironins. La pelicula";"Independent";"03/12/2021";2236.0;468;2021;"";"Mironins. La pelicula";""
"Precio del progreso, El";"39 Escalones";"16/10/2020";2155.0;311;2021;"";"Precio del progreso";"El"
"Una luz en la oscuridad";"Phoenix Entertaiment";"22/01/2021";2128.0;392;2021;"";"Una luz en la oscuridad";""
"Islandia, el refugio perfecto";"Independent";"02/05/2021";2121.0;327;2021;"";"Islandia, el refugio perfecto";""
"Arcadeología";"Independent";"29/07/2021";2107.0;344;2021;"";"Arcadeología";""
"Periferia";"Independent";"09/06/2021";2045.0;323;2021;"";"Periferia";""
"Gallina Turuleca, La";"Filmax";"01/01/2020";1914.0;390;2021;"";"Gallina Turuleca";"La"
"A este lado de la carretera";"Independent";"03/12/2021";1914.0;369;2021;"";"A este lado de la carretera";""
"Callejeras";"Summer Films";"08/10/2021";1898.0;395;2021;"";"Callejeras";""
"Sombra, La";"Phoenix Entertaiment";"25/06/2021";1897.0;381;2021;"";"Sombra";"La"
"Magaluf Ghost Town";"Begin Again Films";"26/11/2021";1861.0;295;2021;"";"Magaluf Ghost Town";""
"Tristesse";"Hemisphere Films";"29/01/2021";1816.0;302;2021;"";"Tristesse";""
"Descubriendo a Jose Padilla";"Film Buro";"29/12/2020";1807.0;310;2021;"";"Descubriendo a Jose Padilla";""
"Ultima cena, La";"ConUnPack";"10/12/2021";1796.0;291;2021;"";"Ultima cena";"La"
"A media voz";"Elamedia";"18/12/2020";1748.0;306;2021;"";"A media voz";""
"Victoria 2030";"Tus Ojos";"09/05/2021";1707.0;387;2021;"";"Victoria 2030";""
"A este lado del mundo";"Buenavida";"25/09/2020";1696.0;434;2021;"";"A este lado del mundo";""
"Acordes de la memoria, Los";"Independent";"30/05/2021";1695.0;397;2021;"";"Acordes de la memoria";"Los"
"Padre no hay mas que uno";"Sony";"01/08/2019";1655.0;248;2021;"";"Padre no hay mas que uno";""
"Viajante, La";"Begin Again Films";"02/07/2021";1636.0;296;2021;"";"Viajante";"La"
"Lobster Soup";"Independent";"21/10/2020";1633.0;273;2021;"";"Lobster Soup";""
"Pasion, segun Pep Amores, La";"Independent";"01/10/2021";1599.0;228;2021;"";"Pasion, segun Pep Amores";"La"
"Aczion";"Yelmo";"04/11/2021";1491.0;173;2021;"";"Aczion";""
"Sedimentos";"Begin Again Films";"05/11/2021";1488.0;304;2021;"";"Sedimentos";""
"Fantasia";"Vitrine Filmes";"26/11/2021";1472.0;254;2021;"";"Fantasia";""
"Astrid";"Avisual Concept";"27/02/2021";1471.0;242;2021;"";"Astrid";""
"Nueve Sevillas";"Elamedia";"19/11/2021";1425.0;423;2021;"";"Nueve Sevillas";""
"Basotik itsasora (Del bosque al mar)";"Independent";"05/06/2021";1425.0;95;2021;"";"Basotik itsasora (Del bosque al mar)";""
"Hombre que lo queria ver todo, El";"Independent";"25/03/2021";1414.0;276;2021;"";"Hombre que lo queria ver todo";"El"
"Invisibles";"Wanda";"06/03/2020";1389.0;409;2021;"";"Invisibles";""
"Ombligo";"Independent";"25/06/2021";1371.0;273;2021;"";"Ombligo";""
"Extraño viaje, El (1964)";"A Contracorriente";"22/10/2021";1326.0;350;2021;1964.0;"Extraño viaje";"El"
"De Dali a Miquel";"Independent";"09/04/2021";1306.0;219;2021;"";"De Dali a Miquel";""
"Club del pino solitario, El";"Independent";"10/06/2021";1304.0;175;2021;"";"Club del pino solitario";"El"
"Terremoto";"Begin Again Films";"08/10/2021";1296.0;276;2021;"";"Terremoto";""
"Carceller. El hombre que murio dos veces";"Independent";"18/11/2021";1292.0;180;2021;"";"Carceller. El hombre que murio dos veces";""
"Herencia";"Begin Again Films";"14/05/2021";1282.0;224;2021;"";"Herencia";""
"Canciones de horror";"Independent";"16/10/2021";1148.0;164;2021;"";"Canciones de horror";""
"Enero";"Independent";"28/09/2020";1132.0;221;2021;"";"Enero";""
"Lo que arde";"Atalante";"11/10/2019";1074.0;187;2021;"";"Lo que arde";""
"Subterraneos, Los";"Independent";"07/05/2021";1020.0;153;2021;"";"Subterraneos";"Los"
"Primera mujer, La";"Begin Again Films";"10/12/2021";998.0;187;2021;"";"Primera mujer";"La"
"Este amor es de otro planeta";"CineAND Distribución";"31/03/2021";960.0;166;2021;"";"Este amor es de otro planeta";""
"Cumbre es el camino, La";"Independent";"24/03/2021";954.0;152;2021;"";"Cumbre es el camino";"La"
"75 dias";"Independent";"31/05/2021";930.0;254;2021;"";"75 dias";""
"Trinchera infinita, La";"Entertainment One Films";"31/10/2019";907.0;222;2021;"";"Trinchera infinita";"La"
"Mujeres de sal, hombres de humo";"Independent";"24/06/2021";878.0;209;2021;"";"Mujeres de sal, hombres de humo";""
"Posidonia";"Independent";"19/11/2021";875.0;185;2021;"";"Posidonia";""
"Un tiempo precioso";"Independent";"17/07/2020";865.0;232;2021;"";"Un tiempo precioso";""
"Hilo dorado, El";"Independent";"10/12/2021";859.0;190;2021;"";"Hilo dorado";"El"
"Auteretrato";"Urresti Producciones";"13/09/2019";838.0;175;2021;"";"Auteretrato";""
"Más allá de las estrellas. Fotografiando un agujero negro";"ConUnPack";"10/05/2021";829.0;137;2021;"";"Más allá de las estrellas. Fotografiando un agujero negro";""
"Retrato de mujer blanca con pelo cano y arrugas";"Independent";"19/11/2021";821.0;135;2021;"";"Retrato de mujer blanca con pelo cano y arrugas";""
"De quijotes y semillas";"Ultreia";"23/08/2021";814.0;169;2021;"";"De quijotes y semillas";""
"Serrat y Sabina: El Simbolo y el Cuate";"Alfa Pictures";"27/09/2013";803.0;153;2021;"";"Serrat y Sabina: El Simbolo y el Cuate";""
"Pasion por el cine: trio musical";"Independent";"09/09/2021";780.0;65;2021;"";"Pasion por el cine: trio musical";""
"Voiceless. El genocidio silenciado";"Cosmo Fan Comunicacion";"13/11/2021";744.0;109;2021;"";"Voiceless. El genocidio silenciado";""
"Murillo, el ultimo viaje";"Version Digital";"17/11/2017";718.0;110;2021;"";"Murillo, el ultimo viaje";""
"Revolución bailando, La";"Begin Again Films";"12/11/2021";706.0;111;2021;"";"Revolución bailando";"La"
"Pero que todos sepan que no he muerto";"39 Escalones";"02/03/2018";702.0;137;2021;"";"Pero que todos sepan que no he muerto";""
"Amalia en otoño";"Abanico Vision";"20/11/2020";674.0;115;2021;"";"Amalia en otoño";""
"Buñuel, un cineasta surrealista";"Sherlock";"05/11/2021";674.0;113;2021;"";"Buñuel, un cineasta surrealista";""
"Breathe";"Filmin";"25/11/2021";671.0;102;2021;"";"Breathe";""
"Palabra maldita, La";"Independent";"29/10/2021";658.0;188;2021;"";"Palabra maldita";"La"
"Gora Automatikoa";"39 Escalones";"17/12/2021";641.0;95;2021;"";"Gora Automatikoa";""
"El que la lleva la entiende";"Zeta";"29/03/2021";636.0;150;2021;"";"El que la lleva la entiende";""
"En attendant mai";"Independent";"06/05/2021";635.0;130;2021;"";"En attendant mai";""
"Entre perro y lobo";"Begin Again Films";"18/06/2021";632.0;123;2021;"";"Entre perro y lobo";""
"Nos queda la noche";"Independent";"19/03/2021";630.0;126;2021;"";"Nos queda la noche";""
"Moros y Cristianos (1987)";"A Contracorriente";"20/08/2021";628.0;127;2021;1987.0;"Moros y Cristianos";""
"Impuros";"Sherlock";"29/10/2021";602.0;115;2021;"";"Impuros";""
"Miss Futuro";"Independent";"22/11/2021";583.0;70;2021;"";"Miss Futuro";""
"Reboiras. Acción e corazon";"Independent";"14/08/2020";576.0;117;2021;"";"Reboiras. Acción e corazon";""
"Dehesa, el bosque del lince iberico";"Wanda";"09/10/2020";570.0;116;2021;"";"Dehesa, el bosque del lince iberico";""
"Pa'tras, ni pa'tomar impulso";"Filmax";"27/11/2020";560.0;107;2021;"";"Pa'tras, ni pa'tomar impulso";""
"Hil-Kanpaiak (Campanadas a muerto)";"Barton";"20/11/2020";557.0;99;2021;"";"Hil-Kanpaiak (Campanadas a muerto)";""
"Plan, El";"Filmax";"21/02/2020";554.0;116;2021;"";"Plan";"El"
"Dear Werner (Walking On Cinema)";"Llanero Films";"20/11/2020";551.0;95;2021;"";"Dear Werner (Walking On Cinema)";""
"Jueves, milagro, Los (1957) (re)";"Independent";"06/05/2021";551.0;131;2021;1957.0;"Jueves, milagro";"Los"
"Hija de un ladron, La";"Bteam Pictures";"29/11/2019";546.0;107;2021;"";"Hija de un ladron";"La"
"Sonic Fantasy";"Independent";"28/10/2021";546.0;197;2021;"";"Sonic Fantasy";""
"Camagroga";"Independent";"15/09/2021";544.0;136;2021;"";"Camagroga";""
"Placido (1961) (re)";"Independent";"03/12/2018";541.0;128;2021;1961.0;"Placido";""
"Godot";"Phoenix Entertaiment";"19/02/2021";535.0;125;2021;"";"Godot";""
"Formentor, el mar de las palabras";"Independent";"04/06/2021";532.0;103;2021;"";"Formentor, el mar de las palabras";""
"Piel de barro";"Independent";"30/08/2021";530.0;86;2021;"";"Piel de barro";""
"Calabuch (1956) (re)";"Independent";"28/04/2021";523.0;125;2021;1956.0;"Calabuch";""
"Greco El, pintor de lo invisible";"Version Digital";"12/03/2019";520.0;83;2021;"";"Greco El, pintor de lo invisible";""
"Singled (Out)";"Independent";"14/06/2018";520.0;89;2021;"";"Singled (Out)";""
"Reportero, El (1975) (re)";"Universal";"18/03/2021";508.0;103;2021;1975.0;"Reportero";"El"
"Ez, Eskerrik asko! La ventana de Gladys";"Hiru Damatxo";"23/03/2021";505.0;145;2021;"";"Ez, Eskerrik asko! La ventana de Gladys";""
"Vida por delante, La (1958) (re)";"A Contracorriente";"16/09/2021";486.0;135;2021;1958.0;"Vida por delante";"La"
"Loba parda, La";"Independent";"15/01/2021";471.0;121;2021;"";"Loba parda";"La"
"Anatomia de un Dandy";"Malvalanda";"20/11/2020";465.0;80;2021;"";"Anatomia de un Dandy";""
"Esa pareja feliz (1951) (re)";"Independent";"14/04/2021";464.0;161;2021;1951.0;"Esa pareja feliz";""
"Occidente";"El Dedo en el Ojo";"18/03/2021";460.0;75;2021;"";"Occidente";""
"Desmontando armarios";"Independent";"03/12/2020";456.0;92;2021;"";"Desmontando armarios";""
"Lesa Humanitat";"Segarra";"22/12/2017";449.0;85;2021;"";"Lesa Humanitat";""
"Red de libertad";"Proyecfilm";"20/10/2017";426.0;71;2021;"";"Red de libertad";""
"No hay piedad para los condenados";"Independent";"10/12/2021";425.0;89;2021;"";"No hay piedad para los condenados";""
"Absolucion";"Independent";"02/06/2021";425.0;121;2021;"";"Absolucion";""
"Palomos, Los (1964) (re)";"A Contracorriente";"16/09/2021";418.0;107;2021;1964.0;"Palomos";"Los"
"Depedro - Todo va a salir bien";"Version Digital";"16/12/2021";418.0;53;2021;"";"Depedro - Todo va a salir bien";""
"Europeos, Los";"Filmax";"20/11/2020";414.0;87;2021;"";"Europeos";"Los"
"Ley del embudo, La";"Acfilms";"23/07/2021";414.0;64;2021;"";"Ley del embudo";"La"
"Asfixia, La";"Independent";"07/05/2021";412.0;87;2021;"";"Asfixia";"La"
"Sin Limite";"Begin Again Films";"03/12/2021";407.0;59;2021;"";"Sin Limite";""
"Yo mate a Ralph Greene";"Inflamavle";"20/03/2021";401.0;64;2021;"";"Yo mate a Ralph Greene";""
"Piedra patria";"Independent";"12/12/2021";399.0;57;2021;"";"Piedra patria";""
"Hijas de Cynisca";"Super 8";"29/11/2019";399.0;59;2021;"";"Hijas de Cynisca";""
"Drogas, El";"Golem";"25/09/2020";395.0;92;2021;"";"Drogas";"El"
"Nicaragua, patria libre para vivir";"Independent";"29/04/2021";393.0;159;2021;"";"Nicaragua, patria libre para vivir";""
"Abuelo Victor, El";"Independent";"27/04/2021";391.0;72;2021;"";"Abuelo Victor";"El"
"Patrimonio nacional (1981) (re)";"Independent";"02/05/2021";387.0;133;2021;1981.0;"Patrimonio nacional";""
"Ego";"Begin Again Films";"01/12/2021";383.0;55;2021;"";"Ego";""
"Circulo, El";"Nanouk Films";"08/09/2021";381.0;62;2021;"";"Circulo";"El"
"Bury Us! A Punk Rock Uprising";"Independent";"05/06/2021";380.0;96;2021;"";"Bury Us! A Punk Rock Uprising";""
"Odisea de los Giles, La";"Alfa Pictures";"29/11/2019";367.0;72;2021;"";"Odisea de los Giles";"La"
"15 horas";"Independent";"27/11/2021";359.0;67;2021;"";"15 horas";""
"Aguantando er tipo";"Independent";"30/09/2021";357.0;81;2021;"";"Aguantando er tipo";""
"Chavela";"Syldavia";"16/06/2017";345.0;63;2021;"";"Chavela";""
"Amigo";"El Ojo Mecanico";"09/11/2020";343.0;67;2021;"";"Amigo";""
"Escuchando Niño futuro";"Independent";"11/06/2021";336.0;48;2021;"";"Escuchando Niño futuro";""
"Ofrenda, La (Ofrena, L')";"Alfa Pictures";"18/09/2020";330.0;88;2021;"";"Ofrenda, La (Ofrena, L')";""
"Ultimos de La Mejana, rebeldía y esperanza, Los";"Ultreia";"21/09/2020";329.0;59;2021;"";"Ultimos de La Mejana, rebeldía y esperanza";"Los"
"Mi adorado Monster";"39 Escalones";"20/11/2021";320.0;66;2021;"";"Mi adorado Monster";""
"Palabras para un fin del mundo";"Imagine! Factory Films";"13/11/2020";318.0;197;2021;"";"Palabras para un fin del mundo";""
"Campeones";"Universal";"06/04/2018";318.0;53;2021;"";"Campeones";""
"Sin señas particulares";"Wanda";"27/11/2020";316.0;45;2021;"";"Sin señas particulares";""
"Estandar";"Stand by me Films";"11/12/2020";314.0;57;2021;"";"Estandar";""
"Lua Vermella";"Elamedia";"30/10/2020";309.0;52;2021;"";"Lua Vermella";""
"Balandrau, infierno helado";"DocsBarcelona";"12/05/2021";302.0;76;2021;"";"Balandrau, infierno helado";""
"Sindrome inverso de Ebenezer Scrooge, El";"Independent";"03/06/2021";300.0;72;2021;"";"Sindrome inverso de Ebenezer Scrooge";"El"
"Video Blues";"Independent";"27/09/2020";300.0;90;2021;"";"Video Blues";""
"Proximamente ultimos dias";"Independent";"27/08/2021";297.0;70;2021;"";"Proximamente ultimos dias";""
"Novia, La";"Bteam Pictures";"11/12/2015";294.0;69;2021;"";"Novia";"La"
"Flor de mi secreto, La (re)";"El Deseo";"05/10/2021";286.0;53;2021;"";"Flor de mi secreto";"La"
"Silencio de otros, El";"Bteam Pictures";"16/11/2018";281.0;53;2021;"";"Silencio de otros";"El"
"Jantzari: tradicion e igualdad";"Independent";"28/04/2021";280.0;70;2021;"";"Jantzari: tradicion e igualdad";""
"Habana en un Almendron, La";"Independent";"06/07/2021";280.0;81;2021;"";"Habana en un Almendron";"La"
"Once Upon a Place";"3boxmedia";"10/04/2021";277.0;40;2021;"";"Once Upon a Place";""
"Colores del porvenir, Los";"Sheridan's Producciones";"19/11/2021";268.0;35;2021;"";"Colores del porvenir";"Los"
"Viaje de Carla, El";"Independent";"28/06/2021";266.0;58;2021;"";"Viaje de Carla";"El"
"Cau, El";"Independent";"27/11/2021";265.0;53;2021;"";"Cau";"El"
"Fuerza de un barrio, La";"Independent";"21/05/2021";264.0;52;2021;"";"Fuerza de un barrio";"La"
"Confinados";"Independent";"19/11/2021";263.0;38;2021;"";"Confinados";""
"No hay nadie";"Independent";"02/11/2021";263.0;82;2021;"";"No hay nadie";""
"Vaca mugiendo entre ruinas";"Independent";"18/06/2021";259.0;52;2021;"";"Vaca mugiendo entre ruinas";""
"Mancha negra, La";"Marila Films";"04/06/2021";249.0;134;2021;"";"Mancha negra";"La"
"Ojala mañana";"Independent";"01/12/2021";248.0;91;2021;"";"Ojala mañana";""
"Carceles bolleras";"Independent";"04/07/2019";243.0;81;2021;"";"Carceles bolleras";""
"Historias del agua";"Phoenix Entertaiment";"12/01/2022";242.0;39;2021;"";"Historias del agua";""
"Rifkin's Festival";"Tri Pictures";"02/10/2020";240.0;52;2021;"";"Rifkin's Festival";""
"Rehabilitacion total. Del chocolate al cupcake";"Independent";"21/10/2021";240.0;48;2021;"";"Rehabilitacion total. Del chocolate al cupcake";""
"Platon";"Independent";"08/10/2021";237.0;60;2021;"";"Platon";""
"Guerra mas larga, La";"Independent";"18/11/2021";235.0;48;2021;"";"Guerra mas larga";"La"
"Yuli";"Entertainment One Films";"14/12/2018";234.0;47;2021;"";"Yuli";""
"Explota explota";"Universal";"02/10/2020";233.0;100;2021;"";"Explota explota";""
"Gran ola, La";"Mosaico";"24/03/2017";227.0;49;2021;"";"Gran ola";"La"
"QueenCiañera, LA";"Independent";"12/11/2021";224.0;32;2021;"";"QueenCiañera";"LA"
"Vaquilla, La (1985) (re)";"Independent";"16/12/2020";209.0;49;2021;1985.0;"Vaquilla";"La"
"Todos a la carcel (1993) (re)";"Universal";"09/12/2020";208.0;49;2021;1993.0;"Todos a la carcel";""
"Sacar a la luz. La memoria de las artistas rapadas";"Independent";"05/11/2021";208.0;208;2021;"";"Sacar a la luz. La memoria de las artistas rapadas";""
"Presentimientos";"Syldavia";"24/01/2014";206.0;70;2021;"";"Presentimientos";""
"Amor en Polvo";"Begin Again Films";"24/07/2020";206.0;49;2021;"";"Amor en Polvo";""
"Todo a la vez";"Independent";"05/09/2021";206.0;40;2021;"";"Todo a la vez";""
"¿Puedes oirme?";"Paco Poch Cinema";"02/10/2020";204.0;38;2021;"";"¿Puedes oirme?";""
"Guerra oculta de Franco, La";"Independent";"25/02/2021";203.0;38;2021;"";"Guerra oculta de Franco";"La"
"Cachita. La esclavitud borrada";"ConUnPack";"18/11/2020";203.0;63;2021;"";"Cachita. La esclavitud borrada";""
"Vampus Horror Tales";"Independent";"26/11/2020";200.0;26;2021;"";"Vampus Horror Tales";""
"Dulce sabor del limon, El";"Splendor Films";"06/12/2018";200.0;50;2021;"";"Dulce sabor del limon";"El"
"Hondaela, abismo marino";"Independent";"28/10/2021";198.0;33;2021;"";"Hondaela, abismo marino";""
"Palabra justa, La";"Independent";"19/02/2018";196.0;42;2021;"";"Palabra justa";"La"
"Herederas";"Artistic Metropol";"28/08/2021";190.0;33;2021;"";"Herederas";""
"Camaron: Flamenco y Revolucion";"Karma";"01/06/2018";190.0;38;2021;"";"Camaron: Flamenco y Revolucion";""
"Cercle en l'Aigua, Un";"Independent";"06/11/2020";187.0;29;2021;"";"Cercle en l'Aigua, Un";""
"Inocencia, La";"Filmax";"10/01/2020";186.0;77;2021;"";"Inocencia";"La"
"Cerro de los Dioses, El";"Begin Again Films";"30/10/2020";179.0;30;2021;"";"Cerro de los Dioses";"El"
"Volver (re:2021)";"El Deseo";"06/10/2021";177.0;35;2021;"";"Volver";""
"Transicion, La. De la dictadura a la democracia";"Independent";"15/10/2021";177.0;37;2021;"";"Transicion, La. De la dictadura a la democracia";""
"Spitsbergen, el guardian del Artico";"Independent";"08/04/2021";176.0;68;2021;"";"Spitsbergen, el guardian del Artico";""
"Donde acaba la memoria";"Independent";"04/09/2021";175.0;35;2021;"";"Donde acaba la memoria";""
"Covid-19, la historia de nuestros heroes";"Independent";"12/12/2021";174.0;33;2021;"";"Covid-19, la historia de nuestros heroes";""
"¡Ni te me acerques!";"Artistic Metropol";"13/11/2020";174.0;43;2021;"";"¡Ni te me acerques!";""
"Elcano y Magallanes. La primera vuelta al mundo";"Filmax";"05/07/2019";174.0;87;2021;"";"Elcano y Magallanes. La primera vuelta al mundo";""
"Cosas que hacer antes de morir";"Independent";"03/06/2021";173.0;58;2021;"";"Cosas que hacer antes de morir";""
"Sopar, El (1974-2018)";"Filmin";"15/04/2021";168.0;42;2021;"";"Sopar, El (1974-2018)";""
"Colza, Lo Invisible";"Vertice";"07/06/2021";167.0;46;2021;"";"Colza, Lo Invisible";""
"Cholitas";"Arena Comunicacion";"24/01/2020";165.0;55;2021;"";"Cholitas";""
"Mujeres de arena";"Digital 104";"09/04/2021";162.0;26;2021;"";"Mujeres de arena";""
"Olvido esta lleno de memoria, El";"Independent";"09/04/2021";162.0;81;2021;"";"Olvido esta lleno de memoria";"El"
"Isla de las mentiras, La";"Filmax";"02/10/2020";160.0;40;2021;"";"Isla de las mentiras";"La"
"A contracorriente";"Independent";"29/09/2021";156.0;52;2021;"";"A contracorriente";""
"Amantes (1991) (re)";"Sony";"26/02/2021";156.0;53;2021;1991.0;"Amantes";""
"Cancion sin nombre";"Begin Again Films";"02/10/2020";153.0;24;2021;"";"Cancion sin nombre";""
"Cochecito. El (1960) (re)";"Filmin";"07/10/2021";151.0;25;2021;1960.0;"Cochecito. El";""
"Notas de soledad";"Independent";"05/11/2021";149.0;22;2021;"";"Notas de soledad";""
"Domino";"A Contracorriente";"21/02/2020";148.0;37;2021;"";"Domino";""
"Figuras femeninas (la mujer en la II Republica)";"Independent";"25/03/2021";144.0;72;2021;"";"Figuras femeninas (la mujer en la II Republica)";""
"Menudos heroes";"Rita & Luca";"04/12/2015";144.0;83;2021;"";"Menudos heroes";""
"Latir. Reto 3.355";"Independent";"26/03/2021";142.0;29;2021;"";"Latir. Reto 3.355";""
"Entre tinieblas (re)";"El Deseo";"04/10/2021";140.0;27;2021;"";"Entre tinieblas";""
"Escritor de un pais sin librerias, El";"Independent";"11/12/2019";139.0;31;2021;"";"Escritor de un pais sin librerias";"El"
"Mimosas";"Atalante";"04/01/2017";139.0;23;2021;"";"Mimosas";""
"Hostal España";"Independent";"30/09/2020";138.0;20;2021;"";"Hostal España";""
"Buñuel en el laberinto de las tortugas";"Wanda";"26/04/2019";132.0;24;2021;"";"Buñuel en el laberinto de las tortugas";""
"Zumiriki";"Independent";"02/10/2020";130.0;29;2021;"";"Zumiriki";""
"Tierra de leche y miel";"Independent";"31/07/2021";129.0;31;2021;"";"Tierra de leche y miel";""
"Generacion silenciosa, La";"Independent";"10/09/2021";129.0;35;2021;"";"Generacion silenciosa";"La"
"Deprisa, deprisa (1981) (re)";"Independent";"25/02/2021";129.0;33;2021;1981.0;"Deprisa, deprisa";""
"Ultima cinta desde Bosnia, La";"Independent";"06/11/2021";128.0;26;2021;"";"Ultima cinta desde Bosnia";"La"
"Ara Malikian: Una vida entre las cuerdas";"Syldavia";"24/10/2019";124.0;22;2021;"";"Ara Malikian: Una vida entre las cuerdas";""
"Vitoria, 3 de marzo";"Filmax";"01/05/2019";122.0;25;2021;"";"Vitoria, 3 de marzo";""
"Construyendo la luz";"Independent";"10/12/2021";120.0;31;2021;"";"Construyendo la luz";""
"Juegos de familia";"Mosaico";"30/09/2016";120.0;30;2021;"";"Juegos de familia";""
"Muerte mas cruel, La";"Quality Media";"02/12/2021";120.0;15;2021;"";"Muerte mas cruel";"La"
"Stormy Night, A";"Filmin";"18/12/2020";119.0;22;2021;"";"Stormy Night, A";""
"Mi profesor";"Independent";"27/06/2021";117.0;17;2021;"";"Mi profesor";""
"Traje, El. Algo mas que una leyenda";"Independent";"20/11/2021";117.0;27;2021;"";"Traje, El. Algo mas que una leyenda";""
"Planeta, El";"Independent";"28/11/2021";116.0;19;2021;"";"Planeta";"El"
"Marcos y vida";"Independent";"01/11/2021";115.0;53;2021;"";"Marcos y vida";""
"Misterio del Padre Pio, El";"European Dreams Factory";"23/11/2018";114.0;18;2021;"";"Misterio del Padre Pio";"El"
"Clown's Planet";"ConUnPack";"01/10/2021";114.0;19;2021;"";"Clown's Planet";""
"Tiempos de deseo";"Independent";"05/03/2021";112.0;35;2021;"";"Tiempos de deseo";""
"Stop";"Independent";"09/06/2021";112.0;16;2021;"";"Stop";""
"Zalamero";"Independent";"22/10/2020";110.0;25;2021;"";"Zalamero";""
"¡Maldicion! He vuelto a cambiar";"Independent";"30/06/2021";108.0;18;2021;"";"¡Maldicion! He vuelto a cambiar";""
"Crimen de Cuenca, El (1980)";"Independent";"25/10/2021";108.0;39;2021;1980.0;"Crimen de Cuenca";"El"
"Antologia de l’atzar";"Independent";"30/09/2021";106.0;124;2021;"";"Antologia de l’atzar";""
"Exodo climatico";"3boxmedia";"10/04/2021";106.0;41;2021;"";"Exodo climatico";""
"Malasaña 32";"Warner Bros";"17/01/2020";102.0;17;2021;"";"Malasaña 32";""
"Noche, La";"Independent";"19/11/2021";99.0;19;2021;"";"Noche";"La"
"Coda 77";"Independent";"21/10/2021";97.0;15;2021;"";"Coda 77";""
"Vida y Color";"Alta Films";"05/01/2006";94.0;32;2021;"";"Vida y Color";""
"Chana, La";"Noon Films";"10/11/2017";93.0;31;2021;"";"Chana";"La"
"Meseta";"Atera Films";"23/10/2020";91.0;37;2021;"";"Meseta";""
"Doctrina: el pecado original y la reinsercion";"Deja vu Films";"11/05/2018";84.0;21;2021;"";"Doctrina: el pecado original y la reinsercion";""
"Mudar la piel";"Margenes Distribucion";"05/10/2018";82.0;36;2021;"";"Mudar la piel";""
"Santos inocentes, Los (1984) (re)";"Universal";"15/10/2020";82.0;15;2021;1984.0;"Santos inocentes";"Los"
"Corazon ardiente";"European Dreams Factory";"21/02/2020";82.0;21;2021;"";"Corazon ardiente";""
"Calle del agua, La";"Independent";"27/10/2021";82.0;39;2021;"";"Calle del agua";"La"
"Eroski Paraiso";"Ollo Vivo";"13/12/2019";80.0;20;2021;"";"Eroski Paraiso";""
"Toc toc";"Warner Bros";"06/10/2017";78.0;39;2021;"";"Toc toc";""
"Todas las Mujeres";"Avalon Distribución";"18/10/2013";78.0;33;2021;"";"Todas las Mujeres";""
"Esther Ferrer: hilos de tiempo";"Independent";"26/11/2021";77.0;10;2021;"";"Esther Ferrer: hilos de tiempo";""
"Maria (y los demas)";"Avalon Distribución";"07/12/2016";76.0;38;2021;"";"Maria (y los demas)";""
"Frederica Montseny, la mujer que habla";"Independent";"07/10/2021";76.0;97;2021;"";"Frederica Montseny, la mujer que habla";""
"Blanco en blanco";"Elamedia";"31/07/2020";75.0;26;2021;"";"Blanco en blanco";""
"Post mortem";"Independent";"01/06/2021";75.0;35;2021;"";"Post mortem";""
"Julieta";"Warner Bros";"08/04/2016";72.0;12;2021;"";"Julieta";""
"Libreria, La";"A Contracorriente";"10/11/2017";72.0;12;2021;"";"Libreria";"La"
"Mascara de cristal, La";"Independent";"24/11/2021";70.0;30;2021;"";"Mascara de cristal";"La"
"Dernier round";"Independent";"09/12/2021";70.0;29;2021;"";"Dernier round";""
"Rol & Rol";"Independent";"09/09/2020";69.0;23;2021;"";"Rol & Rol";""
"Oskara";"Independent";"27/05/2021";67.0;30;2021;"";"Oskara";""
"Segundos fuera";"Independent";"02/12/2021";66.0;14;2021;"";"Segundos fuera";""
"Renacidos: El padre Pío cambió sus vidas";"European Dreams Factory";"15/11/2019";63.0;7;2021;"";"Renacidos: El padre Pío cambió sus vidas";""
"Virgen de Agosto, La";"Bteam Pictures";"15/08/2019";63.0;12;2021;"";"Virgen de Agosto";"La"
"Ultimo arquero, El";"Super 8";"24/07/2020";62.0;39;2021;"";"Ultimo arquero";"El"
"Dolor y gloria";"Sony";"22/03/2019";62.0;19;2021;"";"Dolor y gloria";""
"Casa Emak Bakia, La";"Independent";"04/08/2021";62.0;16;2021;"";"Casa Emak Bakia";"La"
"Neskatoak";"Independent";"20/10/2021";61.0;61;2021;"";"Neskatoak";""
"Endless cinema";"Independent";"06/10/2021";58.0;18;2021;"";"Endless cinema";""
"Ecos";"Independent";"21/11/2021";58.0;10;2021;"";"Ecos";""
"H0us3";"Begin Again Films";"27/09/2019";55.0;26;2021;"";"H0us3";""
"Jaulas";"A Contracorriente";"23/11/2018";54.0;19;2021;"";"Jaulas";""
"Andromedas";"Independent";"06/03/2021";54.0;18;2021;"";"Andromedas";""
"Idrissa, cronica de una muerte cualquiera";"Polar Star Films";"15/11/2019";53.0;9;2021;"";"Idrissa, cronica de una muerte cualquiera";""
"Una vez mas";"Summer Films";"23/10/2020";53.0;68;2021;"";"Una vez mas";""
"Dancing Beethoven";"Margenes Distribucion";"28/04/2017";52.0;12;2021;"";"Dancing Beethoven";""
"Filoxenia. El rapto de Europa";"Independent";"18/11/2021";51.0;15;2021;"";"Filoxenia. El rapto de Europa";""
"Andromeda Galaxy";"Bteam Pictures";"13/08/2021";50.0;10;2021;"";"Andromeda Galaxy";""
"Dantza";"Bteam Pictures";"21/12/2018";50.0;11;2021;"";"Dantza";""
"Amanecer";"Independent";"17/09/2021";47.0;32;2021;"";"Amanecer";""
"Casi 40";"Avalon Distribución";"29/06/2018";47.0;22;2021;"";"Casi 40";""
"Silla de Fernando, La";"Buenavida";"24/11/2006";46.0;12;2021;"";"Silla de Fernando";"La"
"Sesion Salvaje";"ConUnPack";"13/12/2019";46.0;22;2021;"";"Sesion Salvaje";""
"Lebrijano, El. Un gitano universal";"Independent";"01/10/2021";44.0;10;2021;"";"Lebrijano, El. Un gitano universal";""
"Anunciaron tormenta";"Independent";"10/04/2021";44.0;20;2021;"";"Anunciaron tormenta";""
"Laberinto del Fauno, El (2006) (re)";"Warner Bros";"10/07/2020";42.0;12;2021;2006.0;"Laberinto del Fauno";"El"
"2 Años, 4 Meses (2 Urte, 4 Hilabete)";"Independent";"04/09/2020";42.0;14;2021;"";"2 Años, 4 Meses (2 Urte, 4 Hilabete)";""
"Siempre jueves (sempre dijous)";"Independent";"10/06/2021";42.0;6;2021;"";"Siempre jueves (sempre dijous)";""
"Despertar de las Hormigas, El";"Elamedia";"02/08/2019";42.0;44;2021;"";"Despertar de las Hormigas";"El"
"Puenting";"Independent";"09/12/2021";41.0;12;2021;"";"Puenting";""
"Una mujer fantastica";"Bteam Pictures";"12/10/2017";41.0;9;2021;"";"Una mujer fantastica";""
"Lur y Amets";"Atera Films";"07/02/2020";36.0;10;2021;"";"Lur y Amets";""
"Incierta gloria";"Alfa Pictures";"17/03/2017";36.0;12;2021;"";"Incierta gloria";""
"OBABA";"Alta Films";"16/09/2005";36.0;8;2021;"";"OBABA";""
"Mundo es nuestro, El";"Festival Films";"22/06/2012";36.0;8;2021;"";"Mundo es nuestro";"El"
"Cuchillo de palo";"Estudi Playtime";"16/12/2011";33.0;22;2021;"";"Cuchillo de palo";""
"Amor y la muerte, El. Historia de Enrique Granados";"Margenes Distribucion";"09/11/2018";32.0;8;2021;"";"Amor y la muerte, El. Historia de Enrique Granados";""
"Penitencia";"Independent";"24/11/2021";32.0;32;2021;"";"Penitencia";""
"Camino, El";"Independent";"31/10/2020";31.0;7;2021;"";"Camino";"El"
"Cuento de las comadrejas, El";"Syldavia";"12/07/2019";31.0;5;2021;"";"Cuento de las comadrejas";"El"
"Hasta que la boda nos separe";"A Contracorriente";"14/02/2020";31.0;10;2021;"";"Hasta que la boda nos separe";""
"37 grados";"Independent";"10/09/2020";30.0;6;2021;"";"37 grados";""
"Renaceres";"New Frecuency";"18/12/2020";28.0;7;2021;"";"Renaceres";""
"Cuanto vale una ballena";"Wild Stories";"05/11/2021";25.0;5;2021;"";"Cuanto vale una ballena";""
"Kuartk valley";"Independent";"04/11/2021";21.0;8;2021;"";"Kuartk valley";""
"Todos quieren ser el proximo Weismann";"Independent";"05/07/2021";20.0;4;2021;"";"Todos quieren ser el proximo Weismann";""
"Infravivienda";"Filmin";"26/09/2021";18.0;4;2021;"";"Infravivienda";""
"Una isla en el desierto";"Independent";"30/09/2021";18.0;4;2021;"";"Una isla en el desierto";""
"Tecido resistente";"Independent";"28/05/2021";17.0;9;2021;"";"Tecido resistente";""
"Eugenio";"Independent";"04/10/2018";16.0;3;2021;"";"Eugenio";""
"Volta. 100 años de ciclismo";"Independent";"20/03/2021";16.0;3;2021;"";"Volta. 100 años de ciclismo";""
"Mejor verano de mi vida, El";"A Contracorriente";"12/07/2018";14.0;6;2021;"";"Mejor verano de mi vida";"El"
"Rebeldes del NOM";"Independent";"04/04/2021";14.0;2;2021;"";"Rebeldes del NOM";""
"Rosalinda";"Independent";"11/12/2020";14.0;2;2021;"";"Rosalinda";""
"Cartas de Akyab";"Independent";"26/10/2021";11.0;2;2021;"";"Cartas de Akyab";""
"Proxeneta. paso corto, mala leche.";"Super 8";"26/10/2018";10.0;63;2021;"";"Proxeneta. paso corto, mala leche.";""
"Rural Cops";"Independent";"04/06/2021";10.0;2;2021;"";"Rural Cops";""
"Fotografo de Mauthausen, El";"Filmax";"26/10/2018";7.0;1;2021;"";"Fotografo de Mauthausen";"El"
"PierPaolo";"Independent";"20/08/2021";7.0;1;2021;"";"PierPaolo";""
"Bikes";"Filmax";"18/04/2019";5.0;5;2021;"";"Bikes";""
"Free play";"Independent";"27/09/2021";4.0;1;2021;"";"Free play";""
"Padre no hay mas que uno 3";"Sony";"14/07/2022";15606842.0;2707038;2022;"";"Padre no hay mas que uno 3";""
"Tadeo Jones 3. La tabla esmeralda";"Paramount Int'l";"26/08/2022";11802013.0;2031669;2022;"";"Tadeo Jones 3. La tabla esmeralda";""
"Renglones torcidos de Dios, Los";"Warner Bros";"06/10/2022";5725147.0;907628;2022;"";"Renglones torcidos de Dios";"Los"
"A todo tren 2";"Warner Bros";"02/12/2022";4747528.0;779890;2022;"";"A todo tren 2";""
"Cuarto pasajero, El";"Sony";"28/10/2022";4334214.0;668990;2022;"";"Cuarto pasajero";"El"
"As bestas";"A Contracorriente";"11/11/2022";3525771.0;556338;2022;"";"As bestas";""
"Alcarras";"Avalon Distribución";"29/04/2022";2332801.0;391387;2022;"";"Alcarras";""
"Modelo 77";"Walt Disney";"23/09/2022";2121540.0;387774;2022;"";"Modelo 77";""
"Voy a pasarmelo bien";"Sony";"12/08/2022";2096725.0;360169;2022;"";"Voy a pasarmelo bien";""
"Vida padre, La";"Paramount Int'l";"16/09/2022";2058519.0;361166;2022;"";"Vida padre";"La"
"Mama o Papa";"Warner Bros";"17/12/2021";1957482.0;312163;2022;"";"Mama o Papa";""
"Abuela, La";"Sony";"28/01/2022";1818352.0;287214;2022;"";"Abuela";"La"
"Llenos de gracia";"Paramount Int'l";"24/06/2022";1334440.0;228341;2022;"";"Llenos de gracia";""
"En los margenes";"Vertice";"07/10/2022";1092431.0;175158;2022;"";"En los margenes";""
"Malnazidos";"Sony";"11/03/2022";1075486.0;170240;2022;"";"Malnazidos";""
"13 Exorcismos";"Beta Fiction";"04/11/2022";1049036.0;159845;2022;"";"13 Exorcismos";""
"42 Segundos";"Universal";"02/09/2022";1023264.0;166872;2022;"";"42 Segundos";""
"Juego de las llaves, El";"Warner Bros";"13/04/2022";1007123.0;169561;2022;"";"Juego de las llaves";"El"
"Codigo Emperador";"A Contracorriente";"18/03/2022";962979.0;154765;2022;"";"Codigo Emperador";""
"Buen patron, El";"Tri Pictures";"15/10/2021";945988.0;151474;2022;"";"Buen patron";"El"
"Historias para no contar";"Filmax";"25/11/2022";889992.0;137952;2022;"";"Historias para no contar";""
"Canallas";"Universal";"01/04/2022";865252.0;136976;2022;"";"Canallas";""
"Cinco lobitos";"Bteam Pictures";"20/05/2022";823933.0;135632;2022;"";"Cinco lobitos";""
"Test, El";"Warner Bros";"02/09/2022";760807.0;122813;2022;"";"Test";"El"
"Competencia Oficial";"Walt Disney";"25/02/2022";733288.0;117824;2022;"";"Competencia Oficial";""
"Camera Cafe";"Warner Bros";"25/03/2022";703215.0;112593;2022;"";"Camera Cafe";""
"Por los pelos";"Warner Bros";"12/08/2022";624871.0;105148;2022;"";"Por los pelos";""
"Venus";"Sony";"02/12/2022";598527.0;88324;2022;"";"Venus";""
"Sintiendolo mucho";"Avalon Distribución";"17/11/2022";581577.0;93974;2022;"";"Sintiendolo mucho";""
"Reyes contra Santa";"Tri Pictures";"18/11/2022";579773.0;99876;2022;"";"Reyes contra Santa";""
"Way Down";"Sony";"12/11/2021";555511.0;85096;2022;"";"Way Down";""
"Heroes de barrio";"A Contracorriente";"29/07/2022";504736.0;90769;2022;"";"Heroes de barrio";""
"Un novio para mi mujer";"Universal";"22/07/2022";489250.0;80053;2022;"";"Un novio para mi mujer";""
"Veneciafrenia";"Sony";"22/04/2022";440228.0;80107;2022;"";"Veneciafrenia";""
"Piel del tambor, La";"Flins y Piniculas";"21/10/2022";427133.0;67856;2022;"";"Piel del tambor";"La"
"Cerdita";"Filmax";"14/10/2022";377345.0;61463;2022;"";"Cerdita";""
"Live is Life";"Warner Bros";"03/06/2022";320873.0;52952;2022;"";"Live is Life";""
"No mires a los ojos";"Universal";"04/11/2022";316953.0;50932;2022;"";"No mires a los ojos";""
"Mundo es vuestro, El";"Entertainment One Films";"18/03/2022";295530.0;50076;2022;"";"Mundo es vuestro";"El"
"Vasil";"Filmax";"04/11/2022";242733.0;41806;2022;"";"Vasil";""
"Objetos";"Filmax";"30/09/2022";237004.0;51846;2022;"";"Objetos";""
"Maternal, La";"Bteam Pictures";"18/11/2022";186403.0;31584;2022;"";"Maternal";"La"
"Jaula";"Sony";"09/09/2022";184039.0;29701;2022;"";"Jaula";""
"Llegaron de noche";"Karma";"25/03/2022";182074.0;31647;2022;"";"Llegaron de noche";""
"Escape Room: La pelicula";"Filmax";"11/03/2022";180557.0;27699;2022;"";"Escape Room: La pelicula";""
"Girasoles silvestres";"A Contracorriente";"14/10/2022";174752.0;29236;2022;"";"Girasoles silvestres";""
"Manticora";"Bteam Pictures";"09/12/2022";148146.0;23367;2022;"";"Manticora";""
"Un año, una noche";"Bteam Pictures";"21/10/2022";149052.0;24673;2022;"";"Un año, una noche";""
"Labordeta, un hombre sin más";"Urresti Producciones";"23/09/2022";146990.0;27680;2022;"";"Labordeta, un hombre sin más";""
"Entre la vida y la muerte";"Filmax";"14/07/2022";144616.0;24186;2022;"";"Entre la vida y la muerte";""
"Mama no enRedes";"DeAPlaneta";"01/07/2022";119312.0;20066;2022;"";"Mama no enRedes";""
"Suro";"A Contracorriente";"02/12/2022";115613.0;18481;2022;"";"Suro";""
"Inspector Sun y la maldición de la viuda negra";"Tri Pictures";"28/12/2022";91509.0;16293;2022;"";"Inspector Sun y la maldición de la viuda negra";""
"Voluntaria, La";"Bteam Pictures";"09/06/2022";110893.0;18705;2022;"";"Voluntaria";"La"
"100 dias con la Tata";"Bteam Pictures";"29/12/2021";99752.0;16075;2022;"";"100 dias con la Tata";""
"Agua, El";"Elastica";"04/11/2022";96416.0;16489;2022;"";"Agua";"El"
"Vasco, El";"A Contracorriente";"06/10/2022";87492.0;15061;2022;"";"Vasco";"El"
"Pacifiction";"Elastica";"02/09/2022";85918.0;13959;2022;"";"Pacifiction";""
"Corazon de Padre";"European Dreams Factory";"18/03/2022";85288.0;13044;2022;"";"Corazon de Padre";""
"Beso de Dios, El";"European Dreams Factory";"22/04/2022";85167.0;13778;2022;"";"Beso de Dios";"El"
"Maniobra de la tortuga, La";"A Contracorriente";"13/05/2022";84312.0;14347;2022;"";"Maniobra de la tortuga";"La"
"Espejo, Espejo";"Filmax";"20/05/2022";76095.0;12314;2022;"";"Espejo, Espejo";""
"Petra de San Jose";"European Dreams Factory";"04/02/2022";75577.0;12808;2022;"";"Petra de San Jose";""
"Sis dies corrents";"Filmax";"03/12/2021";70015.0;11095;2022;"";"Sis dies corrents";""
"Todos lo hacen";"A Contracorriente";"28/12/2022";48229.0;8460;2022;"";"Todos lo hacen";""
"Constructores de la Alhambra, Los";"Version Digital";"25/11/2022";68752.0;11612;2022;"";"Constructores de la Alhambra";"Los"
"Maixabel";"Walt Disney";"24/09/2021";68336.0;11966;2022;"";"Maixabel";""
"75 dias, los crimenes de Alcasser";"Protos Films";"22/04/2022";64950.0;11419;2022;"";"75 dias, los crimenes de Alcasser";""
"Cima, La";"Filmax";"25/03/2022";64360.0;10353;2022;"";"Cima";"La"
"Teneis que venir a verla";"Atalante";"17/06/2022";62039.0;10576;2022;"";"Teneis que venir a verla";""
"Casa entre los cactus, La";"Filmax";"16/09/2022";61095.0;10057;2022;"";"Casa entre los cactus";"La"
"Pan de limón con semillas de amapola";"Filmax";"12/11/2021";54668.0;10444;2022;"";"Pan de limón con semillas de amapola";""
"Madres paralelas";"Sony";"08/10/2021";54536.0;9257;2022;"";"Madres paralelas";""
"No somos nada";"Sherlock";"28/01/2022";52595.0;8162;2022;"";"No somos nada";""
"Amor en su lugar, El";"A Contracorriente";"03/12/2021";48526.0;8932;2022;"";"Amor en su lugar";"El"
"Consagración de la primavera, La";"Aventura Cine";"30/09/2022";46835.0;9973;2022;"";"Consagración de la primavera";"La"
"Comensal, El";"A Contracorriente";"27/05/2022";44861.0;7710;2022;"";"Comensal";"El"
"Parasceve, retrato de una Semana Santa";"European Dreams Factory";"25/02/2022";42601.0;7170;2022;"";"Parasceve, retrato de una Semana Santa";""
"Black is Beltza II: Ainhoa";"Barton";"30/09/2022";41708.0;8034;2022;"";"Black is Beltza II: Ainhoa";""
"Sin ti no puedo";"Filmax";"03/06/2022";37661.0;6317;2022;"";"Sin ti no puedo";""
"En otro lugar";"Abre Tu Mente Distribución";"27/05/2022";34485.0;5851;2022;"";"En otro lugar";""
"Vida era eso, La";"Elamedia";"10/12/2021";32995.0;5984;2022;"";"Vida era eso";"La"
"Universo de Oliver, El";"Filmax";"13/05/2022";31373.0;5601;2022;"";"Universo de Oliver";"El"
"Madre ven";"European Dreams Factory";"25/11/2022";31058.0;4806;2022;"";"Madre ven";""
"Tros";"Alfa Pictures";"25/02/2022";30842.0;4989;2022;"";"Tros";""
"Tengamos la fiesta en Paz";"Infinito mas uno";"03/12/2021";30204.0;5625;2022;"";"Tengamos la fiesta en Paz";""
"Toscana";"Alfa Pictures";"27/05/2022";27924.0;5389;2022;"";"Toscana";""
"Familia perfecta, La";"Universal";"03/12/2021";27292.0;5254;2022;"";"Familia perfecta";"La"
"Cartas perdidas, Las (La carcel y el exilio de las mujeres republicanas)";"Syldavia";"13/05/2022";24781.0;4094;2022;"";"Cartas perdidas, Las (La carcel y el exilio de las mujeres republicanas)";""
"Unicorn Wars";"Barton";"21/10/2022";24461.0;4192;2022;"";"Unicorn Wars";""
"Jefa, La";"Filmax";"29/04/2022";22429.0;4451;2022;"";"Jefa";"La"
"Mediterraneo";"DeAPlaneta";"01/10/2021";21110.0;4796;2022;"";"Mediterraneo";""
"Libertad";"Avalon Distribución";"19/11/2021";20962.0;4238;2022;"";"Libertad";""
"Salvajes, el cuento del lobo";"Wanda";"06/05/2022";20912.0;3896;2022;"";"Salvajes, el cuento del lobo";""
"Techo amarillo, El";"Bteam Pictures";"16/12/2022";19317.0;3177;2022;"";"Techo amarillo";"El"
"Cuerpo abierto (O Corpo Aberto)";"Filmax";"09/12/2022";19410.0;3495;2022;"";"Cuerpo abierto (O Corpo Aberto)";""
"Mendiak 1976";"Independent";"04/12/2021";18695.0;3331;2022;"";"Mendiak 1976";""
"Gentiles, Las";"Alfa Pictures";"03/06/2022";18497.0;3565;2022;"";"Gentiles";"Las"
"Costa Brava, Libano";"Avalon Distribución";"27/05/2022";16222.0;2791;2022;"";"Costa Brava, Libano";""
"HollyBlood";"Filmax";"22/07/2022";15228.0;2743;2022;"";"HollyBlood";""
"Goya. El ojo que escucha";"Version Digital";"28/10/2022";14351.0;2326;2022;"";"Goya. El ojo que escucha";""
"Nosotros no nos mataremos con pistolas";"Filmax";"17/06/2022";13633.0;2372;2022;"";"Nosotros no nos mataremos con pistolas";""
"Valentina";"Super 8";"10/12/2021";13084.0;3926;2022;"";"Valentina";""
"Orquesta terrestre, La";"Atera Films";"08/04/2022";13068.0;2314;2022;"";"Orquesta terrestre";"La"
"Negros, Los";"European Dreams Factory";"25/03/2022";12732.0;2129;2022;"";"Negros";"Los"
"Golondrinas";"Independent";"25/11/2022";12495.0;2148;2022;"";"Golondrinas";""
"Comuneros";"ConUnPack";"17/06/2022";11353.0;1873;2022;"";"Comuneros";""
"Hija, La";"Caramel Films";"26/11/2021";11224.0;2191;2022;"";"Hija";"La"
"Velazquez, el poder y el arte";"Version Digital";"11/11/2022";11143.0;1824;2022;"";"Velazquez, el poder y el arte";""
"Aqui y ahora, vida";"Tus Ojos";"15/03/2022";11110.0;2327;2022;"";"Aqui y ahora, vida";""
"Kepa Junkera Berpiztu / Kepa Junkera Renacer";"Barton";"02/12/2022";10975.0;1844;2022;"";"Kepa Junkera Berpiztu / Kepa Junkera Renacer";""
"Emilia";"Barton";"11/11/2022";10933.0;2045;2022;"";"Emilia";""
"Libelulas";"Begin Again Films";"16/09/2022";10542.0;1893;2022;"";"Libelulas";""
"Amame";"Vertigo Films";"01/04/2022";10190.0;1701;2022;"";"Amame";""
"Malencolía";"Baños Films";"25/03/2022";9870.0;1738;2022;"";"Malencolía";""
"Espiritu sagrado";"Aventura Cine";"26/11/2021";9306.0;1814;2022;"";"Espiritu sagrado";""
"Vacaciones de Yoko, Las";"Barton";"02/12/2022";8241.0;1527;2022;"";"Vacaciones de Yoko";"Las"
"Vivo";"Bosco Films";"09/04/2021";8154.0;1245;2022;"";"Vivo";""
"Ramona";"Tortilla Films";"25/11/2022";8094.0;1289;2022;"";"Ramona";""
"Camino Ignaciano, El";"Adso Films";"22/07/2022";8087.0;1492;2022;"";"Camino Ignaciano";"El"
"Extremadura, paraiso natural de Europa";"Independent";"11/09/2022";7844.0;1460;2022;"";"Extremadura, paraiso natural de Europa";""
"Duo";"Atalante";"09/09/2022";7777.0;1393;2022;"";"Duo";""
"Juana la Lorca";"Independent";"13/05/2022";7771.0;1424;2022;"";"Juana la Lorca";""
"A diente de perro";"Begin Again Films";"01/07/2022";7690.0;1306;2022;"";"A diente de perro";""
"A las mujeres de España, Maria Lejarraga";"Summer Films";"11/03/2022";7480.0;1425;2022;"";"A las mujeres de España, Maria Lejarraga";""
"De interes general (Un barrio por un parque)";"Independent";"03/02/2022";7430.0;1234;2022;"";"De interes general (Un barrio por un parque)";""
"Sinjar";"Filmax";"01/07/2022";7205.0;1285;2022;"";"Sinjar";""
"Jacinto";"Baños Films";"07/10/2022";6989.0;1269;2022;"";"Jacinto";""
"Pico Reja";"Phoenix Entertaiment";"17/06/2022";6894.0;1225;2022;"";"Pico Reja";""
"¡Dolores, guapa!";"Independent";"27/03/2022";6709.0;1162;2022;"";"¡Dolores, guapa!";""
"Pasajera, La";"Karma";"18/02/2022";6429.0;1048;2022;"";"Pasajera";"La"
"Contando ovejas";"Filmax";"13/04/2022";6378.0;1058;2022;"";"Contando ovejas";""
"Canto cosmico. Niño de Elche";"Margenes Distribucion";"04/02/2022";6257.0;1043;2022;"";"Canto cosmico. Niño de Elche";""
"Que sabemos, Lo";"ConUnPack";"25/11/2022";6130.0;974;2022;"";"Que sabemos, Lo";""
"Eden";"Syldavia";"28/10/2022";5984.0;1011;2022;"";"Eden";""
"10 de marzo";"Independent";"24/11/2022";5830.0;1025;2022;"";"10 de marzo";""
"Visitante";"Filmax";"11/02/2022";5578.0;976;2022;"";"Visitante";""
"Mi vacio y yo";"Filmin";"09/09/2022";5561.0;949;2022;"";"Mi vacio y yo";""
"Finlandia";"ConUnPack";"09/06/2022";5367.0;865;2022;"";"Finlandia";""
"McCurry, la busqueda del color";"Karma";"03/06/2022";5132.0;847;2022;"";"McCurry, la busqueda del color";""
"Ciudad de la Selva. Fuxidos y guerrilleros en los montes de Casaio";"Independent";"20/09/2022";4998.0;948;2022;"";"Ciudad de la Selva. Fuxidos y guerrilleros en los montes de Casaio";""
"Cantando en las azoteas";"Bteam Pictures";"01/07/2022";4620.0;782;2022;"";"Cantando en las azoteas";""
"Parias de la Tierra";"39 Escalones";"17/02/2022";4618.0;976;2022;"";"Parias de la Tierra";""
"Radioaficionado, El";"Begin Again Films";"02/09/2022";4547.0;808;2022;"";"Radioaficionado";"El"
"Tequila, Sexo, Drogas y rock & roll";"Karma";"25/11/2022";4495.0;729;2022;"";"Tequila, Sexo, Drogas y rock & roll";""
"Viaje a alguna parte";"Sherlock";"11/02/2022";4459.0;872;2022;"";"Viaje a alguna parte";""
"En temporada baja";"Begin Again Films";"23/10/2022";4059.0;755;2022;"";"En temporada baja";""
"D'Artacan y los tres mosqueperros";"A Contracorriente";"18/08/2021";4015.0;1073;2022;"";"D'Artacan y los tres mosqueperros";""
"Amiga de mi amiga, La";"Begin Again Films";"03/02/2023";3964.0;766;2022;"";"Amiga de mi amiga";"La"
"Rompiendo las olas (1996) (re)";"Filmin";"02/07/2022";3686.0;687;2022;1996.0;"Rompiendo las olas";""
"Entre dos amaneceres";"Bteam Pictures";"15/07/2022";3586.0;619;2022;"";"Entre dos amaneceres";""
"Xey una historia de película, Los";"Independent";"04/11/2022";3369.0;524;2022;"";"Xey una historia de película";"Los"
"Donde acaba la memoria";"Surtsey Films";"02/12/2022";3303.0;751;2022;"";"Donde acaba la memoria";""
"Rendir los machos";"Begin Again Films";"17/06/2022";3256.0;777;2022;"";"Rendir los machos";""
"Asombrosa Elisa";"Alfa Pictures";"14/10/2022";3249.0;554;2022;"";"Asombrosa Elisa";""
"Apaiz Kartzela (La carcel de curas)";"Syldavia";"26/11/2021";3158.0;575;2022;"";"Apaiz Kartzela (La carcel de curas)";""
"Desvida, La";"Premium";"27/05/2022";3144.0;517;2022;"";"Desvida";"La"
"Leyes de la frontera, Las";"Warner Bros";"08/10/2021";3092.0;606;2022;"";"Leyes de la frontera";"Las"
"Matrioskas, las niñas de la guerra";"Independent";"12/09/2022";2954.0;556;2022;"";"Matrioskas, las niñas de la guerra";""
"Medjugorje, la pelicula";"European Dreams Factory";"01/10/2021";2915.0;492;2022;"";"Medjugorje, la pelicula";""
"Tolyatti Adrift";"Begin Again Films";"28/10/2022";2784.0;518;2022;"";"Tolyatti Adrift";""
"Lodo, El";"Vertice";"10/12/2021";2780.0;633;2022;"";"Lodo";"El"
"Con los años que me quedan";"A Contracorriente";"09/12/2022";2772.0;464;2022;"";"Con los años que me quedan";""
"Eles Transportan a Morte";"Begin Again Films";"13/05/2022";2748.0;473;2022;"";"Eles Transportan a Morte";""
"Cuarto de Mona, El";"Independent";"19/11/2021";2713.0;442;2022;"";"Cuarto de Mona";"El"
"Matadero";"Begin Again Films";"09/12/2022";2582.0;448;2022;"";"Matadero";""
"Virgen roja, La";"Independent";"15/01/2022";2497.0;474;2022;"";"Virgen roja";"La"
"Para que sirven las canciones de amor";"Independent";"14/05/2022";2458.0;142;2022;"";"Para que sirven las canciones de amor";""
"Tres";"Filmax";"05/11/2021";2414.0;589;2022;"";"Tres";""
"Sueño de Sigena, El";"Alfa Pictures";"09/11/2021";2397.0;424;2022;"";"Sueño de Sigena";"El"
"A este lado del mundo";"Buenavida";"25/09/2020";2395.0;601;2022;"";"A este lado del mundo";""
"Mancha negra, La";"Marila Films";"25/02/2022";2393.0;560;2022;"";"Mancha negra";"La"
"Panteras";"Wanda";"05/11/2021";2380.0;388;2022;"";"Panteras";""
"España, la primera globalizacion";"Version Digital";"15/10/2021";2329.0;474;2022;"";"España, la primera globalizacion";""
"Chavalas";"Filmax";"03/09/2021";2318.0;570;2022;"";"Chavalas";""
"Josefina";"Super 8";"05/11/2021";2163.0;483;2022;"";"Josefina";""
"Agua";"Independent";"11/02/2022";1975.0;319;2022;"";"Agua";""
"Oswald. El falsificador";"Filmin";"30/09/2022";1928.0;308;2022;"";"Oswald. El falsificador";""
"918 gau";"Begin Again Films";"30/09/2022";1888.0;398;2022;"";"918 gau";""
"Secreto de Ibosim, El";"Independent";"21/10/2020";1850.0;185;2022;"";"Secreto de Ibosim";"El"
"Sueño del oro negro, El";"Independent";"25/04/2022";1810.0;355;2022;"";"Sueño del oro negro";"El"
"Gesto";"Independent";"22/11/2022";1790.0;335;2022;"";"Gesto";""
"El Bosco. El jardin de los sueños";"Version Digital";"09/06/2016";1788.0;284;2022;"";"El Bosco. El jardin de los sueños";""
"Devolvendo o golpe";"Baños Films";"13/05/2022";1694.0;300;2022;"";"Devolvendo o golpe";""
"Salvar el arbol (Zutik!)";"Filmax";"22/10/2021";1689.0;703;2022;"";"Salvar el arbol (Zutik!)";""
"Claret";"Proyecfilm";"24/09/2021";1667.0;366;2022;"";"Claret";""
"Robin Bank";"Independent";"23/09/2022";1612.0;199;2022;"";"Robin Bank";""
"Color del cielo, El";"Begin Again Films";"21/10/2022";1580.0;271;2022;"";"Color del cielo";"El"
"REC";"Filmax";"23/11/2007";1517.0;275;2022;"";"REC";""
"Bienvenidos a España";"Independent";"18/06/2021";1513.0;164;2022;"";"Bienvenidos a España";""
"Alegria";"Caramel Films";"10/12/2021";1497.0;526;2022;"";"Alegria";""
"Caribe, todo incluido";"Independent";"12/08/2022";1480.0;225;2022;"";"Caribe, todo incluido";""
"Sandedro";"Independent";"21/06/2022";1432.0;389;2022;"";"Sandedro";""
"Carnaval de lo invisible, El";"Independent";"12/05/2022";1410.0;294;2022;"";"Carnaval de lo invisible";"El"
"Guerra de los niños, La (1980) (re)";"39 Escalones";"27/05/2022";1408.0;257;2022;1980.0;"Guerra de los niños";"La"
"Cami de Siurana";"Independent";"14/12/2022";1387.0;212;2022;"";"Cami de Siurana";""
"Camino a Chicuelo";"Independent";"14/12/2022";1378.0;202;2022;"";"Camino a Chicuelo";""
"Culpa";"No Tan Chalados";"06/05/2022";1376.0;202;2022;"";"Culpa";""
"Critico, El";"TCM";"07/10/2022";1314.0;225;2022;"";"Critico";"El"
"L'ultim salt";"Independent";"14/09/2022";1293.0;262;2022;"";"L'ultim salt";""
"Metamorphosis";"Independent";"20/10/2022";1284.0;180;2022;"";"Metamorphosis";""
"Francesca y el amor";"Independent";"14/10/2022";1279.0;164;2022;"";"Francesca y el amor";""
"Aita Mari";"Atera Films";"03/12/2021";1248.0;348;2022;"";"Aita Mari";""
"Pessoas";"Independent";"18/03/2022";1235.0;196;2022;"";"Pessoas";""
"Sufre mamon (1987) (re)";"A Contracorriente";"08/09/2022";1225.0;164;2022;1987.0;"Sufre mamon";""
"Patriarcado, el organismo nocivo";"Independent";"17/03/2022";1222.0;181;2022;"";"Patriarcado, el organismo nocivo";""
"Sustituto, El";"Karma";"29/10/2021";1207.0;300;2022;"";"Sustituto";"El"
"Petricor";"Independent";"26/07/2022";1205.0;347;2022;"";"Petricor";""
"Quien lo impide";"Atalante";"22/10/2021";1203.0;210;2022;"";"Quien lo impide";""
"Relatos salvajes";"Warner Bros";"17/10/2014";1197.0;171;2022;"";"Relatos salvajes";""
"7 Lagos, 7 Vidas";"Version Digital";"23/07/2021";1188.0;297;2022;"";"7 Lagos, 7 Vidas";""
"Pijamas Espaciales";"Elamedia";"01/07/2022";1188.0;201;2022;"";"Pijamas Espaciales";""
"Lo que nunca te dije pero debería haberte dicho";"Independent";"17/11/2022";1176.0;196;2022;"";"Lo que nunca te dije pero debería haberte dicho";""
"Niñas, Las";"Bteam Pictures";"04/09/2020";1147.0;337;2022;"";"Niñas";"Las"
"Rezador, El";"Begin Again Films";"08/04/2022";1121.0;198;2022;"";"Rezador";"El"
"Mi adorado Monster";"39 Escalones";"20/11/2021";1101.0;160;2022;"";"Mi adorado Monster";""
"Juanito";"Syldavia";"03/06/2022";1098.0;206;2022;"";"Juanito";""
"Hondaela, abismo marino";"Independent";"28/10/2021";1073.0;198;2022;"";"Hondaela, abismo marino";""
"Maria Solinha";"Via Lactea";"26/11/2021";1047.0;161;2022;"";"Maria Solinha";""
"Rabia kontra la makina";"Independent";"10/09/2022";1022.0;146;2022;"";"Rabia kontra la makina";""
"Para entrar a vivir";"Redwood Films";"04/11/2022";1003.0;173;2022;"";"Para entrar a vivir";""
"Un cielo tan turbio";"Begin Again Films";"25/03/2022";993.0;157;2022;"";"Un cielo tan turbio";""
"[REC] Terror sin pausa";"Filmax";"28/10/2022";963.0;157;2022;"";"[REC] Terror sin pausa";""
"Carpetas azules";"Independent";"08/11/2022";945.0;171;2022;"";"Carpetas azules";""
"Murillo, el ultimo viaje";"Version Digital";"17/11/2017";924.0;162;2022;"";"Murillo, el ultimo viaje";""
"Gora Automatikoa";"39 Escalones";"17/12/2021";916.0;171;2022;"";"Gora Automatikoa";""
"Piel en llamas, La";"Sherlock";"27/05/2022";914.0;136;2022;"";"Piel en llamas";"La"
"Lugares a los que nunca hemos ido";"Independent";"23/05/2022";914.0;171;2022;"";"Lugares a los que nunca hemos ido";""
"Aun";"Independent";"27/04/2022";906.0;213;2022;"";"Aun";""
"Beiras. Vivir 2 veces";"Ollo Vivo";"04/02/2022";896.0;142;2022;"";"Beiras. Vivir 2 veces";""
"Primos";"Warner Bros";"04/02/2011";890.0;178;2022;"";"Primos";""
"Carmen, muerte por un sueño";"Independent";"24/03/2022";887.0;186;2022;"";"Carmen, muerte por un sueño";""
"Tambien la lluvia";"Alta Films";"05/01/2011";872.0;220;2022;"";"Tambien la lluvia";""
"Verano 1993";"Avalon Distribución";"30/06/2017";866.0;233;2022;"";"Verano 1993";""
"Virgen de Agosto, La";"Bteam Pictures";"15/08/2019";838.0;211;2022;"";"Virgen de Agosto";"La"
"Pedra I Oli";"Independent";"26/07/2022";821.0;246;2022;"";"Pedra I Oli";""
"Estimada Sara";"Planeta Med";"03/11/2022";784.0;130;2022;"";"Estimada Sara";""
"Corazon de Europa, El";"Phoenix Entertaiment";"27/05/2022";739.0;130;2022;"";"Corazon de Europa";"El"
"Acordes de la memoria, Los";"Independent";"30/05/2021";739.0;123;2022;"";"Acordes de la memoria";"Los"
"Persiguiendo el limite";"Independent";"09/06/2022";737.0;267;2022;"";"Persiguiendo el limite";""
"Boda de Rosa, La";"Filmax";"21/08/2020";719.0;160;2022;"";"Boda de Rosa";"La"
"Buscando la pelicula (Verano 2020)";"Phoenix Entertaiment";"29/07/2022";718.0;119;2022;"";"Buscando la pelicula (Verano 2020)";""
"Mujeres al borde de un ataque de nervios (1988) (re)";"Independent";"17/09/2022";716.0;104;2022;1988.0;"Mujeres al borde de un ataque de nervios";""
"9 Fugas";"Independent";"11/03/2022";716.0;128;2022;"";"9 Fugas";""
"Bandido";"Begin Again Films";"18/02/2022";710.0;128;2022;"";"Bandido";""
"Visita y un Jardín Secreto, La";"Begin Again Films";"25/11/2022";701.0;111;2022;"";"Visita y un Jardín Secreto";"La"
"Dia de la bestia, El (1995) (4k re)";"ConUnPack";"15/10/2021";701.0;74;2022;1995.0;"Dia de la bestia";"El"
"Aztarnak-Huellas";"Barton";"15/10/2021";692.0;139;2022;"";"Aztarnak-Huellas";""
"Mama, quiero ser futbolista profesional";"Independent";"24/06/2022";690.0;138;2022;"";"Mama, quiero ser futbolista profesional";""
"Escribir lo imposible";"Independent";"12/05/2022";689.0;117;2022;"";"Escribir lo imposible";""
"Destello bravio";"Filmin";"18/06/2021";686.0;154;2022;"";"Destello bravio";""
"Vientre del mar, El";"Elastica";"12/11/2021";683.0;160;2022;"";"Vientre del mar";"El"
"Elcano y Magallanes. La primera vuelta al mundo";"Filmax";"05/07/2019";678.0;162;2022;"";"Elcano y Magallanes. La primera vuelta al mundo";""
"Esplendor y caida: The Garlic Phantoms";"Oliete Films";"05/04/2022";673.0;100;2022;"";"Esplendor y caida: The Garlic Phantoms";""
"Margalida";"Independent";"27/07/2022";667.0;201;2022;"";"Margalida";""
"A todo tren. Destino Asturias";"Warner Bros";"08/07/2021";658.0;148;2022;"";"A todo tren. Destino Asturias";""
"Arrebato (1980) (re)";"Independent";"20/04/2022";648.0;258;2022;1980.0;"Arrebato";""
"Odisea de Vasi, La";"Stand by me Films";"06/03/2022";639.0;97;2022;"";"Odisea de Vasi";"La"
"Estado impuro";"Phoenix Entertaiment";"05/01/2022";616.0;101;2022;"";"Estado impuro";""
"Cine, registro vivo de nuestra memoria";"Independent";"12/08/2022";615.0;93;2022;"";"Cine, registro vivo de nuestra memoria";""
"Sinsombrero, Las";"Independent";"09/03/2022";592.0;148;2022;"";"Sinsombrero";"Las"
"Kuartk valley";"Independent";"04/11/2021";585.0;90;2022;"";"Kuartk valley";""
"Proxeneta. paso corto, mala leche.";"Super 8";"26/10/2018";582.0;107;2022;"";"Proxeneta. paso corto, mala leche.";""
"Luz con el tiempo dentro, La";"Magenta Films Distribución";"06/03/2015";580.0;139;2022;"";"Luz con el tiempo dentro";"La"
"Donde mas duele";"Independent";"27/05/2022";579.0;108;2022;"";"Donde mas duele";""
"Mario Camus segun el cine";"Independent";"26/10/2022";574.0;109;2022;"";"Mario Camus segun el cine";""
"Zurbaran y sus doce hijos";"Independent";"06/11/2020";572.0;131;2022;"";"Zurbaran y sus doce hijos";""
"Vida mas larga, La";"Rizoma";"24/05/2022";561.0;255;2022;"";"Vida mas larga";"La"
"Tirabeque, El";"Independent";"25/11/2022";555.0;106;2022;"";"Tirabeque";"El"
"Way, The";"Filmax";"19/11/2010";549.0;160;2022;"";"Way, The";""
"Nanas de la cebolla (Tipularen sehaska kanta)";"Independent";"03/03/2022";545.0;98;2022;"";"Nanas de la cebolla (Tipularen sehaska kanta)";""
"Extraño viaje, El (1964)";"A Contracorriente";"22/10/2021";510.0;99;2022;1964.0;"Extraño viaje";"El"
"Pere Joan";"Independent";"26/07/2022";507.0;163;2022;"";"Pere Joan";""
"¿Que hicimos mal?";"Avalon Distribución";"10/12/2021";504.0;72;2022;"";"¿Que hicimos mal?";""
"Katmandu, un espejo en el cielo";"Alta Films";"03/02/2012";502.0;115;2022;"";"Katmandu, un espejo en el cielo";""
"Ultimo tren al rock'n'roll, El";"Independent";"18/02/2022";502.0;76;2022;"";"Ultimo tren al rock'n'roll";"El"
"15 horas";"Independent";"27/11/2021";498.0;119;2022;"";"15 horas";""
"Cinema que no veiem, El";"Independent";"14/12/2022";497.0;71;2022;"";"Cinema que no veiem";"El"
"Baila con el corazon";"Independent";"20/02/2022";495.0;110;2022;"";"Baila con el corazon";""
"Secreto del doctor Grinberg, El";"Planeta Med";"06/09/2022";493.0;92;2022;"";"Secreto del doctor Grinberg";"El"
"Primera mujer, La";"Begin Again Films";"10/12/2021";493.0;130;2022;"";"Primera mujer";"La"
"Un film dans les reves";"Independent";"11/02/2022";471.0;66;2022;"";"Un film dans les reves";""
"Mimosas";"Atalante";"04/01/2017";470.0;90;2022;"";"Mimosas";""
"Olivo, El";"Entertainment One Films";"06/05/2016";461.0;97;2022;"";"Olivo";"El"
"M'esperaras?";"Independent";"19/10/2018";452.0;113;2022;"";"M'esperaras?";""
"Camino";"Alta Films";"17/10/2008";448.0;112;2022;"";"Camino";""
"Vida Chipen, La";"Independent";"27/05/2022";438.0;86;2022;"";"Vida Chipen";"La"
"Querian enterrarnos pero no sabian que eramos semillas";"Independent";"08/12/2022";434.0;101;2022;"";"Querian enterrarnos pero no sabian que eramos semillas";""
"Estos muros";"Independent";"09/04/2022";433.0;89;2022;"";"Estos muros";""
"Passion";"Independent";"25/06/2022";432.0;78;2022;"";"Passion";""
"Ulu, un latido universal";"Independent";"29/09/2017";428.0;68;2022;"";"Ulu, un latido universal";""
"Pena capital";"Independent";"17/09/2022";427.0;57;2022;"";"Pena capital";""
"Madre";"Wanda";"15/11/2019";423.0;101;2022;"";"Madre";""
"12 Palabras";"Phoenix Entertaiment";"24/06/2022";419.0;71;2022;"";"12 Palabras";""
"Me cuesta hablar de mi";"Independent";"03/03/2022";415.0;88;2022;"";"Me cuesta hablar de mi";""
"U-topos (no-lugar). La utopia guarani-jesuitica";"Independent";"12/04/2022";415.0;67;2022;"";"U-topos (no-lugar). La utopia guarani-jesuitica";""
"Sabater d'Ordis, El";"Independent";"09/12/2022";410.0;71;2022;"";"Sabater d'Ordis";"El"
"Amanece en Calcuta";"European Dreams Factory";"16/04/2021";406.0;78;2022;"";"Amanece en Calcuta";""
"Demonios de barro, Los";"Syldavia";"18/11/2022";401.0;78;2022;"";"Demonios de barro";"Los"
"Nora";"Sherlock";"03/09/2021";400.0;146;2022;"";"Nora";""
"Matando el tiempo";"Independent";"28/10/2022";398.0;67;2022;"";"Matando el tiempo";""
"Mecanismo invisible, El";"Independent";"01/07/2022";396.0;102;2022;"";"Mecanismo invisible";"El"
"Cocina de los hombres, La";"Independent";"17/12/2022";395.0;60;2022;"";"Cocina de los hombres";"La"
"Ama";"Filmax";"16/07/2021";378.0;97;2022;"";"Ama";""
"Refugio, El";"Filmax";"26/11/2021";371.0;216;2022;"";"Refugio";"El"
"Barcelona blues";"Independent";"13/10/2022";364.0;60;2022;"";"Barcelona blues";""
"Isla de las mentiras, La";"Filmax";"02/10/2020";360.0;77;2022;"";"Isla de las mentiras";"La"
"Tierra de leche y miel";"Independent";"31/07/2021";359.0;85;2022;"";"Tierra de leche y miel";""
"Yuli";"Entertainment One Films";"14/12/2018";350.0;82;2022;"";"Yuli";""
"Erase una vez... (1950) (re)";"Lost&Found";"16/12/2022";347.0;66;2022;1950.0;"Erase una vez...";""
"Urak Aske";"Independent";"10/03/2022";345.0;115;2022;"";"Urak Aske";""
"Corsarios";"Piramide Films";"15/05/2015";344.0;64;2022;"";"Corsarios";""
"Camino incierto";"Independent";"03/06/2022";344.0;44;2022;"";"Camino incierto";""
"Mallorca, la isla madre";"Independent";"11/11/2022";341.0;117;2022;"";"Mallorca, la isla madre";""
"Solas (1999) (re)";"Independent";"22/11/2022";340.0;62;2022;1999.0;"Solas";""
"Cancion a una dama en la sombra";"Independent";"26/10/2022";338.0;80;2022;"";"Cancion a una dama en la sombra";""
"Val del Omar, poeta audiovisual";"Syldavia";"19/12/2022";338.0;53;2022;"";"Val del Omar, poeta audiovisual";""
"Callejeras";"Summer Films";"08/10/2021";325.0;49;2022;"";"Callejeras";""
"Demas dias, Los";"Super 8";"17/11/2017";324.0;54;2022;"";"Demas dias";"Los"
"Gallina Turuleca, La";"Filmax";"01/01/2020";324.0;130;2022;"";"Gallina Turuleca";"La"
"Alma anciana";"Begin Again Films";"27/05/2022";316.0;48;2022;"";"Alma anciana";""
"Fracasados";"Rizoma";"18/11/2022";315.0;60;2022;"";"Fracasados";""
"Erase una vez en Euskadi";"Entertainment One Films";"29/10/2021";315.0;89;2022;"";"Erase una vez en Euskadi";""
"Piedra patria";"Independent";"12/12/2021";315.0;45;2022;"";"Piedra patria";""
"Dorothe na Vila";"Independent";"28/01/2022";310.0;51;2022;"";"Dorothe na Vila";""
"Todas las mujeres que conozco";"Independent";"24/11/2018";309.0;67;2022;"";"Todas las mujeres que conozco";""
"Lucas";"Begin Again Films";"25/06/2021";308.0;77;2022;"";"Lucas";""
"Home e o can, O";"Independent";"28/09/2022";303.0;126;2022;"";"Home e o can, O";""
"Mironins. La pelicula";"Independent";"03/12/2021";301.0;65;2022;"";"Mironins. La pelicula";""
"Adú";"Paramount Int'l";"31/01/2020";300.0;100;2022;"";"Adú";""
"Invisible. Te podria pasar a ti";"Independent";"22/11/2022";287.0;93;2022;"";"Invisible. Te podria pasar a ti";""
"Un blues para Teheran";"Surtsey Films";"02/07/2021";280.0;52;2022;"";"Un blues para Teheran";""
"Flores de otro mundo";"Alta Films";"28/05/1999";279.0;64;2022;"";"Flores de otro mundo";""
"Noche, La";"Independent";"19/11/2021";270.0;64;2022;"";"Noche";"La"
"Quien puede matar a un niño (1976) (re)";"Independent";"13/06/2022";270.0;176;2022;1976.0;"Quien puede matar a un niño";""
"Zumiriki";"Independent";"02/10/2020";268.0;54;2022;"";"Zumiriki";""
"Tacones sobre ruedas";"Independent";"16/12/2022";266.0;30;2022;"";"Tacones sobre ruedas";""
"Eroski Paraiso";"Ollo Vivo";"13/12/2019";266.0;62;2022;"";"Eroski Paraiso";""
"En tierra extraña";"Independent";"23/02/2022";265.0;62;2022;"";"En tierra extraña";""
"Vilas y sus dobles";"Phoenix Entertaiment";"03/06/2022";263.0;49;2022;"";"Vilas y sus dobles";""
"¡Folk! Una mirada a la musica tradicional";"Plan Secreto";"12/11/2018";262.0;44;2022;"";"¡Folk! Una mirada a la musica tradicional";""
"Carmen y Lola";"Super 8";"07/09/2018";259.0;91;2022;"";"Carmen y Lola";""
"Colmena, La (1982) (re)";"Independent";"08/09/2022";252.0;53;2022;1982.0;"Colmena";"La"
"Si Talia fuera ciega";"Independent";"25/07/2022";244.0;110;2022;"";"Si Talia fuera ciega";""
"Sin Limite";"Begin Again Films";"03/12/2021";241.0;39;2022;"";"Sin Limite";""
"Circulo, El";"Nanouk Films";"08/09/2021";241.0;50;2022;"";"Circulo";"El"
"33 años de oscuridad";"Independent";"23/05/2022";237.0;99;2022;"";"33 años de oscuridad";""
"Fantasia";"Vitrine Filmes";"26/11/2021";235.0;46;2022;"";"Fantasia";""
"Greco El, pintor de lo invisible";"Version Digital";"12/03/2019";232.0;46;2022;"";"Greco El, pintor de lo invisible";""
"Asi crecen los enanos";"Independent";"03/11/2022";221.0;63;2022;"";"Asi crecen los enanos";""
"Storm";"Independent";"15/07/2022";220.0;45;2022;"";"Storm";""
"Menudos heroes";"Rita & Luca";"04/12/2015";217.0;54;2022;"";"Menudos heroes";""
"Reflejos mortales";"Sheridan's Producciones";"16/12/2022";216.0;27;2022;"";"Reflejos mortales";""
"Año del descubrimiento, El";"Begin Again Films";"13/11/2020";213.0;43;2022;"";"Año del descubrimiento";"El"
"Hijos de las Nubes, la Ultima Colonia, Los";"Wanda";"18/05/2012";210.0;49;2022;"";"Hijos de las Nubes, la Ultima Colonia";"Los"
"Fusilados";"Independent";"10/05/2022";210.0;105;2022;"";"Fusilados";""
"Hola, ¿Estas sola? (1995)";"Independent";"12/01/2022";207.0;47;2022;1995.0;"Hola, ¿Estas sola?";""
"Cover, El";"Entertainment One Films";"23/07/2021";205.0;39;2022;"";"Cover";"El"
"Escopeta nacional, La (1978)";"A Contracorriente";"18/06/2021";200.0;29;2022;1978.0;"Escopeta nacional";"La"
"Meseta";"Atera Films";"23/10/2020";197.0;38;2022;"";"Meseta";""
"Historias del agua";"Phoenix Entertaiment";"12/01/2022";197.0;34;2022;"";"Historias del agua";""
"Bicicletas son para el verano (1948) (re)";"Independent";"14/07/2022";195.0;50;2022;1948.0;"Bicicletas son para el verano";""
"Ego";"Begin Again Films";"01/12/2021";192.0;45;2022;"";"Ego";""
"Sur, El (1983) (re)";"Independent";"02/11/2022";192.0;51;2022;1983.0;"Sur";"El"
"Cria cuervos (1976) (re)";"Independent";"13/12/2022";186.0;27;2022;1976.0;"Cria cuervos";""
"Una de percebes en el Hurtado";"Independent";"16/06/2022";181.0;27;2022;"";"Una de percebes en el Hurtado";""
"Jusqu'ici, tout va";"Independent";"30/07/2022";181.0;122;2022;"";"Jusqu'ici, tout va";""
"Perderlo todo";"Independent";"10/06/2022";175.0;26;2022;"";"Perderlo todo";""
"Viento que nos mueve, El";"Independent";"29/09/2022";175.0;35;2022;"";"Viento que nos mueve";"El"
"Migas de pan";"Super 8";"07/12/2016";175.0;33;2022;"";"Migas de pan";""
"Espejo, El";"Independent";"22/10/2022";174.0;49;2022;"";"Espejo";"El"
"Boton de Nacar, El";"Yedra";"12/02/2016";171.0;29;2022;"";"Boton de Nacar";"El"
"Mal de caña";"Independent";"10/04/2022";168.0;24;2022;"";"Mal de caña";""
"Desenterrando Sad Hill";"ConUnPack";"19/10/2018";162.0;56;2022;"";"Desenterrando Sad Hill";""
"Salvar Tenerife";"Independent";"09/06/2022";162.0;54;2022;"";"Salvar Tenerife";""
"Olvidados, Los";"A Contracorriente";"30/06/2022";149.0;214;2022;"";"Olvidados";"Los"
"Mami, La";"Elamedia";"23/10/2020";148.0;32;2022;"";"Mami";"La"
"Lua Vermella";"Elamedia";"30/10/2020";147.0;27;2022;"";"Lua Vermella";""
"Niño gato, El";"Independent";"20/01/2022";145.0;29;2022;"";"Niño gato";"El"
"Sedimentos";"Begin Again Films";"05/11/2021";145.0;60;2022;"";"Sedimentos";""
"Maestro de esgrima, El (1992) (re)";"Independent";"22/10/2022";143.0;41;2022;1992.0;"Maestro de esgrima";"El"
"Peter Plan";"Quechua Films";"24/03/2022";140.0;31;2022;"";"Peter Plan";""
"Siglo de Galdos, El";"Barton";"30/10/2020";138.0;59;2022;"";"Siglo de Galdos";"El"
"Hilo dorado, El";"Independent";"10/12/2021";138.0;181;2022;"";"Hilo dorado";"El"
"Surcos";"Phoenix Entertaiment";"28/05/2021";136.0;34;2022;"";"Surcos";""
"Animals";"Alfa Pictures";"26/10/2012";134.0;44;2022;"";"Animals";""
"QueenCiañera, LA";"Independent";"12/11/2021";132.0;41;2022;"";"QueenCiañera";"LA"
"¡Corten!";"Filmin";"31/10/2021";131.0;19;2022;"";"¡Corten!";""
"Cercle en l'Aigua, Un";"Independent";"06/11/2020";124.0;24;2022;"";"Cercle en l'Aigua, Un";""
"Memorias del angel caido (1997) (re)";"Independent";"07/09/2022";122.0;35;2022;1997.0;"Memorias del angel caido";""
"Cuidado con lo que deseas";"A Contracorriente";"12/11/2021";122.0;26;2022;"";"Cuidado con lo que deseas";""
"Llamada, La";"DeAPlaneta";"29/09/2017";120.0;20;2022;"";"Llamada";"La"
"Anwar (Lleno de luz)";"Independent";"25/11/2022";117.0;24;2022;"";"Anwar (Lleno de luz)";""
"Maria Fernanda, la jerezana (1947) (re)";"Independent";"28/03/2022";115.0;21;2022;1947.0;"Maria Fernanda, la jerezana";""
"Benito Perez Buñuel";"Karma";"06/11/2022";113.0;120;2022;"";"Benito Perez Buñuel";""
"Carceles bolleras";"Independent";"04/07/2019";112.0;20;2022;"";"Carceles bolleras";""
"Ciudad activa, La";"Independent";"11/05/2022";112.0;61;2022;"";"Ciudad activa";"La"
"Sin señas particulares";"Wanda";"27/11/2020";106.0;49;2022;"";"Sin señas particulares";""
"Cartas mojadas";"Syldavia";"09/10/2020";106.0;49;2022;"";"Cartas mojadas";""
"Viaje mas largo, El";"Independent";"28/09/2022";106.0;34;2022;"";"Viaje mas largo";"El"
"Bi Anai (Dos Hermanos)";"Orio";"11/11/2011";104.0;18;2022;"";"Bi Anai (Dos Hermanos)";""
"Nightclubbing: The Birth of Punk Rock in NYC";"Independent";"29/10/2022";103.0;53;2022;"";"Nightclubbing: The Birth of Punk Rock in NYC";""
"Herederas";"Artistic Metropol";"28/08/2021";103.0;27;2022;"";"Herederas";""
"Cronica de una tormenta";"Syldavia";"30/04/2021";102.0;34;2022;"";"Cronica de una tormenta";""
"Elegido, El";"Filmax";"02/09/2016";99.0;18;2022;"";"Elegido";"El"
"Dardara";"Atera Films";"18/03/2021";98.0;16;2022;"";"Dardara";""
"Maragall i la Lluna";"Benece";"29/01/2021";98.0;14;2022;"";"Maragall i la Lluna";""
"Viaje de Julieta, El";"Independent";"26/08/2022";97.0;17;2022;"";"Viaje de Julieta";"El"
"Voces";"Entertainment One Films";"24/07/2020";95.0;19;2022;"";"Voces";""
"Comicos (1954) (re)";"Independent";"04/07/2022";94.0;22;2022;1954.0;"Comicos";""
"Esa pareja feliz (1951) (re)";"Independent";"14/04/2021";93.0;23;2022;1951.0;"Esa pareja feliz";""
"Calle Mayor (1956) (re)";"Independent";"06/10/2022";91.0;33;2022;1956.0;"Calle Mayor";""
"Antonio Machado. Los dias azules";"Summer Films";"04/12/2020";91.0;43;2022;"";"Antonio Machado. Los dias azules";""
"Paralelo 35 50";"Independent";"08/11/2022";86.0;16;2022;"";"Paralelo 35 50";""
"Paradoja de Antares, La";"Selected Films";"13/11/2022";84.0;34;2022;"";"Paradoja de Antares";"La"
"Posidonia";"Independent";"19/11/2021";83.0;62;2022;"";"Posidonia";""
"Todos lo saben";"Universal";"14/09/2018";83.0;18;2022;"";"Todos lo saben";""
"Emilio Prados, cazador de nubes";"Independent";"27/04/2022";81.0;15;2022;"";"Emilio Prados, cazador de nubes";""
"Psiconautas: Los niños olvidados";"La Luna de Tantan";"24/02/2017";81.0;24;2022;"";"Psiconautas: Los niños olvidados";""
"Ultima primavera, La";"El Sur Films";"31/03/2021";79.0;38;2022;"";"Ultima primavera";"La"
"Flowers pop art";"Independent";"27/03/2022";77.0;11;2022;"";"Flowers pop art";""
"Con la Pata Quebrada";"Independent";"13/06/2013";77.0;22;2022;"";"Con la Pata Quebrada";""
"Uno para todos";"A Contracorriente";"18/09/2020";77.0;43;2022;"";"Uno para todos";""
"Consecuencias, Las";"Syldavia";"17/09/2021";76.0;36;2022;"";"Consecuencias";"Las"
"Raphaelismo";"Independent";"28/06/2022";74.0;20;2022;"";"Raphaelismo";""
"Nannys Night, The";"Independent";"25/08/2022";71.0;11;2022;"";"Nannys Night, The";""
"Orquesta armada, Una";"Independent";"04/06/2022";70.0;18;2022;"";"Orquesta armada, Una";""
"Ramdel, memorias de un musico invisible";"Independent";"16/10/2022";67.0;10;2022;"";"Ramdel, memorias de un musico invisible";""
"Mujer ilegal, La";"Segarra";"11/12/2020";66.0;12;2022;"";"Mujer ilegal";"La"
"Pantalla andina, La";"Independent";"29/11/2022";65.0;13;2022;"";"Pantalla andina";"La"
"Enterrar y callar";"Independent";"14/07/2022";62.0;22;2022;"";"Enterrar y callar";""
"Mi tio Jacinto (1956) (re)";"Independent";"19/10/2022";61.0;18;2022;1956.0;"Mi tio Jacinto";""
"Barcelona Surf Destination";"Independent";"31/05/2022";61.0;10;2022;"";"Barcelona Surf Destination";""
"Abracadabra";"Sony";"04/08/2017";60.0;18;2022;"";"Abracadabra";""
"Tormento (1974) (re)";"Independent";"20/10/2022";60.0;17;2022;1974.0;"Tormento";""
"¿Puedes oirme?";"Paco Poch Cinema";"02/10/2020";58.0;12;2022;"";"¿Puedes oirme?";""
"Dead Slow Ahead (2015) (re)";"Independent";"28/10/2022";56.0;14;2022;2015.0;"Dead Slow Ahead";""
"Gernika";"Bteam Pictures";"09/09/2016";55.0;10;2022;"";"Gernika";""
"Antes de la quema";"Vertice";"07/06/2019";55.0;11;2022;"";"Antes de la quema";""
"Un hombre llamado Flor de Otoño (1978) (re)";"Independent";"21/10/2022";52.0;15;2022;1978.0;"Un hombre llamado Flor de Otoño";""
"No se apaguen las estrellas";"Independent";"17/06/2021";52.0;41;2022;"";"No se apaguen las estrellas";""
"Raymond Roussel: El dia de gloria";"Independent";"15/06/2022";51.0;11;2022;"";"Raymond Roussel: El dia de gloria";""
"Mundo es nuestro, El";"Festival Films";"22/06/2012";51.0;17;2022;"";"Mundo es nuestro";"El"
"Ay, Carmela (1990) (re)";"Independent";"13/11/2022";50.0;7;2022;1990.0;"Ay, Carmela";""
"Magaluf Ghost Town";"Begin Again Films";"26/11/2021";50.0;14;2022;"";"Magaluf Ghost Town";""
"Olea... ¡Más alto!";"Independent";"06/11/2020";49.0;23;2022;"";"Olea... ¡Más alto!";""
"Billy";"Begin Again Films";"17/09/2021";49.0;14;2022;"";"Billy";""
"Exploradores verticales";"Independent";"20/10/2022";48.0;7;2022;"";"Exploradores verticales";""
"A este lado de la carretera";"Independent";"03/12/2021";47.0;9;2022;"";"A este lado de la carretera";""
"Ombligo de Guie'dani, El";"El Sur Films";"12/02/2021";47.0;11;2022;"";"Ombligo de Guie'dani";"El"
"Mais ca vida";"Independent";"23/11/2018";46.0;7;2022;"";"Mais ca vida";""
"Hija de un ladron, La";"Bteam Pictures";"29/11/2019";45.0;13;2022;"";"Hija de un ladron";"La"
"Vampira de Barcelona, La";"Filmax";"04/12/2020";45.0;11;2022;"";"Vampira de Barcelona";"La"
"Sol del membrillo, El (1992) (re)";"Independent";"16/12/2022";45.0;10;2022;1992.0;"Sol del membrillo";"El"
"Hijo del acordeonista, El (Soinujolearen semea)";"Filmax";"12/04/2019";43.0;11;2022;"";"Hijo del acordeonista, El (Soinujolearen semea)";""
"Bosque del lobo, El (1970) (re)";"Independent";"19/10/2022";42.0;13;2022;1970.0;"Bosque del lobo";"El"
"Universo Montesinos, El";"Independent";"02/12/2022";40.0;215;2022;"";"Universo Montesinos";"El"
"Tramposos, Los (1959) (re)";"Independent";"30/05/2022";40.0;10;2022;1959.0;"Tramposos";"Los"
"Moros y Cristianos (1987)";"A Contracorriente";"20/08/2021";39.0;10;2022;1987.0;"Moros y Cristianos";""
"Tiempo de tormenta (2003) (re)";"Independent";"22/10/2022";38.0;11;2022;2003.0;"Tiempo de tormenta";""
"Isidro, el labrador (1963) (re)";"Independent";"01/05/2022";36.0;10;2022;1963.0;"Isidro, el labrador";""
"Kaiser de la Atlantida, El";"Independent";"10/05/2022";34.0;34;2022;"";"Kaiser de la Atlantida";"El"
"Arenas de silencio (Sands of silence)";"Independent";"14/11/2018";33.0;22;2022;"";"Arenas de silencio (Sands of silence)";""
"Querido Fotogramas";"A Contracorriente";"05/10/2018";32.0;9;2022;"";"Querido Fotogramas";""
"Mas alla del jardin (1996) (re)";"Independent";"21/10/2022";31.0;9;2022;1996.0;"Mas alla del jardin";""
"2012 La revolucion que no fue";"Independent";"18/06/2022";31.0;5;2022;"";"2012 La revolucion que no fue";""
"Mia y Moi";"Yedra";"21/05/2021";30.0;6;2022;"";"Mia y Moi";""
"Amigo";"El Ojo Mecanico";"09/11/2020";29.0;8;2022;"";"Amigo";""
"My Mexican Bretzel";"Avalon Distribución";"11/12/2020";28.0;7;2022;"";"My Mexican Bretzel";""
"No es bueno que el hombre este solo (1973) (re)";"Independent";"19/10/2022";28.0;8;2022;1973.0;"No es bueno que el hombre este solo";""
"Lalla Aicha";"Independent";"16/12/2022";28.0;4;2022;"";"Lalla Aicha";""
"Hil-Kanpaiak (Campanadas a muerto)";"Barton";"20/11/2020";26.0;7;2022;"";"Hil-Kanpaiak (Campanadas a muerto)";""
"Pim, pam, pum... ¡Fuego! (1975) (re)";"Independent";"20/10/2022";25.0;7;2022;1975.0;"Pim, pam, pum... ¡Fuego!";""
"Bolante baten historia (Historia de un volante)";"Barton";"19/11/2021";24.0;7;2022;"";"Bolante baten historia (Historia de un volante)";""
"Karen";"Begin Again Films";"04/06/2021";24.0;6;2022;"";"Karen";""
"Periferia";"Independent";"09/06/2021";22.0;4;2022;"";"Periferia";""
"No tengas miedo";"Alta Films";"29/04/2011";21.0;5;2022;"";"No tengas miedo";""
"Cigueña de Burgos, La";"Independent";"28/06/2022";19.0;4;2022;"";"Cigueña de Burgos";"La"
"Voz de Thais, La";"Independent";"16/03/2022";18.0;6;2022;"";"Voz de Thais";"La"
"A Escondidas";"Vertigo Films";"10/10/2014";16.0;4;2022;"";"A Escondidas";""
"OBABA";"Alta Films";"16/09/2005";16.0;4;2022;"";"OBABA";""
"Nueve Sevillas";"Elamedia";"19/11/2021";15.0;3;2022;"";"Nueve Sevillas";""
"Cronocrimenes, Los (2008) (re)";"Independent";"06/09/2022";14.0;4;2022;2008.0;"Cronocrimenes";"Los"
"Erasmus en Gaza";"Independent";"12/05/2022";14.0;24;2022;"";"Erasmus en Gaza";""
"Voces de una ciudad";"Independent";"15/11/2022";13.0;2;2022;"";"Voces de una ciudad";""
"Isosceles";"Independent";"13/11/2022";12.0;3;2022;"";"Isosceles";""
"Cau, El";"Independent";"27/11/2021";12.0;3;2022;"";"Cau";"El"
"Intacto (2001) (re)";"Independent";"07/09/2022";10.0;3;2022;2001.0;"Intacto";""
"Vida sense la Sara Amat, La";"Alfa Pictures";"12/07/2019";9.0;2;2022;"";"Vida sense la Sara Amat";"La"
"Descarrilados";"Sony";"20/08/2021";9.0;3;2022;"";"Descarrilados";""
"Entre dos aguas";"Bteam Pictures";"30/11/2018";9.0;2;2022;"";"Entre dos aguas";""
"Todos quieren ser el proximo Weismann";"Independent";"05/07/2021";9.0;2;2022;"";"Todos quieren ser el proximo Weismann";""
"Último Fracaso, El";"Aguilar Cinema";"02/11/2018";6.0;1;2022;"";"Último Fracaso";"El"
"Lo que arde";"Atalante";"11/10/2019";5.0;1;2022;"";"Lo que arde";""
"Hotel Colon (confinamiento incluido)";"Begin Again Films";"05/03/2022";4.0;77;2022;"";"Hotel Colon (confinamiento incluido)";""
"A Dios pongo por testigo";"Independent";"09/03/2022";4.0;107;2022;"";"A Dios pongo por testigo";""
"Platillos volantes (2003) (re)";"Independent";"06/09/2022";3.0;1;2022;2003.0;"Platillos volantes";""
"Campeonex";"Universal";"18/08/2023";11888158.0;1975785;2023;"";"Campeonex";""
"Ocho Apellidos Marroquis";"Universal";"01/12/2023";9791499.0;1439146;2023;"";"Ocho Apellidos Marroquis";""
"Vacaciones de verano";"Sony";"06/07/2023";7417977.0;1245648;2023;"";"Vacaciones de verano";""
"Momias";"Warner Bros";"24/02/2023";5915965.0;960628;2023;"";"Momias";""
"Vaya vacaciones";"Universal";"21/04/2023";4803875.0;803351;2023;"";"Vaya vacaciones";""
"Mari(dos)";"Walt Disney";"10/03/2023";4067952.0;622196;2023;"";"Mari(dos)";""
"Navidad en sus manos, La";"A Contracorriente";"01/12/2023";3816303.0;600083;2023;"";"Navidad en sus manos";"La"
"As bestas";"A Contracorriente";"11/11/2022";3276371.0;511766;2023;"";"As bestas";""
"Hotel de los lios. Garcia y Garcia 2, El";"Walt Disney";"24/03/2023";2229338.0;363814;2023;"";"Hotel de los lios. Garcia y Garcia 2";"El"
"Como Dios manda";"Warner Bros";"02/06/2023";2133099.0;332054;2023;"";"Como Dios manda";""
"Niña de la comunion, La";"Warner Bros";"10/02/2023";1440754.0;217150;2023;"";"Niña de la comunion";"La"
"Maestro que prometio el mar, El";"Filmax";"10/11/2023";1402193.0;235056;2023;"";"Maestro que prometio el mar";"El"
"Mi soledad tiene alas";"Warner Bros";"25/08/2023";1375535.0;221975;2023;"";"Mi soledad tiene alas";""
"Alimañas";"Sony";"27/10/2023";1346063.0;207719;2023;"";"Alimañas";""
"A todo tren 2";"Warner Bros";"02/12/2022";1149232.0;186719;2023;"";"A todo tren 2";""
"Me he hecho viral";"Warner Bros";"11/10/2023";1101997.0;172426;2023;"";"Me he hecho viral";""
"Fatum";"Universal";"28/04/2023";966465.0;162798;2023;"";"Fatum";""
"Todos los nombres de Dios";"TriPictures";"15/09/2023";961860.0;168672;2023;"";"Todos los nombres de Dios";""
"Irati";"Filmax";"24/02/2023";956938.0;157586;2023;"";"Irati";""
"20.000 Especies de abejas";"Bteam Pictures";"21/04/2023";905772.0;158206;2023;"";"20.000 Especies de abejas";""
"Saben aquell";"Warner Bros";"01/11/2023";891881.0;139075;2023;"";"Saben aquell";""
"Un Amor";"Bteam Pictures";"10/11/2023";808904.0;130565;2023;"";"Un Amor";""
"De perdidos a Rio";"Sony";"04/08/2023";736712.0;119278;2023;"";"De perdidos a Rio";""
"Mi otro Jon";"Wanda";"20/10/2023";618724.0;97633;2023;"";"Mi otro Jon";""
"Favor, El";"Universal";"10/11/2023";617181.0;100448;2023;"";"Favor";"El"
"Libres";"Bosco Films";"21/04/2023";572633.0;87063;2023;"";"Libres";""
"Te estoy amando locamente";"Filmax";"06/07/2023";549216.0;90712;2023;"";"Te estoy amando locamente";""
"Chinas";"A Contracorriente";"06/10/2023";474742.0;77490;2023;"";"Chinas";""
"Cerrar los ojos";"Avalon Distribución";"29/09/2023";447834.0;83182;2023;"";"Cerrar los ojos";""
"Esta ambicion desmedida";"Avalon Distribución";"26/10/2023";442292.0;65728;2023;"";"Esta ambicion desmedida";""
"O Corno";"Elastica";"11/10/2023";391703.0;66185;2023;"";"O Corno";""
"Verano en rojo";"DeAPlaneta";"08/09/2023";384908.0;64690;2023;"";"Verano en rojo";""
"Chicas estan bien, Las";"Elastica";"25/08/2023";338267.0;57487;2023;"";"Chicas estan bien";"Las"
"Buenos modales, Los";"Warner Bros";"28/04/2023";279491.0;46109;2023;"";"Buenos modales";"Los"
"Contadora de Peliculas, La";"A Contracorriente";"27/10/2023";269722.0;46088;2023;"";"Contadora de Peliculas";"La"
"Cielo no puede esperar, El";"European Dreams Factory";"24/02/2023";236659.0;38124;2023;"";"Cielo no puede esperar";"El"
"¡Salta!";"A Contracorriente";"01/09/2023";232628.0;39413;2023;"";"¡Salta!";""
"Robot Dreams";"Bteam Pictures";"06/12/2023";231022.0;37215;2023;"";"Robot Dreams";""
"Matria";"Avalon Distribución";"24/03/2023";224861.0;40173;2023;"";"Matria";""
"Extraña forma de vida";"Bteam Pictures";"26/05/2023";223909.0;48442;2023;"";"Extraña forma de vida";""
"Bajo terapia";"Syldavia";"17/03/2023";218473.0;35596;2023;"";"Bajo terapia";""
"Lobo Feroz";"Filmax";"27/01/2023";216346.0;35929;2023;"";"Lobo Feroz";""
"Una vida no tan simple";"A Contracorriente";"23/06/2023";207331.0;33735;2023;"";"Una vida no tan simple";""
"Creatura";"Avalon Distribución";"08/09/2023";203950.0;34865;2023;"";"Creatura";""
"Teresa";"Bteam Pictures";"24/11/2023";187262.0;30672;2023;"";"Teresa";""
"Ternura, La";"Universal";"29/09/2023";185613.0;39737;2023;"";"Ternura";"La"
"Inspector Sun y la maldición de la viuda negra";"TriPictures";"28/12/2022";164154.0;28901;2023;"";"Inspector Sun y la maldición de la viuda negra";""
"Dispararon al pianista";"Bteam Pictures";"06/10/2023";154093.0;25022;2023;"";"Dispararon al pianista";""
"Hombre del saco, El";"Filmax";"11/08/2023";149549.0;24217;2023;"";"Hombre del saco";"El"
"Voz del Sol, La";"Adso Films";"22/09/2023";146923.0;27732;2023;"";"Voz del Sol";"La"
"De Caperucita a Loba";"A Contracorriente";"05/04/2023";127570.0;20668;2023;"";"De Caperucita a Loba";""
"Asedio";"Sony";"05/05/2023";126364.0;23118;2023;"";"Asedio";""
"Els encantats (Los encantados)";"A Contracorriente";"02/06/2023";122311.0;19598;2023;"";"Els encantats (Los encantados)";""
"Empieza el baile";"Me Lo Creo";"05/04/2023";116082.0;18257;2023;"";"Empieza el baile";""
"Upon Entry (La llegada)";"Karma";"16/06/2023";113600.0;19115;2023;"";"Upon Entry (La llegada)";""
"Que nadie duerma";"Wanda";"17/11/2023";112397.0;18894;2023;"";"Que nadie duerma";""
"Cel de Plom, Un";"Filmax";"28/04/2023";105109.0;17304;2023;"";"Cel de Plom, Un";""
"Sirvienta, La";"Proyecfilm";"24/03/2023";104304.0;17916;2023;"";"Sirvienta";"La"
"Buenas compañías, Las";"Filmax";"05/05/2023";104053.0;19808;2023;"";"Buenas compañías";"Las"
"Tin&Tina";"Filmax";"31/03/2023";103392.0;15578;2023;"";"Tin&Tina";""
"Fred que Crema, El";"Filmax";"20/01/2023";91656.0;14267;2023;"";"Fred que Crema";"El"
"Novia de America, La";"A Contracorriente";"17/02/2023";86225.0;13995;2023;"";"Novia de America";"La"
"Ermita, La";"Filmax";"17/11/2023";75963.0;12359;2023;"";"Ermita";"La"
"Momonsters la pelicula";"Notorious Pictures Spain";"06/12/2023";73286.0;11971;2023;"";"Momonsters la pelicula";""
"Loli Tormenta";"Caramel Films";"31/03/2023";71618.0;12040;2023;"";"Loli Tormenta";""
"Amigos hasta la muerte";"A Contracorriente";"22/09/2023";57314.0;10238;2023;"";"Amigos hasta la muerte";""
"Manticora";"Bteam Pictures";"09/12/2022";53453.0;9494;2023;"";"Manticora";""
"Esperando a Dalí";"Alfa Pictures";"14/07/2023";53344.0;8828;2023;"";"Esperando a Dalí";""
"Hanna y los monstruos";"Alfa Pictures";"21/04/2023";51302.0;8712;2023;"";"Hanna y los monstruos";""
"Amor de Andrea, El";"Filmax";"24/11/2023";49724.0;8610;2023;"";"Amor de Andrea";"El"
"Secaderos";"Begin Again Films";"02/06/2023";49635.0;11111;2023;"";"Secaderos";""
"Cinco lobitos";"Bteam Pictures";"20/05/2022";47277.0;9795;2023;"";"Cinco lobitos";""
"Alcarras";"Avalon Distribución";"29/04/2022";46757.0;12159;2023;"";"Alcarras";""
"Cuarto pasajero, El";"Sony";"28/10/2022";46678.0;7615;2023;"";"Cuarto pasajero";"El"
"Eterna";"39 Escalones";"02/03/2023";45039.0;7177;2023;"";"Eterna";""
"Si todas las puertas se cierran";"Proyecfilm";"14/04/2023";44786.0;7788;2023;"";"Si todas las puertas se cierran";""
"Desconocida, La";"Filmax";"09/06/2023";43823.0;7018;2023;"";"Desconocida";"La"
"Samsara";"Atalante";"20/12/2023";40227.0;6738;2023;"";"Samsara";""
"Erase una vez en Canarias";"Nekkenti";"22/09/2023";40147.0;7702;2023;"";"Erase una vez en Canarias";""
"Manzana de Oro, La";"A Contracorriente";"01/09/2023";39748.0;7004;2023;"";"Manzana de Oro";"La"
"Alguien que cuide de mi";"A Contracorriente";"28/04/2023";38511.0;6442;2023;"";"Alguien que cuide de mi";""
"Olvido";"La Dalia Films";"29/06/2023";37743.0;6570;2023;"";"Olvido";""
"Iberia, naturaleza infinita";"Acaju";"17/03/2023";35994.0;6337;2023;"";"Iberia, naturaleza infinita";""
"Todos lo hacen";"A Contracorriente";"28/12/2022";35047.0;6294;2023;"";"Todos lo hacen";""
"Sobre todo de noche";"Atalante";"01/12/2023";34595.0;5817;2023;"";"Sobre todo de noche";""
"Cuco, El";"Filmax";"15/09/2023";34543.0;5951;2023;"";"Cuco";"El"
"Delfines de plata";"Filmax";"28/07/2023";34053.0;5780;2023;"";"Delfines de plata";""
"Ultimas Voluntades";"Alfa Pictures";"30/06/2023";33651.0;5799;2023;"";"Ultimas Voluntades";""
"Sica";"A Contracorriente";"19/05/2023";33258.0;5660;2023;"";"Sica";""
"Historias para no contar";"Filmax";"25/11/2022";31388.0;4733;2023;"";"Historias para no contar";""
"Maternal, La";"Bteam Pictures";"18/11/2022";30722.0;6963;2023;"";"Maternal";"La"
"Latido del Cielo, El";"European Dreams Factory";"17/11/2023";30160.0;4633;2023;"";"Latido del Cielo";"El"
"Suro";"A Contracorriente";"02/12/2022";28756.0;5433;2023;"";"Suro";""
"Tierra de nuestras madres";"Me Lo Creo";"20/07/2023";28537.0;5072;2023;"";"Tierra de nuestras madres";""
"Mamacruz";"Filmax";"27/10/2023";27711.0;4548;2023;"";"Mamacruz";""
"Fortaleza, La";"Syldavia";"23/06/2023";26933.0;4508;2023;"";"Fortaleza";"La"
"Espera, La";"Maravillas Distribuciones";"15/12/2023";26070.0;4124;2023;"";"Espera";"La"
"Quietud en la tormenta,";"La Vida";"12/05/2023";24447.0;4709;2023;"";"Quietud en la tormenta,";""
"Modelo 77";"Walt Disney";"23/09/2022";22914.0;4798;2023;"";"Modelo 77";""
"Paredes hablan, Las";"Wanda";"03/02/2023";22584.0;3658;2023;"";"Paredes hablan";"Las"
"Fantastico caso del Golem, El";"Sideral";"16/06/2023";21874.0;3734;2023;"";"Fantastico caso del Golem";"El"
"Hermano Caballo";"Beta Fiction";"08/06/2023";20511.0;2956;2023;"";"Hermano Caballo";""
"Matar cangrejos";"Filmax";"26/05/2023";19318.0;3421;2023;"";"Matar cangrejos";""
"Piedad, La";"Barton";"13/01/2023";18675.0;2945;2023;"";"Piedad";"La"
"Notas sobre un verano";"Surtsey Films";"01/09/2023";17744.0;3059;2023;"";"Notas sobre un verano";""
"Unzue. El ultimo equipo de Juancar";"A Contracorriente";"05/05/2023";17342.0;3049;2023;"";"Unzue. El ultimo equipo de Juancar";""
"Unicornios";"Filmax";"30/06/2023";17226.0;2889;2023;"";"Unicornios";""
"Espíritu de la colmena, El (1973) (re)";"Avalon Distribución";"01/09/2023";16106.0;3023;2023;1973.0;"Espíritu de la colmena";"El"
"Tadeo Jones 3. La tabla esmeralda";"Paramount Int'l";"26/08/2022";15670.0;3288;2023;"";"Tadeo Jones 3. La tabla esmeralda";""
"Bidasoa 2018-2023";"Barton";"20/10/2023";15642.0;2877;2023;"";"Bidasoa 2018-2023";""
"Mesita del comedor, La";"Independent";"30/11/2023";15380.0;2222;2023;"";"Mesita del comedor";"La"
"Ruta salvatge";"A Contracorriente";"17/11/2023";14081.0;2339;2023;"";"Ruta salvatge";""
"Kepler Sexto B";"Filmax";"16/06/2023";13966.0;2455;2023;"";"Kepler Sexto B";""
"Home e o can, O";"Baños Films";"20/10/2023";13675.0;2353;2023;"";"Home e o can, O";""
"Sur, El (1983) (re)";"Avalon Distribución";"01/09/2023";13246.0;2554;2023;1983.0;"Sur";"El"
"Piel del tambor, La";"Flins y Piniculas";"21/10/2022";12512.0;2187;2023;"";"Piel del tambor";"La"
"En temporada baja";"Begin Again Films";"14/04/2023";12035.0;2248;2023;"";"En temporada baja";""
"Amiga de mi amiga, La";"Begin Again Films";"03/02/2023";11959.0;2071;2023;"";"Amiga de mi amiga";"La"
"Aníbal, el arquitecto de Sevilla";"Mosaico";"24/11/2023";11652.0;2260;2023;"";"Aníbal, el arquitecto de Sevilla";""
"Cristina Garcia Rodero: La mirada oculta";"Wanda";"01/12/2023";11510.0;1644;2023;"";"Cristina Garcia Rodero: La mirada oculta";""
"Imatge permanent, La";"Aventura Cine";"17/11/2023";11173.0;1906;2023;"";"Imatge permanent";"La"
"Madre no hay mas que una";"European Dreams Factory";"20/10/2023";10513.0;1632;2023;"";"Madre no hay mas que una";""
"Cerdita";"Filmax";"14/10/2022";10029.0;2680;2023;"";"Cerdita";""
"Quan no acaba la nit (Cuando la noche no termina)";"ConUnPack";"27/10/2023";8989.0;1485;2023;"";"Quan no acaba la nit (Cuando la noche no termina)";""
"Desmadre incluido";"39 Escalones";"22/09/2023";8517.0;1424;2023;"";"Desmadre incluido";""
"Labordeta, un hombre sin más";"Urresti Producciones";"23/09/2022";8426.0;2108;2023;"";"Labordeta, un hombre sin más";""
"Bosque Salvaje de Pardomino, El";"Independent";"04/05/2023";8352.0;1497;2023;"";"Bosque Salvaje de Pardomino";"El"
"Caballos";"Proyecfilm";"23/11/2023";8303.0;1342;2023;"";"Caballos";""
"Medjugorje, la pelicula";"European Dreams Factory";"01/10/2021";8051.0;1118;2023;"";"Medjugorje, la pelicula";""
"Sintiendolo mucho";"Avalon Distribución";"17/11/2022";7815.0;1635;2023;"";"Sintiendolo mucho";""
"Parir";"Caracter Films";"10/10/2023";7755.0;1242;2023;"";"Parir";""
"Techo amarillo, El";"Bteam Pictures";"16/12/2022";7595.0;1527;2023;"";"Techo amarillo";"El"
"Secundarias";"La Esgueva Films";"17/11/2023";7565.0;1284;2023;"";"Secundarias";""
"Caleta Palace";"Independent";"24/11/2023";7409.0;1350;2023;"";"Caleta Palace";""
"Caso Padilla, El";"Sherlock";"02/06/2023";7342.0;1223;2023;"";"Caso Padilla";"El"
"Singla, La";"Atera Films";"10/11/2023";7320.0;1389;2023;"";"Singla";"La"
"Cante Jondo, Granada 1922";"Independent";"02/02/2023";7297.0;1890;2023;"";"Cante Jondo, Granada 1922";""
"Tiempo de Zarzuela";"Version Digital";"10/10/2023";7293.0;1210;2023;"";"Tiempo de Zarzuela";""
"Slasher";"Cinmawings";"12/05/2023";7292.0;1198;2023;"";"Slasher";""
"Cenerentola, La -Teatro Real (Opera)";"Version Digital";"23/11/2023";7190.0;712;2023;"";"Cenerentola, La -Teatro Real (Opera)";""
"Imposible, Lo";"Warner Bros";"11/10/2012";7000.0;886;2023;"";"Imposible, Lo";""
"Constructores de la Alhambra, Los";"Version Digital";"25/11/2022";6877.0;1102;2023;"";"Constructores de la Alhambra";"Los"
"Madre ven";"European Dreams Factory";"25/11/2022";6759.0;931;2023;"";"Madre ven";""
"Jorge. Una travesía de Coque Malla";"Lasdelcine Producciones Aud.";"20/01/2023";6758.0;996;2023;"";"Jorge. Una travesía de Coque Malla";""
"Leonora Carrington. El juego surrealista";"Caramel Films";"12/05/2023";6753.0;1140;2023;"";"Leonora Carrington. El juego surrealista";""
"Mala familia, La";"Sideral";"05/05/2023";6538.0;1175;2023;"";"Mala familia";"La"
"Un dia Lobo Lopez";"Maleta Films";"21/03/2023";6511.0;1264;2023;"";"Un dia Lobo Lopez";""
"1212. La batalla de Las Navas de Tolosa";"39 Escalones";"02/11/2023";6492.0;993;2023;"";"1212. La batalla de Las Navas de Tolosa";""
"Sueño de la sultana, El";"Filmin";"17/11/2023";6204.0;1087;2023;"";"Sueño de la sultana";"El"
"En los margenes";"Vertice";"07/10/2022";6127.0;1735;2023;"";"En los margenes";""
"A los libros y a las mujeres canto";"Txintxua Films";"21/04/2023";6122.0;1130;2023;"";"A los libros y a las mujeres canto";""
"Tregua(s)";"Syldavia";"22/09/2023";5787.0;1043;2023;"";"Tregua(s)";""
"Agua, El";"Elastica";"04/11/2022";5770.0;1577;2023;"";"Agua";"El"
"Bailar la locura";"Independent";"18/01/2023";5680.0;892;2023;"";"Bailar la locura";""
"Efecto All 1, El";"Independent";"02/02/2023";5676.0;543;2023;"";"Efecto All 1";"El"
"Vida de Brianeitor, La";"Notorious Pictures Spain";"11/10/2023";5651.0;923;2023;"";"Vida de Brianeitor";"La"
"Girasoles silvestres";"A Contracorriente";"14/10/2022";5337.0;1560;2023;"";"Girasoles silvestres";""
"Goya. El ojo que escucha";"Version Digital";"28/10/2022";5201.0;812;2023;"";"Goya. El ojo que escucha";""
"Mestra, La";"Ambra Projectes Culturals";"01/11/2023";5157.0;699;2023;"";"Mestra";"La"
"Un año, una noche";"Bteam Pictures";"21/10/2022";5088.0;1373;2023;"";"Un año, una noche";""
"Goerlich: El arquitecto que soño su ciudad";"Independent";"25/04/2023";4856.0;1014;2023;"";"Goerlich: El arquitecto que soño su ciudad";""
"Paradoja de Antares, La";"ConUnPack";"27/06/2023";4790.0;924;2023;"";"Paradoja de Antares";"La"
"Literato";"Independent";"24/11/2023";4676.0;820;2023;"";"Literato";""
"Panda contra Aliens";"39 Escalones";"08/09/2023";4583.0;774;2023;"";"Panda contra Aliens";""
"Venus";"Begin Again Films";"17/02/2023";4514.0;683;2023;"";"Venus";""
"Alteritats";"Noucinemart";"13/06/2023";4284.0;824;2023;"";"Alteritats";""
"Mujeres olvidadas";"Oliete Films";"09/06/2023";4212.0;732;2023;"";"Mujeres olvidadas";""
"Liuben";"Syldavia";"06/07/2023";4156.0;721;2023;"";"Liuben";""
"Cuanto me queda";"A Contracorriente";"20/12/2023";4005.0;679;2023;"";"Cuanto me queda";""
"Camino de la suerte";"Begin Again Films";"20/10/2023";3991.0;686;2023;"";"Camino de la suerte";""
"Bidean Jarraituz. Siguiendo en el camino";"Independent";"10/02/2023";3977.0;603;2023;"";"Bidean Jarraituz. Siguiendo en el camino";""
"Velazquez, el poder y el arte";"Version Digital";"11/11/2022";3779.0;543;2023;"";"Velazquez, el poder y el arte";""
"Amanece";"Syldavia";"17/11/2023";3688.0;634;2023;"";"Amanece";""
"Consagración de la primavera, La";"Aventura Cine";"30/09/2022";3640.0;1059;2023;"";"Consagración de la primavera";"La"
"Pecera, La";"Sideral";"26/05/2023";3571.0;687;2023;"";"Pecera";"La"
"Satisfaction: sexo sin tapujos";"Independent";"13/06/2023";3442.0;604;2023;"";"Satisfaction: sexo sin tapujos";""
"Viejos";"La Dalia Films";"17/03/2023";3349.0;584;2023;"";"Viejos";""
"Saldos, Los";"Acariño Films";"09/06/2023";3257.0;578;2023;"";"Saldos";"Los"
"Regreso a Raqqa";"Minimal Films";"27/01/2023";3036.0;542;2023;"";"Regreso a Raqqa";""
"Una noche con Adela";"ConUnPack";"01/12/2023";2978.0;470;2023;"";"Una noche con Adela";""
"Mi vida sin mí (2003) (re)";"Independent";"20/11/2023";2961.0;299;2023;2003.0;"Mi vida sin mí";""
"Luis Cernuda, el habitante del olvido";"39 Escalones";"26/10/2023";2943.0;531;2023;"";"Luis Cernuda, el habitante del olvido";""
"Maria Casares, la mujer que vivio mil vidas";"Syldavia";"10/03/2023";2877.0;638;2023;"";"Maria Casares, la mujer que vivio mil vidas";""
"Capitan Carver";"ConUnPack";"24/01/2023";2792.0;422;2023;"";"Capitan Carver";""
"Bull Run";"Caracter Films";"26/04/2024";2731.0;565;2023;"";"Bull Run";""
"Venus (2022)";"Sony";"02/12/2022";2710.0;521;2023;2022.0;"Venus";""
"Cuerpo abierto (O Corpo Aberto)";"Filmax";"09/12/2022";2688.0;585;2023;"";"Cuerpo abierto (O Corpo Aberto)";""
"Marco Polo";"Begin Again Films";"01/09/2023";2644.0;396;2023;"";"Marco Polo";""
"Unicorn Wars";"Barton";"21/10/2022";2603.0;627;2023;"";"Unicorn Wars";""
"Julia";"Independent";"14/09/2023";2600.0;400;2023;"";"Julia";""
"Menina Casilda";"Independent";"13/04/2023";2581.0;399;2023;"";"Menina Casilda";""
"Cartas perdidas, Las (La carcel y el exilio de las mujeres republicanas)";"Syldavia";"13/05/2022";2567.0;497;2023;"";"Cartas perdidas, Las (La carcel y el exilio de las mujeres republicanas)";""
"Ultima noche de Sandra M., La";"Flamingo Films";"15/12/2023";2560.0;445;2023;"";"Ultima noche de Sandra M.";"La"
"Noches de Tefía, Las (Capítulo 1 y 2)";"Beta Fiction";"22/06/2023";2532.0;389;2023;"";"Noches de Tefía, Las (Capítulo 1 y 2)";""
"Hay una puerta ahi";"A Contracorriente";"01/11/2023";2505.0;420;2023;"";"Hay una puerta ahi";""
"Nato 0. El origen del mal";"ConUnPack";"09/06/2023";2449.0;463;2023;"";"Nato 0. El origen del mal";""
"Anwar (Lleno de luz)";"Independent";"25/11/2022";2448.0;438;2023;"";"Anwar (Lleno de luz)";""
"Muyeres";"Independent";"16/12/2023";2444.0;431;2023;"";"Muyeres";""
"Hafreiat";"Begin Again Films";"19/05/2023";2437.0;414;2023;"";"Hafreiat";""
"Rioja, la tierra de los mil vinos";"Version Digital";"10/11/2023";2436.0;465;2023;"";"Rioja, la tierra de los mil vinos";""
"Lincessa. Los silencios del bosque";"ConUnPack";"21/04/2023";2362.0;483;2023;"";"Lincessa. Los silencios del bosque";""
"Semilla del son";"Karma";"10/11/2023";2297.0;353;2023;"";"Semilla del son";""
"Hogar, El";"Independent";"03/03/2023";2261.0;280;2023;"";"Hogar";"El"
"A las mujeres de España, Maria Lejarraga";"Summer Films";"11/03/2022";2193.0;615;2023;"";"A las mujeres de España, Maria Lejarraga";""
"Renglones torcidos de Dios, Los";"Warner Bros";"06/10/2022";2187.0;554;2023;"";"Renglones torcidos de Dios";"Los"
"Benito Perez Buñuel";"Karma";"24/03/2023";2111.0;843;2023;"";"Benito Perez Buñuel";""
"Gleich";"Begin Again Films";"10/11/2023";2095.0;338;2023;"";"Gleich";""
"Memoria Escondida, La";"Begin Again Films";"23/06/2023";2034.0;370;2023;"";"Memoria Escondida";"La"
"No mires a los ojos";"Universal";"04/11/2022";2021.0;501;2023;"";"No mires a los ojos";""
"Caballeros de Santiago, Los";"Independent";"14/06/2023";2017.0;504;2023;"";"Caballeros de Santiago";"Los"
"Contigo, contigo, y sin mí";"Potenza Producciones";"09/11/2023";2006.0;336;2023;"";"Contigo, contigo, y sin mí";""
"Beso de Dios, El";"European Dreams Factory";"22/04/2022";1996.0;287;2023;"";"Beso de Dios";"El"
"21 Paraiso";"Begin Again Films";"21/11/2023";1969.0;398;2023;"";"21 Paraiso";""
"Toda una vida";"Filmin";"26/05/2023";1939.0;344;2023;"";"Toda una vida";""
"Un largo viaje";"Premium";"10/11/2023";1916.0;294;2023;"";"Un largo viaje";""
"Libreria, La";"A Contracorriente";"10/11/2017";1913.0;492;2023;"";"Libreria";"La"
"Isosceles";"Puntal Films";"03/03/2023";1908.0;436;2023;"";"Isosceles";""
"No, no quiero";"Vertigo Films";"24/11/2023";1872.0;450;2023;"";"No, no quiero";""
"Importancia de llamarse Ernesto y la gilipollez de llamarse Eric, La";"Oliete Films";"10/11/2023";1864.0;365;2023;"";"Importancia de llamarse Ernesto y la gilipollez de llamarse Eric";"La"
"Persona (no) humana";"Phoenix Entertaiment";"17/02/2023";1845.0;274;2023;"";"Persona (no) humana";""
"Vasil";"Filmax";"04/11/2022";1751.0;575;2023;"";"Vasil";""
"Quest";"Nanouk Films";"01/12/2023";1707.0;361;2023;"";"Quest";""
"De interes general (Un barrio por un parque)";"Independent";"03/02/2022";1697.0;299;2023;"";"De interes general (Un barrio por un parque)";""
"Pacifiction";"Elastica";"02/09/2022";1676.0;273;2023;"";"Pacifiction";""
"Quatre Raons";"Independent";"07/06/2023";1632.0;309;2023;"";"Quatre Raons";""
"Clara Campoamor, un voto para despertar";"Independent";"19/02/2023";1620.0;379;2023;"";"Clara Campoamor, un voto para despertar";""
"918 gau";"Begin Again Films";"30/09/2022";1583.0;301;2023;"";"918 gau";""
"Yerma 2030: La España VaciLada";"Independent";"16/11/2023";1536.0;96;2023;"";"Yerma 2030: La España VaciLada";""
"Teoria dels cossos";"Independent";"24/11/2023";1431.0;227;2023;"";"Teoria dels cossos";""
"Living Kultur";"Selected Films";"01/06/2023";1418.0;585;2023;"";"Living Kultur";""
"Run Baby Run";"Independent";"24/11/2023";1398.0;198;2023;"";"Run Baby Run";""
"Juego, El";"Vertice";"01/09/2023";1389.0;233;2023;"";"Juego";"El"
"Corazon de Padre";"European Dreams Factory";"18/03/2022";1376.0;197;2023;"";"Corazon de Padre";""
"Yo tenia una vida";"Begin Again Films";"24/11/2023";1361.0;310;2023;"";"Yo tenia una vida";""
"42 Segundos";"Universal";"02/09/2022";1340.0;186;2023;"";"42 Segundos";""
"Kené";"Tiempos Dificiles Films";"27/10/2023";1261.0;213;2023;"";"Kené";""
"Ahora la luz cae vertical";"Independent";"06/10/2023";1252.0;266;2023;"";"Ahora la luz cae vertical";""
"Terenci: La fabulación infinita";"Filmin";"15/09/2023";1244.0;209;2023;"";"Terenci: La fabulación infinita";""
"Embrujo de Quijat, El";"Independent";"06/11/2023";1232.0;411;2023;"";"Embrujo de Quijat";"El"
"Dulce sabor del éxito, El";"Independent";"15/11/2023";1230.0;213;2023;"";"Dulce sabor del éxito";"El"
"Nacer por nacer";"Independent";"30/06/2023";1216.0;205;2023;"";"Nacer por nacer";""
"My Way Out";"Atera Films";"31/03/2023";1216.0;216;2023;"";"My Way Out";""
"In Albis";"Independent";"28/09/2023";1210.0;191;2023;"";"In Albis";""
"Balas y Katanas";"Independent";"26/05/2023";1206.0;169;2023;"";"Balas y Katanas";""
"Efecto Darma, El";"Molonko Films";"15/09/2023";1203.0;204;2023;"";"Efecto Darma";"El"
"Bisbal";"Independent";"12/10/2023";1200.0;150;2023;"";"Bisbal";""
"Viento Sur";"A Contracorriente";"14/07/2023";1180.0;182;2023;"";"Viento Sur";""
"Mundo es suyo, El";"Warner Bros";"22/06/2018";1163.0;306;2023;"";"Mundo es suyo";"El"
"Mundo es nuestro, El";"Festival Films";"22/06/2012";1163.0;306;2023;"";"Mundo es nuestro";"El"
"Sol del Sur. El viaje de Mario Diaz";"Independent";"13/11/2023";1156.0;220;2023;"";"Sol del Sur. El viaje de Mario Diaz";""
"Caballos mueren al amanecer, Los";"Independent";"14/03/2023";1142.0;204;2023;"";"Caballos mueren al amanecer";"Los"
"5 dias con Eva";"Independent";"17/03/2023";1134.0;157;2023;"";"5 dias con Eva";""
"M'esperaras?";"Independent";"19/10/2018";1097.0;283;2023;"";"M'esperaras?";""
"Hada de las estaciones, El";"Rita & Luca";"27/03/2023";1086.0;220;2023;"";"Hada de las estaciones";"El"
"Petricor";"Independent";"26/07/2022";1082.0;287;2023;"";"Petricor";""
"Reyes contra Santa";"TriPictures";"18/11/2022";1053.0;207;2023;"";"Reyes contra Santa";""
"People Fuck You Know";"CineAND Distribución";"17/11/2023";1036.0;174;2023;"";"People Fuck You Know";""
"Shooting for Mirza";"Margenes Distribucion";"24/02/2023";1022.0;205;2023;"";"Shooting for Mirza";""
"Soy una buena persona";"Independent";"24/03/2023";1019.0;188;2023;"";"Soy una buena persona";""
"A Dios pongo por testigo";"Independent";"09/03/2022";1017.0;146;2023;"";"A Dios pongo por testigo";""
"Corriente, La. Ibiza Blue";"ConUnPack";"16/06/2023";1011.0;215;2023;"";"Corriente, La. Ibiza Blue";""
"Valentina";"Super 8";"10/12/2021";984.0;241;2023;"";"Valentina";""
"Tres muertes de Teofilo del Valle, Las";"Independent";"09/05/2023";974.0;270;2023;"";"Tres muertes de Teofilo del Valle";"Las"
"Gran Camino, El";"Super 8";"25/06/2021";973.0;167;2023;"";"Gran Camino";"El"
"Alegres tiempos ""el concierto""";"Independent";"31/03/2023";970.0;97;2023;"";"Alegres tiempos ""el concierto""";""
"Novelda-Japon";"Eigakan Films";"10/05/2023";963.0;181;2023;"";"Novelda-Japon";""
"Bienvenido Mr. Banksy";"Cuerda Floja";"03/03/2023";958.0;168;2023;"";"Bienvenido Mr. Banksy";""
"Negros, Los";"European Dreams Factory";"25/03/2022";957.0;225;2023;"";"Negros";"Los"
"Black is Beltza II: Ainhoa";"Barton";"30/09/2022";924.0;199;2023;"";"Black is Beltza II: Ainhoa";""
"Carpetas azules";"Independent";"08/11/2022";910.0;189;2023;"";"Carpetas azules";""
"Placido (1961) (re)";"Independent";"03/12/2018";906.0;177;2023;1961.0;"Placido";""
"Virgen de Agosto, La";"Bteam Pictures";"15/08/2019";890.0;163;2023;"";"Virgen de Agosto";"La"
"Sinfonia por un nuevo mundo";"Independent";"18/01/2023";872.0;140;2023;"";"Sinfonia por un nuevo mundo";""
"Ganado o Desierto";"39 Escalones";"18/10/2023";868.0;127;2023;"";"Ganado o Desierto";""
"Amanece, que no es poco (1989) (re)";"Independent";"23/03/2023";861.0;182;2023;1989.0;"Amanece, que no es poco";""
"Memoria del cine: una película sobre Fernando Méndez-Leite, La";"A Contracorriente";"10/11/2023";854.0;190;2023;"";"Memoria del cine: una película sobre Fernando Méndez-Leite";"La"
"Kepa Junkera Berpiztu / Kepa Junkera Renacer";"Barton";"02/12/2022";843.0;154;2023;"";"Kepa Junkera Berpiztu / Kepa Junkera Renacer";""
"Matadero";"Begin Again Films";"09/12/2022";835.0;168;2023;"";"Matadero";""
"Mision a Marte";"Vitrine Filmes";"29/09/2023";824.0;165;2023;"";"Mision a Marte";""
"Stockholm";"Festival Films";"08/11/2013";820.0;136;2023;"";"Stockholm";""
"Beato. El origen del Xacobeo";"39 Escalones";"09/11/2023";794.0;148;2023;"";"Beato. El origen del Xacobeo";""
"Ultima Lidia, La";"Moon Entertainment";"12/05/2023";777.0;174;2023;"";"Ultima Lidia";"La"
"Crossroads, el viaje circular de Boa Mistura";"Digital 104";"18/10/2023";775.0;280;2023;"";"Crossroads, el viaje circular de Boa Mistura";""
"Ilegales 82";"Independent";"02/06/2023";774.0;297;2023;"";"Ilegales 82";""
"Arnasa betean. A pulmón";"Independent";"09/11/2023";756.0;154;2023;"";"Arnasa betean. A pulmón";""
"Vacaciones de Yoko, Las";"Barton";"02/12/2022";749.0;189;2023;"";"Vacaciones de Yoko";"Las"
"Feliz no cumpleaños";"Independent";"07/11/2023";748.0;149;2023;"";"Feliz no cumpleaños";""
"Cancion perdida";"Independent";"06/05/2023";743.0;245;2023;"";"Cancion perdida";""
"Acordes de la memoria, Los";"Independent";"30/05/2021";740.0;96;2023;"";"Acordes de la memoria";"Los"
"Niñas, Las";"Bteam Pictures";"04/09/2020";737.0;137;2023;"";"Niñas";"Las"
"ADN de la memoria, El";"Independent";"18/12/2023";735.0;141;2023;"";"ADN de la memoria";"El"
"Sola";"Independent";"19/05/2023";718.0;132;2023;"";"Sola";""
"Un cielo impasible";"Independent";"20/01/2023";706.0;154;2023;"";"Un cielo impasible";""
"Batalla del viento, La";"Independent";"12/05/2023";706.0;145;2023;"";"Batalla del viento";"La"
"Mi barrio: Vallecas";"Independent";"30/09/2023";696.0;115;2023;"";"Mi barrio: Vallecas";""
"Cria cuervos (1976) (re)";"Mercury Films";"13/12/2022";694.0;188;2023;1976.0;"Cria cuervos";""
"Por un puñado de dolares (1964) (re)";"Mercury Films";"04/04/2023";693.0;143;2023;1964.0;"Por un puñado de dolares";""
"Set de Dau Arnau";"Fromzero Cinema";"20/04/2023";678.0;107;2023;"";"Set de Dau Arnau";""
"Visita y un Jardín Secreto, La";"Begin Again Films";"25/11/2022";661.0;121;2023;"";"Visita y un Jardín Secreto";"La"
"Cabeza y corazon";"Begin Again Films";"01/12/2023";656.0;102;2023;"";"Cabeza y corazon";""
"Viridiana (1961) (re)";"Independent";"10/04/2023";650.0;186;2023;1961.0;"Viridiana";""
"Valhalla, cielo de roca";"Independent";"09/11/2023";648.0;109;2023;"";"Valhalla, cielo de roca";""
"Una rosa para Soler";"Independent";"22/10/2023";639.0;133;2023;"";"Una rosa para Soler";""
"Cero.5, A";"Syldavia";"24/03/2023";622.0;95;2023;"";"Cero.5, A";""
"Codon es un maquina";"Independent";"09/12/2023";622.0;152;2023;"";"Codon es un maquina";""
"Dias de futbol (2003) (re)";"Vertice";"08/06/2023";609.0;101;2023;2003.0;"Dias de futbol";""
"Hable con ella (2002) (re)";"El Deseo";"30/05/2023";605.0;170;2023;2002.0;"Hable con ella";""
"AlterNativas: Construyendo futuros posibles";"Independent";"25/04/2023";600.0;169;2023;"";"AlterNativas: Construyendo futuros posibles";""
"Novia, La";"Bteam Pictures";"11/12/2015";598.0;96;2023;"";"Novia";"La"
"Sueño de Sigena, El";"Alfa Pictures";"09/11/2021";598.0;115;2023;"";"Sueño de Sigena";"El"
"Espejo, El";"Independent";"22/10/2022";581.0;114;2023;"";"Espejo";"El"
"Beach House";"Syldavia";"27/07/2023";580.0;122;2023;"";"Beach House";""
"Valle del Concavenator, El";"Independent";"24/02/2023";572.0;103;2023;"";"Valle del Concavenator";"El"
"Operacion Brooklyn";"Independent";"25/07/2023";571.0;187;2023;"";"Operacion Brooklyn";""
"Tacones sobre ruedas";"Independent";"16/12/2022";565.0;84;2023;"";"Tacones sobre ruedas";""
"Naturaleza muerta Sexy Sadie";"Independent";"27/07/2023";555.0;181;2023;"";"Naturaleza muerta Sexy Sadie";""
"Donde acaba la memoria";"Surtsey Films";"02/12/2022";530.0;105;2023;"";"Donde acaba la memoria";""
"Joven Paulo Coelho, El";"Vercine";"23/12/2016";524.0;89;2023;"";"Joven Paulo Coelho";"El"
"Gallina Turuleca, La";"Filmax";"01/01/2020";520.0;130;2023;"";"Gallina Turuleca";"La"
"Mediterraneo";"DeAPlaneta";"01/10/2021";515.0;100;2023;"";"Mediterraneo";""
"Barrio (1998) (re)";"Independent";"11/05/2023";515.0;85;2023;1998.0;"Barrio";""
"De eso no hablamos";"Independent";"13/06/2023";515.0;110;2023;"";"De eso no hablamos";""
"Naturaleza de lo extraordinario";"Selected Films";"12/05/2023";514.0;198;2023;"";"Naturaleza de lo extraordinario";""
"Remember My Name";"Boogaloo";"24/11/2023";511.0;87;2023;"";"Remember My Name";""
"Estols";"Fromzero Cinema";"29/09/2023";511.0;126;2023;"";"Estols";""
"Heavies Tiernos";"Paycom Multimedia";"22/12/2023";504.0;82;2023;"";"Heavies Tiernos";""
"Demonios de barro, Los";"Syldavia";"18/11/2022";496.0;321;2023;"";"Demonios de barro";"Los"
"Tetuan";"Independent";"06/10/2023";494.0;123;2023;"";"Tetuan";""
"Mas que amor, frenesi (1996) (re)";"Independent";"06/07/2023";493.0;89;2023;1996.0;"Mas que amor, frenesi";""
"Tolyatti Adrift";"Begin Again Films";"28/10/2022";488.0;92;2023;"";"Tolyatti Adrift";""
"Splendid Hotel. Rimbaud en Africa";"Independent";"15/12/2023";483.0;81;2023;"";"Splendid Hotel. Rimbaud en Africa";""
"Magical Girl";"Avalon Distribución";"17/10/2014";475.0;99;2023;"";"Magical Girl";""
"Entre montañas";"Wanda";"12/04/2023";475.0;95;2023;"";"Entre montañas";""
"10 de marzo";"Independent";"24/11/2022";469.0;91;2023;"";"10 de marzo";""
"Inmotep";"Independent";"21/04/2023";459.0;72;2023;"";"Inmotep";""
"Reina de España, La";"Universal";"25/11/2016";451.0;154;2023;"";"Reina de España";"La"
"Deprisa, deprisa (1981) (re)";"Independent";"25/02/2021";446.0;216;2023;1981.0;"Deprisa, deprisa";""
"Frente al silencio";"Independent";"05/11/2023";442.0;147;2023;"";"Frente al silencio";""
"L'eternitat";"Independent";"17/03/2023";441.0;74;2023;"";"L'eternitat";""
"Verano 1993";"Avalon Distribución";"30/06/2017";440.0;118;2023;"";"Verano 1993";""
"H";"Vitrine Filmes";"22/06/2023";436.0;74;2023;"";"H";""
"Maria y la pelicula olvidada";"Independent";"28/07/2023";434.0;149;2023;"";"Maria y la pelicula olvidada";""
"Orrit, Los";"Independent";"25/05/2023";430.0;75;2023;"";"Orrit";"Los"
"Comensal, El";"A Contracorriente";"27/05/2022";430.0;115;2023;"";"Comensal";"El"
"Mama no enRedes";"DeAPlaneta";"01/07/2022";430.0;151;2023;"";"Mama no enRedes";""
"Black is Beltza";"Barton";"05/10/2018";418.0;110;2023;"";"Black is Beltza";""
"Fernanda y Bernarda";"Independent";"21/11/2023";417.0;81;2023;"";"Fernanda y Bernarda";""
"Retablo de las maravillas. Apuntes para una pelicula sobre el Quijote, El";"Independent";"22/04/2023";414.0;80;2023;"";"Retablo de las maravillas. Apuntes para una pelicula sobre el Quijote";"El"
"Footprints El Camino de tu Vida";"Infinito mas uno";"23/09/2016";409.0;72;2023;"";"Footprints El Camino de tu Vida";""
"Ignifugas";"Independent";"29/05/2023";408.0;89;2023;"";"Ignifugas";""
"Fusilados";"Independent";"10/05/2022";404.0;84;2023;"";"Fusilados";""
"D'Artacan y los tres mosqueperros";"A Contracorriente";"18/08/2021";400.0;70;2023;"";"D'Artacan y los tres mosqueperros";""
"Absolución de Juan Alfredo Amil";"Independent";"15/12/2023";400.0;68;2023;"";"Absolución de Juan Alfredo Amil";""
"Que sabemos, Lo";"ConUnPack";"25/11/2022";399.0;109;2023;"";"Que sabemos, Lo";""
"Tirabeque, El";"Independent";"25/11/2022";393.0;63;2023;"";"Tirabeque";"El"
"Julia y Fernando, una historia de vida";"Independent";"15/01/2023";392.0;126;2023;"";"Julia y Fernando, una historia de vida";""
"Pepi, Luci, Bom y otras chicas del monton (1980) (re)";"Mercury Films";"08/06/2023";388.0;76;2023;1980.0;"Pepi, Luci, Bom y otras chicas del monton";""
"Caja vacia, La";"Independent";"28/02/2023";383.0;76;2023;"";"Caja vacia";"La"
"Carne roja (Conducta animal)";"Independent";"28/05/2018";383.0;84;2023;"";"Carne roja (Conducta animal)";""
"Diamond Flash";"Independent";"13/04/2023";382.0;44;2023;"";"Diamond Flash";""
"Fauna";"Nanouk Films";"10/11/2023";371.0;75;2023;"";"Fauna";""
"Quijote en Nueva York";"Independent";"05/12/2023";364.0;373;2023;"";"Quijote en Nueva York";""
"Cantuña";"Independent";"22/06/2023";364.0;52;2023;"";"Cantuña";""
"Vitoria, 3 de marzo";"Filmax";"01/05/2019";360.0;60;2023;"";"Vitoria, 3 de marzo";""
"Hija de todas las rabias, La";"Sherlock";"21/04/2023";359.0;70;2023;"";"Hija de todas las rabias";"La"
"Voy a pasarmelo bien";"Sony";"12/08/2022";359.0;146;2023;"";"Voy a pasarmelo bien";""
"Palabra justa, La";"Independent";"19/02/2018";356.0;66;2023;"";"Palabra justa";"La"
"Licantropia";"Independent";"18/12/2023";348.0;58;2023;"";"Licantropia";""
"Cádiz-Madriz";"Independent";"12/09/2023";348.0;99;2023;"";"Cádiz-Madriz";""
"Nazdrave Amigo!";"Independent";"17/10/2023";344.0;69;2023;"";"Nazdrave Amigo!";""
"¿Capaz o Incapaz?";"Independent";"06/06/2023";335.0;70;2023;"";"¿Capaz o Incapaz?";""
"Explotando el Eden, lle-a-Vache";"Independent";"14/09/2023";331.0;99;2023;"";"Explotando el Eden, lle-a-Vache";""
"Fueron los días";"Independent";"18/12/2023";322.0;53;2023;"";"Fueron los días";""
"Agua";"Tiempos Dificiles Films";"11/02/2022";321.0;38;2023;"";"Agua";""
"FREE, Salir es posible";"Independent";"21/10/2023";316.0;162;2023;"";"FREE, Salir es posible";""
"Dolor impune";"Independent";"05/11/2023";298.0;46;2023;"";"Dolor impune";""
"Rabia kontra la makina";"Independent";"10/09/2022";296.0;48;2023;"";"Rabia kontra la makina";""
"Camino a Chicuelo";"Independent";"14/12/2022";295.0;44;2023;"";"Camino a Chicuelo";""
"Sinsombrero, Las";"Independent";"09/03/2022";292.0;65;2023;"";"Sinsombrero";"Las"
"Caza, La (1966) (re)";"Boccacio Distribucion";"10/03/2023";289.0;64;2023;1966.0;"Caza";"La"
"Guillermo Perez Villalta. Del agua y el Mediterraneo";"Independent";"21/11/2023";288.0;67;2023;"";"Guillermo Perez Villalta. Del agua y el Mediterraneo";""
"Once Upon a Place";"3boxmedia";"10/04/2021";284.0;44;2023;"";"Once Upon a Place";""
"Violeta no coge el ascensor";"Independent";"14/09/2023";284.0;52;2023;"";"Violeta no coge el ascensor";""
"Techo del mundo, El (1994) (re)";"Independent";"21/03/2023";283.0;63;2023;1994.0;"Techo del mundo";"El"
"Oswald. El falsificador";"Filmin";"30/09/2022";283.0;88;2023;"";"Oswald. El falsificador";""
"Afterwater";"Independent";"06/10/2023";280.0;53;2023;"";"Afterwater";""
"Emilia";"Barton";"11/11/2022";279.0;57;2023;"";"Emilia";""
"Sueños y pan";"Independent";"25/07/2023";277.0;89;2023;"";"Sueños y pan";""
"Sender Barayon. Viaje hacia la luz";"Independent";"18/04/2023";277.0;54;2023;"";"Sender Barayon. Viaje hacia la luz";""
"Memorias rotas";"Independent";"23/10/2023";277.0;68;2023;"";"Memorias rotas";""
"Vida Chipen, La";"Independent";"27/05/2022";277.0;80;2023;"";"Vida Chipen";"La"
"Jose Luis Lopez Vazquez: ¡Que disparate!";"Independent";"03/06/2023";275.0;50;2023;"";"Jose Luis Lopez Vazquez: ¡Que disparate!";""
"Orquesta terrestre, La";"Atera Films";"08/04/2022";272.0;272;2023;"";"Orquesta terrestre";"La"
"Uno para todos";"A Contracorriente";"18/09/2020";272.0;69;2023;"";"Uno para todos";""
"Feudo";"Independent";"14/12/2023";271.0;51;2023;"";"Feudo";""
"Hazlo por mi";"Digital 104";"09/05/2023";271.0;127;2023;"";"Hazlo por mi";""
"Mi cabeza me hace trampas";"Independent";"23/06/2023";267.0;51;2023;"";"Mi cabeza me hace trampas";""
"Oblideu Tosquelles!";"Independent";"22/12/2023";262.0;73;2023;"";"Oblideu Tosquelles!";""
"Carbon";"Bteam Pictures";"29/12/2023";258.0;35;2023;"";"Carbon";""
"Viaje a ninguna parte, El (1986) (re)";"Independent";"08/03/2023";258.0;86;2023;1986.0;"Viaje a ninguna parte";"El"
"Kapo, El";"Independent";"07/05/2023";252.0;249;2023;"";"Kapo";"El"
"13 Exorcismos";"Beta Fiction";"04/11/2022";251.0;54;2023;"";"13 Exorcismos";""
"Septiembre";"Independent";"06/10/2023";249.0;175;2023;"";"Septiembre";""
"Solo una vez";"A Contracorriente";"11/06/2021";248.0;148;2023;"";"Solo una vez";""
"Crossroads: Paco Roca";"Independent";"01/11/2017";245.0;75;2023;"";"Crossroads: Paco Roca";""
"Mujeres sin censura";"Independent";"21/12/2022";245.0;60;2023;"";"Mujeres sin censura";""
"El Bosco. El jardin de los sueños";"Version Digital";"09/06/2016";243.0;43;2023;"";"El Bosco. El jardin de los sueños";""
"Balada perdida, La";"Independent";"15/09/2023";238.0;87;2023;"";"Balada perdida";"La"
"Cuñados";"Filmax";"09/04/2021";236.0;53;2023;"";"Cuñados";""
"Dias de la noche, Los";"Independent";"07/06/2023";235.0;47;2023;"";"Dias de la noche";"Los"
"Sin libertad 20 años después";"Independent";"24/10/2023";230.0;71;2023;"";"Sin libertad 20 años después";""
"Barcelona, noche de invierno";"Splendor Films";"04/12/2015";228.0;57;2023;"";"Barcelona, noche de invierno";""
"Relatos salvajes";"Warner Bros";"17/10/2014";225.0;30;2023;"";"Relatos salvajes";""
"Libertad";"Avalon Distribución";"19/11/2021";220.0;95;2023;"";"Libertad";""
"Tierra y libertad (1995) (re)";"Independent";"10/05/2023";219.0;49;2023;1995.0;"Tierra y libertad";""
"Sonoma (Le film, pas le spectacle)";"Independent";"13/09/2023";215.0;34;2023;"";"Sonoma (Le film, pas le spectacle)";""
"Salvar el arbol (Zutik!)";"Filmax";"22/10/2021";213.0;61;2023;"";"Salvar el arbol (Zutik!)";""
"19";"Syldavia";"31/03/2023";212.0;35;2023;"";"19";""
"Siete Jereles";"Independent";"03/03/2023";211.0;37;2023;"";"Siete Jereles";""
"Conversaciones sobre el odio";"Moon Entertainment";"20/10/2023";206.0;36;2023;"";"Conversaciones sobre el odio";""
"Ciudad de la Selva. Fuxidos y guerrilleros en los montes de Casaio";"Independent";"20/09/2022";204.0;149;2023;"";"Ciudad de la Selva. Fuxidos y guerrilleros en los montes de Casaio";""
"Cambio de sentido";"Independent";"02/11/2023";202.0;31;2023;"";"Cambio de sentido";""
"Mapa";"Avalon Distribución";"01/02/2013";197.0;62;2023;"";"Mapa";""
"Siete mesas de billar frances (2007) (re)";"Independent";"20/06/2023";196.0;34;2023;2007.0;"Siete mesas de billar frances";""
"Sacromonte, los sabios de la tribu";"Independent";"28/05/2023";193.0;35;2023;"";"Sacromonte, los sabios de la tribu";""
"Pasajera, La";"Karma";"18/02/2022";193.0;48;2023;"";"Pasajera";"La"
"Gesto";"Independent";"22/11/2022";191.0;176;2023;"";"Gesto";""
"Costa Brava, Libano";"Avalon Distribución";"27/05/2022";189.0;92;2023;"";"Costa Brava, Libano";""
"Arte de la luz y la sombra, El";"Independent";"03/11/2023";187.0;26;2023;"";"Arte de la luz y la sombra";"El"
"Vestida de azul (1983) (re)";"Independent";"10/03/2023";186.0;53;2023;1983.0;"Vestida de azul";""
"Sinjar";"Filmax";"01/07/2022";184.0;94;2023;"";"Sinjar";""
"Red Ponzan, La";"Independent";"09/03/2023";182.0;137;2023;"";"Red Ponzan";"La"
"Ons";"Bteam Pictures";"18/12/2020";180.0;45;2023;"";"Ons";""
"Salvador Segui: Historia de un anarcosindicalista";"Independent";"20/04/2023";179.0;36;2023;"";"Salvador Segui: Historia de un anarcosindicalista";""
"Dreamers, la pelicula";"Independent";"18/01/2023";175.0;39;2023;"";"Dreamers, la pelicula";""
"Crack cero, El";"Filmax";"04/10/2019";175.0;50;2023;"";"Crack cero";"El"
"Estafa del amor, La";"Independent";"14/11/2023";175.0;88;2023;"";"Estafa del amor";"La"
"Una mujer fantastica";"Bteam Pictures";"12/10/2017";174.0;41;2023;"";"Una mujer fantastica";""
"Salvador Dali. Diarios de juventud";"Independent";"09/03/2021";173.0;31;2023;"";"Salvador Dali. Diarios de juventud";""
"Ama";"Filmax";"16/07/2021";165.0;33;2023;"";"Ama";""
"Dardara";"Atera Films";"18/03/2021";164.0;82;2023;"";"Dardara";""
"Mironins. La pelicula";"Independent";"03/12/2021";164.0;41;2023;"";"Mironins. La pelicula";""
"Dejen de prohibir que no alcanzo a desobedecer todo";"Independent";"30/09/2023";164.0;37;2023;"";"Dejen de prohibir que no alcanzo a desobedecer todo";""
"Objetos";"Filmax";"30/09/2022";161.0;31;2023;"";"Objetos";""
"Silencio de otros, El";"Bteam Pictures";"16/11/2018";160.0;40;2023;"";"Silencio de otros";"El"
"Tengamos la fiesta en Paz";"Infinito mas uno";"03/12/2021";160.0;32;2023;"";"Tengamos la fiesta en Paz";""
"Comuneros";"ConUnPack";"17/06/2022";160.0;33;2023;"";"Comuneros";""
"Padre no hay mas que uno 3";"Sony";"14/07/2022";158.0;52;2023;"";"Padre no hay mas que uno 3";""
"Quien te cantara";"Caramel Films";"26/10/2018";157.0;32;2023;"";"Quien te cantara";""
"Claret";"Proyecfilm";"24/09/2021";152.0;26;2023;"";"Claret";""
"Un novio para mi mujer";"Universal";"22/07/2022";151.0;47;2023;"";"Un novio para mi mujer";""
"Trinta Lumes";"Elamedia";"08/02/2019";151.0;31;2023;"";"Trinta Lumes";""
"Europeos, Los";"Filmax";"20/11/2020";150.0;30;2023;"";"Europeos";"Los"
"Odradek";"Marvin & Wayne";"02/06/2023";148.0;24;2023;"";"Odradek";""
"Guerra mas larga, La";"Independent";"18/11/2021";146.0;32;2023;"";"Guerra mas larga";"La"
"Sin ti no puedo";"Filmax";"03/06/2022";145.0;51;2023;"";"Sin ti no puedo";""
"Robin Bank";"39 Escalones";"23/09/2022";144.0;118;2023;"";"Robin Bank";""
"Hijo del acordeonista, El (Soinujolearen semea)";"Filmax";"12/04/2019";144.0;72;2023;"";"Hijo del acordeonista, El (Soinujolearen semea)";""
"Precio del oro, El";"Independent";"11/05/2023";144.0;69;2023;"";"Precio del oro";"El"
"Todos contra mí";"Independent";"12/09/2023";140.0;38;2023;"";"Todos contra mí";""
"Derrota, La";"Independent";"19/10/2023";140.0;28;2023;"";"Derrota";"La"
"Sonic Fantasy";"Independent";"28/10/2021";138.0;41;2023;"";"Sonic Fantasy";""
"Mas alla del terror (1980) (re)";"Independent";"22/04/2023";137.0;27;2023;1980.0;"Mas alla del terror";""
"A diente de perro";"Begin Again Films";"01/07/2022";136.0;39;2023;"";"A diente de perro";""
"Domingo Domingo";"Independent";"23/07/2023";136.0;55;2023;"";"Domingo Domingo";""
"Llenos de gracia";"Paramount Int'l";"24/06/2022";135.0;27;2023;"";"Llenos de gracia";""
"Todo sobre mi madre (1999) (re)";"Independent";"21/10/2023";134.0;29;2023;1999.0;"Todo sobre mi madre";""
"España al descubierto";"Baños Films";"17/11/2023";132.0;44;2023;"";"España al descubierto";""
"Bajo la sombra de la cruz gamada";"Independent";"21/04/2023";131.0;29;2023;"";"Bajo la sombra de la cruz gamada";""
"Mi vacio y yo";"Filmin";"09/09/2022";126.0;65;2023;"";"Mi vacio y yo";""
"Piel en llamas, La";"Sherlock";"27/05/2022";126.0;38;2023;"";"Piel en llamas";"La"
"Du Vin dans les Voiles";"Independent";"23/07/2023";122.0;48;2023;"";"Du Vin dans les Voiles";""
"Libelulas";"Begin Again Films";"16/09/2022";122.0;32;2023;"";"Libelulas";""
"Rey de La Habana, El";"Filmax";"16/10/2015";122.0;31;2023;"";"Rey de La Habana";"El"
"Milagro de P. Tinto, El (1998) (re)";"Independent";"23/11/2023";121.0;33;2023;1998.0;"Milagro de P. Tinto";"El"
"Espejo, Espejo";"Filmax";"20/05/2022";119.0;38;2023;"";"Espejo, Espejo";""
"Casa entre los cactus, La";"Filmax";"16/09/2022";118.0;148;2023;"";"Casa entre los cactus";"La"
"Hay alguien en el bosque";"Independent";"10/03/2023";116.0;37;2023;"";"Hay alguien en el bosque";""
"Chavalas";"Filmax";"03/09/2021";113.0;28;2023;"";"Chavalas";""
"Amor en su lugar, El";"A Contracorriente";"03/12/2021";112.0;86;2023;"";"Amor en su lugar";"El"
"Errementari (El herrero y el diablo)";"Filmax";"02/03/2018";110.0;55;2023;"";"Errementari (El herrero y el diablo)";""
"Sembrando sueños";"Independent";"28/11/2023";110.0;22;2023;"";"Sembrando sueños";""
"Entre la vida y la muerte";"Filmax";"14/07/2022";110.0;29;2023;"";"Entre la vida y la muerte";""
"Otro lado de la realidad, El";"Alfa Pictures";"15/09/2023";109.0;21;2023;"";"Otro lado de la realidad";"El"
"Juan Marine. Un siglo de cine";"Independent";"22/11/2023";108.0;36;2023;"";"Juan Marine. Un siglo de cine";""
"Flores de tierra quemada. Estrategias del terror en Guatemala y España";"Independent";"06/05/2023";105.0;65;2023;"";"Flores de tierra quemada. Estrategias del terror en Guatemala y España";""
"Mi querida señorita (1972) (re)";"Mercury Films";"10/03/2023";105.0;30;2023;1972.0;"Mi querida señorita";""
"Antier noche";"Independent";"25/11/2023";105.0;34;2023;"";"Antier noche";""
"Calavera resumida";"Independent";"29/06/2023";104.0;20;2023;"";"Calavera resumida";""
"Maixabel";"Walt Disney";"24/09/2021";104.0;27;2023;"";"Maixabel";""
"Ritos sexuales del diablo, Los (1982) (re)";"Independent";"13/05/2023";103.0;19;2023;1982.0;"Ritos sexuales del diablo";"Los"
"Pico Reja";"Phoenix Entertaiment";"17/06/2022";101.0;29;2023;"";"Pico Reja";""
"Evangelio mayor";"Independent";"28/06/2023";101.0;30;2023;"";"Evangelio mayor";""
"Lo que nunca te dije pero debería haberte dicho";"Independent";"17/11/2022";98.0;15;2023;"";"Lo que nunca te dije pero debería haberte dicho";""
"Ana y los lobos (1973) (re)";"Mercury Films";"28/02/2023";97.0;18;2023;1973.0;"Ana y los lobos";""
"10,000 KM";"Avalon Distribución";"15/05/2014";96.0;15;2023;"";"10,000 KM";""
"Morir";"Golem";"06/10/2017";95.0;19;2023;"";"Morir";""
"Mientras dure la guerra";"Walt Disney";"27/09/2019";95.0;19;2023;"";"Mientras dure la guerra";""
"Visitante";"Filmax";"11/02/2022";95.0;27;2023;"";"Visitante";""
"Mujeres al borde de un ataque de nervios (1988) (re)";"Independent";"17/09/2022";94.0;19;2023;1988.0;"Mujeres al borde de un ataque de nervios";""
"Descubriendo a Jose Padilla";"Film Buro";"29/12/2020";91.0;28;2023;"";"Descubriendo a Jose Padilla";""
"Donde mas duele";"Independent";"27/05/2022";89.0;17;2023;"";"Donde mas duele";""
"8 Años";"Phoenix Entertaiment";"20/01/2023";89.0;17;2023;"";"8 Años";""
"Secta siniestra (1982) (re)";"Independent";"06/05/2023";88.0;16;2023;1982.0;"Secta siniestra";""
"Peleamos";"Independent";"14/11/2023";88.0;22;2023;"";"Peleamos";""
"522. Un gato, un chino y mi padre";"Super 8";"05/07/2019";88.0;22;2023;"";"522. Un gato, un chino y mi padre";""
"Jusqu'ici, tout va";"Independent";"30/07/2022";88.0;16;2023;"";"Jusqu'ici, tout va";""
"Vida mas larga, La";"Rizoma";"24/05/2022";87.0;27;2023;"";"Vida mas larga";"La"
"Y todos arderan";"Filmin";"02/06/2023";87.0;16;2023;"";"Y todos arderan";""
"Escalofrio (1978) (re)";"Independent";"29/04/2023";86.0;16;2023;1978.0;"Escalofrio";""
"Longa noite";"Atalante";"05/12/2019";83.0;17;2023;"";"Longa noite";""
"Vivir sin país. El exilio Rohingya";"Phoenix Entertaiment";"04/01/2023";82.0;14;2023;"";"Vivir sin país. El exilio Rohingya";""
"Vientre del mar, El";"Elastica";"12/11/2021";80.0;20;2023;"";"Vientre del mar";"El"
"Carlos Edmundo de Ory, el juego y la palabra";"Independent";"02/10/2023";79.0;20;2023;"";"Carlos Edmundo de Ory, el juego y la palabra";""
"Antonio Machado. Los dias azules";"Summer Films";"04/12/2020";78.0;39;2023;"";"Antonio Machado. Los dias azules";""
"Sis dies corrents";"Filmax";"03/12/2021";77.0;21;2023;"";"Sis dies corrents";""
"Un dia mas con vida";"Golem";"26/10/2018";77.0;22;2023;"";"Un dia mas con vida";""
"Plata quemada (2000) (re)";"Independent";"13/07/2023";76.0;25;2023;2000.0;"Plata quemada";""
"Os reviento";"Independent";"22/11/2023";74.0;43;2023;"";"Os reviento";""
"Prima Angelica, La (1973) (re)";"Mercury Films";"14/02/2023";68.0;13;2023;1973.0;"Prima Angelica";"La"
"Vida padre, La";"Paramount Int'l";"16/09/2022";66.0;11;2023;"";"Vida padre";"La"
"Pacto de silencio: El Nani y la mafia policial";"Independent";"06/11/2023";66.0;11;2023;"";"Pacto de silencio: El Nani y la mafia policial";""
"Goya 3 de mayo";"A Contracorriente";"22/09/2023";63.0;13;2023;"";"Goya 3 de mayo";""
"Lua Vermella";"Elamedia";"30/10/2020";60.0;9;2023;"";"Lua Vermella";""
"Casilda. El eco de otros pasos";"Independent";"02/02/2023";60.0;15;2023;"";"Casilda. El eco de otros pasos";""
"Maniobra de Heimlich, La";"Paycom Multimedia";"27/11/2015";60.0;17;2023;"";"Maniobra de Heimlich";"La"
"Francesca y el amor";"Independent";"14/10/2022";59.0;17;2023;"";"Francesca y el amor";""
"Donde la vida puede ser";"Independent";"08/11/2023";58.0;12;2023;"";"Donde la vida puede ser";""
"Fuga, La";"Tus Ojos";"10/11/2023";53.0;10;2023;"";"Fuga";"La"
"Poemes Sagrera";"";"26/05/2023";51.0;9;2023;"";"Poemes Sagrera";""
"Tintin y el misterio de las naranjas azules (1964) (re)";"Independent";"07/01/2023";51.0;11;2023;1964.0;"Tintin y el misterio de las naranjas azules";""
"Cerro de los Dioses, El";"Begin Again Films";"30/10/2020";49.0;14;2023;"";"Cerro de los Dioses";"El"
"Jota de Saura";"Sherlock";"07/10/2016";49.0;9;2023;"";"Jota de Saura";""
"Duo";"Atalante";"09/09/2022";47.0;11;2023;"";"Duo";""
"Madres paralelas";"Sony";"08/10/2021";47.0;7;2023;"";"Madres paralelas";""
"Incierta gloria";"Alfa Pictures";"17/03/2017";47.0;9;2023;"";"Incierta gloria";""
"Cuando toco un animal";"Independent";"28/07/2023";46.0;22;2023;"";"Cuando toco un animal";""
"O Apostolo";"Aquelarre";"31/10/2012";46.0;13;2023;"";"O Apostolo";""
"Casting";"ConUnPack";"07/03/2023";43.0;11;2023;"";"Casting";""
"Espiritu de la colmena, El (1973) (re: 2016)";"Wanda";"21/07/2016";43.0;6;2023;1973.0;"Espiritu de la colmena";"El"
"A chat movie";"Independent";"15/12/2023";39.0;6;2023;"";"A chat movie";""
"Quien lo impide";"Atalante";"22/10/2021";36.0;7;2023;"";"Quien lo impide";""
"Cancion a una dama en la sombra";"Independent";"26/10/2022";35.0;8;2023;"";"Cancion a una dama en la sombra";""
"Espiritu sagrado";"Aventura Cine";"26/11/2021";35.0;10;2023;"";"Espiritu sagrado";""
"Zarata";"Independent";"14/11/2023";31.0;16;2023;"";"Zarata";""
"Escopeta nacional, La (1978)";"A Contracorriente";"18/06/2021";31.0;8;2023;1978.0;"Escopeta nacional";"La"
"Matrioskas, las niñas de la guerra";"Independent";"12/09/2022";30.0;6;2023;"";"Matrioskas, las niñas de la guerra";""
"Playa de los ahogados, La";"Syldavia";"09/10/2015";30.0;4;2023;"";"Playa de los ahogados";"La"
"Buen patron, El";"TriPictures";"15/10/2021";29.0;4;2023;"";"Buen patron";"El"
"Me cuesta hablar de mi";"Independent";"03/03/2022";27.0;5;2023;"";"Me cuesta hablar de mi";""
"Desentierro, El";"Filmax";"16/11/2018";26.0;11;2023;"";"Desentierro";"El"
"Buñuel en el laberinto de las tortugas";"Wanda";"26/04/2019";24.0;7;2023;"";"Buñuel en el laberinto de las tortugas";""
"Así se rodó Carne quebrada";"Independent";"26/09/2023";20.0;4;2023;"";"Así se rodó Carne quebrada";""
"Tequila, Sexo, Drogas y rock & roll";"Karma";"25/11/2022";20.0;10;2023;"";"Tequila, Sexo, Drogas y rock & roll";""
"Negociadores, Los. Como construir la Paz";"Independent";"04/06/2023";18.0;4;2023;"";"Negociadores, Los. Como construir la Paz";""
"Revolución bailando, La";"Begin Again Films";"12/11/2021";16.0;3;2023;"";"Revolución bailando";"La"
"Pijamas Espaciales";"Elamedia";"01/07/2022";16.0;3;2023;"";"Pijamas Espaciales";""
"Nosotros no nos mataremos con pistolas";"Filmax";"17/06/2022";15.0;2;2023;"";"Nosotros no nos mataremos con pistolas";""
"Sucro";"Independent";"11/05/2023";14.0;22;2023;"";"Sucro";""
"Besos negros";"Begin Again Films";"27/10/2023";12.0;2;2023;"";"Besos negros";""
"Amor brujo, El (1986) (re)";"Mercury Films";"23/04/2023";11.0;2;2023;1986.0;"Amor brujo";"El"
"Hija de un ladron, La";"Bteam Pictures";"29/11/2019";10.0;2;2023;"";"Hija de un ladron";"La"
"Banda, La";"Super 8";"21/06/2019";10.0;5;2023;"";"Banda";"La"
"Cristianos";"Independent";"25/10/2023";9.0;2;2023;"";"Cristianos";""
"Critico, El";"TCM";"07/10/2022";7.0;2;2023;"";"Critico";"El"
"Pieles";"Premium";"09/06/2017";6.0;1;2023;"";"Pieles";""
"Dias que vendran, Los (Els dies que vindran)";"Avalon Distribución";"28/06/2019";5.0;1;2023;"";"Dias que vendran, Los (Els dies que vindran)";""
"Sol del membrillo, El (1992) (re)";"Independent";"16/12/2022";5.0;1;2023;1992.0;"Sol del membrillo";"El"
"Padre no hay mas que uno 4";"Sony";"17/07/2024";13442979.0;2179045;2024;"";"Padre no hay mas que uno 4";""
"Infiltrada, La";"Beta Fiction";"11/10/2024";8108000.0;1274000;2024;"";"Infiltrada";"La"
"Buffalo Kids";"Warner Bros";"14/08/2024";5226939.0;837070;2024;"";"Buffalo Kids";""
"Odio el verano";"Sony";"23/08/2024";5211627.0;818250;2024;"";"Odio el verano";""
"Familia Beneton, La";"Beta Fiction";"22/03/2024";4067728.0;622534;2024;"";"Familia Beneton";"La"
"Ocho Apellidos Marroquis";"Universal";"01/12/2023";3286882.0;483445;2024;"";"Ocho Apellidos Marroquis";""
"47, El";"A Contracorriente";"06/09/2024";3228506.0;501667;2024;"";"47";"El"
"Casa en llamas";"Vercine";"28/06/2024";3068687.0;456805;2024;"";"Casa en llamas";""
"Menudas piezas";"Paramount Int'l";"12/04/2024";2546827.0;387581;2024;"";"Menudas piezas";""
"Habitacion de al lado, La";"Warner Bros";"18/10/2024";2430999.0;395778;2024;"";"Habitacion de al lado";"La"
"Pideme lo que quieras";"Warner Bros";"29/11/2024";2027017.0;292513;2024;"";"Pideme lo que quieras";""
"Dragonkeeper: Guardiana de dragones";"A Contracorriente";"19/04/2024";1961118.0;297035;2024;"";"Dragonkeeper: Guardiana de dragones";""
"Valle de sombras";"Walt Disney";"12/01/2024";1673128.0;255190;2024;"";"Valle de sombras";""
"Correo, El";"Universal";"19/01/2024";1643553.0;245738;2024;"";"Correo";"El"
"Cuerpo escombro";"Walt Disney";"09/08/2024";1499427.0;239178;2024;"";"Cuerpo escombro";""
"Soy Nevenka";"Walt Disney";"27/09/2024";1412468.0;236505;2024;"";"Soy Nevenka";""
"Virgen roja, La";"Elastica";"27/09/2024";1308046.0;219980;2024;"";"Virgen roja";"La"
"Marco";"Bteam Pictures";"08/11/2024";1254805.0;206951;2024;"";"Marco";""
"¿Quién es quien?";"DeAPlaneta";"05/12/2024";1157179.0;177774;2024;"";"¿Quién es quien?";""
"Políticamente incorrectos";"DeAPlaneta";"23/02/2024";1074029.0;162820;2024;"";"Políticamente incorrectos";""
"Al otro barrio";"Walt Disney";"05/12/2024";1060323.0;157659;2024;"";"Al otro barrio";""
"Escape";"Beta Fiction";"31/10/2024";662904.0;119575;2024;"";"Escape";""
"Un lio de millones";"Sony";"20/12/2024";647596.0;91941;2024;"";"Un lio de millones";""
"Casa, La";"A Contracorriente";"01/05/2024";588216.0;100477;2024;"";"Casa";"La"
"Destellos, Los";"Caramel Films";"04/10/2024";577693.0;97618;2024;"";"Destellos";"Los"
"Estrella azul, La";"Wanda";"23/02/2024";550028.0;89305;2024;"";"Estrella azul";"La"
"Sin instrucciones";"Warner Bros";"25/12/2024";540000.0;75615;2024;"";"Sin instrucciones";""
"Puntos suspensivos";"Vertice";"20/09/2024";523487.0;85270;2024;"";"Puntos suspensivos";""
"Topuria: Matador";"Filmax";"19/09/2024";510267.0;73040;2024;"";"Topuria: Matador";""
"Pajaros";"Filmax";"05/04/2024";506596.0;83444;2024;"";"Pajaros";""
"Hispanoamerica. Canto a la vida y esperanza";"Bosco Films";"12/04/2024";478359.0;64378;2024;"";"Hispanoamerica. Canto a la vida y esperanza";""
"Joia: Bad Gyal, La";"Avalon Distribución";"24/10/2024";440623.0;51860;2024;"";"Joia: Bad Gyal";"La"
"Volvereis";"Elastica";"30/08/2024";421850.0;68957;2024;"";"Volvereis";""
"SuperKlaus";"Filmax";"05/12/2024";374108.0;66029;2024;"";"SuperKlaus";""
"Heroes del Central Park";"A Contracorriente";"30/08/2024";336656.0;55364;2024;"";"Heroes del Central Park";""
"Maestro que prometio el mar, El";"Filmax";"10/11/2023";334406.0;57146;2024;"";"Maestro que prometio el mar";"El"
"Segundo premio";"Bteam Pictures";"24/05/2024";332813.0;57334;2024;"";"Segundo premio";""
"Amanece en Samana";"Universal";"08/11/2024";320249.0;51185;2024;"";"Amanece en Samana";""
"Caida libre";"Universal";"17/05/2024";288220.0;46522;2024;"";"Caida libre";""
"Por tus muertos";"Walt Disney";"08/03/2024";271489.0;41059;2024;"";"Por tus muertos";""
"Matusalen";"Flins y Piniculas";"05/04/2024";262519.0;41187;2024;"";"Matusalen";""
"¿Es el enemigo? La película de Gila";"Filmax";"13/12/2024";254313.0;41267;2024;"";"¿Es el enemigo? La película de Gila";""
"Isla perdida (Haunted Heart)";"Bteam Pictures";"23/08/2024";252902.0;41896;2024;"";"Isla perdida (Haunted Heart)";""
"Robot Dreams";"Bteam Pictures";"06/12/2023";248958.0;41499;2024;"";"Robot Dreams";""
"Disco, Ibiza, Locomia";"DeAPlaneta";"17/05/2024";238123.0;38233;2024;"";"Disco, Ibiza, Locomia";""
"Navidad en sus manos, La";"A Contracorriente";"01/12/2023";211936.0;32028;2024;"";"Navidad en sus manos";"La"
"Llanto, El";"Universal";"25/10/2024";199598.0;32401;2024;"";"Llanto";"El"
"Estacion Rocafort";"Filmax";"06/09/2024";195979.0;29215;2024;"";"Estacion Rocafort";""
"Raqa";"DeAPlaneta";"22/11/2024";195773.0;33371;2024;"";"Raqa";""
"Pequeños amores, Los";"Bteam Pictures";"08/03/2024";190566.0;31520;2024;"";"Pequeños amores";"Los"
"Guitarra flamenca de Yerai Cortes, La";"A Contracorriente";"20/12/2024";169298.0;23937;2024;"";"Guitarra flamenca de Yerai Cortes";"La"
"Mala persona";"Filmax";"03/07/2024";165301.0;28670;2024;"";"Mala persona";""
"Tratamos demasiado bien a las mujeres";"Filmax";"15/03/2024";162683.0;26724;2024;"";"Tratamos demasiado bien a las mujeres";""
"Yo no soy esa";"Sony";"31/10/2024";138527.0;26690;2024;"";"Yo no soy esa";""
"Verano en diciembre";"Vertigo Films";"08/11/2024";135613.0;23908;2024;"";"Verano en diciembre";""
"20.000 Especies de abejas";"Bteam Pictures";"21/04/2023";124267.0;22075;2024;"";"20.000 Especies de abejas";""
"Hotel Bitcoin";"DeAPlaneta";"13/09/2024";119532.0;19704;2024;"";"Hotel Bitcoin";""
"Calladita";"Karma";"17/05/2024";119214.0;20359;2024;"";"Calladita";""
"Justicia Artificial";"A Contracorriente";"13/09/2024";118231.0;19470;2024;"";"Justicia Artificial";""
"Bus de la vida, El";"A Contracorriente";"03/07/2024";116193.0;19675;2024;"";"Bus de la vida";"El"
"Nina";"Bteam Pictures";"10/05/2024";115336.0;20378;2024;"";"Nina";""
"+Cuñados";"Baños Films";"19/04/2024";108332.0;17031;2024;"";"+Cuñados";""
"Tu madre o la mia: guerra de suegras";"A Contracorriente";"02/08/2024";103816.0;18163;2024;"";"Tu madre o la mia: guerra de suegras";""
"Abuela y el forastero, La";"Caracter Films";"13/09/2024";97414.0;17533;2024;"";"Abuela y el forastero";"La"
"Abadesa, La";"Wanda";"22/03/2024";95145.0;15093;2024;"";"Abadesa";"La"
"Guadalupe, Madre de la Humanidad";"European Dreams Factory";"01/03/2024";92668.0;13264;2024;"";"Guadalupe, Madre de la Humanidad";""
"Mamifera";"Filmax";"26/04/2024";90304.0;14183;2024;"";"Mamifera";""
"Un mal dia lo tiene cualquiera";"Warner Bros";"26/01/2024";85836.0;13650;2024;"";"Un mal dia lo tiene cualquiera";""
"Buscando a Coque";"Filmax";"14/02/2024";79896.0;13241;2024;"";"Buscando a Coque";""
"Rita";"Filmax";"25/10/2024";77353.0;14212;2024;"";"Rita";""
"Salto, El";"Filmax";"12/04/2024";76177.0;13665;2024;"";"Salto";"El"
"Polvo seran";"Elastica";"15/11/2024";71738.0;12049;2024;"";"Polvo seran";""
"Chicas de la estacion, Las";"A Contracorriente";"22/11/2024";69077.0;11922;2024;"";"Chicas de la estacion";"Las"
"As Neves";"Sideral";"10/05/2024";66763.0;11844;2024;"";"As Neves";""
"Norberta";"Filmax";"25/07/2024";57206.0;9500;2024;"";"Norberta";""
"Anatema";"Sony";"08/11/2024";54475.0;8203;2024;"";"Anatema";""
"Ultimos romanticos, Los";"A Contracorriente";"15/11/2024";53777.0;10012;2024;"";"Ultimos romanticos";"Los"
"Patria y vida: The Power of Music";"Bosco Films";"18/10/2024";52750.0;7446;2024;"";"Patria y vida: The Power of Music";""
"Alumbramiento";"Filmax";"19/06/2024";50890.0;8479;2024;"";"Alumbramiento";""
"Reinas";"Bteam Pictures";"06/09/2024";50199.0;8568;2024;"";"Reinas";""
"Desmontando a Lucia";"TriPictures";"29/11/2024";49253.0;8392;2024;"";"Desmontando a Lucia";""
"Por donde pasa el silencio";"Bteam Pictures";"29/11/2024";49010.0;8469;2024;"";"Por donde pasa el silencio";""
"Un Amor";"Bteam Pictures";"10/11/2023";46215.0;8911;2024;"";"Un Amor";""
"Williams, Los";"39 Escalones";"31/10/2024";44844.0;8241;2024;"";"Williams";"Los"
"Salve María";"Elastica";"31/10/2024";44150.0;8792;2024;"";"Salve María";""
"Saben aquell";"Warner Bros";"01/11/2023";43982.0;8428;2024;"";"Saben aquell";""
"Un lugar comun";"Alfa Pictures";"14/08/2024";43845.0;8052;2024;"";"Un lugar comun";""
"Mujer dormida, La";"Filmax";"31/05/2024";42312.0;9417;2024;"";"Mujer dormida";"La"
"Johnny Puff. Misión Secreta";"Maravillas Distribuciones";"05/04/2024";38456.0;6314;2024;"";"Johnny Puff. Misión Secreta";""
"Mis ganas ganan, la historia de Elena Huelva";"39 Escalones";"05/04/2024";37005.0;5422;2024;"";"Mis ganas ganan, la historia de Elena Huelva";""
"Honeymoon";"Filmax";"12/01/2024";35502.0;6043;2024;"";"Honeymoon";""
"Un angel llamado Rebeca";"European Dreams Factory";"26/04/2024";33483.0;5245;2024;"";"Un angel llamado Rebeca";""
"Mientras seas tu";"Filmax";"09/02/2024";31080.0;5629;2024;"";"Mientras seas tu";""
"Historias";"Vertice";"24/05/2024";30316.0;5439;2024;"";"Historias";""
"Slow";"Surtsey Films";"19/01/2024";30021.0;5139;2024;"";"Slow";""
"Blondi";"Karma";"03/07/2024";29573.0;5346;2024;"";"Blondi";""
"Solos en la noche";"Summer Films";"20/09/2024";26612.0;4666;2024;"";"Solos en la noche";""
"Canigo 1883";"Independent";"17/01/2024";26527.0;4072;2024;"";"Canigo 1883";""
"Faro";"Alfa Pictures";"26/01/2024";25333.0;4280;2024;"";"Faro";""
"Zoo, Sobreviure a l'incendi";"39 Escalones";"22/11/2024";24625.0;3497;2024;"";"Zoo, Sobreviure a l'incendi";""
"Samsara";"Atalante";"20/12/2023";24082.0;4012;2024;"";"Samsara";""
"Mariposas negras";"Sideral";"13/12/2024";22183.0;4022;2024;"";"Mariposas negras";""
"Terapia de parejas";"Urresti Producciones";"14/02/2024";21369.0;3838;2024;"";"Terapia de parejas";""
"Valenciana";"Caracter Films";"18/10/2024";21345.0;3577;2024;"";"Valenciana";""
"Creatura";"Avalon Distribución";"08/09/2023";20712.0;3608;2024;"";"Creatura";""
"7291";"Independent";"13/11/2024";19105.0;2848;2024;"";"7291";""
"Dalia y el libro rojo";"Alfa Pictures";"25/10/2024";18967.0;3196;2024;"";"Dalia y el libro rojo";""
"Home dels nassos, L'";"Filmax";"19/01/2024";18597.0;3001;2024;"";"Home dels nassos, L'";""
"Negu hurbilak";"Begin Again Films";"23/02/2024";18337.0;3054;2024;"";"Negu hurbilak";""
"Prefiro condenarme";"Atalante";"22/11/2024";17899.0;3235;2024;"";"Prefiro condenarme";""
"Caballos";"Alberto Jose Redondo Villa";"23/11/2023";16646.0;2503;2024;"";"Caballos";""
"Controversia de Valladolid. El amanecer de los Derechos Humanos, La";"OmniCorp Estudio";"15/04/2024";16288.0;2368;2024;"";"Controversia de Valladolid. El amanecer de los Derechos Humanos";"La"
"Valencia, t'estime";"Caracter Films";"07/06/2024";15757.0;2624;2024;"";"Valencia, t'estime";""
"Reina del convento, La";"Begin Again Films";"02/02/2024";15603.0;2829;2024;"";"Reina del convento";"La"
"Cerrar los ojos";"Avalon Distribución";"29/09/2023";15498.0;3556;2024;"";"Cerrar los ojos";""
"Un paseo por el Borne";"Begin Again Films";"25/07/2024";14596.0;2634;2024;"";"Un paseo por el Borne";""
"Amigo de todos, El";"Surtsey Films";"24/04/2024";13616.0;2447;2024;"";"Amigo de todos";"El"
"Marisol llamame Pepa";"Me Lo Creo";"10/05/2024";13225.0;2226;2024;"";"Marisol llamame Pepa";""
"Robotia";"Barton";"07/06/2024";12775.0;2460;2024;"";"Robotia";""
"Un sol radiant";"Begin Again Films";"17/05/2024";12545.0;2206;2024;"";"Un sol radiant";""
"Una estrella fugaz";"European Dreams Factory";"11/10/2024";11258.0;1678;2024;"";"Una estrella fugaz";""
"Bandera, La";"A Contracorriente";"14/06/2024";11069.0;1858;2024;"";"Bandera";"La"
"Fianza, La";"Syldavia";"05/12/2024";10810.0;1645;2024;"";"Fianza";"La"
"Bizkarsoro";"Independent";"12/01/2024";10521.0;2077;2024;"";"Bizkarsoro";""
"Hojarasca, La";"Pleamar Films";"13/09/2024";10291.0;1709;2024;"";"Hojarasca";"La"
"Gigante de Es Vedrá y otras leyendas, El";"Independent";"08/11/2024";10082.0;1813;2024;"";"Gigante de Es Vedrá y otras leyendas";"El"
"Efecto ALL1, El: Parte II";"Independent";"17/10/2024";9841.0;619;2024;"";"Efecto ALL1, El: Parte II";""
"Ultimos pastores, Los";"Wanda";"31/05/2024";9552.0;1890;2024;"";"Ultimos pastores";"Los"
"Musical de los 80 a los 90, El";"Maravillas Distribuciones";"14/08/2024";9527.0;1630;2024;"";"Musical de los 80 a los 90";"El"
"Campeonex";"Universal";"18/08/2023";9318.0;2130;2024;"";"Campeonex";""
"Book, The";"Moon Entertainment";"08/11/2024";9286.0;1473;2024;"";"Book, The";""
"Societat negra (Sociedad negra)";"Segarra";"25/10/2024";8506.0;1575;2024;"";"Societat negra (Sociedad negra)";""
"Caso Angelus, la fascinacion de Dalí, El";"Puntal Films";"22/11/2024";8415.0;1271;2024;"";"Caso Angelus, la fascinacion de Dalí";"El"
"Rock Bottom";"Avalon Distribución";"13/12/2024";8212.0;1218;2024;"";"Rock Bottom";""
"Metodo Farrer, El";"Vertice";"30/08/2024";7982.0;1632;2024;"";"Metodo Farrer";"El"
"Un dia cualquiera";"Jose Texeira";"12/04/2024";7971.0;1320;2024;"";"Un dia cualquiera";""
"Escanyapobres";"Caracter Films";"29/11/2024";7682.0;1394;2024;"";"Escanyapobres";""
"L'Edat Imminent";"Independent";"13/12/2024";7571.0;1181;2024;"";"L'Edat Imminent";""
"Medjugorje, la pelicula";"European Dreams Factory";"01/10/2021";7310.0;1026;2024;"";"Medjugorje, la pelicula";""
"Tivoli";"Independent";"21/06/2024";7125.0;1229;2024;"";"Tivoli";""
"Galeria de las colecciones reales: Patrimonio de todos, La";"Version Digital";"15/04/2024";7022.0;1226;2024;"";"Galeria de las colecciones reales: Patrimonio de todos";"La"
"Orgullo Vieja";"Independent";"24/09/2024";6982.0;1073;2024;"";"Orgullo Vieja";""
"Aspirante, El";"Begin Again Films";"20/09/2024";6969.0;1138;2024;"";"Aspirante";"El"
"Las armas no borraran tu sonrisa";"Independent";"25/01/2024";6964.0;1101;2024;"";"Las armas no borraran tu sonrisa";""
"Aníbal, el arquitecto de Sevilla";"Mosaico";"24/11/2023";6795.0;1331;2024;"";"Aníbal, el arquitecto de Sevilla";""
"Fuga, La";"A Contracorriente";"10/05/2024";6477.0;1059;2024;"";"Fuga";"La"
"Chinas";"A Contracorriente";"06/10/2023";6439.0;1255;2024;"";"Chinas";""
"On the Go";"Jur Jur Productions";"28/06/2024";6238.0;1124;2024;"";"On the Go";""
"Parra, La";"Begin Again Films";"13/12/2024";6115.0;1048;2024;"";"Parra";"La"
"Os reviento";"The Other Side Films";"13/09/2024";5972.0;944;2024;"";"Os reviento";""
"Traineras, pasion por el remo";"Independent";"13/09/2024";5924.0;963;2024;"";"Traineras, pasion por el remo";""
"Cristina Garcia Rodero: La mirada oculta";"Wanda";"01/12/2023";5821.0;1319;2024;"";"Cristina Garcia Rodero: La mirada oculta";""
"Rapa";"Baños Films";"22/03/2024";5767.0;1065;2024;"";"Rapa";""
"Generaciones en un escenario (40 años de música en Valladolid)";"Independent";"19/04/2024";5569.0;847;2024;"";"Generaciones en un escenario (40 años de música en Valladolid)";""
"Llobas";"Alfa Pictures";"17/07/2024";5559.0;1196;2024;"";"Llobas";""
"Mesita del comedor, La";"Independent";"30/11/2023";5519.0;950;2024;"";"Mesita del comedor";"La"
"Esta ambicion desmedida";"Avalon Distribución";"26/10/2023";5476.0;1123;2024;"";"Esta ambicion desmedida";""
"Te estoy amando locamente";"Filmax";"06/07/2023";5422.0;1434;2024;"";"Te estoy amando locamente";""
"Palacio Estilistas";"Syldavia";"12/01/2024";5310.0;751;2024;"";"Palacio Estilistas";""
"Hoy es todavia";"Son Pelis";"12/04/2024";5265.0;1062;2024;"";"Hoy es todavia";""
"Parque, El";"Independent";"12/12/2024";5061.0;1228;2024;"";"Parque";"El"
"Montserrat, Integral 107";"Independent";"26/10/2024";4836.0;825;2024;"";"Montserrat, Integral 107";""
"Ullate. La danza de la vida";"Syldavia";"25/04/2024";4656.0;710;2024;"";"Ullate. La danza de la vida";""
"Bartolome Bermejo: El despertar de un genio";"A Contracorriente";"20/09/2024";4569.0;739;2024;"";"Bartolome Bermejo: El despertar de un genio";""
"Zona vacia, La";"Begin Again Films";"15/11/2024";4471.0;631;2024;"";"Zona vacia";"La"
"Un hombre sin miedo";"Independent";"07/06/2024";4430.0;688;2024;"";"Un hombre sin miedo";""
"Restos del pasar, Los";"Les Films de la Resistance";"29/11/2024";4212.0;851;2024;"";"Restos del pasar";"Los"
"Historia de pastores";"Independent";"25/10/2024";4162.0;830;2024;"";"Historia de pastores";""
"Laberinto de sombras";"Independent";"10/05/2024";4115.0;666;2024;"";"Laberinto de sombras";""
"Peleamos";"ConUnPack";"23/02/2024";3980.0;723;2024;"";"Peleamos";""
"Exopia";"Independent";"09/11/2023";3974.0;683;2024;"";"Exopia";""
"Chicas estan bien, Las";"Elastica";"25/08/2023";3840.0;839;2024;"";"Chicas estan bien";"Las"
"En la alcoba del sultan";"Sideral";"15/11/2024";3802.0;730;2024;"";"En la alcoba del sultan";""
"O Corno";"Elastica";"11/10/2023";3784.0;959;2024;"";"O Corno";""
"Un volcan habitado";"Independent";"13/06/2024";3745.0;633;2024;"";"Un volcan habitado";""
"Manolo Kabezabolo";"Syldavia";"17/05/2024";3518.0;625;2024;"";"Manolo Kabezabolo";""
"Secundarias";"La Esgueva Films";"17/11/2023";3428.0;611;2024;"";"Secundarias";""
"Tu no eres yo";"Caracter Films";"13/12/2024";3300.0;529;2024;"";"Tu no eres yo";""
"Parir";"Caracter Films";"10/10/2023";3278.0;588;2024;"";"Parir";""
"Iberia, naturaleza infinita";"Acaju";"17/03/2023";3263.0;751;2024;"";"Iberia, naturaleza infinita";""
"Joan Bennassar - Raons Humanes";"A Contracorriente";"20/07/2024";3223.0;582;2024;"";"Joan Bennassar - Raons Humanes";""
"Mi hermano Ali";"Syldavia";"22/11/2024";3076.0;650;2024;"";"Mi hermano Ali";""
"Dispararon al pianista";"Bteam Pictures";"06/10/2023";3017.0;807;2024;"";"Dispararon al pianista";""
"Tr3s partes del espejo, Las";"Independent";"16/03/2024";3013.0;474;2024;"";"Tr3s partes del espejo";"Las"
"Amor platonico";"The Social Dog";"13/06/2024";2986.0;461;2024;"";"Amor platonico";""
"Chaplin, espiritu gitano";"Bteam Pictures";"13/12/2024";2983.0;508;2024;"";"Chaplin, espiritu gitano";""
"Sembrando sueños";"Enciende Television";"14/02/2024";2939.0;625;2024;"";"Sembrando sueños";""
"Domingo Domingo";"Independent";"23/07/2023";2901.0;528;2024;"";"Domingo Domingo";""
"Alemania";"Sideral";"09/02/2024";2885.0;509;2024;"";"Alemania";""
"Amor de Andrea, El";"Filmax";"24/11/2023";2837.0;841;2024;"";"Amor de Andrea";"El"
"Saturno";"Les Films de la Resistance";"04/10/2024";2802.0;418;2024;"";"Saturno";""
"Caleta Palace";"Independent";"24/11/2023";2781.0;518;2024;"";"Caleta Palace";""
"Awards. Beyond the limits of hairdressing";"Begin Again Films";"15/01/2024";2778.0;441;2024;"";"Awards. Beyond the limits of hairdressing";""
"Third Week";"Flamingo Films";"28/06/2024";2758.0;503;2024;"";"Third Week";""
"Anaga, Naturaleza Infinita";"Independent";"13/12/2024";2742.0;691;2024;"";"Anaga, Naturaleza Infinita";""
"Matria";"Avalon Distribución";"24/03/2023";2740.0;693;2024;"";"Matria";""
"UnCancelled";"Caracter Films";"08/03/2024";2687.0;399;2024;"";"UnCancelled";""
"Que nadie duerma";"Wanda";"17/11/2023";2537.0;655;2024;"";"Que nadie duerma";""
"Invasion";"A Contracorriente";"28/06/2024";2515.0;435;2024;"";"Invasion";""
"Teresa";"Bteam Pictures";"24/11/2023";2515.0;480;2024;"";"Teresa";""
"Mugaritz. Sin pan ni postre";"Avalon Distribución";"27/09/2024";2238.0;356;2024;"";"Mugaritz. Sin pan ni postre";""
"Animal/Humano";"Margenes Distribucion";"05/04/2024";2115.0;307;2024;"";"Animal/Humano";""
"Jeanette: Soy Rebelde";"RTVE";"18/10/2024";2113.0;322;2024;"";"Jeanette: Soy Rebelde";""
"Nueva Tierra";"Begin Again Films";"06/09/2024";2082.0;363;2024;"";"Nueva Tierra";""
"Cien libros juntas";"Independent";"27/07/2024";2059.0;397;2024;"";"Cien libros juntas";""
"Flying Hands";"Independent";"03/11/2024";2045.0;409;2024;"";"Flying Hands";""
"Vidas irrenovables";"Independent";"10/10/2024";2011.0;349;2024;"";"Vidas irrenovables";""
"Ganado o Desierto";"39 Escalones";"18/10/2023";2008.0;325;2024;"";"Ganado o Desierto";""
"Auto das animas, O";"Independent";"03/05/2024";2002.0;350;2024;"";"Auto das animas, O";""
"Amantes astronautas, Los";"Independent";"17/11/2024";1985.0;385;2024;"";"Amantes astronautas";"Los"
"Arantzazu";"Independent";"12/04/2024";1968.0;487;2024;"";"Arantzazu";""
"Tiempo de Zarzuela";"Version Digital";"10/10/2023";1949.0;288;2024;"";"Tiempo de Zarzuela";""
"Vida empieza hoy, La";"Teaser Films";"13/06/2024";1895.0;365;2024;"";"Vida empieza hoy";"La"
"Reir, cantar, tal vez llorar";"Independent";"24/09/2024";1866.0;357;2024;"";"Reir, cantar, tal vez llorar";""
"Upon Entry (La llegada)";"Karma";"16/06/2023";1865.0;471;2024;"";"Upon Entry (La llegada)";""
"Intersex";"Independent";"27/04/2024";1832.0;345;2024;"";"Intersex";""
"Waldo";"Dada Films";"15/11/2024";1811.0;298;2024;"";"Waldo";""
"Tierra de Atlantes";"Independent";"22/11/2024";1799.0;448;2024;"";"Tierra de Atlantes";""
"Vacances de Mara, Les";"Puntal Films";"27/09/2024";1796.0;359;2024;"";"Vacances de Mara, Les";""
"Una vida no tan simple";"A Contracorriente";"23/06/2023";1789.0;533;2024;"";"Una vida no tan simple";""
"Solas (1999) (re)";"A Contracorriente";"22/11/2022";1744.0;431;2024;1999.0;"Solas";""
"Voy a desaparecer";"Begin Again Films";"19/09/2024";1742.0;294;2024;"";"Voy a desaparecer";""
"Pepi Fandango";"Moon Entertainment";"06/09/2024";1721.0;306;2024;"";"Pepi Fandango";""
"Cenerentola, La -Teatro Real (Opera)";"Version Digital";"23/11/2023";1709.0;208;2024;"";"Cenerentola, La -Teatro Real (Opera)";""
"Diario de mi sextorsion";"Syldavia";"11/10/2024";1700.0;266;2024;"";"Diario de mi sextorsion";""
"Funcion, La";"Independent";"08/04/2024";1674.0;302;2024;"";"Funcion";"La"
"Espazos en branco, Os";"Independent";"06/11/2024";1627.0;253;2024;"";"Espazos en branco, Os";""
"Sumario 3/94";"Begin Again Films";"05/12/2024";1617.0;221;2024;"";"Sumario 3/94";""
"Traginer de cancons, El";"Independent";"14/11/2024";1597.0;324;2024;"";"Traginer de cancons";"El"
"Tonos mayores, Los";"39 Escalones";"12/07/2024";1584.0;305;2024;"";"Tonos mayores";"Los"
"Momias";"Warner Bros";"24/02/2023";1537.0;1007;2024;"";"Momias";""
"Bull Run";"Caracter Films";"26/04/2024";1489.0;262;2024;"";"Bull Run";""
"Golpe a golpe";"Hemisphere Films";"24/05/2024";1414.0;224;2024;"";"Golpe a golpe";""
"Fin de viaje, Sahara";"Independent";"01/11/2024";1412.0;383;2024;"";"Fin de viaje, Sahara";""
"Tu sangre";"The Other Side Films";"31/10/2024";1376.0;249;2024;"";"Tu sangre";""
"Beso de Dios, El";"European Dreams Factory";"22/04/2022";1366.0;215;2024;"";"Beso de Dios";"El"
"Contadora de Peliculas, La";"A Contracorriente";"27/10/2023";1332.0;242;2024;"";"Contadora de Peliculas";"La"
"Sergi Mingote K2 Invernal";"Independent";"07/06/2024";1330.0;178;2024;"";"Sergi Mingote K2 Invernal";""
"Gallo Rojo";"La Esgueva Films";"20/12/2024";1325.0;211;2024;"";"Gallo Rojo";""
"Hate Songs";"Sideral";"19/04/2024";1290.0;772;2024;"";"Hate Songs";""
"Contigo, contigo, y sin mí";"Potenza Producciones";"09/11/2023";1252.0;306;2024;"";"Contigo, contigo, y sin mí";""
"Antonio Vega: Tu voz entre otras mil";"Karma";"15/05/2014";1246.0;136;2024;"";"Antonio Vega: Tu voz entre otras mil";""
"Imatge permanent, La";"Aventura Cine";"17/11/2023";1227.0;296;2024;"";"Imatge permanent";"La"
"Piezas";"Maravillas Distribuciones";"15/11/2024";1200.0;227;2024;"";"Piezas";""
"Valentina";"Super 8";"10/12/2021";1191.0;272;2024;"";"Valentina";""
"Alteritats";"Noucinemart";"13/06/2023";1186.0;195;2024;"";"Alteritats";""
"Art d'alçada";"Independent";"12/03/2024";1181.0;235;2024;"";"Art d'alçada";""
"Carga, La";"Independent";"25/07/2024";1176.0;216;2024;"";"Carga";"La"
"Amanece";"Syldavia";"17/11/2023";1152.0;317;2024;"";"Amanece";""
"Aliento";"Independent";"17/12/2024";1150.0;230;2024;"";"Aliento";""
"Guarapo (1987) (re)";"Independent";"08/03/2024";1124.0;173;2024;1987.0;"Guarapo";""
"Bajo terapia";"Syldavia";"17/03/2023";1097.0;203;2024;"";"Bajo terapia";""
"Nacido en Gaza";"39 Escalones";"12/12/2014";1091.0;183;2024;"";"Nacido en Gaza";""
"Primera mirada, La";"Independent";"14/06/2024";1078.0;176;2024;"";"Primera mirada";"La"
"Sur, El (1983) (re)";"Avalon Distribución";"01/09/2023";1072.0;201;2024;1983.0;"Sur";"El"
"Sueño de la sultana, El";"Filmin";"17/11/2023";1047.0;303;2024;"";"Sueño de la sultana";"El"
"Donde acaba la memoria";"Surtsey Films";"02/12/2022";1040.0;258;2024;"";"Donde acaba la memoria";""
"Sexo, drogas, rock 'n' roll y política. Instituto Santamarca, 1975-1985";"Independent";"15/02/2024";1029.0;213;2024;"";"Sexo, drogas, rock 'n' roll y política. Instituto Santamarca, 1975-1985";""
"Alimañas";"Sony";"27/10/2023";1020.0;324;2024;"";"Alimañas";""
"Binu, historia de dos estrellas";"Independent";"07/05/2024";980.0;153;2024;"";"Binu, historia de dos estrellas";""
"Aire";"Independent";"10/05/2024";973.0;137;2024;"";"Aire";""
"Constructores de la Alhambra, Los";"Version Digital";"25/11/2022";951.0;168;2024;"";"Constructores de la Alhambra";"Los"
"Veronica";"Sony";"25/08/2017";946.0;158;2024;"";"Veronica";""
"Oblideu Tosquelles!";"Independent";"22/12/2023";944.0;147;2024;"";"Oblideu Tosquelles!";""
"Estigma del silencio, El";"Independent";"10/12/2024";942.0;159;2024;"";"Estigma del silencio";"El"
"ADN de la memoria, El";"Independent";"18/12/2023";933.0;183;2024;"";"ADN de la memoria";"El"
"Arnasa betean. A pulmón";"Independent";"09/11/2023";926.0;147;2024;"";"Arnasa betean. A pulmón";""
"Agora (2009) (re)";"Independent";"08/03/2024";925.0;185;2024;2009.0;"Agora";""
"Ulu, un latido universal";"Independent";"29/09/2017";855.0;95;2024;"";"Ulu, un latido universal";""
"Vida en una gota, La";"Independent";"26/11/2024";855.0;285;2024;"";"Vida en una gota";"La"
"As bestas";"A Contracorriente";"11/11/2022";854.0;285;2024;"";"As bestas";""
"Rebeladas";"Independent";"04/04/2024";844.0;152;2024;"";"Rebeladas";""
"Sobre todo de noche";"Atalante";"01/12/2023";837.0;166;2024;"";"Sobre todo de noche";""
"Lengua de las mariposas, La (1999) (re)";"Independent";"16/03/2024";833.0;154;2024;1999.0;"Lengua de las mariposas";"La"
"Llamada, La";"DeAPlaneta";"29/09/2017";832.0;137;2024;"";"Llamada";"La"
"Una casa en el pueblo";"Digital 104";"18/10/2024";818.0;142;2024;"";"Una casa en el pueblo";""
"Sueños y pan";"Mubox.Studio";"25/07/2023";817.0;272;2024;"";"Sueños y pan";""
"Mamacruz";"Filmax";"27/10/2023";789.0;201;2024;"";"Mamacruz";""
"Bidasoa 2018-2023";"Barton";"20/10/2023";782.0;137;2024;"";"Bidasoa 2018-2023";""
"Kostaldetik gertuko istorioak";"Independent";"02/08/2024";775.0;124;2024;"";"Kostaldetik gertuko istorioak";""
"Five Days to Dance";"Planeta Med";"21/11/2014";763.0;214;2024;"";"Five Days to Dance";""
"¿Quien quiere casarse con un astronauta?";"Independent";"22/11/2024";762.0;177;2024;"";"¿Quien quiere casarse con un astronauta?";""
"Codon es un maquina";"Independent";"09/12/2023";758.0;120;2024;"";"Codon es un maquina";""
"Respira, mama";"Independent";"07/06/2024";751.0;152;2024;"";"Respira, mama";""
"Al margen";"The Other Side Films";"20/11/2024";746.0;171;2024;"";"Al margen";""
"Pecera, La";"Sideral";"26/05/2023";729.0;137;2024;"";"Pecera";"La"
"Cine, registro vivo de nuestra memoria";"Independent";"12/08/2022";720.0;235;2024;"";"Cine, registro vivo de nuestra memoria";""
"A Esmorga";"Via Lactea";"21/11/2014";717.0;120;2024;"";"A Esmorga";""
"Amigos hasta la muerte";"A Contracorriente";"22/09/2023";683.0;232;2024;"";"Amigos hasta la muerte";""
"Tiempo de silencio (1986) (re)";"Independent";"20/02/2024";674.0;197;2024;1986.0;"Tiempo de silencio";""
"Red Horn";"Independent";"26/04/2024";659.0;85;2024;"";"Red Horn";""
"Cancion perdida";"Independent";"06/05/2023";647.0;98;2024;"";"Cancion perdida";""
"Literato";"Independent";"24/11/2023";645.0;140;2024;"";"Literato";""
"Carbon";"Bteam Pictures";"29/12/2023";644.0;134;2024;"";"Carbon";""
"Fugida, La";"Independent";"15/05/2024";633.0;119;2024;"";"Fugida";"La"
"Equipo Cronica. Arte de trinchera";"Independent";"04/05/2024";630.0;459;2024;"";"Equipo Cronica. Arte de trinchera";""
"Orrit, Los";"Independent";"25/05/2023";630.0;90;2024;"";"Orrit";"Los"
"Quien puede matar a un niño (1976) (re)";"Independent";"13/06/2022";628.0;112;2024;1976.0;"Quien puede matar a un niño";""
"Revolucion Bitcoin";"New Frecuency";"22/07/2024";622.0;94;2024;"";"Revolucion Bitcoin";""
"Reflejos en una habitacion";"39 Escalones";"27/09/2024";622.0;104;2024;"";"Reflejos en una habitacion";""
"Escopeta nacional, La (1978)";"A Contracorriente";"18/06/2021";614.0;189;2024;1978.0;"Escopeta nacional";"La"
"Intocables de Carles Cases, Los";"Reverso Films";"22/03/2024";613.0;95;2024;"";"Intocables de Carles Cases";"Los"
"Salon, El";"Independent";"21/07/2024";604.0;151;2024;"";"Salon";"El"
"Summers el rebelde";"Maravillas Distribuciones";"15/03/2024";595.0;116;2024;"";"Summers el rebelde";""
"Cosas que nunca te dije (1996) (re)";"Independent";"23/04/2024";593.0;135;2024;1996.0;"Cosas que nunca te dije";""
"Cielo no puede esperar, El";"European Dreams Factory";"24/02/2023";590.0;118;2024;"";"Cielo no puede esperar";"El"
"Vacaciones de verano";"Sony";"06/07/2023";566.0;177;2024;"";"Vacaciones de verano";""
"Sica";"A Contracorriente";"19/05/2023";565.0;103;2024;"";"Sica";""
"Dulcinea";"Independent";"19/06/2024";561.0;143;2024;"";"Dulcinea";""
"Buscando a Nika";"Independent";"18/07/2024";552.0;86;2024;"";"Buscando a Nika";""
"Calle Ancha, Fin de Siglo";"Independent";"25/10/2024";548.0;74;2024;"";"Calle Ancha, Fin de Siglo";""
"Sueño del ladron, El";"Independent";"18/04/2024";539.0;107;2024;"";"Sueño del ladron";"El"
"Hanna y los monstruos";"Alfa Pictures";"21/04/2023";525.0;358;2024;"";"Hanna y los monstruos";""
"Muerte de un ciclista (1955) (re)";"Mercury Films";"29/12/2023";523.0;121;2024;1955.0;"Muerte de un ciclista";""
"Escribir no es normal";"Independent";"18/12/2024";522.0;116;2024;"";"Escribir no es normal";""
"Espera, La";"Maravillas Distribuciones";"15/12/2023";519.0;81;2024;"";"Espera";"La"
"Homofobia de estado";"Independent";"16/06/2024";519.0;97;2024;"";"Homofobia de estado";""
"Dios prohibido, Un";"Proyecfilm";"14/06/2013";512.0;128;2024;"";"Dios prohibido, Un";""
"De interes general (Un barrio por un parque)";"Independent";"03/02/2022";510.0;79;2024;"";"De interes general (Un barrio por un parque)";""
"Irklais per Atlanta";"Independent";"05/07/2024";510.0;51;2024;"";"Irklais per Atlanta";""
"Donde vamos a vivir. Mujeres contra el desahucio";"Independent";"12/11/2024";507.0;102;2024;"";"Donde vamos a vivir. Mujeres contra el desahucio";""
"Landrian";"Independent";"10/09/2024";502.0;82;2024;"";"Landrian";""
"Explotando el Eden, lle-a-Vache";"Independent";"14/09/2023";500.0;88;2024;"";"Explotando el Eden, lle-a-Vache";""
"Amor en toda la cara";"Independent";"07/06/2024";498.0;149;2024;"";"Amor en toda la cara";""
"Salvaxe, Salvaxe";"Independent";"02/10/2024";492.0;118;2024;"";"Salvaxe, Salvaxe";""
"Cuadro, El";"Super 8";"08/11/2019";488.0;104;2024;"";"Cuadro";"El"
"Manticora";"Bteam Pictures";"09/12/2022";486.0;108;2024;"";"Manticora";""
"Sis dies corrents";"Filmax";"03/12/2021";484.0;121;2024;"";"Sis dies corrents";""
"Gallina Turuleca, La";"Filmax";"01/01/2020";484.0;121;2024;"";"Gallina Turuleca";"La"
"Singla, La";"Atera Films";"10/11/2023";481.0;90;2024;"";"Singla";"La"
"Revolucion de las musas, La";"Independent";"12/12/2024";480.0;69;2024;"";"Revolucion de las musas";"La"
"Erase una vez en Canarias";"Nekkenti";"22/09/2023";479.0;84;2024;"";"Erase una vez en Canarias";""
"Sacar a la luz. La memoria de las artistas rapadas";"Independent";"05/11/2021";477.0;241;2024;"";"Sacar a la luz. La memoria de las artistas rapadas";""
"Extraña forma de vida";"Bteam Pictures";"26/05/2023";476.0;69;2024;"";"Extraña forma de vida";""
"Ghosts of the Chelsea Hotel (and Other Rock & Roll Stories)";"Independent";"21/10/2024";476.0;68;2024;"";"Ghosts of the Chelsea Hotel (and Other Rock & Roll Stories)";""
"Muerte en Amara";"Independent";"25/10/2024";471.0;98;2024;"";"Muerte en Amara";""
"Ultima noche de Sandra M., La";"Flamingo Films";"15/12/2023";464.0;86;2024;"";"Ultima noche de Sandra M.";"La"
"Teoria dels cossos";"Independent";"24/11/2023";463.0;102;2024;"";"Teoria dels cossos";""
"Hola, ¿Estas sola? (1995)";"Independent";"12/01/2022";461.0;79;2024;1995.0;"Hola, ¿Estas sola?";""
"Casa Bloc, rehabilitación de una idea";"Independent";"18/04/2024";457.0;81;2024;"";"Casa Bloc, rehabilitación de una idea";""
"En los margenes";"Vertice";"07/10/2022";456.0;152;2024;"";"En los margenes";""
"Witch Story, A";"Independent";"30/09/2024";450.0;85;2024;"";"Witch Story, A";""
"Goya. El ojo que escucha";"Version Digital";"28/10/2022";436.0;80;2024;"";"Goya. El ojo que escucha";""
"Mamantula";"Marvin & Wayne";"03/06/2024";435.0;92;2024;"";"Mamantula";""
"Nadie quiere la noche";"Filmax";"27/11/2015";426.0;91;2024;"";"Nadie quiere la noche";""
"Derrota, La";"Independent";"19/10/2023";417.0;74;2024;"";"Derrota";"La"
"Bofi";"Independent";"21/09/2024";412.0;60;2024;"";"Bofi";""
"Crack, El (1981) (re)";"A Contracorriente";"18/11/2024";410.0;115;2024;1981.0;"Crack";"El"
"Tres muertes de Teofilo del Valle, Las";"Independent";"09/05/2023";404.0;87;2024;"";"Tres muertes de Teofilo del Valle";"Las"
"Parias de la Tierra";"39 Escalones";"17/02/2022";404.0;79;2024;"";"Parias de la Tierra";""
"Decision de Joaquina, La";"Independent";"15/12/2024";399.0;74;2024;"";"Decision de Joaquina";"La"
"Tren de sombras (1997) (re)";"Independent";"30/04/2024";394.0;130;2024;1997.0;"Tren de sombras";""
"Caparros. Las botas del entrenador";"Maravillas Distribuciones";"26/04/2024";390.0;60;2024;"";"Caparros. Las botas del entrenador";""
"Buscando a la Santa Compaña";"Independent";"27/10/2024";382.0;56;2024;"";"Buscando a la Santa Compaña";""
"Poemes Sagrera";"";"26/05/2023";381.0;81;2024;"";"Poemes Sagrera";""
"Novia, La";"Bteam Pictures";"11/12/2015";380.0;69;2024;"";"Novia";"La"
"Favor, El";"Universal";"10/11/2023";377.0;96;2024;"";"Favor";"El"
"Perdona bonita, pero Lucas me queria a mi (1997) (re)";"Independent";"10/07/2024";375.0;52;2024;1997.0;"Perdona bonita, pero Lucas me queria a mi";""
"Hagase tu voluntad";"Independent";"03/09/2024";373.0;116;2024;"";"Hagase tu voluntad";""
"Red Ponzan, La";"Independent";"09/03/2023";371.0;65;2024;"";"Red Ponzan";"La"
"Mataharis (2007) (re)";"Mercury Films";"19/09/2024";371.0;71;2024;2007.0;"Mataharis";""
"Latido del Cielo, El";"European Dreams Factory";"17/11/2023";365.0;81;2024;"";"Latido del Cielo";"El"
"Techo amarillo, El";"Bteam Pictures";"16/12/2022";361.0;77;2024;"";"Techo amarillo";"El"
"Benin, infancia robada";"Independent";"21/07/2024";360.0;90;2024;"";"Benin, infancia robada";""
"Alguien que cuide de mi";"A Contracorriente";"28/04/2023";359.0;128;2024;"";"Alguien que cuide de mi";""
"Samuel: Hollywood vs Hollywood";"Independent";"18/04/2024";359.0;55;2024;"";"Samuel: Hollywood vs Hollywood";""
"Confesiones Chin Chin";"Independent";"18/11/2024";357.0;84;2024;"";"Confesiones Chin Chin";""
"Procura da estrela, A";"Independent";"15/01/2024";354.0;61;2024;"";"Procura da estrela, A";""
"Yo tenia una vida";"Begin Again Films";"24/11/2023";352.0;90;2024;"";"Yo tenia una vida";""
"El Bosco. El jardin de los sueños";"Version Digital";"09/06/2016";342.0;54;2024;"";"El Bosco. El jardin de los sueños";""
"A los que aman (1998) (re)";"Independent";"23/04/2024";340.0;78;2024;1998.0;"A los que aman";""
"Sombra del tiburón, La";"Independent";"16/03/2024";338.0;82;2024;"";"Sombra del tiburón";"La"
"Buen patron, El";"TriPictures";"15/10/2021";330.0;60;2024;"";"Buen patron";"El"
"Contra etiqueta, La";"Independent";"15/04/2024";327.0;58;2024;"";"Contra etiqueta";"La"
"Mi vida sin mí (2003) (re)";"Independent";"20/11/2023";326.0;71;2024;2003.0;"Mi vida sin mí";""
"Historias del Kronen (1995) (re)";"Independent";"26/07/2024";320.0;80;2024;1995.0;"Historias del Kronen";""
"Ayer no termina nunca";"A Contracorriente";"26/04/2013";319.0;70;2024;"";"Ayer no termina nunca";""
"Parasceve, retrato de una Semana Santa";"European Dreams Factory";"25/02/2022";315.0;44;2024;"";"Parasceve, retrato de una Semana Santa";""
"Dormiamos, despertamos";"Independent";"15/05/2024";312.0;59;2024;"";"Dormiamos, despertamos";""
"Fernanda y Bernarda";"Independent";"21/11/2023";312.0;39;2024;"";"Fernanda y Bernarda";""
"Sol del Sur. El viaje de Mario Diaz";"Independent";"13/11/2023";310.0;52;2024;"";"Sol del Sur. El viaje de Mario Diaz";""
"Sirvienta, La";"Proyecfilm";"24/03/2023";307.0;76;2024;"";"Sirvienta";"La"
"Memorias de un cuerpo que arde";"Independent";"29/11/2024";303.0;152;2024;"";"Memorias de un cuerpo que arde";""
"Libertad";"Avalon Distribución";"19/11/2021";300.0;50;2024;"";"Libertad";""
"Techo del mundo, El (1994) (re)";"Independent";"21/03/2023";297.0;54;2024;1994.0;"Techo del mundo";"El"
"Tequila, Sexo, Drogas y rock & roll";"Karma";"25/11/2022";297.0;43;2024;"";"Tequila, Sexo, Drogas y rock & roll";""
"In Memoriam Biel";"Independent";"10/10/2024";290.0;51;2024;"";"In Memoriam Biel";""
"Itsasoak pizten gaitu (Somos mar)";"Independent";"11/05/2024";285.0;20;2024;"";"Itsasoak pizten gaitu (Somos mar)";""
"Momonsters la pelicula";"Notorious Pictures Spain";"06/12/2023";284.0;54;2024;"";"Momonsters la pelicula";""
"Vida secreta de las palabras, La (2005) (re)";"Independent";"07/05/2024";283.0;62;2024;2005.0;"Vida secreta de las palabras";"La"
"Santos inocentes, Los (1984) (re)";"Universal";"15/10/2020";283.0;45;2024;1984.0;"Santos inocentes";"Los"
"Niñas, Las";"Bteam Pictures";"04/09/2020";275.0;50;2024;"";"Niñas";"Las"
"Capitanes de abril (2000) (re)";"Independent";"07/05/2024";274.0;47;2024;2000.0;"Capitanes de abril";""
"Soy Cloe, existo";"Independent";"25/10/2024";273.0;135;2024;"";"Soy Cloe, existo";""
"Ciudad quemada, La (1976) (re)";"Independent";"29/02/2024";273.0;65;2024;1976.0;"Ciudad quemada";"La"
"Vaca mugiendo entre ruinas";"Independent";"18/06/2021";272.0;47;2024;"";"Vaca mugiendo entre ruinas";""
"Todo sobre mi madre (1999) (re)";"Independent";"21/10/2023";266.0;271;2024;1999.0;"Todo sobre mi madre";""
"Arrebato (1980) (re)";"Independent";"20/04/2022";266.0;76;2024;1980.0;"Arrebato";""
"Casa Emak Bakia, La";"Independent";"04/08/2021";264.0;43;2024;"";"Casa Emak Bakia";"La"
"Belle Epoque (1992) (re)";"Independent";"05/03/2024";262.0;75;2024;1992.0;"Belle Epoque";""
"Semilla del son";"Karma";"10/11/2023";261.0;44;2024;"";"Semilla del son";""
"Secaderos";"Begin Again Films";"02/06/2023";260.0;123;2024;"";"Secaderos";""
"Buena estrella, La (1997) (re)";"Mercury Films";"16/10/2024";256.0;86;2024;1997.0;"Buena estrella";"La"
"Una noche con Adela";"ConUnPack";"01/12/2023";252.0;74;2024;"";"Una noche con Adela";""
"Matar a Dios";"Festival Films";"21/09/2018";252.0;63;2024;"";"Matar a Dios";""
"Nieva en Benidorm";"Bteam Pictures";"11/12/2020";250.0;62;2024;"";"Nieva en Benidorm";""
"Juan Marine. Un siglo de cine";"Independent";"22/11/2023";246.0;82;2024;"";"Juan Marine. Un siglo de cine";""
"Claret";"Proyecfilm";"24/09/2021";244.0;61;2024;"";"Claret";""
"Dia de la bestia, El (1995) (4k re)";"ConUnPack";"15/10/2021";244.0;138;2024;1995.0;"Dia de la bestia";"El"
"Volver (re:2021)";"El Deseo";"06/10/2021";243.0;79;2024;"";"Volver";""
"Marilyn y las avispas";"Maravillas Distribuciones";"05/04/2024";241.0;38;2024;"";"Marilyn y las avispas";""
"Addictus";"Independent";"24/11/2024";241.0;35;2024;"";"Addictus";""
"Consagración de la primavera, La";"Aventura Cine";"30/09/2022";240.0;96;2024;"";"Consagración de la primavera";"La"
"Luz de Soledad";"Proyecfilm";"21/10/2016";235.0;47;2024;"";"Luz de Soledad";""
"Cuanto me queda";"A Contracorriente";"20/12/2023";235.0;70;2024;"";"Cuanto me queda";""
"Metralla de amor";"Independent";"20/02/2024";234.0;46;2024;"";"Metralla de amor";""
"Tierras del cielo, Las";"Independent";"30/01/2024";229.0;49;2024;"";"Tierras del cielo";"Las"
"Jimmy y la tecla magica";"Independent";"27/07/2024";228.0;57;2024;"";"Jimmy y la tecla magica";""
"Sintiendolo mucho";"Avalon Distribución";"17/11/2022";227.0;33;2024;"";"Sintiendolo mucho";""
"Como Dios manda";"Warner Bros";"02/06/2023";223.0;383;2024;"";"Como Dios manda";""
"Mundo de Jacques Demy, El (1995) (re)";"Avalon Distribución";"27/09/2022";222.0;46;2024;1995.0;"Mundo de Jacques Demy";"El"
"Hermandad de los gitanos, La";"Independent";"19/03/2024";222.0;42;2024;"";"Hermandad de los gitanos";"La"
"Camino de la suerte";"Begin Again Films";"20/10/2023";221.0;456;2024;"";"Camino de la suerte";""
"Silencio antes de Bach, El (2007) (re)";"Films 59";"08/06/2024";215.0;118;2024;2007.0;"Silencio antes de Bach";"El"
"Paradoja de Antares, La";"ConUnPack";"27/06/2023";213.0;62;2024;"";"Paradoja de Antares";"La"
"Hable con ella (2002) (re)";"El Deseo";"30/05/2023";207.0;59;2024;2002.0;"Hable con ella";""
"Pelicula del hierro y la nieve";"Independent";"14/02/2024";206.0;71;2024;"";"Pelicula del hierro y la nieve";""
"Vasil";"Filmax";"04/11/2022";205.0;33;2024;"";"Vasil";""
"Ahora la luz cae vertical";"Independent";"06/10/2023";202.0;40;2024;"";"Ahora la luz cae vertical";""
"Petra de San Jose";"European Dreams Factory";"04/02/2022";200.0;40;2024;"";"Petra de San Jose";""
"Mujeres al borde de un ataque de nervios (1988) (re)";"Independent";"17/09/2022";195.0;63;2024;1988.0;"Mujeres al borde de un ataque de nervios";""
"Niños salvajes, Los (2012) (re)";"Independent";"07/05/2024";195.0;73;2024;2012.0;"Niños salvajes";"Los"
"Bosque Salvaje de Pardomino, El";"Independent";"04/05/2023";195.0;39;2024;"";"Bosque Salvaje de Pardomino";"El"
"Dorinico, como conseguir un sueño";"Independent";"15/07/2024";195.0;129;2024;"";"Dorinico, como conseguir un sueño";""
"Experimento Deanie";"Independent";"24/03/2024";192.0;31;2024;"";"Experimento Deanie";""
"Tara, La";"Begin Again Films";"27/09/2024";188.0;34;2024;"";"Tara";"La"
"Diego Vasallo, la posteridad para más tarde";"Independent";"25/01/2024";186.0;35;2024;"";"Diego Vasallo, la posteridad para más tarde";""
"Cuando los amos duermen";"Version Digital";"29/11/2024";185.0;32;2024;"";"Cuando los amos duermen";""
"Muyeres";"Independent";"16/12/2023";184.0;33;2024;"";"Muyeres";""
"Libres";"Bosco Films";"21/04/2023";183.0;66;2024;"";"Libres";""
"Miradas del cine español";"Independent";"04/09/2024";183.0;61;2024;"";"Miradas del cine español";""
"No puedo vivir sin ti";"Independent";"01/08/2024";182.0;28;2024;"";"No puedo vivir sin ti";""
"Libreria, La";"A Contracorriente";"10/11/2017";179.0;43;2024;"";"Libreria";"La"
"Aroak";"Independent";"25/09/2024";177.0;59;2024;"";"Aroak";""
"Vida de Brianeitor, La";"Notorious Pictures Spain";"11/10/2023";177.0;73;2024;"";"Vida de Brianeitor";"La"
"Cel de Plom, Un";"Filmax";"28/04/2023";176.0;44;2024;"";"Cel de Plom, Un";""
"Ultimo deseo, El";"Independent";"05/11/2024";175.0;64;2024;"";"Ultimo deseo";"El"
"Cuñados";"Filmax";"09/04/2021";172.0;43;2024;"";"Cuñados";""
"Altea, la casa de la mar";"Independent";"06/05/2024";168.0;89;2024;"";"Altea, la casa de la mar";""
"Murillo, el ultimo viaje";"Version Digital";"17/11/2017";166.0;32;2024;"";"Murillo, el ultimo viaje";""
"Zumiriki";"Independent";"02/10/2020";165.0;33;2024;"";"Zumiriki";""
"En Granada es posible";"Independent";"13/11/2015";162.0;35;2024;"";"En Granada es posible";""
"Memoria Escondida, La";"Begin Again Films";"23/06/2023";161.0;167;2024;"";"Memoria Escondida";"La"
"Cienaga, La (2001) (re)";"Independent";"25/06/2024";161.0;53;2024;2001.0;"Cienaga";"La"
"Thi Mai, rumbo a Vietnam";"TriPictures";"12/01/2018";159.0;64;2024;"";"Thi Mai, rumbo a Vietnam";""
"Colon ADN, su verdadero origen";"Independent";"12/10/2024";159.0;23;2024;"";"Colon ADN, su verdadero origen";""
"Remember My Name";"Boogaloo";"24/11/2023";158.0;31;2024;"";"Remember My Name";""
"Vestida de azul (1983) (re)";"Independent";"10/03/2023";157.0;21;2024;1983.0;"Vestida de azul";""
"Silencio de otros, El";"Bteam Pictures";"16/11/2018";156.0;39;2024;"";"Silencio de otros";"El"
"Sau: la memoria sumergida";"Independent";"20/11/2024";153.0;31;2024;"";"Sau: la memoria sumergida";""
"Alcarras";"Avalon Distribución";"29/04/2022";150.0;21;2024;"";"Alcarras";""
"Notas sobre un verano";"Surtsey Films";"01/09/2023";149.0;26;2024;"";"Notas sobre un verano";""
"Fábula del escorpión y la rana";"Independent";"22/02/2024";148.0;36;2024;"";"Fábula del escorpión y la rana";""
"Metamorphosis";"Independent";"20/10/2022";144.0;30;2024;"";"Metamorphosis";""
"Estado de las cosas, El (1982) (re)";"A Contracorriente";"27/05/2024";144.0;51;2024;1982.0;"Estado de las cosas";"El"
"Esa pareja feliz (1951) (re)";"Independent";"14/04/2021";139.0;35;2024;1951.0;"Esa pareja feliz";""
"Vaya vacaciones";"Universal";"21/04/2023";135.0;351;2024;"";"Vaya vacaciones";""
"Dobla la esquina, el volcán";"Independent";"21/02/2024";135.0;85;2024;"";"Dobla la esquina, el volcán";""
"Ramona";"Tortilla Films";"25/11/2022";134.0;23;2024;"";"Ramona";""
"My Mexican Bretzel";"Avalon Distribución";"11/12/2020";132.0;62;2024;"";"My Mexican Bretzel";""
"Generacion Lagartija";"Independent";"21/06/2024";128.0;16;2024;"";"Generacion Lagartija";""
"Erlauntza-Enjambre";"Barton";"06/11/2020";126.0;63;2024;"";"Erlauntza-Enjambre";""
"Absolución de Juan Alfredo Amil";"Independent";"15/12/2023";122.0;19;2024;"";"Absolución de Juan Alfredo Amil";""
"Els encantats (Los encantados)";"A Contracorriente";"02/06/2023";121.0;28;2024;"";"Els encantats (Los encantados)";""
"Negociadores, Los. Como construir la Paz";"Independent";"04/06/2023";121.0;25;2024;"";"Negociadores, Los. Como construir la Paz";""
"Codigo Marcos";"Independent";"28/10/2024";121.0;24;2024;"";"Codigo Marcos";""
"Virgen de Agosto, La";"Bteam Pictures";"15/08/2019";115.0;23;2024;"";"Virgen de Agosto";"La"
"Artefacto 71";"Independent";"05/09/2024";113.0;21;2024;"";"Artefacto 71";""
"Mar adentro (2004) (re)";"Independent";"08/03/2024";112.0;32;2024;2004.0;"Mar adentro";""
"10,000 KM";"Avalon Distribución";"15/05/2014";110.0;54;2024;"";"10,000 KM";""
"Santa fiesta";"Independent";"27/05/2016";109.0;18;2024;"";"Santa fiesta";""
"A chat movie";"Independent";"15/12/2023";105.0;18;2024;"";"A chat movie";""
"A los libros y a las mujeres canto";"Txintxua Films";"21/04/2023";100.0;25;2024;"";"A los libros y a las mujeres canto";""
"Doña Francisquita (1952) (re)";"Independent";"13/06/2024";98.0;28;2024;1952.0;"Doña Francisquita";""
"Revoltosa, La (1963) (re)";"Independent";"13/06/2024";94.0;27;2024;1963.0;"Revoltosa";"La"
"Bilbao (1978) (re)";"Independent";"30/04/2024";91.0;26;2024;1978.0;"Bilbao";""
"Heavies Tiernos";"Paycom Multimedia";"22/12/2023";90.0;18;2024;"";"Heavies Tiernos";""
"We All Play";"Independent";"09/07/2024";90.0;15;2024;"";"We All Play";""
"Genero chico, El";"Independent";"14/06/2024";88.0;29;2024;"";"Genero chico";"El"
"Lligams, fils que cuiden la vida";"Independent";"07/05/2024";87.0;122;2024;"";"Lligams, fils que cuiden la vida";""
"Nos parecia importante";"Independent";"28/06/2024";85.0;17;2024;"";"Nos parecia importante";""
"Maria y la pelicula olvidada";"Independent";"28/07/2023";85.0;51;2024;"";"Maria y la pelicula olvidada";""
"Errementari (El herrero y el diablo)";"Filmax";"02/03/2018";85.0;85;2024;"";"Errementari (El herrero y el diablo)";""
"Restoration, The";"Independent";"22/09/2024";84.0;20;2024;"";"Restoration, The";""
"Un blues para Teheran";"Surtsey Films";"02/07/2021";83.0;40;2024;"";"Un blues para Teheran";""
"Toda una vida";"Filmin";"26/05/2023";82.0;17;2024;"";"Toda una vida";""
"Poderes de Lolo, Los";"Independent";"30/09/2024";82.0;112;2024;"";"Poderes de Lolo";"Los"
"Micropolis";"Independent";"09/05/2024";81.0;85;2024;"";"Micropolis";""
"Maa-yiem, la extraordinaria historia de Jordi Sabater Pi";"Independent";"22/02/2024";75.0;97;2024;"";"Maa-yiem, la extraordinaria historia de Jordi Sabater Pi";""
"Primavera, La";"Independent";"15/10/2024";75.0;26;2024;"";"Primavera";"La"
"En la linea del horizonte (1993) (re)";"Independent";"09/04/2024";73.0;36;2024;1993.0;"En la linea del horizonte";""
"Voluntaria, La";"Bteam Pictures";"09/06/2022";71.0;13;2024;"";"Voluntaria";"La"
"Tres caminos a Cádiz";"Independent";"08/02/2024";71.0;21;2024;"";"Tres caminos a Cádiz";""
"Mans del Genoves, Les";"Independent";"05/05/2024";70.0;73;2024;"";"Mans del Genoves, Les";""
"Vaquilla, La (1985) (re)";"Independent";"16/12/2020";69.0;16;2024;1985.0;"Vaquilla";"La"
"L'eternitat";"Independent";"17/03/2023";66.0;22;2024;"";"L'eternitat";""
"Team Heretics, una historia de talentos";"Independent";"09/12/2024";61.0;13;2024;"";"Team Heretics, una historia de talentos";""
"Erase una vez en el Caribe";"Independent";"18/04/2024";59.0;8;2024;"";"Erase una vez en el Caribe";""
"Cyborg Generation";"Independent";"22/11/2024";59.0;108;2024;"";"Cyborg Generation";""
"Amiga de mi amiga, La";"Begin Again Films";"03/02/2023";58.0;10;2024;"";"Amiga de mi amiga";"La"
"Te doy mis ojos (2003) (re)";"Independent";"26/09/2024";58.0;11;2024;2003.0;"Te doy mis ojos";""
"Verbena de la Paloma, La (1963) (re)";"Independent";"12/06/2024";56.0;16;2024;1963.0;"Verbena de la Paloma";"La"
"Mayor regalo, El";"Infinito mas uno";"09/11/2018";54.0;9;2024;"";"Mayor regalo";"El"
"Artifacts Assembly";"Independent";"04/05/2024";52.0;63;2024;"";"Artifacts Assembly";""
"Mariquilla Terremoto (1939) (re)";"Independent";"20/04/2024";52.0;15;2024;1939.0;"Mariquilla Terremoto";""
"Maldita primavera, La";"Independent";"29/06/2024";50.0;10;2024;"";"Maldita primavera";"La"
"Manuel Machado o la edad de la poesia";"Maravillas Distribuciones";"23/08/2024";50.0;8;2024;"";"Manuel Machado o la edad de la poesia";""
"Cirlot. La mirada de Bronwyn";"Independent";"09/05/2024";50.0;14;2024;"";"Cirlot. La mirada de Bronwyn";""
"Umbracle";"Films 59";"30/05/2024";50.0;10;2024;"";"Umbracle";""
"Eterna";"39 Escalones";"02/03/2023";49.0;46;2024;"";"Eterna";""
"A todo tren 2";"Warner Bros";"02/12/2022";46.0;323;2024;"";"A todo tren 2";""
"Chichi y yo";"Independent";"11/10/2024";46.0;13;2024;"";"Chichi y yo";""
"Maternal, La";"Bteam Pictures";"18/11/2022";45.0;14;2024;"";"Maternal";"La"
"Red de libertad";"Proyecfilm";"20/10/2017";44.0;11;2024;"";"Red de libertad";""
"Alma de Dios (1941) (re)";"Independent";"12/06/2024";42.0;12;2024;1941.0;"Alma de Dios";""
"Tetuan";"Independent";"06/10/2023";40.0;8;2024;"";"Tetuan";""
"Maria (y los demas)";"Avalon Distribución";"07/12/2016";37.0;5;2024;"";"Maria (y los demas)";""
"Amanece en Calcuta";"European Dreams Factory";"16/04/2021";37.0;6;2024;"";"Amanece en Calcuta";""
"Beach House";"Syldavia";"27/07/2023";35.0;5;2024;"";"Beach House";""
"Federico Mayor Zaragoza: Recuerdos del porvenir";"Independent";"08/05/2024";35.0;6;2024;"";"Federico Mayor Zaragoza: Recuerdos del porvenir";""
"Mujeres sin censura";"Independent";"21/12/2022";34.0;6;2024;"";"Mujeres sin censura";""
"Cabeza y corazon";"Begin Again Films";"01/12/2023";33.0;6;2024;"";"Cabeza y corazon";""
"Lincessa. Los silencios del bosque";"ConUnPack";"21/04/2023";32.0;6;2024;"";"Lincessa. Los silencios del bosque";""
"Viaje al cuarto de una madre";"Alfa Pictures";"05/10/2018";30.0;6;2024;"";"Viaje al cuarto de una madre";""
"Unicorn Wars";"Barton";"21/10/2022";28.0;12;2024;"";"Unicorn Wars";""
"Celedonio y yo somos asi (1977) (re)";"Independent";"17/10/2024";28.0;10;2024;1977.0;"Celedonio y yo somos asi";""
"Teselas. El poder transformador del viaje";"Independent";"09/03/2024";27.0;5;2024;"";"Teselas. El poder transformador del viaje";""
"Ventolera (1962) (re)";"Independent";"18/04/2024";25.0;7;2024;1962.0;"Ventolera";""
"Bastarda";"Independent";"09/05/2024";25.0;29;2024;"";"Bastarda";""
"No somos marionetas";"Independent";"09/12/2024";24.0;4;2024;"";"No somos marionetas";""
"Nacion";"Atalante";"26/03/2021";23.0;4;2024;"";"Nacion";""
"Boda de Rosa, La";"Filmax";"21/08/2020";20.0;4;2024;"";"Boda de Rosa";"La"
"Tolyatti Adrift";"Begin Again Films";"28/10/2022";17.0;3;2024;"";"Tolyatti Adrift";""
"Septiembre";"Independent";"06/10/2023";16.0;4;2024;"";"Septiembre";""
"Peluquero romantico, El";"Independent";"09/10/2024";15.0;3;2024;"";"Peluquero romantico";"El"
"Sagrada familia, La";"Independent";"19/03/2024";15.0;3;2024;"";"Sagrada familia";"La"
"Steven quiere conocerte";"Independent";"18/12/2024";15.0;3;2024;"";"Steven quiere conocerte";""
"Vivir dos veces";"Filmax";"06/09/2019";14.0;8;2024;"";"Vivir dos veces";""
"Valencia 22. City of Design";"Independent";"05/05/2024";14.0;34;2024;"";"Valencia 22. City of Design";""
"Malvaloca (1942) (re)";"Independent";"17/04/2024";14.0;4;2024;1942.0;"Malvaloca";""
"Vientre del mar, El";"Elastica";"12/11/2021";10.0;2;2024;"";"Vientre del mar";"El"
"Trinchera infinita, La";"Entertainment One Films";"31/10/2019";10.0;4;2024;"";"Trinchera infinita";"La"
"Visita y un Jardín Secreto, La";"Begin Again Films";"25/11/2022";10.0;2;2024;"";"Visita y un Jardín Secreto";"La"
"Verdad sobre el caso Savolta, La (1979) (re)";"Independent";"18/03/2024";9.0;2;2024;1979.0;"Verdad sobre el caso Savolta";"La"
"Reina mora, La (1955) (re)";"Independent";"17/04/2024";7.0;2;2024;1955.0;"Reina mora";"La"
"H";"Vitrine Filmes";"22/06/2023";6.0;1;2024;"";"H";""
"Loreak";"A Contracorriente";"31/10/2014";5.0;2;2024;"";"Loreak";""
"Nosotros no nos mataremos con pistolas";"Filmax";"17/06/2022";2.0;1;2024;"";"Nosotros no nos mataremos con pistolas";""
"Padre no hay mas que uno 5";"Sony";"26/06/2025";13406008.0;2043434;2025;"";"Padre no hay mas que uno 5";""
"Cautivo, El";"Walt Disney";"12/09/2025";5284665.0;792007;2025;"";"Cautivo";"El"
"Wolfgang (Extraordinario)";"Universal";"14/03/2025";3974083.0;597938;2025;"";"Wolfgang (Extraordinario)";""
"Domingos, Los";"Bteam Pictures";"24/10/2025";3946830.0;628500;2025;"";"Domingos";"Los"
"Cena, La";"A Contracorriente";"17/10/2025";3606931.0;587645;2025;"";"Cena";"La"
"Casoplon, El";"Walt Disney";"16/04/2025";3311753.0;489967;2025;"";"Casoplon";"El"
"Un funeral de locos";"Sony";"11/04/2025";3024460.0;437336;2025;"";"Un funeral de locos";""
"Sin Cobertura";"Sony";"22/08/2025";2925496.0;454350;2025;"";"Sin Cobertura";""
"Sirat, trance en el desierto";"Bteam Pictures";"06/06/2025";2899613.0;438644;2025;"";"Sirat, trance en el desierto";""
"Romeria";"Elastica";"05/09/2025";1783277.0;276083;2025;"";"Romeria";""
"Tierra de nadie";"Sony";"28/03/2025";1581015.0;236597;2025;"";"Tierra de nadie";""
"Infiltrada, La";"Beta Fiction";"11/10/2024";1583340.0;244504;2025;"";"Infiltrada";"La"
"Mikaela";"Walt Disney";"31/01/2025";1552358.0;232516;2025;"";"Mikaela";""
"Muertimer, Los";"Paramount Int'l";"14/08/2025";1415112.0;222876;2025;"";"Muertimer";"Los"
"Tigres, Los";"Walt Disney";"31/10/2025";1227314.0;211688;2025;"";"Tigres";"Los"
"Secreto del orfebre, El";"Warner Bros";"28/02/2025";1122589.0;169651;2025;"";"Secreto del orfebre";"El"
"Sospecha de Sofía, La";"Universal";"03/10/2025";977770.0;150433;2025;"";"Sospecha de Sofía";"La"
"Mi amiga Eva";"Filmax";"19/09/2025";931571.0;145213;2025;"";"Mi amiga Eva";""
"Todos los lados de la cama";"Walt Disney";"14/11/2025";896327.0;133813;2025;"";"Todos los lados de la cama";""
"Siempre es invierno";"Bteam Pictures";"07/11/2025";877595.0;138313;2025;"";"Siempre es invierno";""
"Coartadas";"Beta Fiction";"28/11/2025";827576.0;124798;2025;"";"Coartadas";""
"Voy a pasarmelo mejor";"Beta Fiction";"18/07/2025";822109.0;126975;2025;"";"Voy a pasarmelo mejor";""
"47, El";"A Contracorriente";"06/09/2024";772459.0;127108;2025;"";"47";"El"
"Cuerpos locos";"A Contracorriente";"31/10/2025";744254.0;127776;2025;"";"Cuerpos locos";""
"Maspalomas";"Bteam Pictures";"26/09/2025";734954.0;122890;2025;"";"Maspalomas";""
"Deuda, La";"Wanda";"17/10/2025";729774.0;122365;2025;"";"Deuda";"La"
"Sorda";"A Contracorriente";"04/04/2025";719643.0;118455;2025;"";"Sorda";""
"Una quinta portuguesa";"Filmax";"09/05/2025";704553.0;118823;2025;"";"Una quinta portuguesa";""
"Golpes";"A Contracorriente";"05/12/2025";689219.0;105870;2025;"";"Golpes";""
"Mala influencia";"TriPictures";"24/01/2025";647170.0;95043;2025;"";"Mala influencia";""
"Futbolisimos 2 y el misterio del tesoro pirata, Los";"Filmax";"08/08/2025";636712.0;102883;2025;"";"Futbolisimos 2 y el misterio del tesoro pirata";"Los"
"Flores para Antonio";"A Contracorriente";"28/11/2025";633741.0;95821;2025;"";"Flores para Antonio";""
"Sin instrucciones";"Warner Bros";"25/12/2024";749413.0;111550;2025;"";"Sin instrucciones";""
"Me has robado el corazon";"Sony";"05/12/2025";531074.0;75353;2025;"";"Me has robado el corazon";""
"Aitas, Los";"Bteam Pictures";"21/03/2025";478044.0;75469;2025;"";"Aitas";"Los"
"Parecido a un asesinato";"Vertice";"03/10/2025";438951.0;68524;2025;"";"Parecido a un asesinato";""
"Buena letra, La";"Caramel Films";"30/04/2025";423539.0;69030;2025;"";"Buena letra";"La"
"Muy lejos";"Bteam Pictures";"11/04/2025";421795.0;64385;2025;"";"Muy lejos";""
"Tardes de soledad";"A Contracorriente";"07/03/2025";345230.0;51092;2025;"";"Tardes de soledad";""
"Frontera";"Filmax";"12/12/2025";340872.0;54143;2025;"";"Frontera";""
"Strangers: Capitulo 2";"Diamond Films";"26/09/2025";335027.0;49946;2025;"";"Strangers: Capitulo 2";""
"Huella del mal, La";"Alfa Pictures";"04/04/2025";309144.0;46951;2025;"";"Huella del mal";"La"
"Reversion";"AF Pictures";"07/11/2025";301605.0;46700;2025;"";"Reversion";""
"Heidi. El rescate del lince";"SelectaVisión";"22/08/2025";284104.0;46612;2025;"";"Heidi. El rescate del lince";""
"Guitarra flamenca de Yerai Cortes, La";"A Contracorriente";"20/12/2024";277128.0;41228;2025;"";"Guitarra flamenca de Yerai Cortes";"La"
"Gaua";"Filmax";"14/11/2025";240044.0;39376;2025;"";"Gaua";""
"Un lio de millones";"Sony";"20/12/2024";295681.0;45405;2025;"";"Un lio de millones";""
"Parenostre";"Filmax";"16/04/2025";232860.0;33088;2025;"";"Parenostre";""
"Bajo un volcan";"Beta Fiction";"20/06/2025";217875.0;32544;2025;"";"Bajo un volcan";""
"Solo Javier";"Bosco Films";"12/09/2025";212923.0;26577;2025;"";"Solo Javier";""
"La Que Se Avecina - Evento Especial";"Contubernio";"11/11/2025";210402.0;40582;2025;"";"La Que Se Avecina - Evento Especial";""
"Abuela tremenda";"Walt Disney";"01/01/2026";9153.0;1283;2025;"";"Abuela tremenda";""
"Afterburn";"TriPictures";"19/09/2025";204739.0;31233;2025;"";"Afterburn";""
"Karmele";"Caramel Films";"10/10/2025";202625.0;35652;2025;"";"Karmele";""
"Votemos";"DeAPlaneta";"12/06/2025";195581.0;31712;2025;"";"Votemos";""
"Campamento Garra de Oso";"Filmax";"29/08/2025";193467.0;31665;2025;"";"Campamento Garra de Oso";""
"Descalzos";"Bosco Films";"14/02/2025";190884.0;26271;2025;"";"Descalzos";""
"Ya no quedan junglas";"Universal";"26/09/2025";183152.0;28152;2025;"";"Ya no quedan junglas";""
"Vieja Loca";"DeAPlaneta";"10/10/2025";177053.0;25970;2025;"";"Vieja Loca";""
"Buena suerte, La";"Karma";"06/06/2025";175187.0;27208;2025;"";"Buena suerte";"La"
"Enemigos";"Vertice";"09/05/2025";175129.0;28423;2025;"";"Enemigos";""
"Lo que aprendí de mi pingüino";"Nostromo";"05/09/2025";161354.0;25914;2025;"";"Lo que aprendí de mi pingüino";""
"Leo & Lou";"Filmax";"07/11/2025";153487.0;24458;2025;"";"Leo & Lou";""
"¿Quién es quien?";"DeAPlaneta";"05/12/2024";176965.0;27738;2025;"";"¿Quién es quien?";""
"Hasta que me quede sin voz";"Sideral";"17/10/2025";142402.0;19536;2025;"";"Hasta que me quede sin voz";""
"Sigue mi voz";"Beta Fiction";"12/09/2025";138443.0;20662;2025;"";"Sigue mi voz";""
"Invasio dels barbars, La Tierra a la vista/";"Benece";"06/11/2025";136272.0;21774;2025;"";"Invasio dels barbars, La Tierra a la vista/";""
"Irresponsables, Las";"A Contracorriente";"24/07/2025";134775.0;21384;2025;"";"Irresponsables";"Las"
"Playa de Lobos";"TriPictures";"05/12/2025";134062.0;20008;2025;"";"Playa de Lobos";""
"Tregua, La";"TriPictures";"10/10/2025";133129.0;19558;2025;"";"Tregua";"La"
"Fiebre de los ricos, La";"Filmax";"24/01/2025";125821.0;20159;2025;"";"Fiebre de los ricos";"La"
"Talento, El";"TriPictures";"05/09/2025";122528.0;19162;2025;"";"Talento";"El"
"Mar i Cel";"Alfa Pictures";"28/11/2025";120800.0;18134;2025;"";"Mar i Cel";""
"Tortuga, Los";"A Contracorriente";"23/05/2025";120279.0;21978;2025;"";"Tortuga";"Los"
"Delicias del jardín, Las";"Vertice";"19/09/2025";116147.0;18718;2025;"";"Delicias del jardín";"Las"
"Singular";"Warner Bros";"28/11/2025";114913.0;18023;2025;"";"Singular";""
"Ciudad sin sueño";"Bteam Pictures";"21/11/2025";113470.0;18945;2025;"";"Ciudad sin sueño";""
"Desmontando un elefante";"Filmax";"10/01/2025";113411.0;18512;2025;"";"Desmontando un elefante";""
"Jone, a veces";"Atera Films";"12/09/2025";113011.0;19767;2025;"";"Jone, a veces";""
"200% Wolf. Pequeño Gran Lobo";"Flins y Piniculas";"05/12/2025";109701.0;19246;2025;"";"200% Wolf. Pequeño Gran Lobo";""
"Rondallas";"Beta Fiction";"01/01/2026";4739.0;759;2025;"";"Rondallas";""
"Norbert";"Walt Disney";"17/01/2025";102696.0;16549;2025;"";"Norbert";""
"Antes de Nos";"Atalante";"23/05/2025";98198.0;18456;2025;"";"Antes de Nos";""
"Coleccionista, La";"Yelmo";"22/08/2025";96671.0;14357;2025;"";"Coleccionista";"La"
"Isla de los faisanes, La";"Bteam Pictures";"25/04/2025";90364.0;15302;2025;"";"Isla de los faisanes";"La"
"Tesoro de Barracuda, El";"Filmax";"26/09/2025";80920.0;12664;2025;"";"Tesoro de Barracuda";"El"
"Mi unica familia (Hard Truths)";"Bteam Pictures";"28/02/2025";78252.0;12949;2025;"";"Mi unica familia (Hard Truths)";""
"Tambien esto pasara";"A Contracorriente";"09/05/2025";77019.0;12348;2025;"";"Tambien esto pasara";""
"Misericordia";"Karma";"21/03/2025";70863.0;11766;2025;"";"Misericordia";""
"Extraño rio";"Elastica";"03/10/2025";68716.0;11216;2025;"";"Extraño rio";""
"Jockey, El";"Caramel Films";"30/05/2025";68525.0;14112;2025;"";"Jockey";"El"
"San Simon";"Baños Films";"24/10/2025";66663.0;12247;2025;"";"San Simon";""
"Cariñena, vino del mar";"Filmax";"19/06/2025";66619.0;11055;2025;"";"Cariñena, vino del mar";""
"Pideme lo que quieras";"Warner Bros";"29/11/2024";69721.0;10301;2025;"";"Pideme lo que quieras";""
"Virgenes";"Filmax";"20/06/2025";55495.0;8704;2025;"";"Virgenes";""
"Maleficio (La regla de Osha)";"SelectaVisión";"03/10/2025";55399.0;8409;2025;"";"Maleficio (La regla de Osha)";""
"Lo que queda de ti";"Karma";"16/05/2025";55022.0;9765;2025;"";"Lo que queda de ti";""
"8";"Vercine";"21/03/2025";54400.0;9175;2025;"";"8";""
"Itoiz Udako Sesioak";"Atera Films";"24/01/2025";47884.0;8427;2025;"";"Itoiz Udako Sesioak";""
"Te protegeran mis alas";"Maravillas Distribuciones";"14/11/2025";45314.0;9353;2025;"";"Te protegeran mis alas";""
"Hanna y las navidades olvidadas";"Alfa Pictures";"05/12/2025";44758.0;8018;2025;"";"Hanna y las navidades olvidadas";""
"Furia, La";"Filmax";"28/03/2025";43309.0;7193;2025;"";"Furia";"La"
"Madrid, EXT";"La Vida";"28/08/2025";41342.0;6174;2025;"";"Madrid, EXT";""
"Comunidad, La (2000) (re) 25 Aniversario";"Avalon Distribución";"21/08/2025";40744.0;6816;2025;2000.0;"Comunidad";"La"
"Mitad de Ana, La";"Elastica";"10/01/2025";38371.0;6216;2025;"";"Mitad de Ana";"La"
"Sujetame el cubata";"Alfa Pictures";"17/10/2025";38229.0;6039;2025;"";"Sujetame el cubata";""
"Bodegon con fantasmas";"Sideral";"07/02/2025";37928.0;6404;2025;"";"Bodegon con fantasmas";""
"Almudena";"Syldavia";"16/05/2025";35162.0;5800;2025;"";"Almudena";""
"Luz de Aisha, La";"Filmax";"11/04/2025";32957.0;5879;2025;"";"Luz de Aisha";"La"
"¿Es el enemigo? La película de Gila";"Filmax";"13/12/2024";36545.0;7261;2025;"";"¿Es el enemigo? La película de Gila";""
"Niña de la cabra, La";"Avalon Distribución";"11/04/2025";31257.0;5092;2025;"";"Niña de la cabra";"La"
"Tierra baja";"Benece";"31/01/2025";30418.0;5552;2025;"";"Tierra baja";""
"Doñana, donde el agua es sagrada";"Wanda";"30/05/2025";30263.0;6040;2025;"";"Doñana, donde el agua es sagrada";""
"Terra negra, La";"Syldavia";"29/08/2025";30037.0;5259;2025;"";"Terra negra";"La"
"Fragmentos";"AF Pictures";"12/12/2025";29683.0;4404;2025;"";"Fragmentos";""
"Sleeper, The. El Caravaggio perdido";"Elastica";"13/05/2025";28412.0;4485;2025;"";"Sleeper, The. El Caravaggio perdido";""
"Furgo, La";"Sideral";"20/06/2025";28408.0;4513;2025;"";"Furgo";"La"
"Marco";"Bteam Pictures";"08/11/2024";29434.0;5790;2025;"";"Marco";""
"Fin de fiesta";"A Contracorriente";"31/01/2025";27668.0;4685;2025;"";"Fin de fiesta";""
"Esmorza amb mi";"Filmax";"12/06/2025";27515.0;4240;2025;"";"Esmorza amb mi";""
"Olivia y el terremoto invisible";"Filmax";"21/11/2025";27358.0;4569;2025;"";"Olivia y el terremoto invisible";""
"Heridos";"European Dreams Factory";"07/11/2025";27139.0;3795;2025;"";"Heridos";""
"Hamburgo";"Filmax";"30/05/2025";26907.0;5913;2025;"";"Hamburgo";""
"Daniela Forever";"Filmax";"21/02/2025";26760.0;4359;2025;"";"Daniela Forever";""
"Miocardio";"Syldavia";"24/01/2025";25918.0;4205;2025;"";"Miocardio";""
"Aro berria";"Elastica";"12/12/2025";25345.0;4087;2025;"";"Aro berria";""
"Yo estuve en Las Vegas 2";"Independent";"08/11/2025";25534.0;4355;2025;"";"Yo estuve en Las Vegas 2";""
"Tras el verano";"Alfa Pictures";"16/05/2025";24862.0;4520;2025;"";"Tras el verano";""
"Morlaix";"A Contracorriente";"14/03/2025";24141.0;4126;2025;"";"Morlaix";""
"Bala, La";"Syldavia";"21/11/2025";23909.0;4030;2025;"";"Bala";"La"
"Casa en llamas";"Vercine";"28/06/2024";23622.0;4348;2025;"";"Casa en llamas";""
"Instinto, El";"Barton";"16/05/2025";23071.0;3715;2025;"";"Instinto";"El"
"Estrella azul, La";"Wanda";"23/02/2024";22969.0;4580;2025;"";"Estrella azul";"La"
"Miss Carbon";"Caramel Films";"12/06/2025";22303.0;3677;2025;"";"Miss Carbon";""
"Subsuelo";"LAZONA";"07/11/2025";22101.0;3828;2025;"";"Subsuelo";""
"Dolores Ibarruri. Pasionaria";"Caracter Films";"03/10/2025";20765.0;3508;2025;"";"Dolores Ibarruri. Pasionaria";""
"Un año y un dia";"ConUnPack";"21/03/2025";20235.0;2882;2025;"";"Un año y un dia";""
"Nosotros";"Vertigo Films";"28/02/2025";18594.0;3237;2025;"";"Nosotros";""
"Menor de los hermanos, El";"Oscar Parada Castellano";"13/03/2025";18405.0;4437;2025;"";"Menor de los hermanos";"El"
"En silencio. La resiliencia de Isco Alarcon";"39 Escalones";"21/11/2025";16803.0;2550;2025;"";"En silencio. La resiliencia de Isco Alarcon";""
"Senda del pecado, La";"Raabta Pictures";"15/05/2025";16223.0;2307;2025;"";"Senda del pecado";"La"
"Ciento volando";"A Contracorriente";"10/01/2025";15925.0;2470;2025;"";"Ciento volando";""
"Dani Fernandez. Todo cambia";"Independent";"19/06/2025";15604.0;2085;2025;"";"Dani Fernandez. Todo cambia";""
"Mi ilustrisimo amigo";"39 Escalones";"10/10/2025";15461.0;2693;2025;"";"Mi ilustrisimo amigo";""
"Una ballena";"Elastica";"28/03/2025";15267.0;2869;2025;"";"Una ballena";""
"Mario";"Filmax";"10/10/2025";15245.0;2666;2025;"";"Mario";""
"Noche del terror, La";"Independent";"28/10/2025";15135.0;3041;2025;"";"Noche del terror";"La"
"Llegada del hijo, La";"Bteam Pictures";"09/05/2025";13863.0;2393;2025;"";"Llegada del hijo";"La"
"Un hombre libre";"Surtsey Films";"28/03/2025";13266.0;2418;2025;"";"Un hombre libre";""
"Vidas irrenovables";"Independent";"10/10/2024";12883.0;2308;2025;"";"Vidas irrenovables";""
"Al otro barrio";"Walt Disney";"05/12/2024";15627.0;2340;2025;"";"Al otro barrio";""
"Mr. Nadie";"Barton";"14/08/2025";12505.0;2097;2025;"";"Mr. Nadie";""
"Todos lo sabian";"Independent";"13/03/2025";12288.0;2125;2025;"";"Todos lo sabian";""
"Marsellesa de los borrachos, La";"Begin Again Films";"14/02/2025";12225.0;2102;2025;"";"Marsellesa de los borrachos";"La"
"Cien libros juntas";"ConUnPack";"22/04/2025";12075.0;2328;2025;"";"Cien libros juntas";""
"Pequeños Calvarios";"Syldavia";"24/10/2025";11356.0;1965;2025;"";"Pequeños Calvarios";""
"Ramon y Ramon";"Bteam Pictures";"27/06/2025";11143.0;1869;2025;"";"Ramon y Ramon";""
"Uno equis dos";"Raabta Pictures";"08/08/2025";10795.0;1769;2025;"";"Uno equis dos";""
"Papeles";"ConUnPack";"05/12/2025";10411.0;1678;2025;"";"Papeles";""
"Cuatro paredes";"A Contracorriente";"06/06/2025";10220.0;1885;2025;"";"Cuatro paredes";""
"Ariel";"Atalante";"24/12/2025";9977.0;1618;2025;"";"Ariel";""
"Decorado";"Barton";"24/10/2025";9959.0;1758;2025;"";"Decorado";""
"Rider";"Begin Again Films";"13/06/2025";9890.0;1623;2025;"";"Rider";""
"Tierra de Amira, La";"Filmax";"05/12/2025";9875.0;1701;2025;"";"Tierra de Amira";"La"
"Cielo de los animales, El";"Maravillas Distribuciones";"09/05/2025";9868.0;1659;2025;"";"Cielo de los animales";"El"
"Mas cinco";"European Dreams Factory";"28/03/2025";9790.0;1406;2025;"";"Mas cinco";""
"Habitacion de al lado, La";"Warner Bros";"18/10/2024";10628.0;1976;2025;"";"Habitacion de al lado";"La"
"Mariposas negras";"Sideral";"13/12/2024";10059.0;2086;2025;"";"Mariposas negras";""
"Corazon Franjiverde";"39 Escalones";"26/12/2025";9137.0;1168;2025;"";"Corazon Franjiverde";""
"Balearic";"Silencio Cinema";"12/12/2025";9288.0;1436;2025;"";"Balearic";""
"Salve María";"Elastica";"31/10/2024";9242.0;2116;2025;"";"Salve María";""
"Segundo premio";"Bteam Pictures";"24/05/2024";9201.0;2039;2025;"";"Segundo premio";""
"Cuento del lobo, El";"A Contracorriente";"16/05/2025";8953.0;1625;2025;"";"Cuento del lobo";"El"
"Buffalo Kids";"Warner Bros";"14/08/2024";8597.0;1859;2025;"";"Buffalo Kids";""
"Siete dias en mayo";"Syldavia";"31/01/2025";8522.0;1344;2025;"";"Siete dias en mayo";""
"L'Edat Imminent";"Ringo Media";"13/12/2024";8595.0;1436;2025;"";"L'Edat Imminent";""
"Aullar";"CineAND Distribución";"21/11/2025";8215.0;1732;2025;"";"Aullar";""
"SuperKlaus";"Filmax";"05/12/2024";10408.0;2168;2025;"";"SuperKlaus";""
"¿Quien quiere casarse con un astronauta?";"Alfa Pictures";"01/08/2025";8032.0;1383;2025;"";"¿Quien quiere casarse con un astronauta?";""
"Todo lo que no se";"39 Escalones";"25/04/2025";7667.0;1272;2025;"";"Todo lo que no se";""
"Mujeres Calvas";"Benece";"06/03/2025";7536.0;1189;2025;"";"Mujeres Calvas";""
"Novias Del Sur, Las";"Independent";"10/01/2025";7473.0;1490;2025;"";"Novias Del Sur";"Las"
"Medjugorje, la pelicula";"European Dreams Factory";"01/10/2021";7456.0;1151;2025;"";"Medjugorje, la pelicula";""
"Destellos, Los";"Caramel Films";"04/10/2024";7521.0;1999;2025;"";"Destellos";"Los"
"Musical de los 80 a los 90, El";"Maravillas Distribuciones";"14/08/2024";6945.0;477;2025;"";"Musical de los 80 a los 90";"El"
"Centaures de la nit";"A Contracorriente";"16/05/2025";6862.0;1165;2025;"";"Centaures de la nit";""
"Quinografía";"Me Lo Creo";"19/06/2025";6710.0;1044;2025;"";"Quinografía";""
"Un baño propio";"Begin Again Films";"07/03/2025";6688.0;1221;2025;"";"Un baño propio";""
"Grup Natural";"ConUnPack";"23/05/2025";6680.0;1029;2025;"";"Grup Natural";""
"Popel";"Barton";"07/11/2025";6537.0;1058;2025;"";"Popel";""
"Carga el diablo, Lo";"Begin Again Films";"25/04/2025";6462.0;997;2025;"";"Carga el diablo, Lo";""
"Human Hibernation, The";"Begin Again Films";"10/01/2025";6450.0;1195;2025;"";"Human Hibernation, The";""
"A nuestros amigos";"Margenes Distribucion";"04/04/2025";6421.0;947;2025;"";"A nuestros amigos";""
"Codigo Marcos";"Elamedia";"28/10/2024";6384.0;1009;2025;"";"Codigo Marcos";""
"Polvo seran";"Elastica";"15/11/2024";6215.0;1375;2025;"";"Polvo seran";""
"Kantauri";"Barton";"04/04/2025";5902.0;1067;2025;"";"Kantauri";""
"No estas loca";"39 Escalones";"13/11/2025";5732.0;1034;2025;"";"No estas loca";""
"Noah";"Independent";"13/02/2025";5472.0;910;2025;"";"Noah";""
"Abuela y el forastero, La";"Caracter Films";"13/09/2024";5319.0;1219;2025;"";"Abuela y el forastero";"La"
"Madres";"Polar Star Films";"22/05/2025";5230.0;849;2025;"";"Madres";""
"Hombres íntegros";"Syldavia";"23/05/2025";5101.0;883;2025;"";"Hombres íntegros";""
"Limonov";"Filmin";"21/02/2025";4857.0;736;2025;"";"Limonov";""
"Mar Menor, mal mayor";"Independent";"24/06/2025";4845.0;1110;2025;"";"Mar Menor, mal mayor";""
"Un cabo suelto";"Sherlock";"17/10/2025";4815.0;834;2025;"";"Un cabo suelto";""
"7291";"Independent";"13/11/2024";5543.0;846;2025;"";"7291";""
"Olimpicas. Destino Berlin";"Independent";"16/06/2025";4526.0;673;2025;"";"Olimpicas. Destino Berlin";""
"Eloy de la Iglesia, adicto al cine";"Urresti Producciones";"25/12/2025";4413.0;677;2025;"";"Eloy de la Iglesia, adicto al cine";""
"Emergency Exit";"Sideral";"19/12/2025";4210.0;667;2025;"";"Emergency Exit";""
"Tesis (1996) (re)";"ConUnPack";"07/09/2025";4060.0;616;2025;1996.0;"Tesis";""
"Entre mareas";"Sin Parpadear";"12/06/2025";4039.0;625;2025;"";"Entre mareas";""
"Rave Culture -a new era-";"Independent";"12/12/2025";4035.0;550;2025;"";"Rave Culture -a new era-";""
"Danza de la polvora, La";"Caracter Films";"10/05/2025";4026.0;639;2025;"";"Danza de la polvora";"La"
"Solo pienso en ti";"39 Escalones";"28/11/2025";3917.0;734;2025;"";"Solo pienso en ti";""
"Dios lo ve";"Benece";"13/11/2025";3895.0;575;2025;"";"Dios lo ve";""
"Bartolome Bermejo: El despertar de un genio";"A Contracorriente";"20/09/2024";3889.0;676;2025;"";"Bartolome Bermejo: El despertar de un genio";""
"Salvaxe, Salvaxe";"Independent";"02/10/2024";3774.0;591;2025;"";"Salvaxe, Salvaxe";""
"Adios Cuba";"Muak Canarias";"12/12/2025";3756.0;427;2025;"";"Adios Cuba";""
"Sacar pecho";"Independent";"28/07/2025";3737.0;595;2025;"";"Sacar pecho";""
"Hada";"Independent";"29/08/2025";3656.0;540;2025;"";"Hada";""
"Heroes del Central Park";"A Contracorriente";"30/08/2024";3601.0;1003;2025;"";"Heroes del Central Park";""
"Minateda. Un tesoro a pleno sol";"Independent";"15/11/2025";3555.0;866;2025;"";"Minateda. Un tesoro a pleno sol";""
"Warhol-Vijande: Mas que pistolas, cuchillos y cruces";"Puntal Films";"31/10/2025";3552.0;605;2025;"";"Warhol-Vijande: Mas que pistolas, cuchillos y cruces";""
"Memorias de un cuerpo que arde";"Independent";"29/11/2024";3541.0;579;2025;"";"Memorias de un cuerpo que arde";""
"Verano en diciembre";"Vertigo Films";"08/11/2024";3464.0;988;2025;"";"Verano en diciembre";""
"Camino negro";"Independent";"20/03/2025";3445.0;580;2025;"";"Camino negro";""
"Atin Aya. Retrato del silencio";"Maravillas Distribuciones";"07/03/2025";3360.0;625;2025;"";"Atin Aya. Retrato del silencio";""
"Temps Mort";"A Contracorriente";"12/09/2025";3357.0;569;2025;"";"Temps Mort";""
"Soñando con leones";"ConUnPack";"14/11/2025";3309.0;684;2025;"";"Soñando con leones";""
"Ruido";"Vercine";"28/11/2025";3274.0;596;2025;"";"Ruido";""
"Hija del volcan";"Surtsey Films";"23/05/2025";3203.0;627;2025;"";"Hija del volcan";""
"En un lugar de la mente";"Independent";"31/07/2025";3128.0;798;2025;"";"En un lugar de la mente";""
"Del susurro del tiempo";"Independent";"16/10/2025";3092.0;471;2025;"";"Del susurro del tiempo";""
"Maestro que prometio el mar, El";"Filmax";"10/11/2023";3086.0;719;2025;"";"Maestro que prometio el mar";"El"
"Erreplika";"Atera Films";"09/05/2025";3002.0;446;2025;"";"Erreplika";""
"Rita";"Filmax";"25/10/2024";2973.0;805;2025;"";"Rita";""
"Lurdes Iriondo, ez gera alferrik pasako";"Zinea Sortzen";"14/11/2025";2880.0;439;2025;"";"Lurdes Iriondo, ez gera alferrik pasako";""
"Festa, La";"Independent";"12/06/2025";2877.0;939;2025;"";"Festa";"La"
"Luger";"CineAND Distribución";"17/01/2026";2876.0;425;2025;"";"Luger";""
"Padres";"A Contracorriente";"21/02/2025";2850.0;619;2025;"";"Padres";""
"Miralles";"Independent";"30/07/2025";2834.0;518;2025;"";"Miralles";""
"Soy Nevenka";"Walt Disney";"27/09/2024";2814.0;1189;2025;"";"Soy Nevenka";""
"As Neves";"Sideral";"10/05/2024";2782.0;662;2025;"";"As Neves";""
"Barcelona, mon amour";"Benece";"28/11/2025";2750.0;407;2025;"";"Barcelona, mon amour";""
"Pizarro is God";"Independent";"12/12/2025";2737.0;236;2025;"";"Pizarro is God";""
"Riadas";"La Dalia Films";"16/09/2025";2722.0;443;2025;"";"Riadas";""
"Jaume Cabre: La musica de las palabras";"Independent";"04/02/2025";2718.0;522;2025;"";"Jaume Cabre: La musica de las palabras";""
"Por donde pasa el silencio";"Bteam Pictures";"29/11/2024";2828.0;729;2025;"";"Por donde pasa el silencio";""
"Efecto ALL1, El: Parte II";"Independent";"17/10/2024";2700.0;240;2025;"";"Efecto ALL1, El: Parte II";""
"Ullate. La danza de la vida";"Disentropic";"25/04/2024";2666.0;463;2025;"";"Ullate. La danza de la vida";""
"Sekeleka: Ciudad refugio";"Independent";"29/05/2025";2618.0;275;2025;"";"Sekeleka: Ciudad refugio";""
"Caja de resistencia";"Independent";"19/03/2025";2607.0;702;2025;"";"Caja de resistencia";""
"Impulso nomada, El";"Independent";"05/09/2025";2578.0;393;2025;"";"Impulso nomada";"El"
"Lluc, una cronica de la pasteleria";"Alfa Pictures";"27/05/2025";2546.0;314;2025;"";"Lluc, una cronica de la pasteleria";""
"Mil leyendas, un grial";"Independent";"23/06/2025";2522.0;451;2025;"";"Mil leyendas, un grial";""
"Volvereis";"Elastica";"30/08/2024";2736.0;782;2025;"";"Volvereis";""
"Equipo Cronica. Arte de trinchera";"Independent";"04/05/2024";2511.0;409;2025;"";"Equipo Cronica. Arte de trinchera";""
"Azul de niño";"ConUnPack";"27/06/2025";2475.0;358;2025;"";"Azul de niño";""
"Supernatural";"Nanouk Films";"05/12/2025";2458.0;337;2025;"";"Supernatural";""
"Pequeño peon, El";"Independent";"17/06/2025";2437.0;495;2025;"";"Pequeño peon";"El"
"Llamame sinsorga";"Independent";"28/11/2025";2334.0;342;2025;"";"Llamame sinsorga";""
"Filme pajaros volando";"Ringo Media";"31/01/2025";2320.0;378;2025;"";"Filme pajaros volando";""
"Chicas de la estacion, Las";"A Contracorriente";"22/11/2024";2324.0;438;2025;"";"Chicas de la estacion";"Las"
"Montserrat, Integral 107";"Independent";"26/10/2024";2287.0;350;2025;"";"Montserrat, Integral 107";""
"Dragonkeeper: Guardiana de dragones";"A Contracorriente";"19/04/2024";2283.0;814;2025;"";"Dragonkeeper: Guardiana de dragones";""
"Calladita";"Karma";"17/05/2024";2262.0;611;2025;"";"Calladita";""
"Novia, La";"Bteam Pictures";"11/12/2015";2237.0;357;2025;"";"Novia";"La"
"Chica Quinqui";"Independent";"26/09/2025";2191.0;322;2025;"";"Chica Quinqui";""
"Amores brujos";"Syldavia";"12/06/2025";2149.0;364;2025;"";"Amores brujos";""
"Mucha mierda";"39 Escalones";"07/02/2025";2145.0;325;2025;"";"Mucha mierda";""
"Canto de las manos, El";"Filmin";"12/12/2025";2116.0;332;2025;"";"Canto de las manos";"El"
"SinEl";"Moon Entertainment";"10/01/2025";2071.0;292;2025;"";"SinEl";""
"Casa Reynal";"Independent";"07/01/2025";2022.0;375;2025;"";"Casa Reynal";""
"Cancion de Sima, La";"Syldavia";"01/05/2025";2007.0;404;2025;"";"Cancion de Sima";"La"
"Por un puñado de dolares (1964) (re)";"Mercury Films";"04/04/2023";1977.0;353;2025;1964.0;"Por un puñado de dolares";""
"Misteriosa mirada del flamenco, La";"Bteam Pictures";"16/01/2026";1966.0;421;2025;"";"Misteriosa mirada del flamenco";"La"
"Tamaño del corazon, El";"Independent";"25/02/2025";1943.0;297;2025;"";"Tamaño del corazon";"El"
"75 dias, los crimenes de Alcasser";"Protos Films";"22/04/2022";1890.0;134;2025;"";"75 dias, los crimenes de Alcasser";""
"Casa, La";"A Contracorriente";"01/05/2024";1880.0;445;2025;"";"Casa";"La"
"Rugir de las Llamas, El";"Independent";"21/05/2025";1777.0;349;2025;"";"Rugir de las Llamas";"El"
"Cielo no puede esperar, El";"European Dreams Factory";"24/02/2023";1771.0;269;2025;"";"Cielo no puede esperar";"El"
"Ilusion de verano";"Independent";"06/03/2025";1759.0;338;2025;"";"Ilusion de verano";""
"Revolucion de las musas, La";"Independent";"12/12/2024";1745.0;294;2025;"";"Revolucion de las musas";"La"
"Arrebato (1980) (re)";"Independent";"20/04/2022";1692.0;373;2025;1980.0;"Arrebato";""
"Flores bajo el hielo";"Independent";"12/09/2024";1691.0;436;2025;"";"Flores bajo el hielo";""
"Sugar Island";"Pleamar Films";"21/03/2025";1676.0;367;2025;"";"Sugar Island";""
"Adios Madrid";"39 Escalones";"17/01/2025";1649.0;256;2025;"";"Adios Madrid";""
"¿A mi quien me cuida?";"Independent";"12/06/2025";1645.0;213;2025;"";"¿A mi quien me cuida?";""
"Ley de Sodoma, La";"Barlovento Distribucion";"05/12/2025";1645.0;240;2025;"";"Ley de Sodoma";"La"
"Tres hombres no pueden ocultarse bajo la tapa de un puchero";"Independent";"22/09/2025";1620.0;281;2025;"";"Tres hombres no pueden ocultarse bajo la tapa de un puchero";""
"Idilia";"Independent";"28/07/2025";1590.0;343;2025;"";"Idilia";""
"Marisma, La";"Independent";"23/05/2025";1566.0;266;2025;"";"Marisma";"La"
"Exp. 95/36 Columna Minera";"Surtsey Films";"11/12/2025";1532.0;310;2025;"";"Exp. 95/36 Columna Minera";""
"Mi hermano Ali";"Syldavia";"22/11/2024";2028.0;490;2025;"";"Mi hermano Ali";""
"Fandango";"Maravillas Distribuciones";"20/06/2025";1482.0;287;2025;"";"Fandango";""
"Alma, un sueño musical";"Maravillas Distribuciones";"16/05/2025";1472.0;232;2025;"";"Alma, un sueño musical";""
"Soñando futbol";"Independent";"14/05/2025";1453.0;252;2025;"";"Soñando futbol";""
"Rock Bottom";"Avalon Distribución";"13/12/2024";1459.0;311;2025;"";"Rock Bottom";""
"Robot Dreams";"Bteam Pictures";"06/12/2023";1408.0;249;2025;"";"Robot Dreams";""
"Diario de un lobero";"Independent";"30/05/2025";1406.0;271;2025;"";"Diario de un lobero";""
"Mitologia de barrio";"Syldavia";"16/01/2025";1404.0;268;2025;"";"Mitologia de barrio";""
"Silencio";"Independent";"15/11/2025";1396.0;236;2025;"";"Silencio";""
"Objeto de estudio";"Independent";"04/10/2024";1390.0;226;2025;"";"Objeto de estudio";""
"Parque, El";"Independent";"12/12/2024";1496.0;429;2025;"";"Parque";"El"
"Fanantenana";"Independent";"21/11/2024";1354.0;450;2025;"";"Fanantenana";""
"Restos del pasar, Los";"Les Films de la Resistance";"29/11/2024";1343.0;216;2025;"";"Restos del pasar";"Los"
"Solos en la noche";"Summer Films";"20/09/2024";1336.0;311;2025;"";"Solos en la noche";""
"Señor, llevame pronto";"Independent";"15/05/2025";1331.0;359;2025;"";"Señor, llevame pronto";""
"REC";"Filmax";"23/11/2007";1322.0;98;2025;"";"REC";""
"De la Luz y Las Sombras";"Independent";"06/05/2025";1312.0;212;2025;"";"De la Luz y Las Sombras";""
"Amanece, que no es poco (1989) (re)";"Independent";"23/03/2023";1304.0;223;2025;1989.0;"Amanece, que no es poco";""
"Maria la Portuguesa";"Independent";"08/04/2025";1295.0;294;2025;"";"Maria la Portuguesa";""
"Uno para todos";"A Contracorriente";"18/09/2020";1276.0;232;2025;"";"Uno para todos";""
"De todos lados un poco";"Independent";"15/05/2025";1262.0;229;2025;"";"De todos lados un poco";""
"Te separas mucho";"Independent";"24/04/2025";1249.0;305;2025;"";"Te separas mucho";""
"Biblioteca de pedra seca";"Independent";"19/06/2025";1247.0;184;2025;"";"Biblioteca de pedra seca";""
"Placido (1961) (re)";"Avalon Distribución";"19/01/2026";1247.0;307;2025;1961.0;"Placido";""
"Joan Bennassar - Raons Humanes";"A Contracorriente";"20/07/2024";1228.0;204;2025;"";"Joan Bennassar - Raons Humanes";""
"¡Caigan las rosas blancas!";"Vitrine Filmes";"11/04/2025";1188.0;214;2025;"";"¡Caigan las rosas blancas!";""
"Tres adioses";"Bteam Pictures";"06/02/2026";1186.0;329;2025;"";"Tres adioses";""
"Aurora";"Independent";"07/03/2025";1185.0;212;2025;"";"Aurora";""
"Bienvenido Mister Marshall (1953)(Re)";"Sony";"20/12/2002";1175.0;205;2025;1953.0;"Bienvenido Mister Marshall";""
"¿Donde estabas cuando estabas?";"Independent";"19/12/2025";1147.0;213;2025;"";"¿Donde estabas cuando estabas?";""
"Ara Malikian: Una vida entre las cuerdas";"Syldavia";"24/10/2019";1136.0;192;2025;"";"Ara Malikian: Una vida entre las cuerdas";""
"Gigante de Es Vedrá y otras leyendas, El";"Independent";"08/11/2024";1134.0;184;2025;"";"Gigante de Es Vedrá y otras leyendas";"El"
"Historias de Halloween";"39 Escalones";"14/11/2025";1118.0;162;2025;"";"Historias de Halloween";""
"Dia de la bestia, El (1995) (4k re)";"ConUnPack";"15/10/2021";1103.0;194;2025;1995.0;"Dia de la bestia";"El"
"Control Room";"Nostromo";"19/09/2025";1100.0;191;2025;"";"Control Room";""
"Ella en mil pedazos";"Independent";"14/11/2025";1098.0;161;2025;"";"Ella en mil pedazos";""
"Bella";"Syldavia";"28/11/2025";1062.0;195;2025;"";"Bella";""
"Esto no es Hollywood";"Independent";"07/03/2025";1055.0;200;2025;"";"Esto no es Hollywood";""
"Love U Carme";"Version Digital";"20/11/2025";1050.0;210;2025;"";"Love U Carme";""
"Queer Me";"Independent";"12/12/2025";1049.0;149;2025;"";"Queer Me";""
"Te estoy amando locamente";"Filmax";"06/07/2023";1048.0;174;2025;"";"Te estoy amando locamente";""
"Poeta del corazon, El";"A Contracorriente";"07/07/2025";1042.0;184;2025;"";"Poeta del corazon";"El"
"Velintonia 3";"Independent";"25/10/2025";1037.0;229;2025;"";"Velintonia 3";""
"Ley del deseo, La (1987) (re)";"Independent";"04/08/2025";1030.0;165;2025;1987.0;"Ley del deseo";"La"
"Santos inocentes, Los (1984) (re)";"Mercury Films";"25/02/2025";1011.0;195;2025;1984.0;"Santos inocentes";"Los"
"Luminoso espacio salvaje";"European Dreams Factory";"16/06/2025";1008.0;142;2025;"";"Luminoso espacio salvaje";""
"Lorca en la Habana";"Independent";"21/11/2025";1007.0;220;2025;"";"Lorca en la Habana";""
"Muerte en Amara";"Independent";"25/10/2024";987.0;152;2025;"";"Muerte en Amara";""
"Secundarias";"Moon Entertainment";"09/05/2025";987.0;182;2025;"";"Secundarias";""
"Desenterrando Sad Hill";"ConUnPack";"19/10/2018";972.0;214;2025;"";"Desenterrando Sad Hill";""
"Borau y el cine";"Me Lo Creo";"27/06/2025";959.0;159;2025;"";"Borau y el cine";""
"Cupido confuso";"Independent";"14/03/2025";946.0;137;2025;"";"Cupido confuso";""
"Fianza, La";"Syldavia";"05/12/2024";939.0;291;2025;"";"Fianza";"La"
"Piko & Pala";"Independent";"28/03/2025";931.0;133;2025;"";"Piko & Pala";""
"Chhaupadi";"Independent";"30/01/2025";930.0;186;2025;"";"Chhaupadi";""
"Riqueni";"Selected Films";"08/09/2025";930.0;147;2025;"";"Riqueni";""
"Caballo español, el origen, El";"Independent";"20/11/2025";925.0;131;2025;"";"Caballo español, el origen";"El"
"Valientes";"European Dreams Factory";"27/02/2025";922.0;155;2025;"";"Valientes";""
"Quien llorara por mi";"Independent";"21/11/2025";918.0;202;2025;"";"Quien llorara por mi";""
"Antonio, el bailarin de España";"39 Escalones";"25/11/2025";908.0;183;2025;"";"Antonio, el bailarin de España";""
"Slow";"Surtsey Films";"19/01/2024";903.0;153;2025;"";"Slow";""
"Bosque Salvaje de Pardomino, El";"Independent";"04/05/2023";901.0;118;2025;"";"Bosque Salvaje de Pardomino";"El"
"Akelarre";"Avalon Distribución";"02/10/2020";890.0;180;2025;"";"Akelarre";""
"Iberia, naturaleza infinita";"Acaju";"17/03/2023";884.0;163;2025;"";"Iberia, naturaleza infinita";""
"Parra, La";"Begin Again Films";"13/12/2024";880.0;158;2025;"";"Parra";"La"
"Hybris";"Independent";"26/09/2025";872.0;133;2025;"";"Hybris";""
"Refugios de papel";"Independent";"29/07/2025";868.0;200;2025;"";"Refugios de papel";""
"From My Cold Dead Hands";"Sideral";"17/01/2025";864.0;113;2025;"";"From My Cold Dead Hands";""
"Jirafa en el balcon, Una";"Filmax";"03/10/2025";834.0;127;2025;"";"Jirafa en el balcon, Una";""
"Capitolio contra Capitolio";"Independent";"04/07/2025";819.0;178;2025;"";"Capitolio contra Capitolio";""
"Canciller, el templo del rock";"Syldavia";"30/12/2025";816.0;118;2025;"";"Canciller, el templo del rock";""
"20.000 Especies de abejas";"Bteam Pictures";"21/04/2023";809.0;203;2025;"";"20.000 Especies de abejas";""
"Marisol llamame Pepa";"Me Lo Creo";"10/05/2024";795.0;248;2025;"";"Marisol llamame Pepa";""
"Canigo 1883";"Independent";"17/01/2024";792.0;133;2025;"";"Canigo 1883";""
"Montserrat: entre la roca y el conflicto";"Independent";"18/09/2025";778.0;114;2025;"";"Montserrat: entre la roca y el conflicto";""
"Pantalones a la luna";"Independent";"11/02/2025";777.0;175;2025;"";"Pantalones a la luna";""
"Zinzindurrunkarratz";"Independent";"29/11/2024";776.0;161;2025;"";"Zinzindurrunkarratz";""
"Un viaje hacia nosotros";"Independent";"19/12/2021";771.0;172;2025;"";"Un viaje hacia nosotros";""
"Pequeños amores, Los";"Bteam Pictures";"08/03/2024";767.0;229;2025;"";"Pequeños amores";"Los"
"Reset - Capitulo 1 Ulpotha";"Independent";"21/01/2025";764.0;124;2025;"";"Reset - Capitulo 1 Ulpotha";""
"Compas del silencio";"Independent";"31/07/2025";759.0;178;2025;"";"Compas del silencio";""
"Prohibido ganar Eurovision";"Independent";"28/07/2025";754.0;164;2025;"";"Prohibido ganar Eurovision";""
"Tuno negro (2001) (re)";"Independent";"25/10/2025";752.0;105;2025;2001.0;"Tuno negro";""
"Escape";"Beta Fiction";"31/10/2024";748.0;160;2025;"";"Escape";""
"Campanadas a medianoche (1965) (re)";"Independent";"17/05/2025";741.0;162;2025;1965.0;"Campanadas a medianoche";""
"Second Act of Elliott Murphy, The";"Independent";"01/11/2015";738.0;124;2025;"";"Second Act of Elliott Murphy, The";""
"Sacar a la luz. La memoria de las artistas rapadas";"Independent";"05/11/2021";736.0;163;2025;"";"Sacar a la luz. La memoria de las artistas rapadas";""
"Caballos";"Alberto Jose Redondo Villa";"23/11/2023";725.0;223;2025;"";"Caballos";""
"Mi otro Jon";"Wanda";"20/10/2023";724.0;362;2025;"";"Mi otro Jon";""
"Paco Rabanne. Una vida fuera del patron";"Syldavia";"03/04/2025";722.0;186;2025;"";"Paco Rabanne. Una vida fuera del patron";""
"Esta ambicion desmedida";"Avalon Distribución";"26/10/2023";717.0;103;2025;"";"Esta ambicion desmedida";""
"Noche que mi madre mato a mi padre, La";"Festival Films";"29/04/2016";715.0;143;2025;"";"Noche que mi madre mato a mi padre";"La"
"Rotspanier. Los esclavos españoles del nazismo";"Independent";"13/12/2025";714.0;109;2025;"";"Rotspanier. Los esclavos españoles del nazismo";""
"Constelacion Portabella";"Independent";"24/10/2025";707.0;115;2025;"";"Constelacion Portabella";""
"Jose Maria Yturralde";"Independent";"16/10/2025";696.0;147;2025;"";"Jose Maria Yturralde";""
"Cerrar los ojos";"Avalon Distribución";"29/09/2023";692.0;132;2025;"";"Cerrar los ojos";""
"Renovables forzosas";"Independent";"01/06/2025";692.0;107;2025;"";"Renovables forzosas";""
"A dos velas";"Independent";"18/02/2025";683.0;198;2025;"";"A dos velas";""
"Sintiendolo mucho";"Avalon Distribución";"17/11/2022";682.0;98;2025;"";"Sintiendolo mucho";""
"Gallo Rojo";"La Esgueva Films";"20/12/2024";1346.0;206;2025;"";"Gallo Rojo";""
"Blackcelona: Una historia de metal satánico";"Pecker";"20/06/2025";670.0;84;2025;"";"Blackcelona: Una historia de metal satánico";""
"Tiempo de Zarzuela";"Version Digital";"10/10/2023";667.0;94;2025;"";"Tiempo de Zarzuela";""
"Noche de 12 años, La";"Syldavia";"23/11/2018";661.0;120;2025;"";"Noche de 12 años";"La"
"Escanyapobres";"Caracter Films";"29/11/2024";699.0;182;2025;"";"Escanyapobres";""
"Torre de los siete jorobados, La (1944) (re)";"Independent";"01/05/2025";643.0;145;2025;1944.0;"Torre de los siete jorobados";"La"
"Tu me abrasas";"Independent";"29/06/2025";643.0;121;2025;"";"Tu me abrasas";""
"Padre de todos nosotros, El";"Independent";"11/12/2025";642.0;98;2025;"";"Padre de todos nosotros";"El"
"Negro tiene nombre, El";"Independent";"06/06/2025";641.0;77;2025;"";"Negro tiene nombre";"El"
"Esas cosas pasan";"Independent";"09/01/2025";641.0;109;2025;"";"Esas cosas pasan";""
"Como conquistamos el Oeste y adonde nos llevo";"Independent";"27/06/2025";640.0;322;2025;"";"Como conquistamos el Oeste y adonde nos llevo";""
"Santiago Sierra. The Finger in the Wound";"Oliete Films";"17/12/2025";639.0;94;2025;"";"Santiago Sierra. The Finger in the Wound";""
"Velazquez, el poder y el arte";"Version Digital";"11/11/2022";626.0;108;2025;"";"Velazquez, el poder y el arte";""
"Las armas no borraran tu sonrisa";"Independent";"25/01/2024";622.0;133;2025;"";"Las armas no borraran tu sonrisa";""
"Valentina";"Super 8";"10/12/2021";620.0;155;2025;"";"Valentina";""
"Naufrafados, Os";"Independent";"05/09/2025";611.0;108;2025;"";"Naufrafados, Os";""
"Llanto, El";"Universal";"25/10/2024";598.0;167;2025;"";"Llanto";"El"
"Coquito con mortadella";"Taranna Films";"17/05/2025";595.0;344;2025;"";"Coquito con mortadella";""
"Giro final";"Independent";"16/05/2025";571.0;90;2025;"";"Giro final";""
"Solo en Groenlandia";"Wanda";"17/07/2025";567.0;93;2025;"";"Solo en Groenlandia";""
"Chemsex: Un viaje al interior";"Independent";"14/11/2025";567.0;324;2025;"";"Chemsex: Un viaje al interior";""
"Antonio Machado. Los dias azules";"Summer Films";"04/12/2020";557.0;100;2025;"";"Antonio Machado. Los dias azules";""
"Ala Negra ""El Angel de la Encarnacion""";"Independent";"24/04/2025";557.0;92;2025;"";"Ala Negra ""El Angel de la Encarnacion""";""
"Corazon ardiente";"European Dreams Factory";"21/02/2020";554.0;68;2025;"";"Corazon ardiente";""
"Foreign Song, A";"Independent";"25/04/2025";552.0;100;2025;"";"Foreign Song, A";""
"Sin señas particulares";"Wanda";"27/11/2020";549.0;183;2025;"";"Sin señas particulares";""
"Vida en una gota, La";"Independent";"26/11/2024";547.0;103;2025;"";"Vida en una gota";"La"
"Cartas mojadas";"Syldavia";"09/10/2020";534.0;165;2025;"";"Cartas mojadas";""
"Mimosas";"Atalante";"04/01/2017";534.0;76;2025;"";"Mimosas";""
"Leyes de la frontera, Las";"Warner Bros";"08/10/2021";528.0;132;2025;"";"Leyes de la frontera";"Las"
"Niñas, Las";"Bteam Pictures";"04/09/2020";528.0;96;2025;"";"Niñas";"Las"
"Chaplin, espiritu gitano";"Bteam Pictures";"13/12/2024";522.0;92;2025;"";"Chaplin, espiritu gitano";""
"Atraco a las tres (1962) (re)";"Independent";"19/11/2025";522.0;106;2025;1962.0;"Atraco a las tres";""
"Cristina Garcia Rodero: La mirada oculta";"Wanda";"01/12/2023";522.0;87;2025;"";"Cristina Garcia Rodero: La mirada oculta";""
"Verano 1993";"Avalon Distribución";"30/06/2017";522.0;74;2025;"";"Verano 1993";""
"Camino de Cova Eiros, O";"Independent";"30/10/2025";515.0;103;2025;"";"Camino de Cova Eiros, O";""
"Sinsombrero, Las";"Independent";"09/03/2022";510.0;291;2025;"";"Sinsombrero";"Las"
"Noviembre (2003) (re)";"Mercury Films";"06/02/2025";510.0;102;2025;2003.0;"Noviembre";""
"Domingo Domingo";"Independent";"23/07/2023";505.0;129;2025;"";"Domingo Domingo";""
"Nena";"Independent";"27/10/2025";502.0;207;2025;"";"Nena";""
"Gran familia, La";"ConUnPack";"23/12/2025";498.0;94;2025;"";"Gran familia";"La"
"High club, The";"Independent";"10/09/2025";497.0;71;2025;"";"High club, The";""
"Ultimo arrebato, El";"Independent";"16/11/2025";494.0;81;2025;"";"Ultimo arrebato";"El"
"En clave de sol";"Independent";"07/05/2025";492.0;125;2025;"";"En clave de sol";""
"On the Go";"Jur Jur Productions";"28/06/2024";491.0;116;2025;"";"On the Go";""
"Castillo de Argueso";"Independent";"18/01/2025";485.0;102;2025;"";"Castillo de Argueso";""
"Mis ganas ganan, la historia de Elena Huelva";"39 Escalones";"05/04/2024";482.0;107;2025;"";"Mis ganas ganan, la historia de Elena Huelva";""
"Verano infinito";"Independent";"07/03/2025";480.0;80;2025;"";"Verano infinito";""
"Ellas en la ciudad";"Independent";"20/05/2025";480.0;133;2025;"";"Ellas en la ciudad";""
"Cataluña ambigua";"Sheridan's Producciones";"27/02/2025";478.0;82;2025;"";"Cataluña ambigua";""
"Villa del Seis, La";"Independent";"24/10/2025";471.0;69;2025;"";"Villa del Seis";"La"
"Protagonistes";"Independent";"03/11/2024";466.0;174;2025;"";"Protagonistes";""
"Reinas";"Bteam Pictures";"06/09/2024";464.0;86;2025;"";"Reinas";""
"Viaje a ninguna parte, El (1986) (re)";"Independent";"08/03/2023";464.0;91;2025;1986.0;"Viaje a ninguna parte";"El"
"Guadalupe, Madre de la Humanidad";"European Dreams Factory";"01/03/2024";462.0;66;2025;"";"Guadalupe, Madre de la Humanidad";""
"Tasio (1984) (re)";"Independent";"23/09/2025";462.0;154;2025;1984.0;"Tasio";""
"Muerte tenia un precio, La (1965) (re)";"Independent";"28/09/2025";461.0;60;2025;1965.0;"Muerte tenia un precio";"La"
"Llueve sobre Babel";"Version Digital";"11/11/2025";460.0;120;2025;"";"Llueve sobre Babel";""
"Anaga, Naturaleza Infinita";"Independent";"13/12/2024";553.0;140;2025;"";"Anaga, Naturaleza Infinita";""
"Walter Benjamin, el aura del camino";"Independent";"23/10/2025";454.0;72;2025;"";"Walter Benjamin, el aura del camino";""
"Estigma del silencio, El";"Independent";"10/12/2024";450.0;68;2025;"";"Estigma del silencio";"El"
"Dalia y el libro rojo";"Alfa Pictures";"25/10/2024";444.0;97;2025;"";"Dalia y el libro rojo";""
"Tr3s partes del espejo, Las";"Independent";"16/03/2024";432.0;208;2025;"";"Tr3s partes del espejo";"Las"
"Cant dels ocells, El Sagrera";"";"19/12/2008";428.0;73;2025;"";"Cant dels ocells, El Sagrera";""
"Sunu Gaal (Nuestro cayuco)";"Moon Entertainment";"19/09/2025";422.0;73;2025;"";"Sunu Gaal (Nuestro cayuco)";""
"Arte de los analfabetos, El";"Independent";"24/02/2025";421.0;74;2025;"";"Arte de los analfabetos";"El"
"Tierra y libertad (1995) (re)";"Independent";"10/05/2023";420.0;60;2025;1995.0;"Tierra y libertad";""
"Viridiana (1961) (re)";"Mercury Films";"10/04/2023";416.0;99;2025;1961.0;"Viridiana";""
"Prefiro condenarme";"Atalante";"22/11/2024";462.0;97;2025;"";"Prefiro condenarme";""
"Aldeas perdidas, Las";"Independent";"18/12/2025";413.0;83;2025;"";"Aldeas perdidas";"Las"
"Historias del poder y de la vida";"Independent";"14/01/2025";411.0;89;2025;"";"Historias del poder y de la vida";""
"Justicia Artificial";"A Contracorriente";"13/09/2024";410.0;90;2025;"";"Justicia Artificial";""
"Wojtyla. La Investigacion";"European Dreams Factory";"14/08/2020";410.0;63;2025;"";"Wojtyla. La Investigacion";""
"A las mujeres de España, Maria Lejarraga";"Summer Films";"11/03/2022";403.0;75;2025;"";"A las mujeres de España, Maria Lejarraga";""
"Aminetu";"Independent";"08/11/2025";400.0;212;2025;"";"Aminetu";""
"Irati";"Filmax";"24/02/2023";400.0;80;2025;"";"Irati";""
"Sender Barayon. Viaje hacia la luz";"Independent";"18/04/2023";400.0;59;2025;"";"Sender Barayon. Viaje hacia la luz";""
"TuentifourSeven";"Independent";"01/12/2025";397.0;84;2025;"";"TuentifourSeven";""
"Herejes, Los";"Independent";"25/01/2025";389.0;57;2025;"";"Herejes";"Los"
"Pajaros";"Filmax";"05/04/2024";382.0;149;2025;"";"Pajaros";""
"Olvidados, Los";"A Contracorriente";"30/06/2022";362.0;79;2025;"";"Olvidados";"Los"
"Deuses de Pedra";"Independent";"26/11/2025";359.0;98;2025;"";"Deuses de Pedra";""
"Gure Hitzak";"Independent";"05/06/2025";357.0;78;2025;"";"Gure Hitzak";""
"Nubes y claros";"Independent";"21/06/2025";355.0;67;2025;"";"Nubes y claros";""
"Ons";"Bteam Pictures";"18/12/2020";354.0;83;2025;"";"Ons";""
"Hijos de Dios";"Independent";"16/10/2025";350.0;99;2025;"";"Hijos de Dios";""
"Fenomenos, Los (2014) (re)";"Baños Films";"06/05/2025";341.0;84;2025;2014.0;"Fenomenos";"Los"
"Sumak kawsay. El buen vivir";"Tiempos Dificiles Films";"18/07/2025";339.0;47;2025;"";"Sumak kawsay. El buen vivir";""
"Voladura 76";"Independent";"12/11/2025";337.0;56;2025;"";"Voladura 76";""
"Requiem for a Tribe";"Independent";"16/05/2025";334.0;133;2025;"";"Requiem for a Tribe";""
"El Bosco. El jardin de los sueños";"Version Digital";"09/06/2016";332.0;63;2025;"";"El Bosco. El jardin de los sueños";""
"Triptico";"Independent";"17/01/2025";331.0;49;2025;"";"Triptico";""
"Waldo";"Dada Films";"15/11/2024";320.0;74;2025;"";"Waldo";""
"Año de todos los demonios, El";"Independent";"27/05/2025";319.0;55;2025;"";"Año de todos los demonios";"El"
"Molino, El";"Independent";"03/12/2025";318.0;82;2025;"";"Molino";"El"
"Un volcan habitado";"Independent";"13/06/2024";316.0;80;2025;"";"Un volcan habitado";""
"Chinas";"A Contracorriente";"06/10/2023";316.0;96;2025;"";"Chinas";""
"Book, The";"Moon Entertainment";"08/11/2024";315.0;63;2025;"";"Book, The";""
"Gran redada gitana. Historia de un genocidio";"Independent";"03/04/2025";313.0;344;2025;"";"Gran redada gitana. Historia de un genocidio";""
"Traineras, pasion por el remo";"Independent";"13/09/2024";312.0;52;2025;"";"Traineras, pasion por el remo";""
"Rojo clavel";"Independent";"20/11/2025";311.0;80;2025;"";"Rojo clavel";""
"CELDA 211";"Paramount Int'l";"06/11/2009";311.0;74;2025;"";"CELDA 211";""
"Saturno";"Les Films de la Resistance";"04/10/2024";311.0;114;2025;"";"Saturno";""
"Malencolía";"Baños Films";"25/03/2022";308.0;63;2025;"";"Malencolía";""
"Vivir dos veces";"Filmax";"06/09/2019";304.0;63;2025;"";"Vivir dos veces";""
"Robotia";"Barton";"07/06/2024";297.0;99;2025;"";"Robotia";""
"Goya. El ojo que escucha";"Version Digital";"28/10/2022";294.0;56;2025;"";"Goya. El ojo que escucha";""
"Emiliana Gat-alana";"Independent";"29/08/2025";294.0;37;2025;"";"Emiliana Gat-alana";""
"En la alcoba del sultan";"Sideral";"15/11/2024";291.0;86;2025;"";"En la alcoba del sultan";""
"Coraje";"Independent";"19/10/2023";291.0;45;2025;"";"Coraje";""
"Lo que arde";"Atalante";"11/10/2019";290.0;43;2025;"";"Lo que arde";""
"Al oeste, en Zapata";"Independent";"26/11/2025";289.0;99;2025;"";"Al oeste, en Zapata";""
"Voy a desaparecer";"Begin Again Films";"19/09/2024";286.0;88;2025;"";"Voy a desaparecer";""
"Sense filTRES";"Independent";"14/11/2025";284.0;104;2025;"";"Sense filTRES";""
"Truman";"Filmax";"30/10/2015";283.0;52;2025;"";"Truman";""
"Zoo, Sobreviure a l'incendi";"39 Escalones";"22/11/2024";429.0;81;2025;"";"Zoo, Sobreviure a l'incendi";""
"Crimen de Cuenca, El (1980)";"Independent";"25/10/2021";278.0;51;2025;1980.0;"Crimen de Cuenca";"El"
"Amantes astronautas, Los";"Independent";"17/11/2024";270.0;58;2025;"";"Amantes astronautas";"Los"
"Comercial, El";"Independent";"26/05/2025";265.0;39;2025;"";"Comercial";"El"
"Un dia con Peter Hujar";"Filmin";"01/12/2025";260.0;34;2025;"";"Un dia con Peter Hujar";""
"Barcelona, noche de invierno";"Splendor Films";"04/12/2015";258.0;43;2025;"";"Barcelona, noche de invierno";""
"Fenix 11-23";"Splendor Films";"09/11/2012";255.0;56;2025;"";"Fenix 11-23";""
"Del rosa al amarillo (1963) (re)";"A Contracorriente";"13/11/2025";254.0;71;2025;1963.0;"Del rosa al amarillo";""
"Enarak";"Independent";"21/06/2025";253.0;62;2025;"";"Enarak";""
"Ruta. Vol 2: Ibiza, La";"Independent";"24/10/2025";252.0;104;2025;"";"Ruta. Vol 2: Ibiza";"La"
"Yo no soy esa";"Sony";"31/10/2024";252.0;73;2025;"";"Yo no soy esa";""
"Aspirante, El";"Begin Again Films";"20/09/2024";252.0;42;2025;"";"Aspirante";"El"
"Habitacion de Fermat, La (2007) (re)";"Independent";"14/11/2025";249.0;83;2025;2007.0;"Habitacion de Fermat";"La"
"Divino tesoro";"Vendaval";"13/02/2025";248.0;43;2025;"";"Divino tesoro";""
"Grieta, La";"Independent";"12/12/2017";247.0;59;2025;"";"Grieta";"La"
"Cebo, El (1958) (re)";"Independent";"20/10/2025";247.0;133;2025;1958.0;"Cebo";"El"
"Virgen de la tosquera, La";"Filmax";"23/01/2026";243.0;34;2025;"";"Virgen de la tosquera";"La"
"Alcarras";"Avalon Distribución";"29/04/2022";236.0;34;2025;"";"Alcarras";""
"Mamifera";"Filmax";"26/04/2024";234.0;113;2025;"";"Mamifera";""
"Sonoma (Le film, pas le spectacle)";"Independent";"13/09/2023";233.0;35;2025;"";"Sonoma (Le film, pas le spectacle)";""
"Luna";"Independent";"07/04/2025";229.0;50;2025;"";"Luna";""
"Tu no eres yo";"Caracter Films";"13/12/2024";291.0;92;2025;"";"Tu no eres yo";""
"Todo sobre mi madre (1999) (re)";"Independent";"21/10/2023";226.0;116;2025;1999.0;"Todo sobre mi madre";""
"Singla, La";"Atera Films";"10/11/2023";225.0;82;2025;"";"Singla";"La"
"Llamame Paul";"Independent";"14/11/2024";225.0;46;2025;"";"Llamame Paul";""
"Petit Indi (2009) (re)";"Independent";"29/03/2025";220.0;22;2025;2009.0;"Petit Indi";""
"Abre los ojos (1997) (re)";"ConUnPack";"02/10/2025";218.0;33;2025;1997.0;"Abre los ojos";""
"Epilogo";"Independent";"28/07/2025";217.0;62;2025;"";"Epilogo";""
"Cosa en la niebla, La";"Independent";"09/11/2025";216.0;51;2025;"";"Cosa en la niebla";"La"
"Blanco en blanco";"Elamedia";"31/07/2020";216.0;38;2025;"";"Blanco en blanco";""
"Juan Marine. Un siglo de cine";"Independent";"22/11/2023";215.0;43;2025;"";"Juan Marine. Un siglo de cine";""
"Montañas en armonia";"Independent";"14/06/2025";215.0;31;2025;"";"Montañas en armonia";""
"Sumario 3/94";"Begin Again Films";"05/12/2024";214.0;36;2025;"";"Sumario 3/94";""
"Otros, Los (2001) (re)";"ConUnPack";"09/10/2025";213.0;49;2025;2001.0;"Otros";"Los"
"Nina";"Bteam Pictures";"10/05/2024";209.0;102;2025;"";"Nina";""
"Camino de la suerte";"Begin Again Films";"20/10/2023";207.0;99;2025;"";"Camino de la suerte";""
"Unfixing, The";"Independent";"11/11/2025";205.0;62;2025;"";"Unfixing, The";""
"Murillo, el ultimo viaje";"Version Digital";"17/11/2017";203.0;38;2025;"";"Murillo, el ultimo viaje";""
"Fernanda y Bernarda";"Independent";"21/11/2023";200.0;38;2025;"";"Fernanda y Bernarda";""
"117";"Moon Entertainment";"12/06/2025";199.0;34;2025;"";"117";""
"Ojos del futuro, Los";"Gondola Films";"11/11/2025";198.0;43;2025;"";"Ojos del futuro";"Los"
"Te veo en mis ojos";"Independent";"21/11/2025";198.0;30;2025;"";"Te veo en mis ojos";""
"Cancion perdida";"Independent";"06/05/2023";197.0;28;2025;"";"Cancion perdida";""
"Anqa";"Independent";"22/04/2025";196.0;49;2025;"";"Anqa";""
"Un Amor";"Bteam Pictures";"10/11/2023";196.0;96;2025;"";"Un Amor";""
"Un lugar comun";"Alfa Pictures";"14/08/2024";193.0;35;2025;"";"Un lugar comun";""
"7º Dia, El (2004) (re)";"Mercury Films";"30/04/2025";191.0;49;2025;2004.0;"7º Dia";"El"
"Chavela";"Syldavia";"16/06/2017";189.0;27;2025;"";"Chavela";""
"Pepi, Luci, Bom y otras chicas del monton (1980) (re)";"Mercury Films";"08/06/2023";189.0;112;2025;1980.0;"Pepi, Luci, Bom y otras chicas del monton";""
"Llapis horitzo";"Independent";"24/10/2025";188.0;49;2025;"";"Llapis horitzo";""
"Mesita del comedor, La";"Independent";"30/11/2023";187.0;55;2025;"";"Mesita del comedor";"La"
"Mujeres sin censura";"Independent";"21/12/2022";185.0;42;2025;"";"Mujeres sin censura";""
"Ultimas Voluntades";"Alfa Pictures";"30/06/2023";184.0;49;2025;"";"Ultimas Voluntades";""
"Marina unplugged";"Independent";"07/12/2024";184.0;33;2025;"";"Marina unplugged";""
"Gran Casal, me como el mundo";"Cameo";"21/04/2025";181.0;33;2025;"";"Gran Casal, me como el mundo";""
"Naturaleza muerta Sexy Sadie";"Independent";"27/07/2023";179.0;53;2025;"";"Naturaleza muerta Sexy Sadie";""
"Un hombre llamado Flor de Otoño (1978) (re)";"Independent";"21/10/2022";179.0;51;2025;1978.0;"Un hombre llamado Flor de Otoño";""
"Muerte de un ciclista (1955) (re)";"Mercury Films";"29/12/2023";177.0;32;2025;1955.0;"Muerte de un ciclista";""
"Endemoniada, La (1975) (re)";"Independent";"15/11/2025";176.0;47;2025;1975.0;"Endemoniada";"La"
"Arasindia";"Independent";"23/10/2025";175.0;38;2025;"";"Arasindia";""
"Miguel Velázquez. El Catedrático Del Ring";"Moon Entertainment";"30/05/2025";172.0;34;2025;"";"Miguel Velázquez. El Catedrático Del Ring";""
"Oblideu Tosquelles!";"Independent";"22/12/2023";170.0;31;2025;"";"Oblideu Tosquelles!";""
"Cartas perdidas, Las (La carcel y el exilio de las mujeres repub";"Syldavia";"13/05/2022";169.0;49;2025;"";"Cartas perdidas, Las (La carcel y el exilio de las mujeres repub";""
"Seduccion de caos, La (1990) (re)";"Independent";"03/12/2025";168.0;53;2025;1990.0;"Seduccion de caos";"La"
"Omega Wants to Dance";"Jambika Docs";"06/12/2025";165.0;23;2025;"";"Omega Wants to Dance";""
"Poder del silencio, El";"Independent";"17/09/2025";165.0;51;2025;"";"Poder del silencio";"El"
"Nada";"Independent";"21/05/2025";164.0;33;2025;"";"Nada";""
"Mala persona";"Filmax";"03/07/2024";163.0;62;2025;"";"Mala persona";""
"Mironins. La pelicula";"Independent";"03/12/2021";160.0;40;2025;"";"Mironins. La pelicula";""
"Tierras solares";"Summer Films";"07/04/2025";157.0;29;2025;"";"Tierras solares";""
"Espíritu de la colmena, El (1973) (re)";"Avalon Distribución";"01/09/2023";156.0;499;2025;1973.0;"Espíritu de la colmena";"El"
"Donde acaba la memoria";"Surtsey Films";"02/12/2022";151.0;69;2025;"";"Donde acaba la memoria";""
"Raqa";"DeAPlaneta";"22/11/2024";149.0;27;2025;"";"Raqa";""
"Vacances de Mara, Les";"Puntal Films";"27/09/2024";148.0;37;2025;"";"Vacances de Mara, Les";""
"Volver a vivir (1968) (re)";"Independent";"13/01/2025";147.0;75;2025;1968.0;"Volver a vivir";""
"Disforia";"Independent";"08/11/2025";147.0;41;2025;"";"Disforia";""
"Se quien eres (2000) (re)";"Independent";"14/07/2025";145.0;33;2025;2000.0;"Se quien eres";""
"As bestas";"A Contracorriente";"11/11/2022";144.0;36;2025;"";"As bestas";""
"Hijas del trueno, Las";"Moon Entertainment";"27/06/2025";141.0;22;2025;"";"Hijas del trueno";"Las"
"Piezas";"Maravillas Distribuciones";"15/11/2024";140.0;46;2025;"";"Piezas";""
"+Cuñados";"Baños Films";"19/04/2024";140.0;35;2025;"";"+Cuñados";""
"Amor de Andrea, El";"Filmax";"24/11/2023";140.0;33;2025;"";"Amor de Andrea";"El"
"Muñequita linda";"Independent";"12/06/2025";138.0;22;2025;"";"Muñequita linda";""
"Norberta";"Filmax";"25/07/2024";138.0;26;2025;"";"Norberta";""
"Pendaripen";"Independent";"19/11/2025";136.0;53;2025;"";"Pendaripen";""
"Un sol radiant";"Begin Again Films";"17/05/2024";133.0;42;2025;"";"Un sol radiant";""
"Escribir no es normal";"Independent";"18/12/2024";132.0;33;2025;"";"Escribir no es normal";""
"Quieres salir puedes entrar";"Independent";"06/09/2025";130.0;37;2025;"";"Quieres salir puedes entrar";""
"Emilia, parada y fonda (1976) (re)";"A Contracorriente";"04/11/2025";130.0;44;2025;1976.0;"Emilia, parada y fonda";""
"Cuerpo escombro";"Walt Disney";"09/08/2024";129.0;37;2025;"";"Cuerpo escombro";""
"Cinco lobitos";"Bteam Pictures";"20/05/2022";128.0;34;2025;"";"Cinco lobitos";""
"Aquel ultimo tiburon";"Independent";"15/11/2025";126.0;33;2025;"";"Aquel ultimo tiburon";""
"Secaderos";"Begin Again Films";"02/06/2023";126.0;55;2025;"";"Secaderos";""
"Negro liimbo";"Independent";"07/06/2025";126.0;31;2025;"";"Negro liimbo";""
"Suro";"A Contracorriente";"02/12/2022";123.0;35;2025;"";"Suro";""
"Orandi";"Independent";"19/06/2025";122.0;23;2025;"";"Orandi";""
"Marsella";"Syldavia";"18/07/2014";120.0;30;2025;"";"Marsella";""
"Matria";"Avalon Distribución";"24/03/2023";120.0;30;2025;"";"Matria";""
"Todos somos Gaza";"39 Escalones";"31/12/2025";70.0;10;2025;"";"Todos somos Gaza";""
"Aníbal, el arquitecto de Sevilla";"Mosaico";"24/11/2023";116.0;24;2025;"";"Aníbal, el arquitecto de Sevilla";""
"Algo amargo en la boca (1969) (re)";"Independent";"01/10/2025";116.0;33;2025;1969.0;"Algo amargo en la boca";""
"Todos Vosotros sois Capitanes";"Zeitun Films";"03/06/2011";114.0;15;2025;"";"Todos Vosotros sois Capitanes";""
"Puntos suspensivos";"Vertice";"20/09/2024";112.0;32;2025;"";"Puntos suspensivos";""
"¡Olvidate del cine!";"Independent";"16/09/2025";112.0;40;2025;"";"¡Olvidate del cine!";""
"Julio Camba. El hombre que no queria ser nada";"Filmax";"28/02/2025";111.0;33;2025;"";"Julio Camba. El hombre que no queria ser nada";""
"Despues de la derrota";"Independent";"10/06/2025";111.0;17;2025;"";"Despues de la derrota";""
"Tierra firme";"Avalon Distribución";"24/11/2017";110.0;22;2025;"";"Tierra firme";""
"Maquinista, El (2004) (re)";"Independent";"29/04/2025";110.0;56;2025;2004.0;"Maquinista";"El"
"Niñas de arena";"Independent";"27/05/2025";108.0;51;2025;"";"Niñas de arena";""
"Voces en imagenes";"Independent";"22/08/2025";107.0;27;2025;"";"Voces en imagenes";""
"Camino, El (1963)";"Independent";"02/11/2021";105.0;34;2025;1963.0;"Camino";"El"
"Laguna negra, La (1952) (re)";"Mercury Films";"07/05/2025";105.0;30;2025;1952.0;"Laguna negra";"La"
"Desmontando a Lucia";"TriPictures";"29/11/2024";105.0;21;2025;"";"Desmontando a Lucia";""
"Lucia y el Sexo (2001) (re)";"Mercury Films";"28/10/2025";104.0;162;2025;2001.0;"Lucia y el Sexo";""
"Cecilia Bartolome. Tan lejos, tan cerca";"Taranna Films";"11/05/2025";100.0;86;2025;"";"Cecilia Bartolome. Tan lejos, tan cerca";""
"Desahuciados";"Independent";"05/02/2025";99.0;20;2025;"";"Desahuciados";""
"Morente & Barcelona";"Independent";"15/05/2025";99.0;33;2025;"";"Morente & Barcelona";""
"Espera, La";"Maravillas Distribuciones";"15/12/2023";99.0;17;2025;"";"Espera";"La"
"Negros, Los";"European Dreams Factory";"25/03/2022";98.0;17;2025;"";"Negros";"Los"
"Canto cosmico. Niño de Elche";"Margenes Distribucion";"04/02/2022";98.0;50;2025;"";"Canto cosmico. Niño de Elche";""
"Amigo de todos, El";"Surtsey Films";"24/04/2024";98.0;16;2025;"";"Amigo de todos";"El"
"Mercenario";"Independent";"01/04/2025";93.0;16;2025;"";"Mercenario";""
"Maria (y los demas)";"Avalon Distribución";"07/12/2016";92.0;23;2025;"";"Maria (y los demas)";""
"Silencio de otros, El";"Bteam Pictures";"16/11/2018";88.0;21;2025;"";"Silencio de otros";"El"
"Un angel llamado Rebeca";"European Dreams Factory";"26/04/2024";87.0;16;2025;"";"Un angel llamado Rebeca";""
"Palabras para un fin del mundo";"Imagine! Factory Films";"13/11/2020";86.0;20;2025;"";"Palabras para un fin del mundo";""
"Ultimos pastores, Los";"Wanda";"31/05/2024";84.0;40;2025;"";"Ultimos pastores";"Los"
"Odio el verano";"Sony";"23/08/2024";84.0;25;2025;"";"Odio el verano";""
"Hostal España";"Independent";"30/09/2020";83.0;14;2025;"";"Hostal España";""
"O Corno";"Elastica";"11/10/2023";83.0;15;2025;"";"O Corno";""
"David Delfin. Muestra tu herida";"Independent";"03/11/2025";81.0;26;2025;"";"David Delfin. Muestra tu herida";""
"Importancia de llamarse Ernesto y la gilipollez de llamarse Eric";"Oliete Films";"10/11/2023";81.0;23;2025;"";"Importancia de llamarse Ernesto y la gilipollez de llamarse Eric";""
"Ocaña, retrato intermitente";"Independent";"11/03/2025";81.0;23;2025;"";"Ocaña, retrato intermitente";""
"Palo, El (2001) (re)";"Mercury Films";"14/04/2025";80.0;14;2025;2001.0;"Palo";"El"
"Nacida niña";"Independent";"17/12/2025";48.0;7;2025;"";"Nacida niña";""
"Vaquilla, La (1985) (re)";"Avalon Distribución";"09/02/2026";77.0;22;2025;1985.0;"Vaquilla";"La"
"Descubriendo a Jose Padilla";"Film Buro";"29/12/2020";76.0;13;2025;"";"Descubriendo a Jose Padilla";""
"Reconquista, La";"Cinebinario";"30/09/2016";75.0;15;2025;"";"Reconquista";"La"
"Mediterraneo";"DeAPlaneta";"01/10/2021";74.0;12;2025;"";"Mediterraneo";""
"Quest";"Nanouk Films";"01/12/2023";73.0;14;2025;"";"Quest";""
"Sangre, sudor y alegria";"Proyecfilm";"03/12/2025";72.0;13;2025;"";"Sangre, sudor y alegria";""
"Cuentos eroticos (1980) (re)";"Independent";"05/06/2025";70.0;20;2025;1980.0;"Cuentos eroticos";""
"Pascual Duarte (1976) (re)";"Mercury Films";"07/05/2025";70.0;20;2025;1976.0;"Pascual Duarte";""
"Constructores de la Alhambra, Los";"Version Digital";"25/11/2022";67.0;9;2025;"";"Constructores de la Alhambra";"Los"
"Ojos Negros";"Filmin";"19/07/2019";66.0;22;2025;"";"Ojos Negros";""
"Generacion docentes";"Independent";"29/04/2025";65.0;8;2025;"";"Generacion docentes";""
"Carbon";"Bteam Pictures";"29/12/2023";64.0;16;2025;"";"Carbon";""
"Magnificent Stranger, The";"Independent";"13/10/2025";64.0;11;2025;"";"Magnificent Stranger, The";""
"Nos va la marcha (1979) (re)";"Independent";"04/06/2025";63.0;18;2025;1979.0;"Nos va la marcha";""
"Moros y Cristianos (1987)";"A Contracorriente";"20/08/2021";63.0;18;2025;1987.0;"Moros y Cristianos";""
"Lucia en la telaraña 5.669 dias";"Independent";"16/09/2025";63.0;9;2025;"";"Lucia en la telaraña 5.669 dias";""
"Cyborg Generation";"Independent";"22/11/2024";62.0;10;2025;"";"Cyborg Generation";""
"Amor brujo, El (1986) (re)";"Mercury Films";"23/04/2023";60.0;16;2025;1986.0;"Amor brujo";"El"
"Llaves de la independencia, Las";"Independent";"14/01/2005";60.0;17;2025;"";"Llaves de la independencia";"Las"
"Invasion pequeña";"Independent";"04/07/2025";60.0;17;2025;"";"Invasion pequeña";""
"Tierra de nuestras madres";"Me Lo Creo";"20/07/2023";57.0;10;2025;"";"Tierra de nuestras madres";""
"A la cara";"Sideral";"15/05/2026";57.0;9;2025;"";"A la cara";""
"Secreto de sus ojos, El (2009) (re)";"Independent";"26/11/2025";57.0;29;2025;2009.0;"Secreto de sus ojos";"El"
"Miguel Hernandez";"Independent";"31/03/2025";55.0;9;2025;"";"Miguel Hernandez";""
"Handia";"A Contracorriente";"20/10/2017";54.0;28;2025;"";"Handia";""
"Esplendor y caida: The Garlic Phantoms";"Oliete Films";"05/04/2022";53.0;19;2025;"";"Esplendor y caida: The Garlic Phantoms";""
"Ciudad perdida, La (1955) (re)";"Independent";"25/06/2025";53.0;16;2025;1955.0;"Ciudad perdida";"La"
"Bofi";"Independent";"21/09/2024";50.0;8;2025;"";"Bofi";""
"Viaje al cuarto de una madre";"Alfa Pictures";"05/10/2018";50.0;10;2025;"";"Viaje al cuarto de una madre";""
"Helios Gomez: Tinta y Municion";"Independent";"29/05/2025";49.0;21;2025;"";"Helios Gomez: Tinta y Municion";""
"Alyonka soñada";"Independent";"24/07/2025";48.0;11;2025;"";"Alyonka soñada";""
"Cemento";"Independent";"07/07/2025";47.0;9;2025;"";"Cemento";""
"Un hombre tranquilo";"Independent";"16/03/2025";46.0;32;2025;"";"Un hombre tranquilo";""
"Beckett y el rinoceronte blanco";"Jaibo Films";"03/09/2025";46.0;13;2025;"";"Beckett y el rinoceronte blanco";""
"Ivan Z";"Independent";"29/11/2025";45.0;9;2025;"";"Ivan Z";""
"091, policia al habla (1960) (re)";"Independent";"16/05/2025";42.0;12;2025;1960.0;"091, policia al habla";""
"Gato montes, El (1935) (re)";"Independent";"24/06/2025";42.0;16;2025;1935.0;"Gato montes";"El"
"Tierra normal";"Independent";"15/05/2025";42.0;67;2025;"";"Tierra normal";""
"Mirande";"Independent";"21/05/2025";38.0;20;2025;"";"Mirande";""
"Un hombre sin miedo";"Independent";"07/06/2024";35.0;127;2025;"";"Un hombre sin miedo";""
"Generacion Lagartija";"Independent";"21/06/2024";35.0;7;2025;"";"Generacion Lagartija";""
"Alma quebrada";"Independent";"25/03/2025";35.0;12;2025;"";"Alma quebrada";""
"Estafa del amor, La";"Independent";"14/11/2023";35.0;5;2025;"";"Estafa del amor";"La"
"Diaz Hierro, el cronista de Huelva";"Independent";"27/01/2025";33.0;5;2025;"";"Diaz Hierro, el cronista de Huelva";""
"Escuerzo, El";"Begin Again Films";"23/07/2025";32.0;7;2025;"";"Escuerzo";"El"
"Tigres de papel (1977) (re)";"Independent";"04/06/2025";32.0;9;2025;1977.0;"Tigres de papel";""
"Os reviento";"The Other Side Films";"13/09/2024";32.0;9;2025;"";"Os reviento";""
"Una estrella fugaz";"European Dreams Factory";"11/10/2024";30.0;7;2025;"";"Una estrella fugaz";""
"Imatge permanent, La";"Aventura Cine";"17/11/2023";30.0;9;2025;"";"Imatge permanent";"La"
"Burnout";"Independent";"15/05/2025";28.0;28;2025;"";"Burnout";""
"Vuelo de la cigueña, El";"Independent";"26/11/2025";28.0;21;2025;"";"Vuelo de la cigueña";"El"
"Ese mundo que no te da nada";"Independent";"12/03/2025";28.0;41;2025;"";"Ese mundo que no te da nada";""
"Siete Jereles";"Independent";"03/03/2023";27.0;6;2025;"";"Siete Jereles";""
"Sembrando sueños";"Enciende Television";"14/02/2024";27.0;6;2025;"";"Sembrando sueños";""
"Dias que vendran, Los (Els dies que vindran)";"Avalon Distribución";"28/06/2019";26.0;6;2025;"";"Dias que vendran, Los (Els dies que vindran)";""
"Concha Robles. El precio de la libertad";"Independent";"21/11/2025";25.0;5;2025;"";"Concha Robles. El precio de la libertad";""
"Ultimo cuple, El (1957) (re)";"Mercury Films";"06/09/2025";24.0;5;2025;1957.0;"Ultimo cuple";"El"
"Dies d'estiu i de pluja";"Independent";"13/06/2025";24.0;9;2025;"";"Dies d'estiu i de pluja";""
"Tiempos futuros";"Independent";"28/06/2025";23.0;3;2025;"";"Tiempos futuros";""
"Jesucristo Flamenco";"Maravillas Distribuciones";"28/12/2025";23.0;5;2025;"";"Jesucristo Flamenco";""
"Memoria inmortal, La";"Independent";"20/02/2025";21.0;4;2025;"";"Memoria inmortal";"La"
"Fieles sirvientes, Los (1980) (re)";"Independent";"23/10/2025";20.0;9;2025;1980.0;"Fieles sirvientes";"Los"
"Sueños y pan";"Mubox.Studio";"25/07/2023";18.0;6;2025;"";"Sueños y pan";""
"Infiltrada en el bunker";"Independent";"23/10/2025";18.0;16;2025;"";"Infiltrada en el bunker";""
"Faltan vuestros nombres";"Independent";"10/05/2025";18.0;70;2025;"";"Faltan vuestros nombres";""
"Stay Homas. La banda que no deberia existir";"Independent";"15/11/2024";17.0;4;2025;"";"Stay Homas. La banda que no deberia existir";""
"Valenciana";"Caracter Films";"18/10/2024";17.0;6;2025;"";"Valenciana";""
"Mama, ahora mando yo";"Independent";"30/07/2025";16.0;4;2025;"";"Mama, ahora mando yo";""
"Septiembre";"Independent";"06/10/2023";15.0;5;2025;"";"Septiembre";""
"Una historia, una cancion";"Independent";"10/03/2025";15.0;5;2025;"";"Una historia, una cancion";""
"Vicente Romero. Testigo de la historia";"Independent";"04/11/2025";14.0;4;2025;"";"Vicente Romero. Testigo de la historia";""
"Algo salvaje. La historia de Bambino";"Phoenix Entertaiment";"19/11/2021";14.0;2;2025;"";"Algo salvaje. La historia de Bambino";""
"Art d'alçada";"Independent";"12/03/2024";13.0;3;2025;"";"Art d'alçada";""
"Letras que marcan";"Independent";"09/01/2025";11.0;2;2025;"";"Letras que marcan";""
"Leyenda de Balthasar el castrado, La (1996) (re)";"Independent";"23/10/2025";11.0;5;2025;1996.0;"Leyenda de Balthasar el castrado";"La"
"Que se sepa";"Independent";"15/11/2024";11.0;20;2025;"";"Que se sepa";""
"A lo loco";"Independent";"16/05/2025";11.0;20;2025;"";"A lo loco";""
"Creatura";"Avalon Distribución";"08/09/2023";10.0;2;2025;"";"Creatura";""
"Un paseo por el Borne";"Begin Again Films";"25/07/2024";10.0;2;2025;"";"Un paseo por el Borne";""
"Cuando un rio se convierte en mar";"Independent";"01/11/2025";9.0;4;2025;"";"Cuando un rio se convierte en mar";""
"Guadalquivir";"Wanda";"13/12/2013";9.0;2;2025;"";"Guadalquivir";""
"Violetera, La (1958)";"Mercury Films";"20/09/2025";5.0;1;2025;1958.0;"Violetera";"La"
"Paquillo Fernandez. Una vida en marcha";"Independent";"21/11/2025";5.0;1;2025;"";"Paquillo Fernandez. Una vida en marcha";""
"Vientre del mar, El";"Elastica";"12/11/2021";5.0;1;2025;"";"Vientre del mar";"El"
"Summers el rebelde";"Maravillas Distribuciones";"15/03/2024";5.0;1;2025;"";"Summers el rebelde";""
"Luis Gordillo. Manual de instrucciones";"Maravillas Distribuciones";"20/11/2025";4.0;1;2025;"";"Luis Gordillo. Manual de instrucciones";""
