titulo_original;fecha_estreno_original;titulo_busqueda_usado;icaa_id;estado;titulo_encontrado;anio_encontrado;fecha_estreno_ficha;director_encontrado;num_candidatos;candidatos_json;busqueda_truncada
Cartas de Akyab;26/10/2021;Cartas de Akyab;;sin_coincidencia_exacta_titulo;;;;;0.0;[];False
Construyendo la luz;10/12/2021;Construyendo la luz;;sin_coincidencia_exacta_titulo;;;;;0.0;[];False
Como conquistamos el Oeste y adonde nos llevo;27/06/2025;Como conquistamos el Oeste y adonde nos llevo;;sin_coincidencia_exacta_titulo;;;;;0.0;[];False
De eso no hablamos;13/06/2023;De eso no hablamos;;sin_coincidencia_exacta_titulo;;;;;0.0;[];False
Negro tiene nombre, El;06/06/2025;Negro tiene nombre;;sin_coincidencia_exacta_titulo;;;;;0.0;[];False
Ulu, un latido universal;29/09/2017;Ulu, un latido universal;;sin_coincidencia_exacta_titulo;;;;;0.0;[];False
Tu me abrasas;29/06/2025;Tu me abrasas;;sin_coincidencia_exacta_titulo;;;;;0.0;[];False
Hostal España;30/09/2020;Hostal España;;sin_coincidencia_exacta_titulo;;;;;0.0;[];False
Naturaleza muerta Sexy Sadie;27/07/2023;Naturaleza muerta Sexy Sadie;;sin_coincidencia_exacta_titulo;;;;;0.0;[];False
Naufrafados, Os;05/09/2025;Naufrafados, Os;;sin_coincidencia_exacta_titulo;;;;;0.0;[];False
A dos velas;18/02/2025;A dos velas;;sin_coincidencia_exacta_titulo;;;;;0.0;[];False
Menudos heroes;04/12/2015;Menudos heroes;;sin_coincidencia_exacta_titulo;;;;;0.0;[];False
Figuras femeninas (la mujer en la II Republica);25/03/2021;Figuras femeninas (la mujer en la II Republica);;sin_coincidencia_exacta_titulo;;;;;0.0;[];False
Domino;21/02/2020;Domino;;sin_candidatos_cercanos_probable_reposicion;;;;;13.0;"[{""icaa_id"": 601130, ""titulo_encontrado"": ""DAMA DEL DOMINO VERDE, LA"", ""director_encontrado"": ""FRED ZELNIK"", ""anio_encontrado"": 1937, ""metraje_encontrado"": ""LARGOMETRAJE-""}, {""icaa_id"": 529751, ""titulo_encontrado"": ""DE PRESIDIO A PRIMERA PAGINA"", ""director_encontrado"": ""STANLEY KRAMER"", ""anio_encontrado"": 1977, ""metraje_encontrado"": ""LARGOMETRAJE-""}, {""icaa_id"": 7044840, ""titulo_encontrado"": ""DE PRESIDIO A PRIMERA PAGINA"", ""director_encontrado"": ""DESCONOCIDO"", ""anio_encontrado"": 1977, ""metraje_encontrado"": ""LARGOMETRAJE- Video Ficción""}, {""icaa_id"": 51006, ""titulo_encontrado"": ""DOMINO"", ""director_encontrado"": ""TONY SCOTT"", ""anio_encontrado"": 2005, ""metraje_encontrado"": ""LARGOMETRAJE-""}, {""icaa_id"": 3713840, ""titulo_encontrado"": ""DOMINO"", ""director_encontrado"": ""IVANA MASSETTI"", ""anio_encontrado"": null, ""metraje_encontrado"": ""LARGOMETRAJE- Video Ficción""}, {""icaa_id"": 184819, ""titulo_encontrado"": ""Domino de Brian de Palma"", ""director_encontrado"": ""BRIAN DE PALMA"", ""anio_encontrado"": 2019, ""metraje_encontrado"": ""LARGOMETRAJE- Cine Ficción""}, {""icaa_id"": 523930, ""titulo_encontrado"": ""DOMINO VERDE, EL"", ""director_encontrado"": ""HERBERT DECOIN, HENRI SELPIN"", ""anio_encontrado"": 1935, ""metraje_encontrado"": ""LARGOMETRAJE-""}, {""icaa_id"": 3580140, ""titulo_encontrado"": ""DOMINOES"", ""director_encontrado"": ""JOHN LAWRENCE RE"", ""anio_encontrado"": null, ""metraje_encontrado"": ""LARGOMETRAJE- Video Ficción""}, {""icaa_id"": 3301840, ""titulo_encontrado"": ""FATS DOMINO AND FRIENDS"", ""director_encontrado"": ""DESCONOCIDO"", ""anio_encontrado"": null, ""metraje_encontrado"": ""CORTOMETRAJE- Video Ficción""}, {""icaa_id"": 4196040, ""titulo_encontrado"": ""FATS DOMINO AND FRIENDS"", ""director_encontrado"": ""DESCONOCIDO"", ""anio_encontrado"": 1986, ""metraje_encontrado"": ""LARGOMETRAJE- Video Ficción""}, {""icaa_id"": 230223, ""titulo_encontrado"": ""Priscilla"", ""director_encontrado"": ""SOFIA COPPOLA"", ""anio_encontrado"": 2023, ""metraje_encontrado"": ""LARGOMETRAJE- Cine Ficción""}, {""icaa_id"": 5651040, ""titulo_encontrado"": ""SPAWN LA SERIE II EP. 4, 5 Y 6"", ""director_encontrado"": ""TODD MCFARLANE"", ""anio_encontrado"": 1996, ""metraje_encontrado"": ""LARGOMETRAJE- Video Ficción""}, {""icaa_id"": 106896, ""titulo_encontrado"": ""TRIGGER EFFECT (EL EFECTO DOMINO), THE"", ""director_encontrado"": ""DAVID KOEPP"", ""anio_encontrado"": 1996, ""metraje_encontrado"": ""LARGOMETRAJE-""}]";False
Operacion Brooklyn;25/07/2023;Operacion Brooklyn;;sin_coincidencia_exacta_titulo;;;;;0.0;[];False
Constelacion Portabella;24/10/2025;Constelacion Portabella;;sin_coincidencia_exacta_titulo;;;;;0.0;[];False
Rotspanier. Los esclavos españoles del nazismo;13/12/2025;Rotspanier. Los esclavos españoles del nazismo;;sin_coincidencia_exacta_titulo;;;;;0.0;[];False
AlterNativas: Construyendo futuros posibles;25/04/2023;AlterNativas: Construyendo futuros posibles;;sin_coincidencia_exacta_titulo;;;;;0.0;[];False
Mujeres de arena;09/04/2021;Mujeres de arena;;sin_coincidencia_exacta_titulo;;;;;0.0;[];False
Latir. Reto 3.355;26/03/2021;Latir. Reto 3.355;;sin_coincidencia_exacta_titulo;;;;;0.0;[];False
Anaga, Naturaleza Infinita;13/12/2024;Anaga, Naturaleza Infinita;;sin_coincidencia_exacta_titulo;;;;;0.0;[];False
Naturaleza de lo extraordinario;12/05/2023;Naturaleza de lo extraordinario;;sin_coincidencia_exacta_titulo;;;;;0.0;[];False
Traje, El. Algo mas que una leyenda;20/11/2021;Traje, El. Algo mas que una leyenda;;sin_coincidencia_exacta_titulo;;;;;0.0;[];False
Segundos fuera;02/12/2021;Segundos fuera;;sin_coincidencia_exacta_titulo;;;;;0.0;[];False
Dernier round;09/12/2021;Dernier round;;sin_coincidencia_exacta_titulo;;;;;0.0;[];False
Cant dels ocells, El Sagrera;19/12/2008;Cant dels ocells, El Sagrera;;sin_coincidencia_exacta_titulo;;;;;0.0;[];False
Walter Benjamin, el aura del camino;23/10/2025;Walter Benjamin, el aura del camino;;sin_coincidencia_exacta_titulo;;;;;0.0;[];False
Frederica Montseny, la mujer que habla;07/10/2021;Frederica Montseny, la mujer que habla;;sin_coincidencia_exacta_titulo;;;;;0.0;[];False
Nanas de la cebolla (Tipularen sehaska kanta);03/03/2022;Nanas de la cebolla (Tipularen sehaska kanta);;sin_coincidencia_exacta_titulo;;;;;0.0;[];False
Protagonistes;03/11/2024;Protagonistes;;sin_coincidencia_exacta_titulo;;;;;0.0;[];False
Cataluña ambigua;27/02/2025;Cataluña ambigua;;sin_coincidencia_exacta_titulo;;;;;0.0;[];False
Mi profesor;27/06/2021;Mi profesor;;sin_coincidencia_exacta_titulo;;;;;8.0;"[{""icaa_id"": 778230, ""titulo_encontrado"": ""Amor solfeando, El"", ""director_encontrado"": ""ARMAND. GUERRA"", ""anio_encontrado"": 1930, ""metraje_encontrado"": ""LARGOMETRAJE-""}, {""icaa_id"": 597530, ""titulo_encontrado"": ""MI HIJO, PROFESOR"", ""director_encontrado"": ""RENATO CASTELLANI"", ""anio_encontrado"": 1946, ""metraje_encontrado"": ""LARGOMETRAJE-""}, {""icaa_id"": 32150, ""titulo_encontrado"": ""Mi profesora particular"", ""director_encontrado"": ""JAIME. CAMINO"", ""anio_encontrado"": 1973, ""metraje_encontrado"": ""LARGOMETRAJE-""}, {""icaa_id"": 1748840, ""titulo_encontrado"": ""MI PROFESORA PARTICULAR"", ""director_encontrado"": ""DESCONOCIDO"", ""anio_encontrado"": null, ""metraje_encontrado"": ""CORTOMETRAJE- Video Ficción""}, {""icaa_id"": 5273240, ""titulo_encontrado"": ""MI QUERIDO PROFESOR"", ""director_encontrado"": ""DETIBERIS MARINA"", ""anio_encontrado"": null, ""metraje_encontrado"": ""LARGOMETRAJE- Video Ficción""}, {""icaa_id"": 642651, ""titulo_encontrado"": ""PROFESOR A MI MEDIDA"", ""director_encontrado"": ""ANDREW BERGMAN"", ""anio_encontrado"": 1981, ""metraje_encontrado"": ""LARGOMETRAJE-""}, {""icaa_id"": 1713440, ""titulo_encontrado"": ""PROFESOR A MI MEDIDA"", ""director_encontrado"": ""DESCONOCIDO"", ""anio_encontrado"": null, ""metraje_encontrado"": ""CORTOMETRAJE- Video Ficción""}, {""icaa_id"": 2001640, ""titulo_encontrado"": ""PROFESOR A MI MEDIDA"", ""director_encontrado"": ""DESCONOCIDO"", ""anio_encontrado"": null, ""metraje_encontrado"": ""CORTOMETRAJE- Video Ficción""}]";False
Castillo de Argueso;18/01/2025;Castillo de Argueso;;sin_coincidencia_exacta_titulo;;;;;0.0;[];False
Coda 77;21/10/2021;Coda 77;;sin_coincidencia_exacta_titulo;;;;;0.0;[];False
Gran familia, La;23/12/2025;Gran familia;;sin_candidatos_cercanos_probable_reposicion;;;;;6.0;"[{""icaa_id"": 71612, ""titulo_encontrado"": ""GRAN FAMILIA ESPAÑOLA, LA"", ""director_encontrado"": ""DANIEL SÁNCHEZ ARÉVALO"", ""anio_encontrado"": 2013, ""metraje_encontrado"": ""LARGOMETRAJE-""}, {""icaa_id"": 196850, ""titulo_encontrado"": ""Gran familia, La"", ""director_encontrado"": ""FERNANDO PALACIOS"", ""anio_encontrado"": 1962, ""metraje_encontrado"": ""LARGOMETRAJE-""}, {""icaa_id"": 1268040, ""titulo_encontrado"": ""GRAN FAMILIA, LA"", ""director_encontrado"": ""DESCONOCIDO"", ""anio_encontrado"": null, ""metraje_encontrado"": ""CORTOMETRAJE- Video Ficción""}, {""icaa_id"": 116616, ""titulo_encontrado"": ""GRANDES FAMILIAS"", ""director_encontrado"": ""MATHIEU AMALRIC"", ""anio_encontrado"": 2015, ""metraje_encontrado"": ""LARGOMETRAJE- Cine Ficción""}, {""icaa_id"": 170421, ""titulo_encontrado"": ""LA FAMILIA ADDAMS 2 - LA GRAN ESCAPADA"", ""director_encontrado"": ""GREG TIERNAN"", ""anio_encontrado"": 2021, ""metraje_encontrado"": ""LARGOMETRAJE- Cine Animación""}, {""icaa_id"": 12111340, ""titulo_encontrado"": ""SUPERNENAS Z, LAS: UNA GRAN FAMILIA PARTE 1 Y 2"", ""director_encontrado"": ""MEGUMU ISHIGURO"", ""anio_encontrado"": 2006, ""metraje_encontrado"": ""CORTOMETRAJE- Video Ficción""}]";False
Camino de Cova Eiros, O;30/10/2025;Camino de Cova Eiros, O;;sin_coincidencia_exacta_titulo;;;;;0.0;[];False
¡Maldicion! He vuelto a cambiar;30/06/2021;¡Maldicion! He vuelto a cambiar;;sin_coincidencia_exacta_titulo;;;;;0.0;[];False
Zalamero;22/10/2020;Zalamero;;sin_coincidencia_exacta_titulo;;;;;0.0;[];False
Stop;09/06/2021;Stop;;sin_coincidencia_exacta_titulo;;;;;72.0;"[{""icaa_id"": 74403, ""titulo_encontrado"": ""A UN METRO DE TI"", ""director_encontrado"": ""DANIEL HENRÍQUEZ"", ""anio_encontrado"": 2009, ""metraje_encontrado"": ""LARGOMETRAJE-""}, {""icaa_id"": 93252, ""titulo_encontrado"": ""Alto o mi madre dispara"", ""director_encontrado"": ""ROGER SPOTTISWOODE"", ""anio_encontrado"": 1992, ""metraje_encontrado"": ""LARGOMETRAJE-""}, {""icaa_id"": 10896840, ""titulo_encontrado"": ""AREA DE DESCANSO 2: NO MIRES ATRAS"", ""director_encontrado"": ""SHAWN PAPAZIAN"", ""anio_encontrado"": 2008, ""metraje_encontrado"": ""LARGOMETRAJE- Video Ficción""}, {""icaa_id"": 713451, ""titulo_encontrado"": ""AUTO STOP"", ""director_encontrado"": ""MIGUEL ANGEL SAEZ"", ""anio_encontrado"": 1982, ""metraje_encontrado"": ""CORTOMETRAJE-""}, {""icaa_id"": 2423240, ""titulo_encontrado"": ""AUTO STOP MORTAL"", ""director_encontrado"": ""TED POST"", ""anio_encontrado"": null, ""metraje_encontrado"": ""LARGOMETRAJE- Video Ficción""}, {""icaa_id"": 798451, ""titulo_encontrado"": ""Baja Montesblancos. 1000 kilometros sin Stop"", ""director_encontrado"": ""RAÚL PEÑA"", ""anio_encontrado"": 1983, ""metraje_encontrado"": ""CORTOMETRAJE-""}, {""icaa_id"": 590350, ""titulo_encontrado"": ""BELLEZAS EN AUTO STOP"", ""director_encontrado"": ""THOMAS ENGEL"", ""anio_encontrado"": 1959, ""metraje_encontrado"": ""LARGOMETRAJE-""}, {""icaa_id"": 8887040, ""titulo_encontrado"": ""BETTY BOOP QUE CESE ESTE RUIDO"", ""director_encontrado"": ""DAVE FLEISCHER"", ""anio_encontrado"": 1935, ""metraje_encontrado"": ""CORTOMETRAJE- Video Ficción""}, {""icaa_id"": 380630, ""titulo_encontrado"": ""BUS STOP"", ""director_encontrado"": ""JOSHUA LOGAN"", ""anio_encontrado"": 1956, ""metraje_encontrado"": ""LARGOMETRAJE-""}, {""icaa_id"": 1738240, ""titulo_encontrado"": ""BUS STOP"", ""director_encontrado"": ""DESCONOCIDO"", ""anio_encontrado"": null, ""metraje_encontrado"": ""CORTOMETRAJE- Video Ficción""}, {""icaa_id"": 265550, ""titulo_encontrado"": ""Chica del auto stop, La"", ""director_encontrado"": ""MIGUEL LLUCH"", ""anio_encontrado"": 1963, ""metraje_encontrado"": ""LARGOMETRAJE-""}, {""icaa_id"": 11134340, ""titulo_encontrado"": ""CHO OYU, NON-STOP"", ""director_encontrado"": ""XAVIER ARIAS Y VICTOR RIVEROLA"", ""anio_encontrado"": 2008, ""metraje_encontrado"": ""CORTOMETRAJE- Video Ficción""}, {""icaa_id"": 8672, ""titulo_encontrado"": ""ELLA (STOP)"", ""director_encontrado"": ""TULIO DEMICHELI"", ""anio_encontrado"": 1972, ""metraje_encontrado"": ""LARGOMETRAJE-""}, {""icaa_id"": 9583540, ""titulo_encontrado"": ""ES FACIL DEJAR DE FUMAR"", ""director_encontrado"": ""ALLAN CARR"", ""anio_encontrado"": 2006, ""metraje_encontrado"": ""LARGOMETRAJE- Video Ficción""}, {""icaa_id"": 801850, ""titulo_encontrado"": ""ESFINGE SONRIE ANTES DE MORIR, LA"", ""director_encontrado"": ""DUCCIO TESSARI"", ""anio_encontrado"": 1964, ""metraje_encontrado"": ""LARGOMETRAJE-""}, {""icaa_id"": 32422, ""titulo_encontrado"": ""Esta lluvia nunca cesará"", ""director_encontrado"": ""ALINA GORLOVA"", ""anio_encontrado"": 2020, ""metraje_encontrado"": ""LARGOMETRAJE- Cine Documental""}, {""icaa_id"": 178722, ""titulo_encontrado"": ""Estación Rocafort"", ""director_encontrado"": ""LUIS PRIETO"", ""anio_encontrado"": 2024, ""metraje_encontrado"": ""LARGOMETRAJE- Cine Ficción""}, {""icaa_id"": 206724, ""titulo_encontrado"": ""HASTA QUE DEJE DE LATIR"", ""director_encontrado"": ""SEBAS CORTEZ"", ""anio_encontrado"": 2024, ""metraje_encontrado"": ""CORTOMETRAJE- Cine Ficción""}, {""icaa_id"": 7591540, ""titulo_encontrado"": ""HIP HOP DON'T STOP"", ""director_encontrado"": ""DESCONOCIDO"", ""anio_encontrado"": 2003, ""metraje_encontrado"": ""LARGOMETRAJE- Video Ficción""}, {""icaa_id"": 10875540, ""titulo_encontrado"": ""HIPNOSIS-DEJA DE FUMAR EN UNA HORA"", ""director_encontrado"": ""KEN GRAY"", ""anio_encontrado"": 2007, ""metraje_encontrado"": ""CORTOMETRAJE- Video Ficción""}, {""icaa_id"": 987251, ""titulo_encontrado"": ""I CAN´T STOP"", ""director_encontrado"": ""ZBIGNIEW RYBCZYNSKI"", ""anio_encontrado"": null, ""metraje_encontrado"": ""CORTOMETRAJE-""}, {""icaa_id"": 8500840, ""titulo_encontrado"": ""INCREIBLE EXPERIENCIA DE TENER UN HIJO, LA"", ""director_encontrado"": ""HELEN SHEPPARD"", ""anio_encontrado"": 2004, ""metraje_encontrado"": ""LARGOMETRAJE- Video Ficción""}, {""icaa_id"": 213123, ""titulo_encontrado"": ""LA VIDA NO PARA"", ""director_encontrado"": ""FERNANDO TATO"", ""anio_encontrado"": 2023, ""metraje_encontrado"": ""CORTOMETRAJE- Cine Ficción""}, {""icaa_id"": 7670740, ""titulo_encontrado"": ""LAST STOP"", ""director_encontrado"": ""MARK MALONE"", ""anio_encontrado"": 1999, ""metraje_encontrado"": ""LARGOMETRAJE- Video Ficción""}, {""icaa_id"": 74403, ""titulo_encontrado"": ""A UN METRO DE TI"", ""director_encontrado"": ""DANIEL HENRÍQUEZ"", ""anio_encontrado"": 2009, ""metraje_encontrado"": ""LARGOMETRAJE-""}, {""icaa_id"": 93252, ""titulo_encontrado"": ""Alto o mi madre dispara"", ""director_encontrado"": ""ROGER SPOTTISWOODE"", ""anio_encontrado"": 1992, ""metraje_encontrado"": ""LARGOMETRAJE-""}, {""icaa_id"": 10896840, ""titulo_encontrado"": ""AREA DE DESCANSO 2: NO MIRES ATRAS"", ""director_encontrado"": ""SHAWN PAPAZIAN"", ""anio_encontrado"": 2008, ""metraje_encontrado"": ""LARGOMETRAJE- Video Ficción""}, {""icaa_id"": 713451, ""titulo_encontrado"": ""AUTO STOP"", ""director_encontrado"": ""MIGUEL ANGEL SAEZ"", ""anio_encontrado"": 1982, ""metraje_encontrado"": ""CORTOMETRAJE-""}, {""icaa_id"": 2423240, ""titulo_encontrado"": ""AUTO STOP MORTAL"", ""director_encontrado"": ""TED POST"", ""anio_encontrado"": null, ""metraje_encontrado"": ""LARGOMETRAJE- Video Ficción""}, {""icaa_id"": 798451, ""titulo_encontrado"": ""Baja Montesblancos. 1000 kilometros sin Stop"", ""director_encontrado"": ""RAÚL PEÑA"", ""anio_encontrado"": 1983, ""metraje_encontrado"": ""CORTOMETRAJE-""}, {""icaa_id"": 590350, ""titulo_encontrado"": ""BELLEZAS EN AUTO STOP"", ""director_encontrado"": ""THOMAS ENGEL"", ""anio_encontrado"": 1959, ""metraje_encontrado"": ""LARGOMETRAJE-""}, {""icaa_id"": 8887040, ""titulo_encontrado"": ""BETTY BOOP QUE CESE ESTE RUIDO"", ""director_encontrado"": ""DAVE FLEISCHER"", ""anio_encontrado"": 1935, ""metraje_encontrado"": ""CORTOMETRAJE- Video Ficción""}, {""icaa_id"": 380630, ""titulo_encontrado"": ""BUS STOP"", ""director_encontrado"": ""JOSHUA LOGAN"", ""anio_encontrado"": 1956, ""metraje_encontrado"": ""LARGOMETRAJE-""}, {""icaa_id"": 1738240, ""titulo_encontrado"": ""BUS STOP"", ""director_encontrado"": ""DESCONOCIDO"", ""anio_encontrado"": null, ""metraje_encontrado"": ""CORTOMETRAJE- Video Ficción""}, {""icaa_id"": 265550, ""titulo_encontrado"": ""Chica del auto stop, La"", ""director_encontrado"": ""MIGUEL LLUCH"", ""anio_encontrado"": 1963, ""metraje_encontrado"": ""LARGOMETRAJE-""}, {""icaa_id"": 11134340, ""titulo_encontrado"": ""CHO OYU, NON-STOP"", ""director_encontrado"": ""XAVIER ARIAS Y VICTOR RIVEROLA"", ""anio_encontrado"": 2008, ""metraje_encontrado"": ""CORTOMETRAJE- Video Ficción""}, {""icaa_id"": 8672, ""titulo_encontrado"": ""ELLA (STOP)"", ""director_encontrado"": ""TULIO DEMICHELI"", ""anio_encontrado"": 1972, ""metraje_encontrado"": ""LARGOMETRAJE-""}, {""icaa_id"": 9583540, ""titulo_encontrado"": ""ES FACIL DEJAR DE FUMAR"", ""director_encontrado"": ""ALLAN CARR"", ""anio_encontrado"": 2006, ""metraje_encontrado"": ""LARGOMETRAJE- Video Ficción""}, {""icaa_id"": 801850, ""titulo_encontrado"": ""ESFINGE SONRIE ANTES DE MORIR, LA"", ""director_encontrado"": ""DUCCIO TESSARI"", ""anio_encontrado"": 1964, ""metraje_encontrado"": ""LARGOMETRAJE-""}, {""icaa_id"": 32422, ""titulo_encontrado"": ""Esta lluvia nunca cesará"", ""director_encontrado"": ""ALINA GORLOVA"", ""anio_encontrado"": 2020, ""metraje_encontrado"": ""LARGOMETRAJE- Cine Documental""}, {""icaa_id"": 178722, ""titulo_encontrado"": ""Estación Rocafort"", ""director_encontrado"": ""LUIS PRIETO"", ""anio_encontrado"": 2024, ""metraje_encontrado"": ""LARGOMETRAJE- Cine Ficción""}, {""icaa_id"": 206724, ""titulo_encontrado"": ""HASTA QUE DEJE DE LATIR"", ""director_encontrado"": ""SEBAS CORTEZ"", ""anio_encontrado"": 2024, ""metraje_encontrado"": ""CORTOMETRAJE- Cine Ficción""}, {""icaa_id"": 7591540, ""titulo_encontrado"": ""HIP HOP DON'T STOP"", ""director_encontrado"": ""DESCONOCIDO"", ""anio_encontrado"": 2003, ""metraje_encontrado"": ""LARGOMETRAJE- Video Ficción""}, {""icaa_id"": 10875540, ""titulo_encontrado"": ""HIPNOSIS-DEJA DE FUMAR EN UNA HORA"", ""director_encontrado"": ""KEN GRAY"", ""anio_encontrado"": 2007, ""metraje_encontrado"": ""CORTOMETRAJE- Video Ficción""}, {""icaa_id"": 987251, ""titulo_encontrado"": ""I CAN´T STOP"", ""director_encontrado"": ""ZBIGNIEW RYBCZYNSKI"", ""anio_encontrado"": null, ""metraje_encontrado"": ""CORTOMETRAJE-""}, {""icaa_id"": 8500840, ""titulo_encontrado"": ""INCREIBLE EXPERIENCIA DE TENER UN HIJO, LA"", ""director_encontrado"": ""HELEN SHEPPARD"", ""anio_encontrado"": 2004, ""metraje_encontrado"": ""LARGOMETRAJE- Video Ficción""}, {""icaa_id"": 213123, ""titulo_encontrado"": ""LA VIDA NO PARA"", ""director_encontrado"": ""FERNANDO TATO"", ""anio_encontrado"": 2023, ""metraje_encontrado"": ""CORTOMETRAJE- Cine Ficción""}, {""icaa_id"": 7670740, ""titulo_encontrado"": ""LAST STOP"", ""director_encontrado"": ""MARK MALONE"", ""anio_encontrado"": 1999, ""metraje_encontrado"": ""LARGOMETRAJE- Video Ficción""}, {""icaa_id"": 74403, ""titulo_encontrado"": ""A UN METRO DE TI"", ""director_encontrado"": ""DANIEL HENRÍQUEZ"", ""anio_encontrado"": 2009, ""metraje_encontrado"": ""LARGOMETRAJE-""}, {""icaa_id"": 93252, ""titulo_encontrado"": ""Alto o mi madre dispara"", ""director_encontrado"": ""ROGER SPOTTISWOODE"", ""anio_encontrado"": 1992, ""metraje_encontrado"": ""LARGOMETRAJE-""}, {""icaa_id"": 10896840, ""titulo_encontrado"": ""AREA DE DESCANSO 2: NO MIRES ATRAS"", ""director_encontrado"": ""SHAWN PAPAZIAN"", ""anio_encontrado"": 2008, ""metraje_encontrado"": ""LARGOMETRAJE- Video Ficción""}, {""icaa_id"": 713451, ""titulo_encontrado"": ""AUTO STOP"", ""director_encontrado"": ""MIGUEL ANGEL SAEZ"", ""anio_encontrado"": 1982, ""metraje_encontrado"": ""CORTOMETRAJE-""}, {""icaa_id"": 2423240, ""titulo_encontrado"": ""AUTO STOP MORTAL"", ""director_encontrado"": ""TED POST"", ""anio_encontrado"": null, ""metraje_encontrado"": ""LARGOMETRAJE- Video Ficción""}, {""icaa_id"": 798451, ""titulo_encontrado"": ""Baja Montesblancos. 1000 kilometros sin Stop"", ""director_encontrado"": ""RAÚL PEÑA"", ""anio_encontrado"": 1983, ""metraje_encontrado"": ""CORTOMETRAJE-""}, {""icaa_id"": 590350, ""titulo_encontrado"": ""BELLEZAS EN AUTO STOP"", ""director_encontrado"": ""THOMAS ENGEL"", ""anio_encontrado"": 1959, ""metraje_encontrado"": ""LARGOMETRAJE-""}, {""icaa_id"": 8887040, ""titulo_encontrado"": ""BETTY BOOP QUE CESE ESTE RUIDO"", ""director_encontrado"": ""DAVE FLEISCHER"", ""anio_encontrado"": 1935, ""metraje_encontrado"": ""CORTOMETRAJE- Video Ficción""}, {""icaa_id"": 380630, ""titulo_encontrado"": ""BUS STOP"", ""director_encontrado"": ""JOSHUA LOGAN"", ""anio_encontrado"": 1956, ""metraje_encontrado"": ""LARGOMETRAJE-""}, {""icaa_id"": 1738240, ""titulo_encontrado"": ""BUS STOP"", ""director_encontrado"": ""DESCONOCIDO"", ""anio_encontrado"": null, ""metraje_encontrado"": ""CORTOMETRAJE- Video Ficción""}, {""icaa_id"": 265550, ""titulo_encontrado"": ""Chica del auto stop, La"", ""director_encontrado"": ""MIGUEL LLUCH"", ""anio_encontrado"": 1963, ""metraje_encontrado"": ""LARGOMETRAJE-""}, {""icaa_id"": 11134340, ""titulo_encontrado"": ""CHO OYU, NON-STOP"", ""director_encontrado"": ""XAVIER ARIAS Y VICTOR RIVEROLA"", ""anio_encontrado"": 2008, ""metraje_encontrado"": ""CORTOMETRAJE- Video Ficción""}, {""icaa_id"": 8672, ""titulo_encontrado"": ""ELLA (STOP)"", ""director_encontrado"": ""TULIO DEMICHELI"", ""anio_encontrado"": 1972, ""metraje_encontrado"": ""LARGOMETRAJE-""}, {""icaa_id"": 9583540, ""titulo_encontrado"": ""ES FACIL DEJAR DE FUMAR"", ""director_encontrado"": ""ALLAN CARR"", ""anio_encontrado"": 2006, ""metraje_encontrado"": ""LARGOMETRAJE- Video Ficción""}, {""icaa_id"": 801850, ""titulo_encontrado"": ""ESFINGE SONRIE ANTES DE MORIR, LA"", ""director_encontrado"": ""DUCCIO TESSARI"", ""anio_encontrado"": 1964, ""metraje_encontrado"": ""LARGOMETRAJE-""}, {""icaa_id"": 32422, ""titulo_encontrado"": ""Esta lluvia nunca cesará"", ""director_encontrado"": ""ALINA GORLOVA"", ""anio_encontrado"": 2020, ""metraje_encontrado"": ""LARGOMETRAJE- Cine Documental""}, {""icaa_id"": 178722, ""titulo_encontrado"": ""Estación Rocafort"", ""director_encontrado"": ""LUIS PRIETO"", ""anio_encontrado"": 2024, ""metraje_encontrado"": ""LARGOMETRAJE- Cine Ficción""}, {""icaa_id"": 206724, ""titulo_encontrado"": ""HASTA QUE DEJE DE LATIR"", ""director_encontrado"": ""SEBAS CORTEZ"", ""anio_encontrado"": 2024, ""metraje_encontrado"": ""CORTOMETRAJE- Cine Ficción""}, {""icaa_id"": 7591540, ""titulo_encontrado"": ""HIP HOP DON'T STOP"", ""director_encontrado"": ""DESCONOCIDO"", ""anio_encontrado"": 2003, ""metraje_encontrado"": ""LARGOMETRAJE- Video Ficción""}, {""icaa_id"": 10875540, ""titulo_encontrado"": ""HIPNOSIS-DEJA DE FUMAR EN UNA HORA"", ""director_encontrado"": ""KEN GRAY"", ""anio_encontrado"": 2007, ""metraje_encontrado"": ""CORTOMETRAJE- Video Ficción""}, {""icaa_id"": 987251, ""titulo_encontrado"": ""I CAN´T STOP"", ""director_encontrado"": ""ZBIGNIEW RYBCZYNSKI"", ""anio_encontrado"": null, ""metraje_encontrado"": ""CORTOMETRAJE-""}, {""icaa_id"": 8500840, ""titulo_encontrado"": ""INCREIBLE EXPERIENCIA DE TENER UN HIJO, LA"", ""director_encontrado"": ""HELEN SHEPPARD"", ""anio_encontrado"": 2004, ""metraje_encontrado"": ""LARGOMETRAJE- Video Ficción""}, {""icaa_id"": 213123, ""titulo_encontrado"": ""LA VIDA NO PARA"", ""director_encontrado"": ""FERNANDO TATO"", ""anio_encontrado"": 2023, ""metraje_encontrado"": ""CORTOMETRAJE- Cine Ficción""}, {""icaa_id"": 7670740, ""titulo_encontrado"": ""LAST STOP"", ""director_encontrado"": ""MARK MALONE"", ""anio_encontrado"": 1999, ""metraje_encontrado"": ""LARGOMETRAJE- Video Ficción""}]";False
Tiempos de deseo;05/03/2021;Tiempos de deseo;;sin_coincidencia_exacta_titulo;;;;;0.0;[];False
Marcos y vida;01/11/2021;Marcos y vida;;sin_coincidencia_exacta_titulo;;;;;0.0;[];False
En clave de sol;07/05/2025;En clave de sol;;sin_coincidencia_exacta_titulo;;;;;0.0;[];False
Compas del silencio;31/07/2025;Compas del silencio;;sin_coincidencia_exacta_titulo;;;;;0.0;[];False
Sopar, El (1974-2018);15/04/2021;Sopar, El (1974-2018);;sin_coincidencia_exacta_titulo;;;;;0.0;[];False
Cosas que hacer antes de morir;03/06/2021;Cosas que hacer antes de morir;;sin_coincidencia_exacta_titulo;;;;;0.0;[];False
Jantzari: tradicion e igualdad;28/04/2021;Jantzari: tradicion e igualdad;;sin_coincidencia_exacta_titulo;;;;;0.0;[];False
33 años de oscuridad;23/05/2022;33 años de oscuridad;;sin_coincidencia_exacta_titulo;;;;;0.0;[];False
Asi crecen los enanos;03/11/2022;Asi crecen los enanos;;sin_coincidencia_exacta_titulo;;;;;0.0;[];False
Storm;15/07/2022;Storm;;sin_coincidencia_exacta_titulo;;;;;96.0;"[{""icaa_id"": 186219, ""titulo_encontrado"": ""A Stormy Night"", ""director_encontrado"": ""DAVID MORAGAS"", ""anio_encontrado"": 2020, ""metraje_encontrado"": ""LARGOMETRAJE- Cine Ficción""}, {""icaa_id"": 7569140, ""titulo_encontrado"": ""ADRENALINA EXTREMA VOL. 5"", ""director_encontrado"": ""DESCONOCIDO"", ""anio_encontrado"": 2002, ""metraje_encontrado"": ""CORTOMETRAJE- Video Ficción""}, {""icaa_id"": 7297840, ""titulo_encontrado"": ""AMENAZA DE TORMENTA"", ""director_encontrado"": ""RICHARD LONCRAINE"", ""anio_encontrado"": 2001, ""metraje_encontrado"": ""LARGOMETRAJE- Video Ficción""}, {""icaa_id"": 147020, ""titulo_encontrado"": ""Anunciaron tormenta"", ""director_encontrado"": ""JAVIER FERNÁNDEZ VÁZQUEZ"", ""anio_encontrado"": 2020, ""metraje_encontrado"": ""LARGOMETRAJE- Cine Animación""}, {""icaa_id"": 7992440, ""titulo_encontrado"": ""ATAQUE DE LOS DRAGONES, EL"", ""director_encontrado"": ""STEVEN FEUERSTEIN"", ""anio_encontrado"": 2003, ""metraje_encontrado"": ""LARGOMETRAJE- Video Ficción""}, {""icaa_id"": 11752040, ""titulo_encontrado"": ""BECK - EL OJO DE LA TORMENTA"", ""director_encontrado"": ""HARALD HAMRELL"", ""anio_encontrado"": 2009, ""metraje_encontrado"": ""LARGOMETRAJE- Video Ficción""}, {""icaa_id"": 18103, ""titulo_encontrado"": ""BEFORE THE STORM"", ""director_encontrado"": ""REZA PARSA"", ""anio_encontrado"": null, ""metraje_encontrado"": ""LARGOMETRAJE-""}, {""icaa_id"": 7805840, ""titulo_encontrado"": ""BEFORE THE STORM"", ""director_encontrado"": ""DESCONOCIDO"", ""anio_encontrado"": 2000, ""metraje_encontrado"": ""LARGOMETRAJE- Video Ficción""}, {""icaa_id"": 850530, ""titulo_encontrado"": ""Borrasca del alma"", ""director_encontrado"": ""GEORGE B. SEITZ"", ""anio_encontrado"": 1928, ""metraje_encontrado"": ""LARGOMETRAJE-""}, {""icaa_id"": 4207340, ""titulo_encontrado"": ""CRIMEN EN LOS ANGELES"", ""director_encontrado"": ""WILL MACKENZIE"", ""anio_encontrado"": 1992, ""metraje_encontrado"": ""LARGOMETRAJE- Video Ficción""}, {""icaa_id"": 190916, ""titulo_encontrado"": ""DESPUES DE LA TORMENTA"", ""director_encontrado"": ""HIROKAZU KORE-EDA"", ""anio_encontrado"": 2016, ""metraje_encontrado"": ""LARGOMETRAJE- Cine Ficción""}, {""icaa_id"": 141709, ""titulo_encontrado"": ""DISECCIÓN DE UNA TORMENTA"", ""director_encontrado"": ""JULIO SOTO GÚRPIDE"", ""anio_encontrado"": 2010, ""metraje_encontrado"": ""CORTOMETRAJE-""}, {""icaa_id"": 730930, ""titulo_encontrado"": ""DOS HUERFANAS, LAS"", ""director_encontrado"": ""D. W. GRIFFITH"", ""anio_encontrado"": 1921, ""metraje_encontrado"": ""LARGOMETRAJE-""}, {""icaa_id"": 4759640, ""titulo_encontrado"": ""DOS HUERFANAS, LAS"", ""director_encontrado"": ""D.W.GRIFFITH"", ""anio_encontrado"": 1921, ""metraje_encontrado"": ""LARGOMETRAJE- Video Ficción""}, {""icaa_id"": 9248940, ""titulo_encontrado"": ""DOS HUERFANAS, LAS"", ""director_encontrado"": ""D.W. GRIFFITH"", ""anio_encontrado"": 1921, ""metraje_encontrado"": ""LARGOMETRAJE- Video Ficción""}, {""icaa_id"": 38114, ""titulo_encontrado"": ""EN EL OJO DE LA TORMENTA"", ""director_encontrado"": ""STEVEN QUALE"", ""anio_encontrado"": 2013, ""metraje_encontrado"": ""LARGOMETRAJE-""}, {""icaa_id"": 396730, ""titulo_encontrado"": ""EXTRAÑA CONFESION"", ""director_encontrado"": ""DOUGLAS SIRK"", ""anio_encontrado"": 1944, ""metraje_encontrado"": ""LARGOMETRAJE-""}, {""icaa_id"": 11732440, ""titulo_encontrado"": ""EXTRAÑA CONFESION"", ""director_encontrado"": ""DOUGLAS SIRK"", ""anio_encontrado"": 1944, ""metraje_encontrado"": ""LARGOMETRAJE- Video Ficción""}, {""icaa_id"": 12928540, ""titulo_encontrado"": ""FOCO DE LA TEMPESTAD, EL"", ""director_encontrado"": ""FRED SCHEPISI"", ""anio_encontrado"": 2011, ""metraje_encontrado"": ""LARGOMETRAJE- Video Ficción""}, {""icaa_id"": 7705840, ""titulo_encontrado"": ""HEIDI EP. 11 TEMPESTAD DE NIEVE"", ""director_encontrado"": ""ISAO TAKAHATA"", ""anio_encontrado"": 1975, ""metraje_encontrado"": ""CORTOMETRAJE- Video Ficción""}, {""icaa_id"": 7707940, ""titulo_encontrado"": ""HEIDI EP. 32 UNA NOCHE AGITADA"", ""director_encontrado"": ""ISAO TAKAHATA"", ""anio_encontrado"": 1975, ""metraje_encontrado"": ""CORTOMETRAJE- Video Ficción""}, {""icaa_id"": 5945840, ""titulo_encontrado"": ""HEIDI:TEMPESTAD DE NIEVE. SONIDOS DE PRIMAVERA. EP. 6"", ""director_encontrado"": ""ISAO TAKAHATA"", ""anio_encontrado"": 1975, ""metraje_encontrado"": ""LARGOMETRAJE- Video Ficción""}, {""icaa_id"": 10867140, ""titulo_encontrado"": ""HELLBOY: LA ESPADA DE LAS TORMENTAS"", ""director_encontrado"": ""PHIL WEINSTEIN, TAD STONES"", ""anio_encontrado"": 2006, ""metraje_encontrado"": ""LARGOMETRAJE- Video Ficción""}, {""icaa_id"": 3181340, ""titulo_encontrado"": ""HUE AND CRY WHIPPING UP A STORM"", ""director_encontrado"": ""DESCONOCIDO"", ""anio_encontrado"": null, ""metraje_encontrado"": ""CORTOMETRAJE- Video Ficción""}, {""icaa_id"": 186219, ""titulo_encontrado"": ""A Stormy Night"", ""director_encontrado"": ""DAVID MORAGAS"", ""anio_encontrado"": 2020, ""metraje_encontrado"": ""LARGOMETRAJE- Cine Ficción""}, {""icaa_id"": 7569140, ""titulo_encontrado"": ""ADRENALINA EXTREMA VOL. 5"", ""director_encontrado"": ""DESCONOCIDO"", ""anio_encontrado"": 2002, ""metraje_encontrado"": ""CORTOMETRAJE- Video Ficción""}, {""icaa_id"": 7297840, ""titulo_encontrado"": ""AMENAZA DE TORMENTA"", ""director_encontrado"": ""RICHARD LONCRAINE"", ""anio_encontrado"": 2001, ""metraje_encontrado"": ""LARGOMETRAJE- Video Ficción""}, {""icaa_id"": 147020, ""titulo_encontrado"": ""Anunciaron tormenta"", ""director_encontrado"": ""JAVIER FERNÁNDEZ VÁZQUEZ"", ""anio_encontrado"": 2020, ""metraje_encontrado"": ""LARGOMETRAJE- Cine Animación""}, {""icaa_id"": 7992440, ""titulo_encontrado"": ""ATAQUE DE LOS DRAGONES, EL"", ""director_encontrado"": ""STEVEN FEUERSTEIN"", ""anio_encontrado"": 2003, ""metraje_encontrado"": ""LARGOMETRAJE- Video Ficción""}, {""icaa_id"": 11752040, ""titulo_encontrado"": ""BECK - EL OJO DE LA TORMENTA"", ""director_encontrado"": ""HARALD HAMRELL"", ""anio_encontrado"": 2009, ""metraje_encontrado"": ""LARGOMETRAJE- Video Ficción""}, {""icaa_id"": 18103, ""titulo_encontrado"": ""BEFORE THE STORM"", ""director_encontrado"": ""REZA PARSA"", ""anio_encontrado"": null, ""metraje_encontrado"": ""LARGOMETRAJE-""}, {""icaa_id"": 7805840, ""titulo_encontrado"": ""BEFORE THE STORM"", ""director_encontrado"": ""DESCONOCIDO"", ""anio_encontrado"": 2000, ""metraje_encontrado"": ""LARGOMETRAJE- Video Ficción""}, {""icaa_id"": 850530, ""titulo_encontrado"": ""Borrasca del alma"", ""director_encontrado"": ""GEORGE B. SEITZ"", ""anio_encontrado"": 1928, ""metraje_encontrado"": ""LARGOMETRAJE-""}, {""icaa_id"": 4207340, ""titulo_encontrado"": ""CRIMEN EN LOS ANGELES"", ""director_encontrado"": ""WILL MACKENZIE"", ""anio_encontrado"": 1992, ""metraje_encontrado"": ""LARGOMETRAJE- Video Ficción""}, {""icaa_id"": 190916, ""titulo_encontrado"": ""DESPUES DE LA TORMENTA"", ""director_encontrado"": ""HIROKAZU KORE-EDA"", ""anio_encontrado"": 2016, ""metraje_encontrado"": ""LARGOMETRAJE- Cine Ficción""}, {""icaa_id"": 141709, ""titulo_encontrado"": ""DISECCIÓN DE UNA TORMENTA"", ""director_encontrado"": ""JULIO SOTO GÚRPIDE"", ""anio_encontrado"": 2010, ""metraje_encontrado"": ""CORTOMETRAJE-""}, {""icaa_id"": 730930, ""titulo_encontrado"": ""DOS HUERFANAS, LAS"", ""director_encontrado"": ""D. W. GRIFFITH"", ""anio_encontrado"": 1921, ""metraje_encontrado"": ""LARGOMETRAJE-""}, {""icaa_id"": 4759640, ""titulo_encontrado"": ""DOS HUERFANAS, LAS"", ""director_encontrado"": ""D.W.GRIFFITH"", ""anio_encontrado"": 1921, ""metraje_encontrado"": ""LARGOMETRAJE- Video Ficción""}, {""icaa_id"": 9248940, ""titulo_encontrado"": ""DOS HUERFANAS, LAS"", ""director_encontrado"": ""D.W. GRIFFITH"", ""anio_encontrado"": 1921, ""metraje_encontrado"": ""LARGOMETRAJE- Video Ficción""}, {""icaa_id"": 38114, ""titulo_encontrado"": ""EN EL OJO DE LA TORMENTA"", ""director_encontrado"": ""STEVEN QUALE"", ""anio_encontrado"": 2013, ""metraje_encontrado"": ""LARGOMETRAJE-""}, {""icaa_id"": 396730, ""titulo_encontrado"": ""EXTRAÑA CONFESION"", ""director_encontrado"": ""DOUGLAS SIRK"", ""anio_encontrado"": 1944, ""metraje_encontrado"": ""LARGOMETRAJE-""}, {""icaa_id"": 11732440, ""titulo_encontrado"": ""EXTRAÑA CONFESION"", ""director_encontrado"": ""DOUGLAS SIRK"", ""anio_encontrado"": 1944, ""metraje_encontrado"": ""LARGOMETRAJE- Video Ficción""}, {""icaa_id"": 12928540, ""titulo_encontrado"": ""FOCO DE LA TEMPESTAD, EL"", ""director_encontrado"": ""FRED SCHEPISI"", ""anio_encontrado"": 2011, ""metraje_encontrado"": ""LARGOMETRAJE- Video Ficción""}, {""icaa_id"": 7705840, ""titulo_encontrado"": ""HEIDI EP. 11 TEMPESTAD DE NIEVE"", ""director_encontrado"": ""ISAO TAKAHATA"", ""anio_encontrado"": 1975, ""metraje_encontrado"": ""CORTOMETRAJE- Video Ficción""}, {""icaa_id"": 7707940, ""titulo_encontrado"": ""HEIDI EP. 32 UNA NOCHE AGITADA"", ""director_encontrado"": ""ISAO TAKAHATA"", ""anio_encontrado"": 1975, ""metraje_encontrado"": ""CORTOMETRAJE- Video Ficción""}, {""icaa_id"": 5945840, ""titulo_encontrado"": ""HEIDI:TEMPESTAD DE NIEVE. SONIDOS DE PRIMAVERA. EP. 6"", ""director_encontrado"": ""ISAO TAKAHATA"", ""anio_encontrado"": 1975, ""metraje_encontrado"": ""LARGOMETRAJE- Video Ficción""}, {""icaa_id"": 10867140, ""titulo_encontrado"": ""HELLBOY: LA ESPADA DE LAS TORMENTAS"", ""director_encontrado"": ""PHIL WEINSTEIN, TAD STONES"", ""anio_encontrado"": 2006, ""metraje_encontrado"": ""LARGOMETRAJE- Video Ficción""}, {""icaa_id"": 3181340, ""titulo_encontrado"": ""HUE AND CRY WHIPPING UP A STORM"", ""director_encontrado"": ""DESCONOCIDO"", ""anio_encontrado"": null, ""metraje_encontrado"": ""CORTOMETRAJE- Video Ficción""}, {""icaa_id"": 186219, ""titulo_encontrado"": ""A Stormy Night"", ""director_encontrado"": ""DAVID MORAGAS"", ""anio_encontrado"": 2020, ""metraje_encontrado"": ""LARGOMETRAJE- Cine Ficción""}, {""icaa_id"": 7569140, ""titulo_encontrado"": ""ADRENALINA EXTREMA VOL. 5"", ""director_encontrado"": ""DESCONOCIDO"", ""anio_encontrado"": 2002, ""metraje_encontrado"": ""CORTOMETRAJE- Video Ficción""}, {""icaa_id"": 7297840, ""titulo_encontrado"": ""AMENAZA DE TORMENTA"", ""director_encontrado"": ""RICHARD LONCRAINE"", ""anio_encontrado"": 2001, ""metraje_encontrado"": ""LARGOMETRAJE- Video Ficción""}, {""icaa_id"": 147020, ""titulo_encontrado"": ""Anunciaron tormenta"", ""director_encontrado"": ""JAVIER FERNÁNDEZ VÁZQUEZ"", ""anio_encontrado"": 2020, ""metraje_encontrado"": ""LARGOMETRAJE- Cine Animación""}, {""icaa_id"": 7992440, ""titulo_encontrado"": ""ATAQUE DE LOS DRAGONES, EL"", ""director_encontrado"": ""STEVEN FEUERSTEIN"", ""anio_encontrado"": 2003, ""metraje_encontrado"": ""LARGOMETRAJE- Video Ficción""}, {""icaa_id"": 11752040, ""titulo_encontrado"": ""BECK - EL OJO DE LA TORMENTA"", ""director_encontrado"": ""HARALD HAMRELL"", ""anio_encontrado"": 2009, ""metraje_encontrado"": ""LARGOMETRAJE- Video Ficción""}, {""icaa_id"": 18103, ""titulo_encontrado"": ""BEFORE THE STORM"", ""director_encontrado"": ""REZA PARSA"", ""anio_encontrado"": null, ""metraje_encontrado"": ""LARGOMETRAJE-""}, {""icaa_id"": 7805840, ""titulo_encontrado"": ""BEFORE THE STORM"", ""director_encontrado"": ""DESCONOCIDO"", ""anio_encontrado"": 2000, ""metraje_encontrado"": ""LARGOMETRAJE- Video Ficción""}, {""icaa_id"": 850530, ""titulo_encontrado"": ""Borrasca del alma"", ""director_encontrado"": ""GEORGE B. SEITZ"", ""anio_encontrado"": 1928, ""metraje_encontrado"": ""LARGOMETRAJE-""}, {""icaa_id"": 4207340, ""titulo_encontrado"": ""CRIMEN EN LOS ANGELES"", ""director_encontrado"": ""WILL MACKENZIE"", ""anio_encontrado"": 1992, ""metraje_encontrado"": ""LARGOMETRAJE- Video Ficción""}, {""icaa_id"": 190916, ""titulo_encontrado"": ""DESPUES DE LA TORMENTA"", ""director_encontrado"": ""HIROKAZU KORE-EDA"", ""anio_encontrado"": 2016, ""metraje_encontrado"": ""LARGOMETRAJE- Cine Ficción""}, {""icaa_id"": 141709, ""titulo_encontrado"": ""DISECCIÓN DE UNA TORMENTA"", ""director_encontrado"": ""JULIO SOTO GÚRPIDE"", ""anio_encontrado"": 2010, ""metraje_encontrado"": ""CORTOMETRAJE-""}, {""icaa_id"": 730930, ""titulo_encontrado"": ""DOS HUERFANAS, LAS"", ""director_encontrado"": ""D. W. GRIFFITH"", ""anio_encontrado"": 1921, ""metraje_encontrado"": ""LARGOMETRAJE-""}, {""icaa_id"": 4759640, ""titulo_encontrado"": ""DOS HUERFANAS, LAS"", ""director_encontrado"": ""D.W.GRIFFITH"", ""anio_encontrado"": 1921, ""metraje_encontrado"": ""LARGOMETRAJE- Video Ficción""}, {""icaa_id"": 9248940, ""titulo_encontrado"": ""DOS HUERFANAS, LAS"", ""director_encontrado"": ""D.W. GRIFFITH"", ""anio_encontrado"": 1921, ""metraje_encontrado"": ""LARGOMETRAJE- Video Ficción""}, {""icaa_id"": 38114, ""titulo_encontrado"": ""EN EL OJO DE LA TORMENTA"", ""director_encontrado"": ""STEVEN QUALE"", ""anio_encontrado"": 2013, ""metraje_encontrado"": ""LARGOMETRAJE-""}, {""icaa_id"": 396730, ""titulo_encontrado"": ""EXTRAÑA CONFESION"", ""director_encontrado"": ""DOUGLAS SIRK"", ""anio_encontrado"": 1944, ""metraje_encontrado"": ""LARGOMETRAJE-""}, {""icaa_id"": 11732440, ""titulo_encontrado"": ""EXTRAÑA CONFESION"", ""director_encontrado"": ""DOUGLAS SIRK"", ""anio_encontrado"": 1944, ""metraje_encontrado"": ""LARGOMETRAJE- Video Ficción""}, {""icaa_id"": 12928540, ""titulo_encontrado"": ""FOCO DE LA TEMPESTAD, EL"", ""director_encontrado"": ""FRED SCHEPISI"", ""anio_encontrado"": 2011, ""metraje_encontrado"": ""LARGOMETRAJE- Video Ficción""}, {""icaa_id"": 7705840, ""titulo_encontrado"": ""HEIDI EP. 11 TEMPESTAD DE NIEVE"", ""director_encontrado"": ""ISAO TAKAHATA"", ""anio_encontrado"": 1975, ""metraje_encontrado"": ""CORTOMETRAJE- Video Ficción""}, {""icaa_id"": 7707940, ""titulo_encontrado"": ""HEIDI EP. 32 UNA NOCHE AGITADA"", ""director_encontrado"": ""ISAO TAKAHATA"", ""anio_encontrado"": 1975, ""metraje_encontrado"": ""CORTOMETRAJE- Video Ficción""}, {""icaa_id"": 5945840, ""titulo_encontrado"": ""HEIDI:TEMPESTAD DE NIEVE. SONIDOS DE PRIMAVERA. EP. 6"", ""director_encontrado"": ""ISAO TAKAHATA"", ""anio_encontrado"": 1975, ""metraje_encontrado"": ""LARGOMETRAJE- Video Ficción""}, {""icaa_id"": 10867140, ""titulo_encontrado"": ""HELLBOY: LA ESPADA DE LAS TORMENTAS"", ""director_encontrado"": ""PHIL WEINSTEIN, TAD STONES"", ""anio_encontrado"": 2006, ""metraje_encontrado"": ""LARGOMETRAJE- Video Ficción""}, {""icaa_id"": 3181340, ""titulo_encontrado"": ""HUE AND CRY WHIPPING UP A STORM"", ""director_encontrado"": ""DESCONOCIDO"", ""anio_encontrado"": null, ""metraje_encontrado"": ""CORTOMETRAJE- Video Ficción""}, {""icaa_id"": 186219, ""titulo_encontrado"": ""A Stormy Night"", ""director_encontrado"": ""DAVID MORAGAS"", ""anio_encontrado"": 2020, ""metraje_encontrado"": ""LARGOMETRAJE- Cine Ficción""}, {""icaa_id"": 7569140, ""titulo_encontrado"": ""ADRENALINA EXTREMA VOL. 5"", ""director_encontrado"": ""DESCONOCIDO"", ""anio_encontrado"": 2002, ""metraje_encontrado"": ""CORTOMETRAJE- Video Ficción""}, {""icaa_id"": 7297840, ""titulo_encontrado"": ""AMENAZA DE TORMENTA"", ""director_encontrado"": ""RICHARD LONCRAINE"", ""anio_encontrado"": 2001, ""metraje_encontrado"": ""LARGOMETRAJE- Video Ficción""}, {""icaa_id"": 147020, ""titulo_encontrado"": ""Anunciaron tormenta"", ""director_encontrado"": ""JAVIER FERNÁNDEZ VÁZQUEZ"", ""anio_encontrado"": 2020, ""metraje_encontrado"": ""LARGOMETRAJE- Cine Animación""}, {""icaa_id"": 7992440, ""titulo_encontrado"": ""ATAQUE DE LOS DRAGONES, EL"", ""director_encontrado"": ""STEVEN FEUERSTEIN"", ""anio_encontrado"": 2003, ""metraje_encontrado"": ""LARGOMETRAJE- Video Ficción""}, {""icaa_id"": 11752040, ""titulo_encontrado"": ""BECK - EL OJO DE LA TORMENTA"", ""director_encontrado"": ""HARALD HAMRELL"", ""anio_encontrado"": 2009, ""metraje_encontrado"": ""LARGOMETRAJE- Video Ficción""}, {""icaa_id"": 18103, ""titulo_encontrado"": ""BEFORE THE STORM"", ""director_encontrado"": ""REZA PARSA"", ""anio_encontrado"": null, ""metraje_encontrado"": ""LARGOMETRAJE-""}, {""icaa_id"": 7805840, ""titulo_encontrado"": ""BEFORE THE STORM"", ""director_encontrado"": ""DESCONOCIDO"", ""anio_encontrado"": 2000, ""metraje_encontrado"": ""LARGOMETRAJE- Video Ficción""}, {""icaa_id"": 850530, ""titulo_encontrado"": ""Borrasca del alma"", ""director_encontrado"": ""GEORGE B. SEITZ"", ""anio_encontrado"": 1928, ""metraje_encontrado"": ""LARGOMETRAJE-""}, {""icaa_id"": 4207340, ""titulo_encontrado"": ""CRIMEN EN LOS ANGELES"", ""director_encontrado"": ""WILL MACKENZIE"", ""anio_encontrado"": 1992, ""metraje_encontrado"": ""LARGOMETRAJE- Video Ficción""}, {""icaa_id"": 190916, ""titulo_encontrado"": ""DESPUES DE LA TORMENTA"", ""director_encontrado"": ""HIROKAZU KORE-EDA"", ""anio_encontrado"": 2016, ""metraje_encontrado"": ""LARGOMETRAJE- Cine Ficción""}, {""icaa_id"": 141709, ""titulo_encontrado"": ""DISECCIÓN DE UNA TORMENTA"", ""director_encontrado"": ""JULIO SOTO GÚRPIDE"", ""anio_encontrado"": 2010, ""metraje_encontrado"": ""CORTOMETRAJE-""}, {""icaa_id"": 730930, ""titulo_encontrado"": ""DOS HUERFANAS, LAS"", ""director_encontrado"": ""D. W. GRIFFITH"", ""anio_encontrado"": 1921, ""metraje_encontrado"": ""LARGOMETRAJE-""}, {""icaa_id"": 4759640, ""titulo_encontrado"": ""DOS HUERFANAS, LAS"", ""director_encontrado"": ""D.W.GRIFFITH"", ""anio_encontrado"": 1921, ""metraje_encontrado"": ""LARGOMETRAJE- Video Ficción""}, {""icaa_id"": 9248940, ""titulo_encontrado"": ""DOS HUERFANAS, LAS"", ""director_encontrado"": ""D.W. GRIFFITH"", ""anio_encontrado"": 1921, ""metraje_encontrado"": ""LARGOMETRAJE- Video Ficción""}, {""icaa_id"": 38114, ""titulo_encontrado"": ""EN EL OJO DE LA TORMENTA"", ""director_encontrado"": ""STEVEN QUALE"", ""anio_encontrado"": 2013, ""metraje_encontrado"": ""LARGOMETRAJE-""}, {""icaa_id"": 396730, ""titulo_encontrado"": ""EXTRAÑA CONFESION"", ""director_encontrado"": ""DOUGLAS SIRK"", ""anio_encontrado"": 1944, ""metraje_encontrado"": ""LARGOMETRAJE-""}, {""icaa_id"": 11732440, ""titulo_encontrado"": ""EXTRAÑA CONFESION"", ""director_encontrado"": ""DOUGLAS SIRK"", ""anio_encontrado"": 1944, ""metraje_encontrado"": ""LARGOMETRAJE- Video Ficción""}, {""icaa_id"": 12928540, ""titulo_encontrado"": ""FOCO DE LA TEMPESTAD, EL"", ""director_encontrado"": ""FRED SCHEPISI"", ""anio_encontrado"": 2011, ""metraje_encontrado"": ""LARGOMETRAJE- Video Ficción""}, {""icaa_id"": 7705840, ""titulo_encontrado"": ""HEIDI EP. 11 TEMPESTAD DE NIEVE"", ""director_encontrado"": ""ISAO TAKAHATA"", ""anio_encontrado"": 1975, ""metraje_encontrado"": ""CORTOMETRAJE- Video Ficción""}, {""icaa_id"": 7707940, ""titulo_encontrado"": ""HEIDI EP. 32 UNA NOCHE AGITADA"", ""director_encontrado"": ""ISAO TAKAHATA"", ""anio_encontrado"": 1975, ""metraje_encontrado"": ""CORTOMETRAJE- Video Ficción""}, {""icaa_id"": 5945840, ""titulo_encontrado"": ""HEIDI:TEMPESTAD DE NIEVE. SONIDOS DE PRIMAVERA. EP. 6"", ""director_encontrado"": ""ISAO TAKAHATA"", ""anio_encontrado"": 1975, ""metraje_encontrado"": ""LARGOMETRAJE- Video Ficción""}, {""icaa_id"": 10867140, ""titulo_encontrado"": ""HELLBOY: LA ESPADA DE LAS TORMENTAS"", ""director_encontrado"": ""PHIL WEINSTEIN, TAD STONES"", ""anio_encontrado"": 2006, ""metraje_encontrado"": ""LARGOMETRAJE- Video Ficción""}, {""icaa_id"": 3181340, ""titulo_encontrado"": ""HUE AND CRY WHIPPING UP A STORM"", ""director_encontrado"": ""DESCONOCIDO"", ""anio_encontrado"": null, ""metraje_encontrado"": ""CORTOMETRAJE- Video Ficción""}]";False
¿Donde estabas cuando estabas?;19/12/2025;¿Donde estabas cuando estabas?;;sin_coincidencia_exacta_titulo;;;;;0.0;[];False
Reflejos mortales;16/12/2022;Reflejos mortales;;sin_coincidencia_exacta_titulo;;;;;0.0;[];False
Hijos de las Nubes, la Ultima Colonia, Los;18/05/2012;Hijos de las Nubes, la Ultima Colonia;;sin_coincidencia_exacta_titulo;;;;;0.0;[];False
Que sabemos, Lo;25/11/2022;Que sabemos, Lo;;sin_coincidencia_exacta_titulo;;;;;0.0;[];False
Post mortem;01/06/2021;Post mortem;;sin_coincidencia_exacta_titulo;;;;;0.0;[];False
Una de percebes en el Hurtado;16/06/2022;Una de percebes en el Hurtado;;sin_coincidencia_exacta_titulo;;;;;0.0;[];False
Pere Joan;26/07/2022;Pere Joan;;sin_coincidencia_exacta_titulo;;;;;0.0;[];False
Espejo, El;22/10/2022;Espejo;;sin_candidatos_cercanos_probable_reposicion;;;;;96.0;"[{""icaa_id"": 112111, ""titulo_encontrado"": ""\""EL BRUJO\"" FRENTE AL ESPEJO"", ""director_encontrado"": ""RAI GARCÍA"", ""anio_encontrado"": 2013, ""metraje_encontrado"": ""LARGOMETRAJE-""}, {""icaa_id"": 339130, ""titulo_encontrado"": ""A TRAVES DEL ESPEJO"", ""director_encontrado"": ""ROBERT SIODMAK"", ""anio_encontrado"": 1946, ""metraje_encontrado"": ""LARGOMETRAJE-""}, {""icaa_id"": 370751, ""titulo_encontrado"": ""A TRAVES DEL ESPEJO"", ""director_encontrado"": ""JONAS MIDDLETON"", ""anio_encontrado"": 1976, ""metraje_encontrado"": ""LARGOMETRAJE-""}, {""icaa_id"": 66313, ""titulo_encontrado"": ""A TRAVÉS DEL ESPEJO"", ""director_encontrado"": ""IVÁN MENA TINOCO"", ""anio_encontrado"": 2013, ""metraje_encontrado"": ""CORTOMETRAJE-""}, {""icaa_id"": 3318540, ""titulo_encontrado"": ""A TRAVES DEL ESPEJO"", ""director_encontrado"": ""ROBERT SIODMAK"", ""anio_encontrado"": 1946, ""metraje_encontrado"": ""LARGOMETRAJE- Video Ficción""}, {""icaa_id"": 44450, ""titulo_encontrado"": ""Al otro lado del espejo"", ""director_encontrado"": ""JESÚS. FRANCO"", ""anio_encontrado"": 1973, ""metraje_encontrado"": ""LARGOMETRAJE-""}, {""icaa_id"": 809940, ""titulo_encontrado"": ""AL OTRO LADO DEL ESPEJO"", ""director_encontrado"": ""DESCONOCIDO"", ""anio_encontrado"": null, ""metraje_encontrado"": ""CORTOMETRAJE- Video Ficción""}, {""icaa_id"": 143415, ""titulo_encontrado"": ""ALICIA A TRAVES DEL ESPEJO"", ""director_encontrado"": ""JAMES BOBIN"", ""anio_encontrado"": 2016, ""metraje_encontrado"": ""LARGOMETRAJE- Cine Ficción""}, {""icaa_id"": 8407840, ""titulo_encontrado"": ""ALICIA DETRAS DEL ESPEJO (DIBUJOS ANIMADOS)"", ""director_encontrado"": ""ANDRE BRESCIANI"", ""anio_encontrado"": 1987, ""metraje_encontrado"": ""LARGOMETRAJE- Video Ficción""}, {""icaa_id"": 6349440, ""titulo_encontrado"": ""ALICIA Y EL ESPEJO MAGICO"", ""director_encontrado"": ""JOHN HENDERSON"", ""anio_encontrado"": null, ""metraje_encontrado"": ""LARGOMETRAJE- Video Ficción""}, {""icaa_id"": 538551, ""titulo_encontrado"": ""ANA Y EL ESPEJO"", ""director_encontrado"": ""TALO PEREZ DE GUZMAN"", ""anio_encontrado"": 1980, ""metraje_encontrado"": ""CORTOMETRAJE-""}, {""icaa_id"": 74517, ""titulo_encontrado"": ""Antonio Ramos Espejo, el amanecer del cine en China"", ""director_encontrado"": ""RAFAEL NIETO JIMÉNEZ"", ""anio_encontrado"": 2018, ""metraje_encontrado"": ""CORTOMETRAJE- Cine Documental""}, {""icaa_id"": 565730, ""titulo_encontrado"": ""BESO ANTE EL ESPEJO, EL"", ""director_encontrado"": ""JAMES WHALE"", ""anio_encontrado"": 1933, ""metraje_encontrado"": ""LARGOMETRAJE-""}, {""icaa_id"": 57094, ""titulo_encontrado"": ""Bosque de los espejos, El"", ""director_encontrado"": ""NORBERTO. LÓPEZ AMADO"", ""anio_encontrado"": 1994, ""metraje_encontrado"": ""CORTOMETRAJE-""}, {""icaa_id"": 2169740, ""titulo_encontrado"": ""BROKEN MIRRORS (ESPEJOS ROTOS)"", ""director_encontrado"": ""DESCONOCIDO"", ""anio_encontrado"": null, ""metraje_encontrado"": ""CORTOMETRAJE- Video Ficción""}, {""icaa_id"": 5401740, ""titulo_encontrado"": ""CADIZ LA HABANA, A TRAVES DEL ESPEJO"", ""director_encontrado"": ""FERNANDO SANTIAGO MUÑOZ"", ""anio_encontrado"": 1996, ""metraje_encontrado"": ""LARGOMETRAJE- Video Ficción""}, {""icaa_id"": 123504, ""titulo_encontrado"": ""COMO EN UN ESPEJO"", ""director_encontrado"": ""INGMAR BERGMAN"", ""anio_encontrado"": 1961, ""metraje_encontrado"": ""LARGOMETRAJE-""}, {""icaa_id"": 527951, ""titulo_encontrado"": ""Cristal de espejo"", ""director_encontrado"": ""EDUARDO CAMPOY"", ""anio_encontrado"": 1979, ""metraje_encontrado"": ""CORTOMETRAJE-""}, {""icaa_id"": 356751, ""titulo_encontrado"": ""Desnuda ante el espejo"", ""director_encontrado"": ""HUBERT. FRANK"", ""anio_encontrado"": 1977, ""metraje_encontrado"": ""LARGOMETRAJE-""}, {""icaa_id"": 134508, ""titulo_encontrado"": ""DISNEY A TRAVÉS DEL ESPEJO"", ""director_encontrado"": ""EDUARDO SOLER"", ""anio_encontrado"": 2010, ""metraje_encontrado"": ""LARGOMETRAJE-""}, {""icaa_id"": 214323, ""titulo_encontrado"": ""EL CASTILLO A TRAVÉS DEL ESPEJO"", ""director_encontrado"": ""KEIICHI HARA"", ""anio_encontrado"": 2022, ""metraje_encontrado"": ""LARGOMETRAJE- Cine Animación""}, {""icaa_id"": 125002, ""titulo_encontrado"": ""El espejo"", ""director_encontrado"": ""PABLO JAVIER GÓMEZ"", ""anio_encontrado"": 2002, ""metraje_encontrado"": ""CORTOMETRAJE-""}, {""icaa_id"": 197924, ""titulo_encontrado"": ""EL ESPEJO DEL ALMA"", ""director_encontrado"": ""EPHREN VALENZUELA PACHECO"", ""anio_encontrado"": 2024, ""metraje_encontrado"": ""CORTOMETRAJE- Cine Ficción""}, {""icaa_id"": 149819, ""titulo_encontrado"": ""El guardián en el espejo"", ""director_encontrado"": ""JOSEP RODGLA"", ""anio_encontrado"": 2019, ""metraje_encontrado"": ""CORTOMETRAJE- Cine Ficción""}, {""icaa_id"": 112111, ""titulo_encontrado"": ""\""EL BRUJO\"" FRENTE AL ESPEJO"", ""director_encontrado"": ""RAI GARCÍA"", ""anio_encontrado"": 2013, ""metraje_encontrado"": ""LARGOMETRAJE-""}, {""icaa_id"": 339130, ""titulo_encontrado"": ""A TRAVES DEL ESPEJO"", ""director_encontrado"": ""ROBERT SIODMAK"", ""anio_encontrado"": 1946, ""metraje_encontrado"": ""LARGOMETRAJE-""}, {""icaa_id"": 370751, ""titulo_encontrado"": ""A TRAVES DEL ESPEJO"", ""director_encontrado"": ""JONAS MIDDLETON"", ""anio_encontrado"": 1976, ""metraje_encontrado"": ""LARGOMETRAJE-""}, {""icaa_id"": 66313, ""titulo_encontrado"": ""A TRAVÉS DEL ESPEJO"", ""director_encontrado"": ""IVÁN MENA TINOCO"", ""anio_encontrado"": 2013, ""metraje_encontrado"": ""CORTOMETRAJE-""}, {""icaa_id"": 3318540, ""titulo_encontrado"": ""A TRAVES DEL ESPEJO"", ""director_encontrado"": ""ROBERT SIODMAK"", ""anio_encontrado"": 1946, ""metraje_encontrado"": ""LARGOMETRAJE- Video Ficción""}, {""icaa_id"": 44450, ""titulo_encontrado"": ""Al otro lado del espejo"", ""director_encontrado"": ""JESÚS. FRANCO"", ""anio_encontrado"": 1973, ""metraje_encontrado"": ""LARGOMETRAJE-""}, {""icaa_id"": 809940, ""titulo_encontrado"": ""AL OTRO LADO DEL ESPEJO"", ""director_encontrado"": ""DESCONOCIDO"", ""anio_encontrado"": null, ""metraje_encontrado"": ""CORTOMETRAJE- Video Ficción""}, {""icaa_id"": 143415, ""titulo_encontrado"": ""ALICIA A TRAVES DEL ESPEJO"", ""director_encontrado"": ""JAMES BOBIN"", ""anio_encontrado"": 2016, ""metraje_encontrado"": ""LARGOMETRAJE- Cine Ficción""}, {""icaa_id"": 8407840, ""titulo_encontrado"": ""ALICIA DETRAS DEL ESPEJO (DIBUJOS ANIMADOS)"", ""director_encontrado"": ""ANDRE BRESCIANI"", ""anio_encontrado"": 1987, ""metraje_encontrado"": ""LARGOMETRAJE- Video Ficción""}, {""icaa_id"": 6349440, ""titulo_encontrado"": ""ALICIA Y EL ESPEJO MAGICO"", ""director_encontrado"": ""JOHN HENDERSON"", ""anio_encontrado"": null, ""metraje_encontrado"": ""LARGOMETRAJE- Video Ficción""}, {""icaa_id"": 538551, ""titulo_encontrado"": ""ANA Y EL ESPEJO"", ""director_encontrado"": ""TALO PEREZ DE GUZMAN"", ""anio_encontrado"": 1980, ""metraje_encontrado"": ""CORTOMETRAJE-""}, {""icaa_id"": 74517, ""titulo_encontrado"": ""Antonio Ramos Espejo, el amanecer del cine en China"", ""director_encontrado"": ""RAFAEL NIETO JIMÉNEZ"", ""anio_encontrado"": 2018, ""metraje_encontrado"": ""CORTOMETRAJE- Cine Documental""}, {""icaa_id"": 565730, ""titulo_encontrado"": ""BESO ANTE EL ESPEJO, EL"", ""director_encontrado"": ""JAMES WHALE"", ""anio_encontrado"": 1933, ""metraje_encontrado"": ""LARGOMETRAJE-""}, {""icaa_id"": 57094, ""titulo_encontrado"": ""Bosque de los espejos, El"", ""director_encontrado"": ""NORBERTO. LÓPEZ AMADO"", ""anio_encontrado"": 1994, ""metraje_encontrado"": ""CORTOMETRAJE-""}, {""icaa_id"": 2169740, ""titulo_encontrado"": ""BROKEN MIRRORS (ESPEJOS ROTOS)"", ""director_encontrado"": ""DESCONOCIDO"", ""anio_encontrado"": null, ""metraje_encontrado"": ""CORTOMETRAJE- Video Ficción""}, {""icaa_id"": 5401740, ""titulo_encontrado"": ""CADIZ LA HABANA, A TRAVES DEL ESPEJO"", ""director_encontrado"": ""FERNANDO SANTIAGO MUÑOZ"", ""anio_encontrado"": 1996, ""metraje_encontrado"": ""LARGOMETRAJE- Video Ficción""}, {""icaa_id"": 123504, ""titulo_encontrado"": ""COMO EN UN ESPEJO"", ""director_encontrado"": ""INGMAR BERGMAN"", ""anio_encontrado"": 1961, ""metraje_encontrado"": ""LARGOMETRAJE-""}, {""icaa_id"": 527951, ""titulo_encontrado"": ""Cristal de espejo"", ""director_encontrado"": ""EDUARDO CAMPOY"", ""anio_encontrado"": 1979, ""metraje_encontrado"": ""CORTOMETRAJE-""}, {""icaa_id"": 356751, ""titulo_encontrado"": ""Desnuda ante el espejo"", ""director_encontrado"": ""HUBERT. FRANK"", ""anio_encontrado"": 1977, ""metraje_encontrado"": ""LARGOMETRAJE-""}, {""icaa_id"": 134508, ""titulo_encontrado"": ""DISNEY A TRAVÉS DEL ESPEJO"", ""director_encontrado"": ""EDUARDO SOLER"", ""anio_encontrado"": 2010, ""metraje_encontrado"": ""LARGOMETRAJE-""}, {""icaa_id"": 214323, ""titulo_encontrado"": ""EL CASTILLO A TRAVÉS DEL ESPEJO"", ""director_encontrado"": ""KEIICHI HARA"", ""anio_encontrado"": 2022, ""metraje_encontrado"": ""LARGOMETRAJE- Cine Animación""}, {""icaa_id"": 125002, ""titulo_encontrado"": ""El espejo"", ""director_encontrado"": ""PABLO JAVIER GÓMEZ"", ""anio_encontrado"": 2002, ""metraje_encontrado"": ""CORTOMETRAJE-""}, {""icaa_id"": 197924, ""titulo_encontrado"": ""EL ESPEJO DEL ALMA"", ""director_encontrado"": ""EPHREN VALENZUELA PACHECO"", ""anio_encontrado"": 2024, ""metraje_encontrado"": ""CORTOMETRAJE- Cine Ficción""}, {""icaa_id"": 149819, ""titulo_encontrado"": ""El guardián en el espejo"", ""director_encontrado"": ""JOSEP RODGLA"", ""anio_encontrado"": 2019, ""metraje_encontrado"": ""CORTOMETRAJE- Cine Ficción""}, {""icaa_id"": 112111, ""titulo_encontrado"": ""\""EL BRUJO\"" FRENTE AL ESPEJO"", ""director_encontrado"": ""RAI GARCÍA"", ""anio_encontrado"": 2013, ""metraje_encontrado"": ""LARGOMETRAJE-""}, {""icaa_id"": 339130, ""titulo_encontrado"": ""A TRAVES DEL ESPEJO"", ""director_encontrado"": ""ROBERT SIODMAK"", ""anio_encontrado"": 1946, ""metraje_encontrado"": ""LARGOMETRAJE-""}, {""icaa_id"": 370751, ""titulo_encontrado"": ""A TRAVES DEL ESPEJO"", ""director_encontrado"": ""JONAS MIDDLETON"", ""anio_encontrado"": 1976, ""metraje_encontrado"": ""LARGOMETRAJE-""}, {""icaa_id"": 66313, ""titulo_encontrado"": ""A TRAVÉS DEL ESPEJO"", ""director_encontrado"": ""IVÁN MENA TINOCO"", ""anio_encontrado"": 2013, ""metraje_encontrado"": ""CORTOMETRAJE-""}, {""icaa_id"": 3318540, ""titulo_encontrado"": ""A TRAVES DEL ESPEJO"", ""director_encontrado"": ""ROBERT SIODMAK"", ""anio_encontrado"": 1946, ""metraje_encontrado"": ""LARGOMETRAJE- Video Ficción""}, {""icaa_id"": 44450, ""titulo_encontrado"": ""Al otro lado del espejo"", ""director_encontrado"": ""JESÚS. FRANCO"", ""anio_encontrado"": 1973, ""metraje_encontrado"": ""LARGOMETRAJE-""}, {""icaa_id"": 809940, ""titulo_encontrado"": ""AL OTRO LADO DEL ESPEJO"", ""director_encontrado"": ""DESCONOCIDO"", ""anio_encontrado"": null, ""metraje_encontrado"": ""CORTOMETRAJE- Video Ficción""}, {""icaa_id"": 143415, ""titulo_encontrado"": ""ALICIA A TRAVES DEL ESPEJO"", ""director_encontrado"": ""JAMES BOBIN"", ""anio_encontrado"": 2016, ""metraje_encontrado"": ""LARGOMETRAJE- Cine Ficción""}, {""icaa_id"": 8407840, ""titulo_encontrado"": ""ALICIA DETRAS DEL ESPEJO (DIBUJOS ANIMADOS)"", ""director_encontrado"": ""ANDRE BRESCIANI"", ""anio_encontrado"": 1987, ""metraje_encontrado"": ""LARGOMETRAJE- Video Ficción""}, {""icaa_id"": 6349440, ""titulo_encontrado"": ""ALICIA Y EL ESPEJO MAGICO"", ""director_encontrado"": ""JOHN HENDERSON"", ""anio_encontrado"": null, ""metraje_encontrado"": ""LARGOMETRAJE- Video Ficción""}, {""icaa_id"": 538551, ""titulo_encontrado"": ""ANA Y EL ESPEJO"", ""director_encontrado"": ""TALO PEREZ DE GUZMAN"", ""anio_encontrado"": 1980, ""metraje_encontrado"": ""CORTOMETRAJE-""}, {""icaa_id"": 74517, ""titulo_encontrado"": ""Antonio Ramos Espejo, el amanecer del cine en China"", ""director_encontrado"": ""RAFAEL NIETO JIMÉNEZ"", ""anio_encontrado"": 2018, ""metraje_encontrado"": ""CORTOMETRAJE- Cine Documental""}, {""icaa_id"": 565730, ""titulo_encontrado"": ""BESO ANTE EL ESPEJO, EL"", ""director_encontrado"": ""JAMES WHALE"", ""anio_encontrado"": 1933, ""metraje_encontrado"": ""LARGOMETRAJE-""}, {""icaa_id"": 57094, ""titulo_encontrado"": ""Bosque de los espejos, El"", ""director_encontrado"": ""NORBERTO. LÓPEZ AMADO"", ""anio_encontrado"": 1994, ""metraje_encontrado"": ""CORTOMETRAJE-""}, {""icaa_id"": 2169740, ""titulo_encontrado"": ""BROKEN MIRRORS (ESPEJOS ROTOS)"", ""director_encontrado"": ""DESCONOCIDO"", ""anio_encontrado"": null, ""metraje_encontrado"": ""CORTOMETRAJE- Video Ficción""}, {""icaa_id"": 5401740, ""titulo_encontrado"": ""CADIZ LA HABANA, A TRAVES DEL ESPEJO"", ""director_encontrado"": ""FERNANDO SANTIAGO MUÑOZ"", ""anio_encontrado"": 1996, ""metraje_encontrado"": ""LARGOMETRAJE- Video Ficción""}, {""icaa_id"": 123504, ""titulo_encontrado"": ""COMO EN UN ESPEJO"", ""director_encontrado"": ""INGMAR BERGMAN"", ""anio_encontrado"": 1961, ""metraje_encontrado"": ""LARGOMETRAJE-""}, {""icaa_id"": 527951, ""titulo_encontrado"": ""Cristal de espejo"", ""director_encontrado"": ""EDUARDO CAMPOY"", ""anio_encontrado"": 1979, ""metraje_encontrado"": ""CORTOMETRAJE-""}, {""icaa_id"": 356751, ""titulo_encontrado"": ""Desnuda ante el espejo"", ""director_encontrado"": ""HUBERT. FRANK"", ""anio_encontrado"": 1977, ""metraje_encontrado"": ""LARGOMETRAJE-""}, {""icaa_id"": 134508, ""titulo_encontrado"": ""DISNEY A TRAVÉS DEL ESPEJO"", ""director_encontrado"": ""EDUARDO SOLER"", ""anio_encontrado"": 2010, ""metraje_encontrado"": ""LARGOMETRAJE-""}, {""icaa_id"": 214323, ""titulo_encontrado"": ""EL CASTILLO A TRAVÉS DEL ESPEJO"", ""director_encontrado"": ""KEIICHI HARA"", ""anio_encontrado"": 2022, ""metraje_encontrado"": ""LARGOMETRAJE- Cine Animación""}, {""icaa_id"": 125002, ""titulo_encontrado"": ""El espejo"", ""director_encontrado"": ""PABLO JAVIER GÓMEZ"", ""anio_encontrado"": 2002, ""metraje_encontrado"": ""CORTOMETRAJE-""}, {""icaa_id"": 197924, ""titulo_encontrado"": ""EL ESPEJO DEL ALMA"", ""director_encontrado"": ""EPHREN VALENZUELA PACHECO"", ""anio_encontrado"": 2024, ""metraje_encontrado"": ""CORTOMETRAJE- Cine Ficción""}, {""icaa_id"": 149819, ""titulo_encontrado"": ""El guardián en el espejo"", ""director_encontrado"": ""JOSEP RODGLA"", ""anio_encontrado"": 2019, ""metraje_encontrado"": ""CORTOMETRAJE- Cine Ficción""}, {""icaa_id"": 112111, ""titulo_encontrado"": ""\""EL BRUJO\"" FRENTE AL ESPEJO"", ""director_encontrado"": ""RAI GARCÍA"", ""anio_encontrado"": 2013, ""metraje_encontrado"": ""LARGOMETRAJE-""}, {""icaa_id"": 339130, ""titulo_encontrado"": ""A TRAVES DEL ESPEJO"", ""director_encontrado"": ""ROBERT SIODMAK"", ""anio_encontrado"": 1946, ""metraje_encontrado"": ""LARGOMETRAJE-""}, {""icaa_id"": 370751, ""titulo_encontrado"": ""A TRAVES DEL ESPEJO"", ""director_encontrado"": ""JONAS MIDDLETON"", ""anio_encontrado"": 1976, ""metraje_encontrado"": ""LARGOMETRAJE-""}, {""icaa_id"": 66313, ""titulo_encontrado"": ""A TRAVÉS DEL ESPEJO"", ""director_encontrado"": ""IVÁN MENA TINOCO"", ""anio_encontrado"": 2013, ""metraje_encontrado"": ""CORTOMETRAJE-""}, {""icaa_id"": 3318540, ""titulo_encontrado"": ""A TRAVES DEL ESPEJO"", ""director_encontrado"": ""ROBERT SIODMAK"", ""anio_encontrado"": 1946, ""metraje_encontrado"": ""LARGOMETRAJE- Video Ficción""}, {""icaa_id"": 44450, ""titulo_encontrado"": ""Al otro lado del espejo"", ""director_encontrado"": ""JESÚS. FRANCO"", ""anio_encontrado"": 1973, ""metraje_encontrado"": ""LARGOMETRAJE-""}, {""icaa_id"": 809940, ""titulo_encontrado"": ""AL OTRO LADO DEL ESPEJO"", ""director_encontrado"": ""DESCONOCIDO"", ""anio_encontrado"": null, ""metraje_encontrado"": ""CORTOMETRAJE- Video Ficción""}, {""icaa_id"": 143415, ""titulo_encontrado"": ""ALICIA A TRAVES DEL ESPEJO"", ""director_encontrado"": ""JAMES BOBIN"", ""anio_encontrado"": 2016, ""metraje_encontrado"": ""LARGOMETRAJE- Cine Ficción""}, {""icaa_id"": 8407840, ""titulo_encontrado"": ""ALICIA DETRAS DEL ESPEJO (DIBUJOS ANIMADOS)"", ""director_encontrado"": ""ANDRE BRESCIANI"", ""anio_encontrado"": 1987, ""metraje_encontrado"": ""LARGOMETRAJE- Video Ficción""}, {""icaa_id"": 6349440, ""titulo_encontrado"": ""ALICIA Y EL ESPEJO MAGICO"", ""director_encontrado"": ""JOHN HENDERSON"", ""anio_encontrado"": null, ""metraje_encontrado"": ""LARGOMETRAJE- Video Ficción""}, {""icaa_id"": 538551, ""titulo_encontrado"": ""ANA Y EL ESPEJO"", ""director_encontrado"": ""TALO PEREZ DE GUZMAN"", ""anio_encontrado"": 1980, ""metraje_encontrado"": ""CORTOMETRAJE-""}, {""icaa_id"": 74517, ""titulo_encontrado"": ""Antonio Ramos Espejo, el amanecer del cine en China"", ""director_encontrado"": ""RAFAEL NIETO JIMÉNEZ"", ""anio_encontrado"": 2018, ""metraje_encontrado"": ""CORTOMETRAJE- Cine Documental""}, {""icaa_id"": 565730, ""titulo_encontrado"": ""BESO ANTE EL ESPEJO, EL"", ""director_encontrado"": ""JAMES WHALE"", ""anio_encontrado"": 1933, ""metraje_encontrado"": ""LARGOMETRAJE-""}, {""icaa_id"": 57094, ""titulo_encontrado"": ""Bosque de los espejos, El"", ""director_encontrado"": ""NORBERTO. LÓPEZ AMADO"", ""anio_encontrado"": 1994, ""metraje_encontrado"": ""CORTOMETRAJE-""}, {""icaa_id"": 2169740, ""titulo_encontrado"": ""BROKEN MIRRORS (ESPEJOS ROTOS)"", ""director_encontrado"": ""DESCONOCIDO"", ""anio_encontrado"": null, ""metraje_encontrado"": ""CORTOMETRAJE- Video Ficción""}, {""icaa_id"": 5401740, ""titulo_encontrado"": ""CADIZ LA HABANA, A TRAVES DEL ESPEJO"", ""director_encontrado"": ""FERNANDO SANTIAGO MUÑOZ"", ""anio_encontrado"": 1996, ""metraje_encontrado"": ""LARGOMETRAJE- Video Ficción""}, {""icaa_id"": 123504, ""titulo_encontrado"": ""COMO EN UN ESPEJO"", ""director_encontrado"": ""INGMAR BERGMAN"", ""anio_encontrado"": 1961, ""metraje_encontrado"": ""LARGOMETRAJE-""}, {""icaa_id"": 527951, ""titulo_encontrado"": ""Cristal de espejo"", ""director_encontrado"": ""EDUARDO CAMPOY"", ""anio_encontrado"": 1979, ""metraje_encontrado"": ""CORTOMETRAJE-""}, {""icaa_id"": 356751, ""titulo_encontrado"": ""Desnuda ante el espejo"", ""director_encontrado"": ""HUBERT. FRANK"", ""anio_encontrado"": 1977, ""metraje_encontrado"": ""LARGOMETRAJE-""}, {""icaa_id"": 134508, ""titulo_encontrado"": ""DISNEY A TRAVÉS DEL ESPEJO"", ""director_encontrado"": ""EDUARDO SOLER"", ""anio_encontrado"": 2010, ""metraje_encontrado"": ""LARGOMETRAJE-""}, {""icaa_id"": 214323, ""titulo_encontrado"": ""EL CASTILLO A TRAVÉS DEL ESPEJO"", ""director_encontrado"": ""KEIICHI HARA"", ""anio_encontrado"": 2022, ""metraje_encontrado"": ""LARGOMETRAJE- Cine Animación""}, {""icaa_id"": 125002, ""titulo_encontrado"": ""El espejo"", ""director_encontrado"": ""PABLO JAVIER GÓMEZ"", ""anio_encontrado"": 2002, ""metraje_encontrado"": ""CORTOMETRAJE-""}, {""icaa_id"": 197924, ""titulo_encontrado"": ""EL ESPEJO DEL ALMA"", ""director_encontrado"": ""EPHREN VALENZUELA PACHECO"", ""anio_encontrado"": 2024, ""metraje_encontrado"": ""CORTOMETRAJE- Cine Ficción""}, {""icaa_id"": 149819, ""titulo_encontrado"": ""El guardián en el espejo"", ""director_encontrado"": ""JOSEP RODGLA"", ""anio_encontrado"": 2019, ""metraje_encontrado"": ""CORTOMETRAJE- Cine Ficción""}]";False
Aguantando er tipo;30/09/2021;Aguantando er tipo;;sin_coincidencia_exacta_titulo;;;;;0.0;[];False
Sinfonia por un nuevo mundo;18/01/2023;Sinfonia por un nuevo mundo;;sin_coincidencia_exacta_titulo;;;;;0.0;[];False
Bienvenido Mr. Banksy;03/03/2023;Bienvenido Mr. Banksy;;sin_coincidencia_exacta_titulo;;;;;0.0;[];False
Bury Us! A Punk Rock Uprising;05/06/2021;Bury Us! A Punk Rock Uprising;;sin_coincidencia_exacta_titulo;;;;;0.0;[];False
Salon, El;21/07/2024;Salon;;sin_coincidencia_exacta_titulo;;;;;23.0;"[{""icaa_id"": 9498640, ""titulo_encontrado"": ""ARTHAUS MUSIK: ESA-PEKKA SALONEN"", ""director_encontrado"": ""ESA-PEKKA SALONEN"", ""anio_encontrado"": 1997, ""metraje_encontrado"": ""LARGOMETRAJE- Video Ficción""}, {""icaa_id"": 4229840, ""titulo_encontrado"": ""BAILES DE SALON PARA PRINCIPIANTES"", ""director_encontrado"": ""STUART BATEUP"", ""anio_encontrado"": 1991, ""metraje_encontrado"": ""LARGOMETRAJE- Video Ficción""}, {""icaa_id"": 12957340, ""titulo_encontrado"": ""CASA DE MICKEY MOUSE, LA. MINNIE, PELUQUERIA PARA MASCOTAS"", ""director_encontrado"": ""SHERIE POLLACK"", ""anio_encontrado"": 2012, ""metraje_encontrado"": ""LARGOMETRAJE- Video Ficción""}, {""icaa_id"": 16330, ""titulo_encontrado"": ""Cepo, EL"", ""director_encontrado"": ""HENRIK. GALEEN"", ""anio_encontrado"": 1933, ""metraje_encontrado"": ""LARGOMETRAJE-""}, {""icaa_id"": 1248840, ""titulo_encontrado"": ""CHICAS DEL SALON DORADO, LAS"", ""director_encontrado"": ""DESCONOCIDO"", ""anio_encontrado"": null, ""metraje_encontrado"": ""CORTOMETRAJE- Video Ficción""}, {""icaa_id"": 197420, ""titulo_encontrado"": ""El baile de la Gacela"", ""director_encontrado"": ""IVÁN PORRAS MELÉNDEZ"", ""anio_encontrado"": 2018, ""metraje_encontrado"": ""LARGOMETRAJE- Cine Ficción""}, {""icaa_id"": 268724, ""titulo_encontrado"": ""El Salón de las Miradas La Asamblea"", ""director_encontrado"": ""JUAN RAMÍREZ"", ""anio_encontrado"": 2025, ""metraje_encontrado"": ""LARGOMETRAJE- Cine Documental""}, {""icaa_id"": 29718, ""titulo_encontrado"": ""Generación 27. La luz y la palabra. Un salón con mil ventanas"", ""director_encontrado"": ""MIGUEL ÁNGEL CARMONA"", ""anio_encontrado"": 2018, ""metraje_encontrado"": ""CORTOMETRAJE- Cine Documental""}, {""icaa_id"": 4094140, ""titulo_encontrado"": ""INTERCOSMO SALONE 2"", ""director_encontrado"": ""CARLES PRAT"", ""anio_encontrado"": 1992, ""metraje_encontrado"": ""LARGOMETRAJE- Video Ficción""}, {""icaa_id"": 126022, ""titulo_encontrado"": ""LA TRAICION DE HUDA"", ""director_encontrado"": ""HANY ABU-ASSAD"", ""anio_encontrado"": 2021, ""metraje_encontrado"": ""LARGOMETRAJE- Cine Ficción""}, {""icaa_id"": 1479040, ""titulo_encontrado"": ""NIÑAS AL SALON"", ""director_encontrado"": ""DESCONOCIDO"", ""anio_encontrado"": null, ""metraje_encontrado"": ""CORTOMETRAJE- Video Ficción""}, {""icaa_id"": 333351, ""titulo_encontrado"": ""Niñas... ¡Al salón"", ""director_encontrado"": ""VICENTE. ESCRIVÁ"", ""anio_encontrado"": 1977, ""metraje_encontrado"": ""LARGOMETRAJE-""}, {""icaa_id"": 3619140, ""titulo_encontrado"": ""NIÑAS... AL SALON"", ""director_encontrado"": ""VICENTE ESCRIVA"", ""anio_encontrado"": null, ""metraje_encontrado"": ""LARGOMETRAJE- Video Ficción""}, {""icaa_id"": 475951, ""titulo_encontrado"": ""SALON DE MASAJE"", ""director_encontrado"": ""EBERHARD SCHROEDER"", ""anio_encontrado"": 1972, ""metraje_encontrado"": ""LARGOMETRAJE-""}, {""icaa_id"": 2858140, ""titulo_encontrado"": ""SALON DE OTOÑO 1985 (I Y II)"", ""director_encontrado"": ""E. CASANOVA"", ""anio_encontrado"": null, ""metraje_encontrado"": ""CORTOMETRAJE- Video Ficción""}, {""icaa_id"": 2865040, ""titulo_encontrado"": ""SALON DE OTOÑO 1985-EXPOSICIONES Y ACTIVIDADES"", ""director_encontrado"": ""E. CASANOVA"", ""anio_encontrado"": null, ""metraje_encontrado"": ""CORTOMETRAJE- Video Ficción""}, {""icaa_id"": 109999, ""titulo_encontrado"": ""SALON DE PASOS PERDIDOS"", ""director_encontrado"": ""DANIEL JARIOD"", ""anio_encontrado"": 1999, ""metraje_encontrado"": ""CORTOMETRAJE-""}, {""icaa_id"": 203824, ""titulo_encontrado"": ""SALÓN DORADO"", ""director_encontrado"": ""ARIMA ROMAREY LEÓN GONZÁLEZ"", ""anio_encontrado"": 2024, ""metraje_encontrado"": ""CORTOMETRAJE- Cine Documental""}, {""icaa_id"": 446051, ""titulo_encontrado"": ""SALON KITTY"", ""director_encontrado"": ""TINTO BRASS"", ""anio_encontrado"": 1974, ""metraje_encontrado"": ""LARGOMETRAJE-""}, {""icaa_id"": 1137640, ""titulo_encontrado"": ""SALON KITTY"", ""director_encontrado"": ""DESCONOCIDO"", ""anio_encontrado"": null, ""metraje_encontrado"": ""CORTOMETRAJE- Video Ficción""}, {""icaa_id"": 3931740, ""titulo_encontrado"": ""VAMOS A BAILAR. CURSO DE BAILE DE SALON-TOMO I-VALS/FOX TRO"", ""director_encontrado"": ""FRANCISCO AGUIRRE"", ""anio_encontrado"": null, ""metraje_encontrado"": ""CORTOMETRAJE- Video Ficción""}, {""icaa_id"": 7200140, ""titulo_encontrado"": ""VENUS SALON DE BELLEZA"", ""director_encontrado"": ""DESCONOCIDO"", ""anio_encontrado"": null, ""metraje_encontrado"": ""LARGOMETRAJE- Video Ficción""}, {""icaa_id"": 5300, ""titulo_encontrado"": ""VENUS, SALON DE BELLEZA"", ""director_encontrado"": ""TONIE MARSHALL"", ""anio_encontrado"": 1998, ""metraje_encontrado"": ""LARGOMETRAJE-""}]";False
Dulcinea;19/06/2024;Dulcinea;;sin_candidatos_cercanos_probable_reposicion;;;;;9.0;"[{""icaa_id"": 3997440, ""titulo_encontrado"": ""4.DON QUIJOTE DE LA MANCHA:\""DULCINEA DEL TOBOSO\""(DIB.ANIMAD"", ""director_encontrado"": ""CRUZ DELGADO"", ""anio_encontrado"": 1981, ""metraje_encontrado"": ""CORTOMETRAJE- Video Ficción""}, {""icaa_id"": 2764140, ""titulo_encontrado"": ""DON QUIJOTE DE LA MANCHA(DULCINEA DEL TOBOSO)CAP.X, XI, XII"", ""director_encontrado"": ""DESCONOCIDO"", ""anio_encontrado"": null, ""metraje_encontrado"": ""CORTOMETRAJE- Video Ficción""}, {""icaa_id"": 207217, ""titulo_encontrado"": ""Dulcinea"", ""director_encontrado"": ""DAVID HEBRERO"", ""anio_encontrado"": 2019, ""metraje_encontrado"": ""LARGOMETRAJE- Cine Ficción""}, {""icaa_id"": 212350, ""titulo_encontrado"": ""Dulcinea"", ""director_encontrado"": ""VICENTE ESCRIVÁ"", ""anio_encontrado"": 1962, ""metraje_encontrado"": ""LARGOMETRAJE-""}, {""icaa_id"": 232430, ""titulo_encontrado"": ""Dulcinea"", ""director_encontrado"": ""LUIS. ARROYO"", ""anio_encontrado"": 1946, ""metraje_encontrado"": ""LARGOMETRAJE-""}, {""icaa_id"": 2645440, ""titulo_encontrado"": ""DULCINEA"", ""director_encontrado"": ""VICENTE ESCRIVA"", ""anio_encontrado"": 1962, ""metraje_encontrado"": ""LARGOMETRAJE- Video Ficción""}, {""icaa_id"": 331450, ""titulo_encontrado"": ""Dulcinea del Toboso"", ""director_encontrado"": ""CARLO RIM"", ""anio_encontrado"": 1965, ""metraje_encontrado"": ""LARGOMETRAJE-""}, {""icaa_id"": 167521, ""titulo_encontrado"": ""Dulcinea en duelo"", ""director_encontrado"": ""VALLE HIDALGO"", ""anio_encontrado"": 2022, ""metraje_encontrado"": ""CORTOMETRAJE- Cine Documental""}, {""icaa_id"": 204950, ""titulo_encontrado"": ""Una tal Dulcinea"", ""director_encontrado"": ""RAFAEL J. SALVIA"", ""anio_encontrado"": 1963, ""metraje_encontrado"": ""LARGOMETRAJE-""}]";False
Viento que nos mueve, El;29/09/2022;Viento que nos mueve;;sin_coincidencia_exacta_titulo;;;;;0.0;[];False
Love U Carme;20/11/2025;Love U Carme;;sin_coincidencia_exacta_titulo;;;;;0.0;[];False
Viaje de Carla, El;28/06/2021;Viaje de Carla;;sin_coincidencia_exacta_titulo;;;;;0.0;[];False
Crossroads, el viaje circular de Boa Mistura;18/10/2023;Crossroads, el viaje circular de Boa Mistura;;sin_coincidencia_exacta_titulo;;;;;0.0;[];False
Reset - Capitulo 1 Ulpotha;21/01/2025;Reset - Capitulo 1 Ulpotha;;sin_coincidencia_exacta_titulo;;;;;0.0;[];False
Un viaje hacia nosotros;19/12/2021;Un viaje hacia nosotros;;sin_coincidencia_exacta_titulo;;;;;0.0;[];False
Cocina de los hombres, La;17/12/2022;Cocina de los hombres;;sin_coincidencia_exacta_titulo;;;;;0.0;[];False
Pantalones a la luna;11/02/2025;Pantalones a la luna;;sin_coincidencia_exacta_titulo;;;;;0.0;[];False
Montserrat: entre la roca y el conflicto;18/09/2025;Montserrat: entre la roca y el conflicto;;sin_coincidencia_exacta_titulo;;;;;0.0;[];False
Palabra justa, La;19/02/2018;Palabra justa;;sin_coincidencia_exacta_titulo;;;;;0.0;[];False
Vida empieza hoy, La;13/06/2024;Vida empieza hoy;;sin_candidatos_cercanos_probable_reposicion;;;;;4.0;"[{""icaa_id"": 13903, ""titulo_encontrado"": ""MI VIDA EMPIEZA HOY"", ""director_encontrado"": ""MARIA VON HELAND"", ""anio_encontrado"": 2002, ""metraje_encontrado"": ""LARGOMETRAJE-""}, {""icaa_id"": 124508, ""titulo_encontrado"": ""VIDA EMPIEZA HOY, LA"", ""director_encontrado"": ""LAURA MAÑÁ"", ""anio_encontrado"": 2010, ""metraje_encontrado"": ""LARGOMETRAJE-""}, {""icaa_id"": 418130, ""titulo_encontrado"": ""VIDA EMPIEZA HOY, LA"", ""director_encontrado"": ""ALEXANDER HALL"", ""anio_encontrado"": 1942, ""metraje_encontrado"": ""LARGOMETRAJE-""}, {""icaa_id"": 10479940, ""titulo_encontrado"": ""VIDA EMPIEZA HOY, LA"", ""director_encontrado"": ""ALEXANDER HALL"", ""anio_encontrado"": 1942, ""metraje_encontrado"": ""LARGOMETRAJE- Video Ficción""}]";False
Refugios de papel;29/07/2025;Refugios de papel;;sin_coincidencia_exacta_titulo;;;;;0.0;[];False
Valhalla, cielo de roca;09/11/2023;Valhalla, cielo de roca;;sin_coincidencia_exacta_titulo;;;;;0.0;[];False
Mi barrio: Vallecas;30/09/2023;Mi barrio: Vallecas;;sin_coincidencia_exacta_titulo;;;;;0.0;[];False
Chhaupadi;30/01/2025;Chhaupadi;;sin_coincidencia_exacta_titulo;;;;;0.0;[];False
Piko & Pala;28/03/2025;Piko & Pala;;sin_coincidencia_exacta_titulo;;;;;0.0;[];False
Dorothe na Vila;28/01/2022;Dorothe na Vila;;sin_coincidencia_exacta_titulo;;;;;0.0;[];False
Todas las mujeres que conozco;24/11/2018;Todas las mujeres que conozco;;sin_coincidencia_exacta_titulo;;;;;0.0;[];False
Evangelio mayor;28/06/2023;Evangelio mayor;;sin_coincidencia_exacta_titulo;;;;;0.0;[];False
Invisible. Te podria pasar a ti;22/11/2022;Invisible. Te podria pasar a ti;;sin_coincidencia_exacta_titulo;;;;;0.0;[];False
Ojala mañana;01/12/2021;Ojala mañana;;sin_coincidencia_exacta_titulo;;;;;0.0;[];False
ADN de la memoria, El;18/12/2023;ADN de la memoria;;sin_coincidencia_exacta_titulo;;;;;0.0;[];False
Ilegales 82;02/06/2023;Ilegales 82;;sin_coincidencia_exacta_titulo;;;;;0.0;[];False
Maria y la pelicula olvidada;28/07/2023;Maria y la pelicula olvidada;;sin_coincidencia_exacta_titulo;;;;;0.0;[];False
Historias del poder y de la vida;14/01/2025;Historias del poder y de la vida;;sin_coincidencia_exacta_titulo;;;;;0.0;[];False
Aminetu;08/11/2025;Aminetu;;sin_coincidencia_exacta_titulo;;;;;0.0;[];False
Neskatoak;20/10/2021;Neskatoak;;sin_coincidencia_exacta_titulo;;;;;0.0;[];False
Burnout;15/05/2025;Burnout;;sin_coincidencia_exacta_titulo;;;;;0.0;[];False
Mirande;21/05/2025;Mirande;;sin_coincidencia_exacta_titulo;;;;;0.0;[];False
Tierra normal;15/05/2025;Tierra normal;;sin_coincidencia_exacta_titulo;;;;;0.0;[];False
Para que sirven las canciones de amor;14/05/2022;Para que sirven las canciones de amor;;sin_coincidencia_exacta_titulo;;;;;0.0;[];False
Salvador Segui: Historia de un anarcosindicalista;20/04/2023;Salvador Segui: Historia de un anarcosindicalista;;sin_coincidencia_exacta_titulo;;;;;0.0;[];False
Alyonka soñada;24/07/2025;Alyonka soñada;;sin_coincidencia_exacta_titulo;;;;;0.0;[];False
Helios Gomez: Tinta y Municion;29/05/2025;Helios Gomez: Tinta y Municion;;sin_coincidencia_exacta_titulo;;;;;0.0;[];False
Cambio de sentido;02/11/2023;Cambio de sentido;;sin_candidatos_cercanos_probable_reposicion;;;;;3.0;"[{""icaa_id"": 53407, ""titulo_encontrado"": ""CAMBIO DE SENTIDO"", ""director_encontrado"": ""SERGIO GARCÍA DE LEÁNIZ"", ""anio_encontrado"": 2009, ""metraje_encontrado"": ""LARGOMETRAJE-""}, {""icaa_id"": 101514, ""titulo_encontrado"": ""CAMBIO DE SENTIDO"", ""director_encontrado"": ""ALFONSO DÍAZ"", ""anio_encontrado"": 2014, ""metraje_encontrado"": ""CORTOMETRAJE-""}, {""icaa_id"": 3561140, ""titulo_encontrado"": ""STARCOM 4 CAP.CAMBIO DE SENTIDO-INFILTRADOS EN EL SISTEMA-F"", ""director_encontrado"": ""DESCONOCIDO"", ""anio_encontrado"": null, ""metraje_encontrado"": ""CORTOMETRAJE- Video Ficción""}]";False
Ese mundo que no te da nada;12/03/2025;Ese mundo que no te da nada;;sin_coincidencia_exacta_titulo;;;;;0.0;[];False
Invasion pequeña;04/07/2025;Invasion pequeña;;sin_coincidencia_exacta_titulo;;;;;0.0;[];False
Sandedro;21/06/2022;Sandedro;;sin_coincidencia_exacta_titulo;;;;;0.0;[];False
Niñas de arena;27/05/2025;Niñas de arena;;sin_coincidencia_exacta_titulo;;;;;0.0;[];False
Todos Vosotros sois Capitanes;03/06/2011;Todos Vosotros sois Capitanes;;sin_coincidencia_exacta_titulo;;;;;0.0;[];False
Jose Luis Lopez Vazquez: ¡Que disparate!;03/06/2023;Jose Luis Lopez Vazquez: ¡Que disparate!;;sin_coincidencia_exacta_titulo;;;;;0.0;[];False
Memorias rotas;23/10/2023;Memorias rotas;;sin_coincidencia_exacta_titulo;;;;;2.0;"[{""icaa_id"": 222410, ""titulo_encontrado"": ""MEMORIAS ROTAS (LA BALADA DEL COMANDANTE MORENO)"", ""director_encontrado"": ""MANANE RODRÍGUEZ"", ""anio_encontrado"": 2010, ""metraje_encontrado"": ""LARGOMETRAJE-""}, {""icaa_id"": 11663340, ""titulo_encontrado"": ""MEMORIAS ROTAS (LA BALADA DEL COMANDANTE MORENO)"", ""director_encontrado"": ""MANANE RODRIGUEZ"", ""anio_encontrado"": 2009, ""metraje_encontrado"": ""LARGOMETRAJE- Video Ficción""}]";False
Orandi;19/06/2025;Orandi;;sin_coincidencia_exacta_titulo;;;;;0.0;[];False
Abuela y el forastero, La;13/09/2024;Abuela y el forastero;;sin_coincidencia_exacta_titulo;;;;;0.0;[];False
Negro liimbo;07/06/2025;Negro liimbo;;sin_coincidencia_exacta_titulo;;;;;0.0;[];False
Balada perdida, La;15/09/2023;Balada perdida;;sin_coincidencia_exacta_titulo;;;;;0.0;[];False
Memoria inmortal, La;20/02/2025;Memoria inmortal;;sin_coincidencia_exacta_titulo;;;;;0.0;[];False
Infiltrada en el bunker;23/10/2025;Infiltrada en el bunker;;sin_coincidencia_exacta_titulo;;;;;0.0;[];False
Faltan vuestros nombres;10/05/2025;Faltan vuestros nombres;;sin_coincidencia_exacta_titulo;;;;;0.0;[];False
Calavera resumida;29/06/2023;Calavera resumida;;sin_coincidencia_exacta_titulo;;;;;0.0;[];False
Flores de tierra quemada. Estrategias del terror en Guatemala y España;06/05/2023;Flores de tierra quemada. Estrategias del terror en Guatemala y España;;sin_coincidencia_exacta_titulo;;;;;0.0;[];False
Visitante;11/02/2022;Visitante;;sin_coincidencia_exacta_titulo;;;;;48.0;"[{""icaa_id"": 3215740, ""titulo_encontrado"": ""CALLER (EL VISITANTE), THE"", ""director_encontrado"": ""DESCONOCIDO"", ""anio_encontrado"": null, ""metraje_encontrado"": ""CORTOMETRAJE- Video Ficción""}, {""icaa_id"": 79523, ""titulo_encontrado"": ""El visitante"", ""director_encontrado"": ""NOELIA Mª MUÍÑO GONZÁLEZ"", ""anio_encontrado"": 2023, ""metraje_encontrado"": ""CORTOMETRAJE- Cine Ficción""}, {""icaa_id"": 3029940, ""titulo_encontrado"": ""EXTRAÑOS VISITANTES, LOS"", ""director_encontrado"": ""TEX FULLER"", ""anio_encontrado"": null, ""metraje_encontrado"": ""LARGOMETRAJE- Video Ficción""}, {""icaa_id"": 161824, ""titulo_encontrado"": ""La visitante"", ""director_encontrado"": ""TONY MORALES"", ""anio_encontrado"": 2024, ""metraje_encontrado"": ""CORTOMETRAJE- Cine Ficción""}, {""icaa_id"": 5275740, ""titulo_encontrado"": ""LEYENDA DEL PRINCIPE VALIENTE: EL VISITANTE, LA"", ""director_encontrado"": ""WULLIAN E MILER"", ""anio_encontrado"": 1991, ""metraje_encontrado"": ""CORTOMETRAJE- Video Ficción""}, {""icaa_id"": 53720, ""titulo_encontrado"": ""Los visitantes de la noche"", ""director_encontrado"": ""MARCEL CARNÉ"", ""anio_encontrado"": 2020, ""metraje_encontrado"": ""LARGOMETRAJE- Video Ficción""}, {""icaa_id"": 9865640, ""titulo_encontrado"": ""OSITO POLAR: UN VISITANTE DEL POLO SUR, EL"", ""director_encontrado"": ""THILO GRAF ROTHKIRCH"", ""anio_encontrado"": 2003, ""metraje_encontrado"": ""LARGOMETRAJE- Video Ficción""}, {""icaa_id"": 2573640, ""titulo_encontrado"": ""ULTIMO VISITANTE (DIBUJOS ANIMADOS),EL"", ""director_encontrado"": ""HIROMITSU MORITA"", ""anio_encontrado"": null, ""metraje_encontrado"": ""CORTOMETRAJE- Video Ficción""}, {""icaa_id"": 8994440, ""titulo_encontrado"": ""VERANO AZUL. EP. 8: EL VISITANTE, EP. 9: LA BURBUJA"", ""director_encontrado"": ""ANTONIO MERCERO"", ""anio_encontrado"": 1981, ""metraje_encontrado"": ""CORTOMETRAJE- Video Ficción""}, {""icaa_id"": 3165440, ""titulo_encontrado"": ""VISITANTE (THE PLUMBER), EL"", ""director_encontrado"": ""PETER WEIR"", ""anio_encontrado"": null, ""metraje_encontrado"": ""LARGOMETRAJE- Video Ficción""}, {""icaa_id"": 78806, ""titulo_encontrado"": ""VISITANTE DE INVIERNO"", ""director_encontrado"": ""SERGIO ESQUENAZI"", ""anio_encontrado"": 2007, ""metraje_encontrado"": ""LARGOMETRAJE-""}, {""icaa_id"": 3396140, ""titulo_encontrado"": ""VISITANTE DE LA NOCHE,EL"", ""director_encontrado"": ""DESCONOCIDO"", ""anio_encontrado"": null, ""metraje_encontrado"": ""CORTOMETRAJE- Video Ficción""}, {""icaa_id"": 3485840, ""titulo_encontrado"": ""VISITANTE DE LAS ESTRELLAS,EL"", ""director_encontrado"": ""DESCONOCIDO"", ""anio_encontrado"": null, ""metraje_encontrado"": ""CORTOMETRAJE- Video Ficción""}, {""icaa_id"": 479651, ""titulo_encontrado"": ""VISITANTE DEL MAS ALLA, EL"", ""director_encontrado"": ""GIULIO PARADIS"", ""anio_encontrado"": 1978, ""metraje_encontrado"": ""LARGOMETRAJE-""}, {""icaa_id"": 2260240, ""titulo_encontrado"": ""VISITANTE DEL MAS ALLA, EL"", ""director_encontrado"": ""GIULIO PARADISI"", ""anio_encontrado"": 1978, ""metraje_encontrado"": ""LARGOMETRAJE- Video Ficción""}, {""icaa_id"": 2260240, ""titulo_encontrado"": ""VISITANTE DEL MAS ALLA, EL"", ""director_encontrado"": ""GIULIO PARADISI"", ""anio_encontrado"": 1979, ""metraje_encontrado"": ""LARGOMETRAJE- Video Ficción""}, {""icaa_id"": 614250, ""titulo_encontrado"": ""Visitante nocturno, El"", ""director_encontrado"": ""LASLO. BENEDEK"", ""anio_encontrado"": 1970, ""metraje_encontrado"": ""LARGOMETRAJE-""}, {""icaa_id"": 1679740, ""titulo_encontrado"": ""VISITANTE NOCTURNO, EL"", ""director_encontrado"": ""DESCONOCIDO"", ""anio_encontrado"": null, ""metraje_encontrado"": ""CORTOMETRAJE- Video Ficción""}, {""icaa_id"": 10187940, ""titulo_encontrado"": ""VISITANTE, EL"", ""director_encontrado"": ""PETER WEIR"", ""anio_encontrado"": 1979, ""metraje_encontrado"": ""LARGOMETRAJE- Video Ficción""}, {""icaa_id"": 738651, ""titulo_encontrado"": ""VISITANTES DE LA GALAXIA, LOS"", ""director_encontrado"": ""DUSAN VUKOTIC"", ""anio_encontrado"": 1981, ""metraje_encontrado"": ""LARGOMETRAJE-""}, {""icaa_id"": 890540, ""titulo_encontrado"": ""VISITANTES DE LA GALAXIA, LOS"", ""director_encontrado"": ""DESCONOCIDO"", ""anio_encontrado"": null, ""metraje_encontrado"": ""CORTOMETRAJE- Video Ficción""}, {""icaa_id"": 3107540, ""titulo_encontrado"": ""VISITANTES DE LA NOCHE"", ""director_encontrado"": ""DESCONOCIDO"", ""anio_encontrado"": null, ""metraje_encontrado"": ""CORTOMETRAJE- Video Ficción""}, {""icaa_id"": 7695940, ""titulo_encontrado"": ""VISITANTES DE LA NOCHE (VERSION JORGE MONTESI)"", ""director_encontrado"": ""JORGE MONTESI"", ""anio_encontrado"": 1995, ""metraje_encontrado"": ""LARGOMETRAJE- Video Ficción""}, {""icaa_id"": 3190040, ""titulo_encontrado"": ""VISITANTES DE MARTE"", ""director_encontrado"": ""DESCONOCIDO"", ""anio_encontrado"": null, ""metraje_encontrado"": ""CORTOMETRAJE- Video Ficción""}, {""icaa_id"": 3215740, ""titulo_encontrado"": ""CALLER (EL VISITANTE), THE"", ""director_encontrado"": ""DESCONOCIDO"", ""anio_encontrado"": null, ""metraje_encontrado"": ""CORTOMETRAJE- Video Ficción""}, {""icaa_id"": 79523, ""titulo_encontrado"": ""El visitante"", ""director_encontrado"": ""NOELIA Mª MUÍÑO GONZÁLEZ"", ""anio_encontrado"": 2023, ""metraje_encontrado"": ""CORTOMETRAJE- Cine Ficción""}, {""icaa_id"": 3029940, ""titulo_encontrado"": ""EXTRAÑOS VISITANTES, LOS"", ""director_encontrado"": ""TEX FULLER"", ""anio_encontrado"": null, ""metraje_encontrado"": ""LARGOMETRAJE- Video Ficción""}, {""icaa_id"": 161824, ""titulo_encontrado"": ""La visitante"", ""director_encontrado"": ""TONY MORALES"", ""anio_encontrado"": 2024, ""metraje_encontrado"": ""CORTOMETRAJE- Cine Ficción""}, {""icaa_id"": 5275740, ""titulo_encontrado"": ""LEYENDA DEL PRINCIPE VALIENTE: EL VISITANTE, LA"", ""director_encontrado"": ""WULLIAN E MILER"", ""anio_encontrado"": 1991, ""metraje_encontrado"": ""CORTOMETRAJE- Video Ficción""}, {""icaa_id"": 53720, ""titulo_encontrado"": ""Los visitantes de la noche"", ""director_encontrado"": ""MARCEL CARNÉ"", ""anio_encontrado"": 2020, ""metraje_encontrado"": ""LARGOMETRAJE- Video Ficción""}, {""icaa_id"": 9865640, ""titulo_encontrado"": ""OSITO POLAR: UN VISITANTE DEL POLO SUR, EL"", ""director_encontrado"": ""THILO GRAF ROTHKIRCH"", ""anio_encontrado"": 2003, ""metraje_encontrado"": ""LARGOMETRAJE- Video Ficción""}, {""icaa_id"": 2573640, ""titulo_encontrado"": ""ULTIMO VISITANTE (DIBUJOS ANIMADOS),EL"", ""director_encontrado"": ""HIROMITSU MORITA"", ""anio_encontrado"": null, ""metraje_encontrado"": ""CORTOMETRAJE- Video Ficción""}, {""icaa_id"": 8994440, ""titulo_encontrado"": ""VERANO AZUL. EP. 8: EL VISITANTE, EP. 9: LA BURBUJA"", ""director_encontrado"": ""ANTONIO MERCERO"", ""anio_encontrado"": 1981, ""metraje_encontrado"": ""CORTOMETRAJE- Video Ficción""}, {""icaa_id"": 3165440, ""titulo_encontrado"": ""VISITANTE (THE PLUMBER), EL"", ""director_encontrado"": ""PETER WEIR"", ""anio_encontrado"": null, ""metraje_encontrado"": ""LARGOMETRAJE- Video Ficción""}, {""icaa_id"": 78806, ""titulo_encontrado"": ""VISITANTE DE INVIERNO"", ""director_encontrado"": ""SERGIO ESQUENAZI"", ""anio_encontrado"": 2007, ""metraje_encontrado"": ""LARGOMETRAJE-""}, {""icaa_id"": 3396140, ""titulo_encontrado"": ""VISITANTE DE LA NOCHE,EL"", ""director_encontrado"": ""DESCONOCIDO"", ""anio_encontrado"": null, ""metraje_encontrado"": ""CORTOMETRAJE- Video Ficción""}, {""icaa_id"": 3485840, ""titulo_encontrado"": ""VISITANTE DE LAS ESTRELLAS,EL"", ""director_encontrado"": ""DESCONOCIDO"", ""anio_encontrado"": null, ""metraje_encontrado"": ""CORTOMETRAJE- Video Ficción""}, {""icaa_id"": 479651, ""titulo_encontrado"": ""VISITANTE DEL MAS ALLA, EL"", ""director_encontrado"": ""GIULIO PARADIS"", ""anio_encontrado"": 1978, ""metraje_encontrado"": ""LARGOMETRAJE-""}, {""icaa_id"": 2260240, ""titulo_encontrado"": ""VISITANTE DEL MAS ALLA, EL"", ""director_encontrado"": ""GIULIO PARADISI"", ""anio_encontrado"": 1978, ""metraje_encontrado"": ""LARGOMETRAJE- Video Ficción""}, {""icaa_id"": 2260240, ""titulo_encontrado"": ""VISITANTE DEL MAS ALLA, EL"", ""director_encontrado"": ""GIULIO PARADISI"", ""anio_encontrado"": 1979, ""metraje_encontrado"": ""LARGOMETRAJE- Video Ficción""}, {""icaa_id"": 614250, ""titulo_encontrado"": ""Visitante nocturno, El"", ""director_encontrado"": ""LASLO. BENEDEK"", ""anio_encontrado"": 1970, ""metraje_encontrado"": ""LARGOMETRAJE-""}, {""icaa_id"": 1679740, ""titulo_encontrado"": ""VISITANTE NOCTURNO, EL"", ""director_encontrado"": ""DESCONOCIDO"", ""anio_encontrado"": null, ""metraje_encontrado"": ""CORTOMETRAJE- Video Ficción""}, {""icaa_id"": 10187940, ""titulo_encontrado"": ""VISITANTE, EL"", ""director_encontrado"": ""PETER WEIR"", ""anio_encontrado"": 1979, ""metraje_encontrado"": ""LARGOMETRAJE- Video Ficción""}, {""icaa_id"": 738651, ""titulo_encontrado"": ""VISITANTES DE LA GALAXIA, LOS"", ""director_encontrado"": ""DUSAN VUKOTIC"", ""anio_encontrado"": 1981, ""metraje_encontrado"": ""LARGOMETRAJE-""}, {""icaa_id"": 890540, ""titulo_encontrado"": ""VISITANTES DE LA GALAXIA, LOS"", ""director_encontrado"": ""DESCONOCIDO"", ""anio_encontrado"": null, ""metraje_encontrado"": ""CORTOMETRAJE- Video Ficción""}, {""icaa_id"": 3107540, ""titulo_encontrado"": ""VISITANTES DE LA NOCHE"", ""director_encontrado"": ""DESCONOCIDO"", ""anio_encontrado"": null, ""metraje_encontrado"": ""CORTOMETRAJE- Video Ficción""}, {""icaa_id"": 7695940, ""titulo_encontrado"": ""VISITANTES DE LA NOCHE (VERSION JORGE MONTESI)"", ""director_encontrado"": ""JORGE MONTESI"", ""anio_encontrado"": 1995, ""metraje_encontrado"": ""LARGOMETRAJE- Video Ficción""}, {""icaa_id"": 3190040, ""titulo_encontrado"": ""VISITANTES DE MARTE"", ""director_encontrado"": ""DESCONOCIDO"", ""anio_encontrado"": null, ""metraje_encontrado"": ""CORTOMETRAJE- Video Ficción""}]";False
Hay alguien en el bosque;10/03/2023;Hay alguien en el bosque;;sin_coincidencia_exacta_titulo;;;;;0.0;[];False
Casilda. El eco de otros pasos;02/02/2023;Casilda. El eco de otros pasos;;sin_coincidencia_exacta_titulo;;;;;0.0;[];False
Donde la vida puede ser;08/11/2023;Donde la vida puede ser;;sin_coincidencia_exacta_titulo;;;;;0.0;[];False
Orquesta terrestre, La;08/04/2022;Orquesta terrestre;;sin_coincidencia_exacta_titulo;;;;;0.0;[];False
Nosotros no nos mataremos con pistolas;17/06/2022;Nosotros no nos mataremos con pistolas;;sin_coincidencia_exacta_titulo;;;;;0.0;[];False
Jota de Saura;07/10/2016;Jota de Saura;;sin_coincidencia_exacta_titulo;;;;;0.0;[];False
Cuando toco un animal;28/07/2023;Cuando toco un animal;;sin_coincidencia_exacta_titulo;;;;;0.0;[];False
Du Vin dans les Voiles;23/07/2023;Du Vin dans les Voiles;;sin_coincidencia_exacta_titulo;;;;;0.0;[];False
Casting;07/03/2023;Casting;;ambigua_tras_ficha;;;;;13.0;"[{""icaa_id"": 29305, ""titulo_encontrado"": ""Casting"", ""director_encontrado"": ""KOEN SUIDGEEST"", ""anio_encontrado"": 2006, ""metraje_encontrado"": ""CORTOMETRAJE-""}, {""icaa_id"": 111497, ""titulo_encontrado"": ""Casting"", ""director_encontrado"": ""FERNANDO. MERINERO"", ""anio_encontrado"": 1998, ""metraje_encontrado"": ""LARGOMETRAJE-""}, {""icaa_id"": 156324, ""titulo_encontrado"": ""Casting"", ""director_encontrado"": ""JORGE NARANJO"", ""anio_encontrado"": 2024, ""metraje_encontrado"": ""CORTOMETRAJE- Cine Ficción""}, {""icaa_id"": 125413, ""titulo_encontrado"": ""CASTING"", ""director_encontrado"": ""JORGE NARANJO"", ""anio_encontrado"": 2013, ""metraje_encontrado"": ""LARGOMETRAJE-""}, {""icaa_id"": 172523, ""titulo_encontrado"": ""CASTING"", ""director_encontrado"": ""VÍCTOR DEVESA"", ""anio_encontrado"": 2024, ""metraje_encontrado"": ""CORTOMETRAJE- Cine Ficción""}, {""icaa_id"": 127213, ""titulo_encontrado"": ""CASTING (2014)"", ""director_encontrado"": ""DANIEL MENA"", ""anio_encontrado"": 2014, ""metraje_encontrado"": ""CORTOMETRAJE-""}, {""icaa_id"": 156424, ""titulo_encontrado"": ""CASTING DOS"", ""director_encontrado"": ""JORGE NARANJO"", ""anio_encontrado"": 2024, ""metraje_encontrado"": ""CORTOMETRAJE- Cine Ficción""}, {""icaa_id"": 156524, ""titulo_encontrado"": ""Casting V"", ""director_encontrado"": ""JORGE NARANJO"", ""anio_encontrado"": 2024, ""metraje_encontrado"": ""CORTOMETRAJE- Cine Ficción""}, {""icaa_id"": 132008, ""titulo_encontrado"": ""CASTING, VERSIÓN CORTA"", ""director_encontrado"": ""FERNANDO MERINERO"", ""anio_encontrado"": 2008, ""metraje_encontrado"": ""CORTOMETRAJE-""}, {""icaa_id"": 129820, ""titulo_encontrado"": ""EL CASTING"", ""director_encontrado"": ""MARÍA MAGANTO"", ""anio_encontrado"": 2024, ""metraje_encontrado"": ""CORTOMETRAJE- Cine Ficción""}, {""icaa_id"": 328025, ""titulo_encontrado"": ""Historia de un Casting"", ""director_encontrado"": ""JOSÉ LUIS ACOSTA"", ""anio_encontrado"": 2025, ""metraje_encontrado"": ""CORTOMETRAJE- Cine Documental""}, {""icaa_id"": 8367240, ""titulo_encontrado"": ""PLAYBOY CASTING DE PLAYMATES"", ""director_encontrado"": ""DESCONOCIDO"", ""anio_encontrado"": 2003, ""metraje_encontrado"": ""CORTOMETRAJE- Video Ficción""}, {""icaa_id"": 2682140, ""titulo_encontrado"": ""PRESAGIANDO LA INUNDACION"", ""director_encontrado"": ""GERALD WILLIAMS"", ""anio_encontrado"": null, ""metraje_encontrado"": ""CORTOMETRAJE- Video Ficción""}]";False
Zarata;14/11/2023;Zarata;;sin_coincidencia_exacta_titulo;;;;;0.0;[];False
Playa de los ahogados, La;09/10/2015;Playa de los ahogados;;sin_coincidencia_exacta_titulo;;;;;0.0;[];False
Negociadores, Los. Como construir la Paz;04/06/2023;Negociadores, Los. Como construir la Paz;;sin_coincidencia_exacta_titulo;;;;;0.0;[];False
Sucro;11/05/2023;Sucro;;sin_coincidencia_exacta_titulo;;;;;0.0;[];False
Cuando un rio se convierte en mar;01/11/2025;Cuando un rio se convierte en mar;;sin_coincidencia_exacta_titulo;;;;;0.0;[];False
Que se sepa;15/11/2024;Que se sepa;;sin_coincidencia_exacta_titulo;;;;;0.0;[];False
Todos contra mí;12/09/2023;Todos contra mí;;sin_coincidencia_exacta_titulo;;;;;0.0;[];False
Sender Barayon. Viaje hacia la luz;18/04/2023;Sender Barayon. Viaje hacia la luz;;sin_coincidencia_exacta_titulo;;;;;0.0;[];False
Nicaragua, patria libre para vivir;29/04/2021;Nicaragua, patria libre para vivir;;sin_coincidencia_exacta_titulo;;;;;0.0;[];False
Quieres salir puedes entrar;06/09/2025;Quieres salir puedes entrar;;sin_coincidencia_exacta_titulo;;;;;0.0;[];False
Guillermo Perez Villalta. Del agua y el Mediterraneo;21/11/2023;Guillermo Perez Villalta. Del agua y el Mediterraneo;;sin_coincidencia_exacta_titulo;;;;;0.0;[];False
Margalida;27/07/2022;Margalida;;sin_coincidencia_exacta_titulo;;;;;0.0;[];False
Siempre jueves (sempre dijous);10/06/2021;Siempre jueves (sempre dijous);;sin_coincidencia_exacta_titulo;;;;;0.0;[];False
2 Años, 4 Meses (2 Urte, 4 Hilabete);04/09/2020;2 Años, 4 Meses (2 Urte, 4 Hilabete);;sin_coincidencia_exacta_titulo;;;;;0.0;[];False
Rojo clavel;20/11/2025;Rojo clavel;;sin_coincidencia_exacta_titulo;;;;;0.0;[];False
Lebrijano, El. Un gitano universal;01/10/2021;Lebrijano, El. Un gitano universal;;sin_coincidencia_exacta_titulo;;;;;0.0;[];False
Retablo de las maravillas. Apuntes para una pelicula sobre el Quijote, El;22/04/2023;Retablo de las maravillas. Apuntes para una pelicula sobre el Quijote;;sin_coincidencia_exacta_titulo;;;;;0.0;[];False
Triptico;17/01/2025;Triptico;;sin_coincidencia_exacta_titulo;;;;;2.0;"[{""icaa_id"": 194918, ""titulo_encontrado"": ""El final del tríptico"", ""director_encontrado"": ""WILLIAM CORR HAWKINS"", ""anio_encontrado"": 2018, ""metraje_encontrado"": ""LARGOMETRAJE- Cine Ficción""}, {""icaa_id"": 764251, ""titulo_encontrado"": ""TRIPTICO EXPERIMENTAL"", ""director_encontrado"": ""GLORIA CARRION"", ""anio_encontrado"": 1983, ""metraje_encontrado"": ""CORTOMETRAJE-""}]";False
Amanecer;17/09/2021;Amanecer;;ambigua_tras_ficha;;;;;120.0;"[{""icaa_id"": 22996, ""titulo_encontrado"": ""Abierto hasta el amanecer"", ""director_encontrado"": ""ROBERT. RODRIGUEZ"", ""anio_encontrado"": 1995, ""metraje_encontrado"": ""LARGOMETRAJE-""}, {""icaa_id"": 87599, ""titulo_encontrado"": ""ABIERTO HASTA EL AMANECER 2: TEXAS BLOOD MONEY"", ""director_encontrado"": ""SCOTT SPIEGEL"", ""anio_encontrado"": 1999, ""metraje_encontrado"": ""LARGOMETRAJE-""}, {""icaa_id"": 15201, ""titulo_encontrado"": ""ABIERTO HASTA EL AMANECER 3 -LA HIJA DEL VERDUGO"", ""director_encontrado"": ""P.J. PESCE"", ""anio_encontrado"": 1999, ""metraje_encontrado"": ""LARGOMETRAJE-""}, {""icaa_id"": 104800, ""titulo_encontrado"": ""AL AMANECER"", ""director_encontrado"": ""EMILIE DELEUZE"", ""anio_encontrado"": 1999, ""metraje_encontrado"": ""LARGOMETRAJE-""}, {""icaa_id"": 27224, ""titulo_encontrado"": ""Alba significa amanecer"", ""director_encontrado"": ""ALICIA VERDÉS"", ""anio_encontrado"": 2024, ""metraje_encontrado"": ""CORTOMETRAJE- Cine Ficción""}, {""icaa_id"": 509250, ""titulo_encontrado"": ""ALEGRE AMANECER"", ""director_encontrado"": ""ALEX SEGAL"", ""anio_encontrado"": 1964, ""metraje_encontrado"": ""LARGOMETRAJE-""}, {""icaa_id"": 632751, ""titulo_encontrado"": ""ALTAMIRA, EL AMANECER DEL ARTE"", ""director_encontrado"": ""PEDRO ALBERTO SAURA"", ""anio_encontrado"": 1981, ""metraje_encontrado"": ""CORTOMETRAJE-""}, {""icaa_id"": 683051, ""titulo_encontrado"": ""Amanecer"", ""director_encontrado"": ""F. W. MURNAU"", ""anio_encontrado"": 1927, ""metraje_encontrado"": ""LARGOMETRAJE-""}, {""icaa_id"": 202823, ""titulo_encontrado"": ""AMANECER"", ""director_encontrado"": ""MARTINA SÁEZ SAVI"", ""anio_encontrado"": 2024, ""metraje_encontrado"": ""CORTOMETRAJE- Cine Documental""}, {""icaa_id"": 1438640, ""titulo_encontrado"": ""AMANECER"", ""director_encontrado"": ""DESCONOCIDO"", ""anio_encontrado"": null, ""metraje_encontrado"": ""CORTOMETRAJE- Video Ficción""}, {""icaa_id"": 562730, ""titulo_encontrado"": ""AMANECER DE AMOR"", ""director_encontrado"": ""E. MASON HOPPER"", ""anio_encontrado"": 1929, ""metraje_encontrado"": ""LARGOMETRAJE-""}, {""icaa_id"": 8041840, ""titulo_encontrado"": ""AMANECER DE LOS MAYAS, EL"", ""director_encontrado"": ""DESCONOCIDO"", ""anio_encontrado"": 2003, ""metraje_encontrado"": ""LARGOMETRAJE- Video Ficción""}, {""icaa_id"": 7584740, ""titulo_encontrado"": ""AMANECER DE LOS VAMPIROS, EL"", ""director_encontrado"": ""JEAN ROLLIN"", ""anio_encontrado"": 1970, ""metraje_encontrado"": ""LARGOMETRAJE- Video Ficción""}, {""icaa_id"": 9490740, ""titulo_encontrado"": ""AMANECER DE LOS ZOMBIES, EL"", ""director_encontrado"": ""MIKE HURST"", ""anio_encontrado"": 2005, ""metraje_encontrado"": ""LARGOMETRAJE- Video Ficción""}, {""icaa_id"": 79005, ""titulo_encontrado"": ""AMANECER DE UN SUEÑO, EL"", ""director_encontrado"": ""FREDDY MAS FRANQUEZA"", ""anio_encontrado"": 2009, ""metraje_encontrado"": ""LARGOMETRAJE-""}, {""icaa_id"": 67830, ""titulo_encontrado"": ""Amanecer de una vida"", ""director_encontrado"": ""DAVID J. NIEVES"", ""anio_encontrado"": 1965, ""metraje_encontrado"": ""CORTOMETRAJE-""}, {""icaa_id"": 11892540, ""titulo_encontrado"": ""AMANECER DEL HOMBRE, EL"", ""director_encontrado"": ""JACQUES MALATERRE"", ""anio_encontrado"": 2007, ""metraje_encontrado"": ""LARGOMETRAJE- Video Ficción""}, {""icaa_id"": 136813, ""titulo_encontrado"": ""AMANECER DEL PLANETA DE LOS SIMIOS, EL"", ""director_encontrado"": ""MATT REEVES"", ""anio_encontrado"": 2014, ""metraje_encontrado"": ""LARGOMETRAJE-""}, {""icaa_id"": 89703, ""titulo_encontrado"": ""AMANECER EN ASIA"", ""director_encontrado"": ""DIONISIO PÉREZ GALINDO"", ""anio_encontrado"": 2007, ""metraje_encontrado"": ""LARGOMETRAJE-""}, {""icaa_id"": 146710, ""titulo_encontrado"": ""AMANECER EN EL NUEVO MUNDO"", ""director_encontrado"": ""CARLOS IBÁÑEZ HERRERO"", ""anio_encontrado"": 2015, ""metraje_encontrado"": ""LARGOMETRAJE-""}, {""icaa_id"": 221250, ""titulo_encontrado"": ""Amanecer en Puerta Oscura"", ""director_encontrado"": ""JOSÉ MARÍA FORQUÉ"", ""anio_encontrado"": 1957, ""metraje_encontrado"": ""LARGOMETRAJE-""}, {""icaa_id"": 12944040, ""titulo_encontrado"": ""AMANECER EN SOCORRO"", ""director_encontrado"": ""GEORGE SHERMAN"", ""anio_encontrado"": 1954, ""metraje_encontrado"": ""LARGOMETRAJE- Video Ficción""}, {""icaa_id"": 400430, ""titulo_encontrado"": ""AMANECER INCIERTO"", ""director_encontrado"": ""VAL GUEST"", ""anio_encontrado"": 1956, ""metraje_encontrado"": ""LARGOMETRAJE-""}, {""icaa_id"": 254284, ""titulo_encontrado"": ""AMANECER ROJO"", ""director_encontrado"": ""JOHN MILIUS"", ""anio_encontrado"": 1984, ""metraje_encontrado"": ""LARGOMETRAJE-""}, {""icaa_id"": 22996, ""titulo_encontrado"": ""Abierto hasta el amanecer"", ""director_encontrado"": ""ROBERT. RODRIGUEZ"", ""anio_encontrado"": 1995, ""metraje_encontrado"": ""LARGOMETRAJE-""}, {""icaa_id"": 87599, ""titulo_encontrado"": ""ABIERTO HASTA EL AMANECER 2: TEXAS BLOOD MONEY"", ""director_encontrado"": ""SCOTT SPIEGEL"", ""anio_encontrado"": 1999, ""metraje_encontrado"": ""LARGOMETRAJE-""}, {""icaa_id"": 15201, ""titulo_encontrado"": ""ABIERTO HASTA EL AMANECER 3 -LA HIJA DEL VERDUGO"", ""director_encontrado"": ""P.J. PESCE"", ""anio_encontrado"": 1999, ""metraje_encontrado"": ""LARGOMETRAJE-""}, {""icaa_id"": 104800, ""titulo_encontrado"": ""AL AMANECER"", ""director_encontrado"": ""EMILIE DELEUZE"", ""anio_encontrado"": 1999, ""metraje_encontrado"": ""LARGOMETRAJE-""}, {""icaa_id"": 27224, ""titulo_encontrado"": ""Alba significa amanecer"", ""director_encontrado"": ""ALICIA VERDÉS"", ""anio_encontrado"": 2024, ""metraje_encontrado"": ""CORTOMETRAJE- Cine Ficción""}, {""icaa_id"": 509250, ""titulo_encontrado"": ""ALEGRE AMANECER"", ""director_encontrado"": ""ALEX SEGAL"", ""anio_encontrado"": 1964, ""metraje_encontrado"": ""LARGOMETRAJE-""}, {""icaa_id"": 632751, ""titulo_encontrado"": ""ALTAMIRA, EL AMANECER DEL ARTE"", ""director_encontrado"": ""PEDRO ALBERTO SAURA"", ""anio_encontrado"": 1981, ""metraje_encontrado"": ""CORTOMETRAJE-""}, {""icaa_id"": 683051, ""titulo_encontrado"": ""Amanecer"", ""director_encontrado"": ""F. W. MURNAU"", ""anio_encontrado"": 1927, ""metraje_encontrado"": ""LARGOMETRAJE-""}, {""icaa_id"": 202823, ""titulo_encontrado"": ""AMANECER"", ""director_encontrado"": ""MARTINA SÁEZ SAVI"", ""anio_encontrado"": 2024, ""metraje_encontrado"": ""CORTOMETRAJE- Cine Documental""}, {""icaa_id"": 1438640, ""titulo_encontrado"": ""AMANECER"", ""director_encontrado"": ""DESCONOCIDO"", ""anio_encontrado"": null, ""metraje_encontrado"": ""CORTOMETRAJE- Video Ficción""}, {""icaa_id"": 562730, ""titulo_encontrado"": ""AMANECER DE AMOR"", ""director_encontrado"": ""E. MASON HOPPER"", ""anio_encontrado"": 1929, ""metraje_encontrado"": ""LARGOMETRAJE-""}, {""icaa_id"": 8041840, ""titulo_encontrado"": ""AMANECER DE LOS MAYAS, EL"", ""director_encontrado"": ""DESCONOCIDO"", ""anio_encontrado"": 2003, ""metraje_encontrado"": ""LARGOMETRAJE- Video Ficción""}, {""icaa_id"": 7584740, ""titulo_encontrado"": ""AMANECER DE LOS VAMPIROS, EL"", ""director_encontrado"": ""JEAN ROLLIN"", ""anio_encontrado"": 1970, ""metraje_encontrado"": ""LARGOMETRAJE- Video Ficción""}, {""icaa_id"": 9490740, ""titulo_encontrado"": ""AMANECER DE LOS ZOMBIES, EL"", ""director_encontrado"": ""MIKE HURST"", ""anio_encontrado"": 2005, ""metraje_encontrado"": ""LARGOMETRAJE- Video Ficción""}, {""icaa_id"": 79005, ""titulo_encontrado"": ""AMANECER DE UN SUEÑO, EL"", ""director_encontrado"": ""FREDDY MAS FRANQUEZA"", ""anio_encontrado"": 2009, ""metraje_encontrado"": ""LARGOMETRAJE-""}, {""icaa_id"": 67830, ""titulo_encontrado"": ""Amanecer de una vida"", ""director_encontrado"": ""DAVID J. NIEVES"", ""anio_encontrado"": 1965, ""metraje_encontrado"": ""CORTOMETRAJE-""}, {""icaa_id"": 11892540, ""titulo_encontrado"": ""AMANECER DEL HOMBRE, EL"", ""director_encontrado"": ""JACQUES MALATERRE"", ""anio_encontrado"": 2007, ""metraje_encontrado"": ""LARGOMETRAJE- Video Ficción""}, {""icaa_id"": 136813, ""titulo_encontrado"": ""AMANECER DEL PLANETA DE LOS SIMIOS, EL"", ""director_encontrado"": ""MATT REEVES"", ""anio_encontrado"": 2014, ""metraje_encontrado"": ""LARGOMETRAJE-""}, {""icaa_id"": 89703, ""titulo_encontrado"": ""AMANECER EN ASIA"", ""director_encontrado"": ""DIONISIO PÉREZ GALINDO"", ""anio_encontrado"": 2007, ""metraje_encontrado"": ""LARGOMETRAJE-""}, {""icaa_id"": 146710, ""titulo_encontrado"": ""AMANECER EN EL NUEVO MUNDO"", ""director_encontrado"": ""CARLOS IBÁÑEZ HERRERO"", ""anio_encontrado"": 2015, ""metraje_encontrado"": ""LARGOMETRAJE-""}, {""icaa_id"": 221250, ""titulo_encontrado"": ""Amanecer en Puerta Oscura"", ""director_encontrado"": ""JOSÉ MARÍA FORQUÉ"", ""anio_encontrado"": 1957, ""metraje_encontrado"": ""LARGOMETRAJE-""}, {""icaa_id"": 12944040, ""titulo_encontrado"": ""AMANECER EN SOCORRO"", ""director_encontrado"": ""GEORGE SHERMAN"", ""anio_encontrado"": 1954, ""metraje_encontrado"": ""LARGOMETRAJE- Video Ficción""}, {""icaa_id"": 400430, ""titulo_encontrado"": ""AMANECER INCIERTO"", ""director_encontrado"": ""VAL GUEST"", ""anio_encontrado"": 1956, ""metraje_encontrado"": ""LARGOMETRAJE-""}, {""icaa_id"": 254284, ""titulo_encontrado"": ""AMANECER ROJO"", ""director_encontrado"": ""JOHN MILIUS"", ""anio_encontrado"": 1984, ""metraje_encontrado"": ""LARGOMETRAJE-""}, {""icaa_id"": 22996, ""titulo_encontrado"": ""Abierto hasta el amanecer"", ""director_encontrado"": ""ROBERT. RODRIGUEZ"", ""anio_encontrado"": 1995, ""metraje_encontrado"": ""LARGOMETRAJE-""}, {""icaa_id"": 87599, ""titulo_encontrado"": ""ABIERTO HASTA EL AMANECER 2: TEXAS BLOOD MONEY"", ""director_encontrado"": ""SCOTT SPIEGEL"", ""anio_encontrado"": 1999, ""metraje_encontrado"": ""LARGOMETRAJE-""}, {""icaa_id"": 15201, ""titulo_encontrado"": ""ABIERTO HASTA EL AMANECER 3 -LA HIJA DEL VERDUGO"", ""director_encontrado"": ""P.J. PESCE"", ""anio_encontrado"": 1999, ""metraje_encontrado"": ""LARGOMETRAJE-""}, {""icaa_id"": 104800, ""titulo_encontrado"": ""AL AMANECER"", ""director_encontrado"": ""EMILIE DELEUZE"", ""anio_encontrado"": 1999, ""metraje_encontrado"": ""LARGOMETRAJE-""}, {""icaa_id"": 27224, ""titulo_encontrado"": ""Alba significa amanecer"", ""director_encontrado"": ""ALICIA VERDÉS"", ""anio_encontrado"": 2024, ""metraje_encontrado"": ""CORTOMETRAJE- Cine Ficción""}, {""icaa_id"": 509250, ""titulo_encontrado"": ""ALEGRE AMANECER"", ""director_encontrado"": ""ALEX SEGAL"", ""anio_encontrado"": 1964, ""metraje_encontrado"": ""LARGOMETRAJE-""}, {""icaa_id"": 632751, ""titulo_encontrado"": ""ALTAMIRA, EL AMANECER DEL ARTE"", ""director_encontrado"": ""PEDRO ALBERTO SAURA"", ""anio_encontrado"": 1981, ""metraje_encontrado"": ""CORTOMETRAJE-""}, {""icaa_id"": 683051, ""titulo_encontrado"": ""Amanecer"", ""director_encontrado"": ""F. W. MURNAU"", ""anio_encontrado"": 1927, ""metraje_encontrado"": ""LARGOMETRAJE-""}, {""icaa_id"": 202823, ""titulo_encontrado"": ""AMANECER"", ""director_encontrado"": ""MARTINA SÁEZ SAVI"", ""anio_encontrado"": 2024, ""metraje_encontrado"": ""CORTOMETRAJE- Cine Documental""}, {""icaa_id"": 1438640, ""titulo_encontrado"": ""AMANECER"", ""director_encontrado"": ""DESCONOCIDO"", ""anio_encontrado"": null, ""metraje_encontrado"": ""CORTOMETRAJE- Video Ficción""}, {""icaa_id"": 562730, ""titulo_encontrado"": ""AMANECER DE AMOR"", ""director_encontrado"": ""E. MASON HOPPER"", ""anio_encontrado"": 1929, ""metraje_encontrado"": ""LARGOMETRAJE-""}, {""icaa_id"": 8041840, ""titulo_encontrado"": ""AMANECER DE LOS MAYAS, EL"", ""director_encontrado"": ""DESCONOCIDO"", ""anio_encontrado"": 2003, ""metraje_encontrado"": ""LARGOMETRAJE- Video Ficción""}, {""icaa_id"": 7584740, ""titulo_encontrado"": ""AMANECER DE LOS VAMPIROS, EL"", ""director_encontrado"": ""JEAN ROLLIN"", ""anio_encontrado"": 1970, ""metraje_encontrado"": ""LARGOMETRAJE- Video Ficción""}, {""icaa_id"": 9490740, ""titulo_encontrado"": ""AMANECER DE LOS ZOMBIES, EL"", ""director_encontrado"": ""MIKE HURST"", ""anio_encontrado"": 2005, ""metraje_encontrado"": ""LARGOMETRAJE- Video Ficción""}, {""icaa_id"": 79005, ""titulo_encontrado"": ""AMANECER DE UN SUEÑO, EL"", ""director_encontrado"": ""FREDDY MAS FRANQUEZA"", ""anio_encontrado"": 2009, ""metraje_encontrado"": ""LARGOMETRAJE-""}, {""icaa_id"": 67830, ""titulo_encontrado"": ""Amanecer de una vida"", ""director_encontrado"": ""DAVID J. NIEVES"", ""anio_encontrado"": 1965, ""metraje_encontrado"": ""CORTOMETRAJE-""}, {""icaa_id"": 11892540, ""titulo_encontrado"": ""AMANECER DEL HOMBRE, EL"", ""director_encontrado"": ""JACQUES MALATERRE"", ""anio_encontrado"": 2007, ""metraje_encontrado"": ""LARGOMETRAJE- Video Ficción""}, {""icaa_id"": 136813, ""titulo_encontrado"": ""AMANECER DEL PLANETA DE LOS SIMIOS, EL"", ""director_encontrado"": ""MATT REEVES"", ""anio_encontrado"": 2014, ""metraje_encontrado"": ""LARGOMETRAJE-""}, {""icaa_id"": 89703, ""titulo_encontrado"": ""AMANECER EN ASIA"", ""director_encontrado"": ""DIONISIO PÉREZ GALINDO"", ""anio_encontrado"": 2007, ""metraje_encontrado"": ""LARGOMETRAJE-""}, {""icaa_id"": 146710, ""titulo_encontrado"": ""AMANECER EN EL NUEVO MUNDO"", ""director_encontrado"": ""CARLOS IBÁÑEZ HERRERO"", ""anio_encontrado"": 2015, ""metraje_encontrado"": ""LARGOMETRAJE-""}, {""icaa_id"": 221250, ""titulo_encontrado"": ""Amanecer en Puerta Oscura"", ""director_encontrado"": ""JOSÉ MARÍA FORQUÉ"", ""anio_encontrado"": 1957, ""metraje_encontrado"": ""LARGOMETRAJE-""}, {""icaa_id"": 12944040, ""titulo_encontrado"": ""AMANECER EN SOCORRO"", ""director_encontrado"": ""GEORGE SHERMAN"", ""anio_encontrado"": 1954, ""metraje_encontrado"": ""LARGOMETRAJE- Video Ficción""}, {""icaa_id"": 400430, ""titulo_encontrado"": ""AMANECER INCIERTO"", ""director_encontrado"": ""VAL GUEST"", ""anio_encontrado"": 1956, ""metraje_encontrado"": ""LARGOMETRAJE-""}, {""icaa_id"": 254284, ""titulo_encontrado"": ""AMANECER ROJO"", ""director_encontrado"": ""JOHN MILIUS"", ""anio_encontrado"": 1984, ""metraje_encontrado"": ""LARGOMETRAJE-""}, {""icaa_id"": 22996, ""titulo_encontrado"": ""Abierto hasta el amanecer"", ""director_encontrado"": ""ROBERT. RODRIGUEZ"", ""anio_encontrado"": 1995, ""metraje_encontrado"": ""LARGOMETRAJE-""}, {""icaa_id"": 87599, ""titulo_encontrado"": ""ABIERTO HASTA EL AMANECER 2: TEXAS BLOOD MONEY"", ""director_encontrado"": ""SCOTT SPIEGEL"", ""anio_encontrado"": 1999, ""metraje_encontrado"": ""LARGOMETRAJE-""}, {""icaa_id"": 15201, ""titulo_encontrado"": ""ABIERTO HASTA EL AMANECER 3 -LA HIJA DEL VERDUGO"", ""director_encontrado"": ""P.J. PESCE"", ""anio_encontrado"": 1999, ""metraje_encontrado"": ""LARGOMETRAJE-""}, {""icaa_id"": 104800, ""titulo_encontrado"": ""AL AMANECER"", ""director_encontrado"": ""EMILIE DELEUZE"", ""anio_encontrado"": 1999, ""metraje_encontrado"": ""LARGOMETRAJE-""}, {""icaa_id"": 27224, ""titulo_encontrado"": ""Alba significa amanecer"", ""director_encontrado"": ""ALICIA VERDÉS"", ""anio_encontrado"": 2024, ""metraje_encontrado"": ""CORTOMETRAJE- Cine Ficción""}, {""icaa_id"": 509250, ""titulo_encontrado"": ""ALEGRE AMANECER"", ""director_encontrado"": ""ALEX SEGAL"", ""anio_encontrado"": 1964, ""metraje_encontrado"": ""LARGOMETRAJE-""}, {""icaa_id"": 632751, ""titulo_encontrado"": ""ALTAMIRA, EL AMANECER DEL ARTE"", ""director_encontrado"": ""PEDRO ALBERTO SAURA"", ""anio_encontrado"": 1981, ""metraje_encontrado"": ""CORTOMETRAJE-""}, {""icaa_id"": 683051, ""titulo_encontrado"": ""Amanecer"", ""director_encontrado"": ""F. W. MURNAU"", ""anio_encontrado"": 1927, ""metraje_encontrado"": ""LARGOMETRAJE-""}, {""icaa_id"": 202823, ""titulo_encontrado"": ""AMANECER"", ""director_encontrado"": ""MARTINA SÁEZ SAVI"", ""anio_encontrado"": 2024, ""metraje_encontrado"": ""CORTOMETRAJE- Cine Documental""}, {""icaa_id"": 1438640, ""titulo_encontrado"": ""AMANECER"", ""director_encontrado"": ""DESCONOCIDO"", ""anio_encontrado"": null, ""metraje_encontrado"": ""CORTOMETRAJE- Video Ficción""}, {""icaa_id"": 562730, ""titulo_encontrado"": ""AMANECER DE AMOR"", ""director_encontrado"": ""E. MASON HOPPER"", ""anio_encontrado"": 1929, ""metraje_encontrado"": ""LARGOMETRAJE-""}, {""icaa_id"": 8041840, ""titulo_encontrado"": ""AMANECER DE LOS MAYAS, EL"", ""director_encontrado"": ""DESCONOCIDO"", ""anio_encontrado"": 2003, ""metraje_encontrado"": ""LARGOMETRAJE- Video Ficción""}, {""icaa_id"": 7584740, ""titulo_encontrado"": ""AMANECER DE LOS VAMPIROS, EL"", ""director_encontrado"": ""JEAN ROLLIN"", ""anio_encontrado"": 1970, ""metraje_encontrado"": ""LARGOMETRAJE- Video Ficción""}, {""icaa_id"": 9490740, ""titulo_encontrado"": ""AMANECER DE LOS ZOMBIES, EL"", ""director_encontrado"": ""MIKE HURST"", ""anio_encontrado"": 2005, ""metraje_encontrado"": ""LARGOMETRAJE- Video Ficción""}, {""icaa_id"": 79005, ""titulo_encontrado"": ""AMANECER DE UN SUEÑO, EL"", ""director_encontrado"": ""FREDDY MAS FRANQUEZA"", ""anio_encontrado"": 2009, ""metraje_encontrado"": ""LARGOMETRAJE-""}, {""icaa_id"": 67830, ""titulo_encontrado"": ""Amanecer de una vida"", ""director_encontrado"": ""DAVID J. NIEVES"", ""anio_encontrado"": 1965, ""metraje_encontrado"": ""CORTOMETRAJE-""}, {""icaa_id"": 11892540, ""titulo_encontrado"": ""AMANECER DEL HOMBRE, EL"", ""director_encontrado"": ""JACQUES MALATERRE"", ""anio_encontrado"": 2007, ""metraje_encontrado"": ""LARGOMETRAJE- Video Ficción""}, {""icaa_id"": 136813, ""titulo_encontrado"": ""AMANECER DEL PLANETA DE LOS SIMIOS, EL"", ""director_encontrado"": ""MATT REEVES"", ""anio_encontrado"": 2014, ""metraje_encontrado"": ""LARGOMETRAJE-""}, {""icaa_id"": 89703, ""titulo_encontrado"": ""AMANECER EN ASIA"", ""director_encontrado"": ""DIONISIO PÉREZ GALINDO"", ""anio_encontrado"": 2007, ""metraje_encontrado"": ""LARGOMETRAJE-""}, {""icaa_id"": 146710, ""titulo_encontrado"": ""AMANECER EN EL NUEVO MUNDO"", ""director_encontrado"": ""CARLOS IBÁÑEZ HERRERO"", ""anio_encontrado"": 2015, ""metraje_encontrado"": ""LARGOMETRAJE-""}, {""icaa_id"": 221250, ""titulo_encontrado"": ""Amanecer en Puerta Oscura"", ""director_encontrado"": ""JOSÉ MARÍA FORQUÉ"", ""anio_encontrado"": 1957, ""metraje_encontrado"": ""LARGOMETRAJE-""}, {""icaa_id"": 12944040, ""titulo_encontrado"": ""AMANECER EN SOCORRO"", ""director_encontrado"": ""GEORGE SHERMAN"", ""anio_encontrado"": 1954, ""metraje_encontrado"": ""LARGOMETRAJE- Video Ficción""}, {""icaa_id"": 400430, ""titulo_encontrado"": ""AMANECER INCIERTO"", ""director_encontrado"": ""VAL GUEST"", ""anio_encontrado"": 1956, ""metraje_encontrado"": ""LARGOMETRAJE-""}, {""icaa_id"": 254284, ""titulo_encontrado"": ""AMANECER ROJO"", ""director_encontrado"": ""JOHN MILIUS"", ""anio_encontrado"": 1984, ""metraje_encontrado"": ""LARGOMETRAJE-""}, {""icaa_id"": 22996, ""titulo_encontrado"": ""Abierto hasta el amanecer"", ""director_encontrado"": ""ROBERT. RODRIGUEZ"", ""anio_encontrado"": 1995, ""metraje_encontrado"": ""LARGOMETRAJE-""}, {""icaa_id"": 87599, ""titulo_encontrado"": ""ABIERTO HASTA EL AMANECER 2: TEXAS BLOOD MONEY"", ""director_encontrado"": ""SCOTT SPIEGEL"", ""anio_encontrado"": 1999, ""metraje_encontrado"": ""LARGOMETRAJE-""}, {""icaa_id"": 15201, ""titulo_encontrado"": ""ABIERTO HASTA EL AMANECER 3 -LA HIJA DEL VERDUGO"", ""director_encontrado"": ""P.J. PESCE"", ""anio_encontrado"": 1999, ""metraje_encontrado"": ""LARGOMETRAJE-""}, {""icaa_id"": 104800, ""titulo_encontrado"": ""AL AMANECER"", ""director_encontrado"": ""EMILIE DELEUZE"", ""anio_encontrado"": 1999, ""metraje_encontrado"": ""LARGOMETRAJE-""}, {""icaa_id"": 27224, ""titulo_encontrado"": ""Alba significa amanecer"", ""director_encontrado"": ""ALICIA VERDÉS"", ""anio_encontrado"": 2024, ""metraje_encontrado"": ""CORTOMETRAJE- Cine Ficción""}, {""icaa_id"": 509250, ""titulo_encontrado"": ""ALEGRE AMANECER"", ""director_encontrado"": ""ALEX SEGAL"", ""anio_encontrado"": 1964, ""metraje_encontrado"": ""LARGOMETRAJE-""}, {""icaa_id"": 632751, ""titulo_encontrado"": ""ALTAMIRA, EL AMANECER DEL ARTE"", ""director_encontrado"": ""PEDRO ALBERTO SAURA"", ""anio_encontrado"": 1981, ""metraje_encontrado"": ""CORTOMETRAJE-""}, {""icaa_id"": 683051, ""titulo_encontrado"": ""Amanecer"", ""director_encontrado"": ""F. W. MURNAU"", ""anio_encontrado"": 1927, ""metraje_encontrado"": ""LARGOMETRAJE-""}, {""icaa_id"": 202823, ""titulo_encontrado"": ""AMANECER"", ""director_encontrado"": ""MARTINA SÁEZ SAVI"", ""anio_encontrado"": 2024, ""metraje_encontrado"": ""CORTOMETRAJE- Cine Documental""}, {""icaa_id"": 1438640, ""titulo_encontrado"": ""AMANECER"", ""director_encontrado"": ""DESCONOCIDO"", ""anio_encontrado"": null, ""metraje_encontrado"": ""CORTOMETRAJE- Video Ficción""}, {""icaa_id"": 562730, ""titulo_encontrado"": ""AMANECER DE AMOR"", ""director_encontrado"": ""E. MASON HOPPER"", ""anio_encontrado"": 1929, ""metraje_encontrado"": ""LARGOMETRAJE-""}, {""icaa_id"": 8041840, ""titulo_encontrado"": ""AMANECER DE LOS MAYAS, EL"", ""director_encontrado"": ""DESCONOCIDO"", ""anio_encontrado"": 2003, ""metraje_encontrado"": ""LARGOMETRAJE- Video Ficción""}, {""icaa_id"": 7584740, ""titulo_encontrado"": ""AMANECER DE LOS VAMPIROS, EL"", ""director_encontrado"": ""JEAN ROLLIN"", ""anio_encontrado"": 1970, ""metraje_encontrado"": ""LARGOMETRAJE- Video Ficción""}, {""icaa_id"": 9490740, ""titulo_encontrado"": ""AMANECER DE LOS ZOMBIES, EL"", ""director_encontrado"": ""MIKE HURST"", ""anio_encontrado"": 2005, ""metraje_encontrado"": ""LARGOMETRAJE- Video Ficción""}, {""icaa_id"": 79005, ""titulo_encontrado"": ""AMANECER DE UN SUEÑO, EL"", ""director_encontrado"": ""FREDDY MAS FRANQUEZA"", ""anio_encontrado"": 2009, ""metraje_encontrado"": ""LARGOMETRAJE-""}, {""icaa_id"": 67830, ""titulo_encontrado"": ""Amanecer de una vida"", ""director_encontrado"": ""DAVID J. NIEVES"", ""anio_encontrado"": 1965, ""metraje_encontrado"": ""CORTOMETRAJE-""}, {""icaa_id"": 11892540, ""titulo_encontrado"": ""AMANECER DEL HOMBRE, EL"", ""director_encontrado"": ""JACQUES MALATERRE"", ""anio_encontrado"": 2007, ""metraje_encontrado"": ""LARGOMETRAJE- Video Ficción""}, {""icaa_id"": 136813, ""titulo_encontrado"": ""AMANECER DEL PLANETA DE LOS SIMIOS, EL"", ""director_encontrado"": ""MATT REEVES"", ""anio_encontrado"": 2014, ""metraje_encontrado"": ""LARGOMETRAJE-""}, {""icaa_id"": 89703, ""titulo_encontrado"": ""AMANECER EN ASIA"", ""director_encontrado"": ""DIONISIO PÉREZ GALINDO"", ""anio_encontrado"": 2007, ""metraje_encontrado"": ""LARGOMETRAJE-""}, {""icaa_id"": 146710, ""titulo_encontrado"": ""AMANECER EN EL NUEVO MUNDO"", ""director_encontrado"": ""CARLOS IBÁÑEZ HERRERO"", ""anio_encontrado"": 2015, ""metraje_encontrado"": ""LARGOMETRAJE-""}, {""icaa_id"": 221250, ""titulo_encontrado"": ""Amanecer en Puerta Oscura"", ""director_encontrado"": ""JOSÉ MARÍA FORQUÉ"", ""anio_encontrado"": 1957, ""metraje_encontrado"": ""LARGOMETRAJE-""}, {""icaa_id"": 12944040, ""titulo_encontrado"": ""AMANECER EN SOCORRO"", ""director_encontrado"": ""GEORGE SHERMAN"", ""anio_encontrado"": 1954, ""metraje_encontrado"": ""LARGOMETRAJE- Video Ficción""}, {""icaa_id"": 400430, ""titulo_encontrado"": ""AMANECER INCIERTO"", ""director_encontrado"": ""VAL GUEST"", ""anio_encontrado"": 1956, ""metraje_encontrado"": ""LARGOMETRAJE-""}, {""icaa_id"": 254284, ""titulo_encontrado"": ""AMANECER ROJO"", ""director_encontrado"": ""JOHN MILIUS"", ""anio_encontrado"": 1984, ""metraje_encontrado"": ""LARGOMETRAJE-""}]";False
Ignifugas;29/05/2023;Ignifugas;;sin_coincidencia_exacta_titulo;;;;;0.0;[];False
Voladura 76;12/11/2025;Voladura 76;;sin_coincidencia_exacta_titulo;;;;;0.0;[];False
Cine, registro vivo de nuestra memoria;12/08/2022;Cine, registro vivo de nuestra memoria;;sin_coincidencia_exacta_titulo;;;;;0.0;[];False
Hijos de Dios;16/10/2025;Hijos de Dios;;sin_coincidencia_exacta_titulo;;;;;6.0;"[{""icaa_id"": 201687, ""titulo_encontrado"": ""Hijos de un dios menor"", ""director_encontrado"": ""RANDA HAINES"", ""anio_encontrado"": 1986, ""metraje_encontrado"": ""LARGOMETRAJE-""}, {""icaa_id"": 7044340, ""titulo_encontrado"": ""HIJOS DE UN MISMO DIOS"", ""director_encontrado"": ""DESCONOCIDO"", ""anio_encontrado"": 2001, ""metraje_encontrado"": ""LARGOMETRAJE- Video Ficción""}, {""icaa_id"": 120201, ""titulo_encontrado"": ""HIJOS DE UN MISMO DIOS (JAINKOAREN ERTZAK)"", ""director_encontrado"": ""YUREK BOGAYEVICZ"", ""anio_encontrado"": 2001, ""metraje_encontrado"": ""LARGOMETRAJE-""}, {""icaa_id"": 5763140, ""titulo_encontrado"": ""STARGATE SG-1 TM (LOS HIJOS DE LOS DIOSES)"", ""director_encontrado"": ""MARIO AZZOPARDI"", ""anio_encontrado"": 1997, ""metraje_encontrado"": ""LARGOMETRAJE- Video Ficción""}, {""icaa_id"": 6321440, ""titulo_encontrado"": ""STARGATE SG-1 TM (LOS HIJOS DE LOS DIOSES)"", ""director_encontrado"": ""MARIO AZZOPARD"", ""anio_encontrado"": 1997, ""metraje_encontrado"": ""LARGOMETRAJE- Video Ficción""}, {""icaa_id"": 1064040, ""titulo_encontrado"": ""TODOS LOS HIJOS DE DIOS"", ""director_encontrado"": ""DESCONOCIDO"", ""anio_encontrado"": null, ""metraje_encontrado"": ""CORTOMETRAJE- Video Ficción""}]";False
Nubes y claros;21/06/2025;Nubes y claros;;sin_coincidencia_exacta_titulo;;;;;0.0;[];False
Andromedas;06/03/2021;Andromedas;;sin_coincidencia_exacta_titulo;;;;;0.0;[];False
Sinsombrero, Las;09/03/2022;Sinsombrero;;sin_coincidencia_exacta_titulo;;;;;0.0;[];False
Deuses de Pedra;26/11/2025;Deuses de Pedra;;sin_coincidencia_exacta_titulo;;;;;0.0;[];False
Semana Santa (re);01/02/2019;Semana Santa;;sin_coincidencia_exacta_titulo;;;;;96.0;"[{""icaa_id"": 8597640, ""titulo_encontrado"": ""A CADA PASO. SEMANA SANTA SALAMANCA 2004"", ""director_encontrado"": ""IGNACIO PRIETO MARTIN"", ""anio_encontrado"": 2004, ""metraje_encontrado"": ""LARGOMETRAJE- Video Ficción""}, {""icaa_id"": 4675140, ""titulo_encontrado"": ""AGUELLA SEMANA SANTA CAPITULO II"", ""director_encontrado"": ""J.L. RUANO"", ""anio_encontrado"": 1994, ""metraje_encontrado"": ""CORTOMETRAJE- Video Ficción""}, {""icaa_id"": 4730540, ""titulo_encontrado"": ""AQUELLA SEMANA SANTA CAP. VIII"", ""director_encontrado"": ""JUAN LUIS RUANO"", ""anio_encontrado"": 1994, ""metraje_encontrado"": ""CORTOMETRAJE- Video Ficción""}, {""icaa_id"": 4774640, ""titulo_encontrado"": ""AQUELLA SEMANA SANTA CAP. XI"", ""director_encontrado"": ""J.L. RUANO"", ""anio_encontrado"": 1995, ""metraje_encontrado"": ""CORTOMETRAJE- Video Ficción""}, {""icaa_id"": 4790140, ""titulo_encontrado"": ""AQUELLA SEMANA SANTA CAP.XII"", ""director_encontrado"": ""J.L. RUANO"", ""anio_encontrado"": 1995, ""metraje_encontrado"": ""CORTOMETRAJE- Video Ficción""}, {""icaa_id"": 4747040, ""titulo_encontrado"": ""AQUELLA SEMANA SANTA CAPITULO IX"", ""director_encontrado"": ""J.L.RUANO"", ""anio_encontrado"": 1995, ""metraje_encontrado"": ""CORTOMETRAJE- Video Ficción""}, {""icaa_id"": 4714340, ""titulo_encontrado"": ""AQUELLA SEMANA SANTA CAPITULO VII"", ""director_encontrado"": ""J.L. RUANO"", ""anio_encontrado"": 1994, ""metraje_encontrado"": ""CORTOMETRAJE- Video Ficción""}, {""icaa_id"": 4747140, ""titulo_encontrado"": ""AQUELLA SEMANA SANTA CAPITULO X"", ""director_encontrado"": ""J.L.RUANO"", ""anio_encontrado"": 1995, ""metraje_encontrado"": ""CORTOMETRAJE- Video Ficción""}, {""icaa_id"": 4695140, ""titulo_encontrado"": ""AQUELLA SEMANA SANTA. CAPITULO IV"", ""director_encontrado"": ""J.L. RUANO"", ""anio_encontrado"": 1994, ""metraje_encontrado"": ""CORTOMETRAJE- Video Ficción""}, {""icaa_id"": 4695240, ""titulo_encontrado"": ""AQUELLA SEMANA SANTA. CAPITULO V"", ""director_encontrado"": ""J.L. RUANO"", ""anio_encontrado"": 1994, ""metraje_encontrado"": ""CORTOMETRAJE- Video Ficción""}, {""icaa_id"": 4675240, ""titulo_encontrado"": ""AQUELLA SEMANA SANTA.CAPITULO III"", ""director_encontrado"": ""J.L. RUANO"", ""anio_encontrado"": 1994, ""metraje_encontrado"": ""CORTOMETRAJE- Video Ficción""}, {""icaa_id"": 4711340, ""titulo_encontrado"": ""AQUELLA SEMANA SANTA.CAPITULO VI"", ""director_encontrado"": ""J.L. RUANO"", ""anio_encontrado"": 1994, ""metraje_encontrado"": ""CORTOMETRAJE- Video Ficción""}, {""icaa_id"": 5061840, ""titulo_encontrado"": ""CELEBRANDO LA SEMANA SANTA"", ""director_encontrado"": ""JOHNSON CUTMBERT"", ""anio_encontrado"": 1995, ""metraje_encontrado"": ""LARGOMETRAJE- Video Ficción""}, {""icaa_id"": 82516, ""titulo_encontrado"": ""CRONICA MEMORIA DE LA SEMANA SANTA DE CREVILLENTE"", ""director_encontrado"": ""ANTONIO RAMON GUILLABERT TORREGROSA"", ""anio_encontrado"": 2016, ""metraje_encontrado"": ""CORTOMETRAJE- Cine Documental""}, {""icaa_id"": 10574940, ""titulo_encontrado"": ""GORDO ALBERTO ESPECIAL SEMANA SANTA"", ""director_encontrado"": ""DESCONOCIDO"", ""anio_encontrado"": 1978, ""metraje_encontrado"": ""CORTOMETRAJE- Video Ficción""}, {""icaa_id"": 96017, ""titulo_encontrado"": ""INRI. LA PELÍCULA DE LA SEMANA SANTA DE ESTEPA"", ""director_encontrado"": ""MANU FERNÁNDEZ"", ""anio_encontrado"": 2020, ""metraje_encontrado"": ""LARGOMETRAJE- Cine Documental""}, {""icaa_id"": 4487040, ""titulo_encontrado"": ""JEREZ EN SEMANA SANTA-DOMINGO DE RAMOS"", ""director_encontrado"": ""FRANCISCO ORELLANA"", ""anio_encontrado"": 1994, ""metraje_encontrado"": ""CORTOMETRAJE- Video Ficción""}, {""icaa_id"": 4487440, ""titulo_encontrado"": ""JEREZ EN SEMANA SANTA-JUEVES SANTO"", ""director_encontrado"": ""FRANCISCO ORELLAMA"", ""anio_encontrado"": 1994, ""metraje_encontrado"": ""CORTOMETRAJE- Video Ficción""}, {""icaa_id"": 4487140, ""titulo_encontrado"": ""JEREZ EN SEMANA SANTA-LUNES SANTO"", ""director_encontrado"": ""FRANCISCO ORELLANA"", ""anio_encontrado"": 1994, ""metraje_encontrado"": ""CORTOMETRAJE- Video Ficción""}, {""icaa_id"": 4487240, ""titulo_encontrado"": ""JEREZ EN SEMANA SANTA-MARTES SANTO"", ""director_encontrado"": ""FRANCISCO ORELLANA"", ""anio_encontrado"": 1994, ""metraje_encontrado"": ""CORTOMETRAJE- Video Ficción""}, {""icaa_id"": 4487340, ""titulo_encontrado"": ""JEREZ EN SEMANA SANTA-MIERCOLES SANTO"", ""director_encontrado"": ""FRANCISCO ORELLANA"", ""anio_encontrado"": 1994, ""metraje_encontrado"": ""CORTOMETRAJE- Video Ficción""}, {""icaa_id"": 4487540, ""titulo_encontrado"": ""JEREZ EN SEMANA SANTA-VIERNES SANTO"", ""director_encontrado"": ""FRANCISCO ORELLANA"", ""anio_encontrado"": 1994, ""metraje_encontrado"": ""CORTOMETRAJE- Video Ficción""}, {""icaa_id"": 4487640, ""titulo_encontrado"": ""JEREZ EN SEMANA SANTA-VIERNES SANTO MADRUGADA"", ""director_encontrado"": ""FRANCISCO ORELLANA"", ""anio_encontrado"": 1994, ""metraje_encontrado"": ""CORTOMETRAJE- Video Ficción""}, {""icaa_id"": 10184440, ""titulo_encontrado"": ""OTRAS FORMAS DE ACERCARSE A DIOS SEMANA SANTA, MUHARRAM, THAIPUSAM, 9 EMPERADORES"", ""director_encontrado"": ""ALVARO GONZALEZ UBEDA-ROMERO"", ""anio_encontrado"": 2007, ""metraje_encontrado"": ""LARGOMETRAJE- Video Ficción""}, {""icaa_id"": 8597640, ""titulo_encontrado"": ""A CADA PASO. SEMANA SANTA SALAMANCA 2004"", ""director_encontrado"": ""IGNACIO PRIETO MARTIN"", ""anio_encontrado"": 2004, ""metraje_encontrado"": ""LARGOMETRAJE- Video Ficción""}, {""icaa_id"": 4675140, ""titulo_encontrado"": ""AGUELLA SEMANA SANTA CAPITULO II"", ""director_encontrado"": ""J.L. RUANO"", ""anio_encontrado"": 1994, ""metraje_encontrado"": ""CORTOMETRAJE- Video Ficción""}, {""icaa_id"": 4730540, ""titulo_encontrado"": ""AQUELLA SEMANA SANTA CAP. VIII"", ""director_encontrado"": ""JUAN LUIS RUANO"", ""anio_encontrado"": 1994, ""metraje_encontrado"": ""CORTOMETRAJE- Video Ficción""}, {""icaa_id"": 4774640, ""titulo_encontrado"": ""AQUELLA SEMANA SANTA CAP. XI"", ""director_encontrado"": ""J.L. RUANO"", ""anio_encontrado"": 1995, ""metraje_encontrado"": ""CORTOMETRAJE- Video Ficción""}, {""icaa_id"": 4790140, ""titulo_encontrado"": ""AQUELLA SEMANA SANTA CAP.XII"", ""director_encontrado"": ""J.L. RUANO"", ""anio_encontrado"": 1995, ""metraje_encontrado"": ""CORTOMETRAJE- Video Ficción""}, {""icaa_id"": 4747040, ""titulo_encontrado"": ""AQUELLA SEMANA SANTA CAPITULO IX"", ""director_encontrado"": ""J.L.RUANO"", ""anio_encontrado"": 1995, ""metraje_encontrado"": ""CORTOMETRAJE- Video Ficción""}, {""icaa_id"": 4714340, ""titulo_encontrado"": ""AQUELLA SEMANA SANTA CAPITULO VII"", ""director_encontrado"": ""J.L. RUANO"", ""anio_encontrado"": 1994, ""metraje_encontrado"": ""CORTOMETRAJE- Video Ficción""}, {""icaa_id"": 4747140, ""titulo_encontrado"": ""AQUELLA SEMANA SANTA CAPITULO X"", ""director_encontrado"": ""J.L.RUANO"", ""anio_encontrado"": 1995, ""metraje_encontrado"": ""CORTOMETRAJE- Video Ficción""}, {""icaa_id"": 4695140, ""titulo_encontrado"": ""AQUELLA SEMANA SANTA. CAPITULO IV"", ""director_encontrado"": ""J.L. RUANO"", ""anio_encontrado"": 1994, ""metraje_encontrado"": ""CORTOMETRAJE- Video Ficción""}, {""icaa_id"": 4695240, ""titulo_encontrado"": ""AQUELLA SEMANA SANTA. CAPITULO V"", ""director_encontrado"": ""J.L. RUANO"", ""anio_encontrado"": 1994, ""metraje_encontrado"": ""CORTOMETRAJE- Video Ficción""}, {""icaa_id"": 4675240, ""titulo_encontrado"": ""AQUELLA SEMANA SANTA.CAPITULO III"", ""director_encontrado"": ""J.L. RUANO"", ""anio_encontrado"": 1994, ""metraje_encontrado"": ""CORTOMETRAJE- Video Ficción""}, {""icaa_id"": 4711340, ""titulo_encontrado"": ""AQUELLA SEMANA SANTA.CAPITULO VI"", ""director_encontrado"": ""J.L. RUANO"", ""anio_encontrado"": 1994, ""metraje_encontrado"": ""CORTOMETRAJE- Video Ficción""}, {""icaa_id"": 5061840, ""titulo_encontrado"": ""CELEBRANDO LA SEMANA SANTA"", ""director_encontrado"": ""JOHNSON CUTMBERT"", ""anio_encontrado"": 1995, ""metraje_encontrado"": ""LARGOMETRAJE- Video Ficción""}, {""icaa_id"": 82516, ""titulo_encontrado"": ""CRONICA MEMORIA DE LA SEMANA SANTA DE CREVILLENTE"", ""director_encontrado"": ""ANTONIO RAMON GUILLABERT TORREGROSA"", ""anio_encontrado"": 2016, ""metraje_encontrado"": ""CORTOMETRAJE- Cine Documental""}, {""icaa_id"": 10574940, ""titulo_encontrado"": ""GORDO ALBERTO ESPECIAL SEMANA SANTA"", ""director_encontrado"": ""DESCONOCIDO"", ""anio_encontrado"": 1978, ""metraje_encontrado"": ""CORTOMETRAJE- Video Ficción""}, {""icaa_id"": 96017, ""titulo_encontrado"": ""INRI. LA PELÍCULA DE LA SEMANA SANTA DE ESTEPA"", ""director_encontrado"": ""MANU FERNÁNDEZ"", ""anio_encontrado"": 2020, ""metraje_encontrado"": ""LARGOMETRAJE- Cine Documental""}, {""icaa_id"": 4487040, ""titulo_encontrado"": ""JEREZ EN SEMANA SANTA-DOMINGO DE RAMOS"", ""director_encontrado"": ""FRANCISCO ORELLANA"", ""anio_encontrado"": 1994, ""metraje_encontrado"": ""CORTOMETRAJE- Video Ficción""}, {""icaa_id"": 4487440, ""titulo_encontrado"": ""JEREZ EN SEMANA SANTA-JUEVES SANTO"", ""director_encontrado"": ""FRANCISCO ORELLAMA"", ""anio_encontrado"": 1994, ""metraje_encontrado"": ""CORTOMETRAJE- Video Ficción""}, {""icaa_id"": 4487140, ""titulo_encontrado"": ""JEREZ EN SEMANA SANTA-LUNES SANTO"", ""director_encontrado"": ""FRANCISCO ORELLANA"", ""anio_encontrado"": 1994, ""metraje_encontrado"": ""CORTOMETRAJE- Video Ficción""}, {""icaa_id"": 4487240, ""titulo_encontrado"": ""JEREZ EN SEMANA SANTA-MARTES SANTO"", ""director_encontrado"": ""FRANCISCO ORELLANA"", ""anio_encontrado"": 1994, ""metraje_encontrado"": ""CORTOMETRAJE- Video Ficción""}, {""icaa_id"": 4487340, ""titulo_encontrado"": ""JEREZ EN SEMANA SANTA-MIERCOLES SANTO"", ""director_encontrado"": ""FRANCISCO ORELLANA"", ""anio_encontrado"": 1994, ""metraje_encontrado"": ""CORTOMETRAJE- Video Ficción""}, {""icaa_id"": 4487540, ""titulo_encontrado"": ""JEREZ EN SEMANA SANTA-VIERNES SANTO"", ""director_encontrado"": ""FRANCISCO ORELLANA"", ""anio_encontrado"": 1994, ""metraje_encontrado"": ""CORTOMETRAJE- Video Ficción""}, {""icaa_id"": 4487640, ""titulo_encontrado"": ""JEREZ EN SEMANA SANTA-VIERNES SANTO MADRUGADA"", ""director_encontrado"": ""FRANCISCO ORELLANA"", ""anio_encontrado"": 1994, ""metraje_encontrado"": ""CORTOMETRAJE- Video Ficción""}, {""icaa_id"": 10184440, ""titulo_encontrado"": ""OTRAS FORMAS DE ACERCARSE A DIOS SEMANA SANTA, MUHARRAM, THAIPUSAM, 9 EMPERADORES"", ""director_encontrado"": ""ALVARO GONZALEZ UBEDA-ROMERO"", ""anio_encontrado"": 2007, ""metraje_encontrado"": ""LARGOMETRAJE- Video Ficción""}, {""icaa_id"": 8597640, ""titulo_encontrado"": ""A CADA PASO. SEMANA SANTA SALAMANCA 2004"", ""director_encontrado"": ""IGNACIO PRIETO MARTIN"", ""anio_encontrado"": 2004, ""metraje_encontrado"": ""LARGOMETRAJE- Video Ficción""}, {""icaa_id"": 4675140, ""titulo_encontrado"": ""AGUELLA SEMANA SANTA CAPITULO II"", ""director_encontrado"": ""J.L. RUANO"", ""anio_encontrado"": 1994, ""metraje_encontrado"": ""CORTOMETRAJE- Video Ficción""}, {""icaa_id"": 4730540, ""titulo_encontrado"": ""AQUELLA SEMANA SANTA CAP. VIII"", ""director_encontrado"": ""JUAN LUIS RUANO"", ""anio_encontrado"": 1994, ""metraje_encontrado"": ""CORTOMETRAJE- Video Ficción""}, {""icaa_id"": 4774640, ""titulo_encontrado"": ""AQUELLA SEMANA SANTA CAP. XI"", ""director_encontrado"": ""J.L. RUANO"", ""anio_encontrado"": 1995, ""metraje_encontrado"": ""CORTOMETRAJE- Video Ficción""}, {""icaa_id"": 4790140, ""titulo_encontrado"": ""AQUELLA SEMANA SANTA CAP.XII"", ""director_encontrado"": ""J.L. RUANO"", ""anio_encontrado"": 1995, ""metraje_encontrado"": ""CORTOMETRAJE- Video Ficción""}, {""icaa_id"": 4747040, ""titulo_encontrado"": ""AQUELLA SEMANA SANTA CAPITULO IX"", ""director_encontrado"": ""J.L.RUANO"", ""anio_encontrado"": 1995, ""metraje_encontrado"": ""CORTOMETRAJE- Video Ficción""}, {""icaa_id"": 4714340, ""titulo_encontrado"": ""AQUELLA SEMANA SANTA CAPITULO VII"", ""director_encontrado"": ""J.L. RUANO"", ""anio_encontrado"": 1994, ""metraje_encontrado"": ""CORTOMETRAJE- Video Ficción""}, {""icaa_id"": 4747140, ""titulo_encontrado"": ""AQUELLA SEMANA SANTA CAPITULO X"", ""director_encontrado"": ""J.L.RUANO"", ""anio_encontrado"": 1995, ""metraje_encontrado"": ""CORTOMETRAJE- Video Ficción""}, {""icaa_id"": 4695140, ""titulo_encontrado"": ""AQUELLA SEMANA SANTA. CAPITULO IV"", ""director_encontrado"": ""J.L. RUANO"", ""anio_encontrado"": 1994, ""metraje_encontrado"": ""CORTOMETRAJE- Video Ficción""}, {""icaa_id"": 4695240, ""titulo_encontrado"": ""AQUELLA SEMANA SANTA. CAPITULO V"", ""director_encontrado"": ""J.L. RUANO"", ""anio_encontrado"": 1994, ""metraje_encontrado"": ""CORTOMETRAJE- Video Ficción""}, {""icaa_id"": 4675240, ""titulo_encontrado"": ""AQUELLA SEMANA SANTA.CAPITULO III"", ""director_encontrado"": ""J.L. RUANO"", ""anio_encontrado"": 1994, ""metraje_encontrado"": ""CORTOMETRAJE- Video Ficción""}, {""icaa_id"": 4711340, ""titulo_encontrado"": ""AQUELLA SEMANA SANTA.CAPITULO VI"", ""director_encontrado"": ""J.L. RUANO"", ""anio_encontrado"": 1994, ""metraje_encontrado"": ""CORTOMETRAJE- Video Ficción""}, {""icaa_id"": 5061840, ""titulo_encontrado"": ""CELEBRANDO LA SEMANA SANTA"", ""director_encontrado"": ""JOHNSON CUTMBERT"", ""anio_encontrado"": 1995, ""metraje_encontrado"": ""LARGOMETRAJE- Video Ficción""}, {""icaa_id"": 82516, ""titulo_encontrado"": ""CRONICA MEMORIA DE LA SEMANA SANTA DE CREVILLENTE"", ""director_encontrado"": ""ANTONIO RAMON GUILLABERT TORREGROSA"", ""anio_encontrado"": 2016, ""metraje_encontrado"": ""CORTOMETRAJE- Cine Documental""}, {""icaa_id"": 10574940, ""titulo_encontrado"": ""GORDO ALBERTO ESPECIAL SEMANA SANTA"", ""director_encontrado"": ""DESCONOCIDO"", ""anio_encontrado"": 1978, ""metraje_encontrado"": ""CORTOMETRAJE- Video Ficción""}, {""icaa_id"": 96017, ""titulo_encontrado"": ""INRI. LA PELÍCULA DE LA SEMANA SANTA DE ESTEPA"", ""director_encontrado"": ""MANU FERNÁNDEZ"", ""anio_encontrado"": 2020, ""metraje_encontrado"": ""LARGOMETRAJE- Cine Documental""}, {""icaa_id"": 4487040, ""titulo_encontrado"": ""JEREZ EN SEMANA SANTA-DOMINGO DE RAMOS"", ""director_encontrado"": ""FRANCISCO ORELLANA"", ""anio_encontrado"": 1994, ""metraje_encontrado"": ""CORTOMETRAJE- Video Ficción""}, {""icaa_id"": 4487440, ""titulo_encontrado"": ""JEREZ EN SEMANA SANTA-JUEVES SANTO"", ""director_encontrado"": ""FRANCISCO ORELLAMA"", ""anio_encontrado"": 1994, ""metraje_encontrado"": ""CORTOMETRAJE- Video Ficción""}, {""icaa_id"": 4487140, ""titulo_encontrado"": ""JEREZ EN SEMANA SANTA-LUNES SANTO"", ""director_encontrado"": ""FRANCISCO ORELLANA"", ""anio_encontrado"": 1994, ""metraje_encontrado"": ""CORTOMETRAJE- Video Ficción""}, {""icaa_id"": 4487240, ""titulo_encontrado"": ""JEREZ EN SEMANA SANTA-MARTES SANTO"", ""director_encontrado"": ""FRANCISCO ORELLANA"", ""anio_encontrado"": 1994, ""metraje_encontrado"": ""CORTOMETRAJE- Video Ficción""}, {""icaa_id"": 4487340, ""titulo_encontrado"": ""JEREZ EN SEMANA SANTA-MIERCOLES SANTO"", ""director_encontrado"": ""FRANCISCO ORELLANA"", ""anio_encontrado"": 1994, ""metraje_encontrado"": ""CORTOMETRAJE- Video Ficción""}, {""icaa_id"": 4487540, ""titulo_encontrado"": ""JEREZ EN SEMANA SANTA-VIERNES SANTO"", ""director_encontrado"": ""FRANCISCO ORELLANA"", ""anio_encontrado"": 1994, ""metraje_encontrado"": ""CORTOMETRAJE- Video Ficción""}, {""icaa_id"": 4487640, ""titulo_encontrado"": ""JEREZ EN SEMANA SANTA-VIERNES SANTO MADRUGADA"", ""director_encontrado"": ""FRANCISCO ORELLANA"", ""anio_encontrado"": 1994, ""metraje_encontrado"": ""CORTOMETRAJE- Video Ficción""}, {""icaa_id"": 10184440, ""titulo_encontrado"": ""OTRAS FORMAS DE ACERCARSE A DIOS SEMANA SANTA, MUHARRAM, THAIPUSAM, 9 EMPERADORES"", ""director_encontrado"": ""ALVARO GONZALEZ UBEDA-ROMERO"", ""anio_encontrado"": 2007, ""metraje_encontrado"": ""LARGOMETRAJE- Video Ficción""}, {""icaa_id"": 8597640, ""titulo_encontrado"": ""A CADA PASO. SEMANA SANTA SALAMANCA 2004"", ""director_encontrado"": ""IGNACIO PRIETO MARTIN"", ""anio_encontrado"": 2004, ""metraje_encontrado"": ""LARGOMETRAJE- Video Ficción""}, {""icaa_id"": 4675140, ""titulo_encontrado"": ""AGUELLA SEMANA SANTA CAPITULO II"", ""director_encontrado"": ""J.L. RUANO"", ""anio_encontrado"": 1994, ""metraje_encontrado"": ""CORTOMETRAJE- Video Ficción""}, {""icaa_id"": 4730540, ""titulo_encontrado"": ""AQUELLA SEMANA SANTA CAP. VIII"", ""director_encontrado"": ""JUAN LUIS RUANO"", ""anio_encontrado"": 1994, ""metraje_encontrado"": ""CORTOMETRAJE- Video Ficción""}, {""icaa_id"": 4774640, ""titulo_encontrado"": ""AQUELLA SEMANA SANTA CAP. XI"", ""director_encontrado"": ""J.L. RUANO"", ""anio_encontrado"": 1995, ""metraje_encontrado"": ""CORTOMETRAJE- Video Ficción""}, {""icaa_id"": 4790140, ""titulo_encontrado"": ""AQUELLA SEMANA SANTA CAP.XII"", ""director_encontrado"": ""J.L. RUANO"", ""anio_encontrado"": 1995, ""metraje_encontrado"": ""CORTOMETRAJE- Video Ficción""}, {""icaa_id"": 4747040, ""titulo_encontrado"": ""AQUELLA SEMANA SANTA CAPITULO IX"", ""director_encontrado"": ""J.L.RUANO"", ""anio_encontrado"": 1995, ""metraje_encontrado"": ""CORTOMETRAJE- Video Ficción""}, {""icaa_id"": 4714340, ""titulo_encontrado"": ""AQUELLA SEMANA SANTA CAPITULO VII"", ""director_encontrado"": ""J.L. RUANO"", ""anio_encontrado"": 1994, ""metraje_encontrado"": ""CORTOMETRAJE- Video Ficción""}, {""icaa_id"": 4747140, ""titulo_encontrado"": ""AQUELLA SEMANA SANTA CAPITULO X"", ""director_encontrado"": ""J.L.RUANO"", ""anio_encontrado"": 1995, ""metraje_encontrado"": ""CORTOMETRAJE- Video Ficción""}, {""icaa_id"": 4695140, ""titulo_encontrado"": ""AQUELLA SEMANA SANTA. CAPITULO IV"", ""director_encontrado"": ""J.L. RUANO"", ""anio_encontrado"": 1994, ""metraje_encontrado"": ""CORTOMETRAJE- Video Ficción""}, {""icaa_id"": 4695240, ""titulo_encontrado"": ""AQUELLA SEMANA SANTA. CAPITULO V"", ""director_encontrado"": ""J.L. RUANO"", ""anio_encontrado"": 1994, ""metraje_encontrado"": ""CORTOMETRAJE- Video Ficción""}, {""icaa_id"": 4675240, ""titulo_encontrado"": ""AQUELLA SEMANA SANTA.CAPITULO III"", ""director_encontrado"": ""J.L. RUANO"", ""anio_encontrado"": 1994, ""metraje_encontrado"": ""CORTOMETRAJE- Video Ficción""}, {""icaa_id"": 4711340, ""titulo_encontrado"": ""AQUELLA SEMANA SANTA.CAPITULO VI"", ""director_encontrado"": ""J.L. RUANO"", ""anio_encontrado"": 1994, ""metraje_encontrado"": ""CORTOMETRAJE- Video Ficción""}, {""icaa_id"": 5061840, ""titulo_encontrado"": ""CELEBRANDO LA SEMANA SANTA"", ""director_encontrado"": ""JOHNSON CUTMBERT"", ""anio_encontrado"": 1995, ""metraje_encontrado"": ""LARGOMETRAJE- Video Ficción""}, {""icaa_id"": 82516, ""titulo_encontrado"": ""CRONICA MEMORIA DE LA SEMANA SANTA DE CREVILLENTE"", ""director_encontrado"": ""ANTONIO RAMON GUILLABERT TORREGROSA"", ""anio_encontrado"": 2016, ""metraje_encontrado"": ""CORTOMETRAJE- Cine Documental""}, {""icaa_id"": 10574940, ""titulo_encontrado"": ""GORDO ALBERTO ESPECIAL SEMANA SANTA"", ""director_encontrado"": ""DESCONOCIDO"", ""anio_encontrado"": 1978, ""metraje_encontrado"": ""CORTOMETRAJE- Video Ficción""}, {""icaa_id"": 96017, ""titulo_encontrado"": ""INRI. LA PELÍCULA DE LA SEMANA SANTA DE ESTEPA"", ""director_encontrado"": ""MANU FERNÁNDEZ"", ""anio_encontrado"": 2020, ""metraje_encontrado"": ""LARGOMETRAJE- Cine Documental""}, {""icaa_id"": 4487040, ""titulo_encontrado"": ""JEREZ EN SEMANA SANTA-DOMINGO DE RAMOS"", ""director_encontrado"": ""FRANCISCO ORELLANA"", ""anio_encontrado"": 1994, ""metraje_encontrado"": ""CORTOMETRAJE- Video Ficción""}, {""icaa_id"": 4487440, ""titulo_encontrado"": ""JEREZ EN SEMANA SANTA-JUEVES SANTO"", ""director_encontrado"": ""FRANCISCO ORELLAMA"", ""anio_encontrado"": 1994, ""metraje_encontrado"": ""CORTOMETRAJE- Video Ficción""}, {""icaa_id"": 4487140, ""titulo_encontrado"": ""JEREZ EN SEMANA SANTA-LUNES SANTO"", ""director_encontrado"": ""FRANCISCO ORELLANA"", ""anio_encontrado"": 1994, ""metraje_encontrado"": ""CORTOMETRAJE- Video Ficción""}, {""icaa_id"": 4487240, ""titulo_encontrado"": ""JEREZ EN SEMANA SANTA-MARTES SANTO"", ""director_encontrado"": ""FRANCISCO ORELLANA"", ""anio_encontrado"": 1994, ""metraje_encontrado"": ""CORTOMETRAJE- Video Ficción""}, {""icaa_id"": 4487340, ""titulo_encontrado"": ""JEREZ EN SEMANA SANTA-MIERCOLES SANTO"", ""director_encontrado"": ""FRANCISCO ORELLANA"", ""anio_encontrado"": 1994, ""metraje_encontrado"": ""CORTOMETRAJE- Video Ficción""}, {""icaa_id"": 4487540, ""titulo_encontrado"": ""JEREZ EN SEMANA SANTA-VIERNES SANTO"", ""director_encontrado"": ""FRANCISCO ORELLANA"", ""anio_encontrado"": 1994, ""metraje_encontrado"": ""CORTOMETRAJE- Video Ficción""}, {""icaa_id"": 4487640, ""titulo_encontrado"": ""JEREZ EN SEMANA SANTA-VIERNES SANTO MADRUGADA"", ""director_encontrado"": ""FRANCISCO ORELLANA"", ""anio_encontrado"": 1994, ""metraje_encontrado"": ""CORTOMETRAJE- Video Ficción""}, {""icaa_id"": 10184440, ""titulo_encontrado"": ""OTRAS FORMAS DE ACERCARSE A DIOS SEMANA SANTA, MUHARRAM, THAIPUSAM, 9 EMPERADORES"", ""director_encontrado"": ""ALVARO GONZALEZ UBEDA-ROMERO"", ""anio_encontrado"": 2007, ""metraje_encontrado"": ""LARGOMETRAJE- Video Ficción""}]";False
TuentifourSeven;01/12/2025;TuentifourSeven;;sin_coincidencia_exacta_titulo;;;;;0.0;[];False
Una estrella fugaz;11/10/2024;Una estrella fugaz;;sin_coincidencia_exacta_titulo;;;;;0.0;[];False
Al oeste, en Zapata;26/11/2025;Al oeste, en Zapata;;sin_coincidencia_exacta_titulo;;;;;0.0;[];False
Sense filTRES;14/11/2025;Sense filTRES;;sin_coincidencia_exacta_titulo;;;;;0.0;[];False
Comercial, El;26/05/2025;Comercial;;sin_coincidencia_exacta_titulo;;;;;4.0;"[{""icaa_id"": 2113640, ""titulo_encontrado"": ""CENTAS VIDEO BASIC COMERCIAL"", ""director_encontrado"": ""DESCONOCIDO"", ""anio_encontrado"": null, ""metraje_encontrado"": ""CORTOMETRAJE- Video Ficción""}, {""icaa_id"": 115730, ""titulo_encontrado"": ""Red MERCASA en la comercialización de alimentos, La"", ""director_encontrado"": ""JESÚS. GARCÍA DE DUEÑAS"", ""anio_encontrado"": 1975, ""metraje_encontrado"": ""CORTOMETRAJE-""}, {""icaa_id"": 840230, ""titulo_encontrado"": ""Rivalidad comercial"", ""director_encontrado"": ""ARVID E, GILLSTROM"", ""anio_encontrado"": 1927, ""metraje_encontrado"": ""LARGOMETRAJE-""}, {""icaa_id"": 149808, ""titulo_encontrado"": ""SUPERPOLI DE CENTRO COMERCIAL"", ""director_encontrado"": ""STEVE CARR"", ""anio_encontrado"": 2009, ""metraje_encontrado"": ""LARGOMETRAJE-""}]";False
Nada;21/05/2025;Nada;;sin_coincidencia_exacta_titulo;;;;;120.0;"[{""icaa_id"": 194624, ""titulo_encontrado"": ""¿CUÁNTO CUESTA LA NADA?"", ""director_encontrado"": ""JULIA REBATO"", ""anio_encontrado"": 2025, ""metraje_encontrado"": ""CORTOMETRAJE- Cine Ficción""}, {""icaa_id"": 173709, ""titulo_encontrado"": ""¿NO QUERÍAIS SABER POR QUÉ LAS MATAN? POR NADA"", ""director_encontrado"": ""MERCEDES FERNÁNDEZ-MARTORELL"", ""anio_encontrado"": 2009, ""metraje_encontrado"": ""LARGOMETRAJE-""}, {""icaa_id"": 173022, ""titulo_encontrado"": ""40 AÑOS NO ES NADA"", ""director_encontrado"": ""SONIA LLERA"", ""anio_encontrado"": 2023, ""metraje_encontrado"": ""CORTOMETRAJE- Cine Documental""}, {""icaa_id"": 52099, ""titulo_encontrado"": ""A CAMBIO DE NADA"", ""director_encontrado"": ""DANIEL GUZMÁN"", ""anio_encontrado"": 2015, ""metraje_encontrado"": ""LARGOMETRAJE-""}, {""icaa_id"": 171522, ""titulo_encontrado"": ""AL NADAL TOCA FUSTA"", ""director_encontrado"": ""MAX CALVERA VERNET"", ""anio_encontrado"": 2022, ""metraje_encontrado"": ""CORTOMETRAJE- Cine Ficción""}, {""icaa_id"": 1755940, ""titulo_encontrado"": ""ALGO POR NADA"", ""director_encontrado"": ""DESCONOCIDO"", ""anio_encontrado"": null, ""metraje_encontrado"": ""CORTOMETRAJE- Video Ficción""}, {""icaa_id"": 90817, ""titulo_encontrado"": ""AMOR ES NADA, EL"", ""director_encontrado"": ""RICARDO DÁVILA"", ""anio_encontrado"": 2017, ""metraje_encontrado"": ""CORTOMETRAJE- Cine Ficción""}, {""icaa_id"": 8119240, ""titulo_encontrado"": ""AMOR NO CUESTA NADA, EL"", ""director_encontrado"": ""TROY BEYER"", ""anio_encontrado"": 2003, ""metraje_encontrado"": ""LARGOMETRAJE- Video Ficción""}, {""icaa_id"": 2700740, ""titulo_encontrado"": ""BAJO EL VESTIDO, NADA"", ""director_encontrado"": ""CARLO VANZINA"", ""anio_encontrado"": 1986, ""metraje_encontrado"": ""LARGOMETRAJE- Video Ficción""}, {""icaa_id"": 7533440, ""titulo_encontrado"": ""BARBAMEC 5. EN BARBAMEC APREN A NADAR. UNA ILLA BEN ..."", ""director_encontrado"": ""DESCONOCIDO"", ""anio_encontrado"": 2002, ""metraje_encontrado"": ""CORTOMETRAJE- Video Ficción""}, {""icaa_id"": 1010630, ""titulo_encontrado"": ""Bon nadal"", ""director_encontrado"": ""MARC. ANDRÉS"", ""anio_encontrado"": 1997, ""metraje_encontrado"": ""CORTOMETRAJE-""}, {""icaa_id"": 40697, ""titulo_encontrado"": ""BON NADAL"", ""director_encontrado"": ""MARC ANDRES RICART"", ""anio_encontrado"": 1997, ""metraje_encontrado"": ""CORTOMETRAJE-""}, {""icaa_id"": 10336740, ""titulo_encontrado"": ""CARAVANA NADA CORRIENTE, UNA"", ""director_encontrado"": ""JACK ARNOLD"", ""anio_encontrado"": 1976, ""metraje_encontrado"": ""LARGOMETRAJE- Video Ficción""}, {""icaa_id"": 110523, ""titulo_encontrado"": ""Casi nada que decirse"", ""director_encontrado"": ""EMILIO REBOLLO GERMÁN"", ""anio_encontrado"": 2023, ""metraje_encontrado"": ""CORTOMETRAJE- Cine Ficción""}, {""icaa_id"": 8294340, ""titulo_encontrado"": ""CHOBITS EP. 14 CHI NO HA DICHO NADA"", ""director_encontrado"": ""DESCONOCIDO"", ""anio_encontrado"": 2002, ""metraje_encontrado"": ""CORTOMETRAJE- Video Ficción""}, {""icaa_id"": 8420940, ""titulo_encontrado"": ""COMISARIO EPISODIO 18. QUE VEINTE AÑOS NO ES NADA, EL"", ""director_encontrado"": ""DESCONOCIDO"", ""anio_encontrado"": 2000, ""metraje_encontrado"": ""LARGOMETRAJE- Video Ficción""}, {""icaa_id"": 786851, ""titulo_encontrado"": ""COMO NADAR"", ""director_encontrado"": ""JACK KINNEY"", ""anio_encontrado"": null, ""metraje_encontrado"": ""CORTOMETRAJE-""}, {""icaa_id"": 143923, ""titulo_encontrado"": ""CUANDO NADA IMPORTA"", ""director_encontrado"": ""LLUC OLIVERAS"", ""anio_encontrado"": 2023, ""metraje_encontrado"": ""LARGOMETRAJE- Cine Ficción""}, {""icaa_id"": 431751, ""titulo_encontrado"": ""CUENTOS PROHIBIDOS Y NADA VESTIDOS"", ""director_encontrado"": ""BRUNELLO RONDI"", ""anio_encontrado"": 1972, ""metraje_encontrado"": ""LARGOMETRAJE-""}, {""icaa_id"": 56500, ""titulo_encontrado"": ""De esto nada a nadie"", ""director_encontrado"": ""JULIO NAVAS"", ""anio_encontrado"": 2003, ""metraje_encontrado"": ""LARGOMETRAJE-""}, {""icaa_id"": 819, ""titulo_encontrado"": ""De tonta, nada"", ""director_encontrado"": ""TYLER PERRY"", ""anio_encontrado"": 2018, ""metraje_encontrado"": ""LARGOMETRAJE- Video Ficción""}, {""icaa_id"": 3702040, ""titulo_encontrado"": ""DEMASIADO BELLAS PARA MORIR (BAJO EL VESTIDO NADA 2)"", ""director_encontrado"": ""DARIO PIANA"", ""anio_encontrado"": null, ""metraje_encontrado"": ""LARGOMETRAJE- Video Ficción""}, {""icaa_id"": 14915, ""titulo_encontrado"": ""DOBLE O NADA (LAY THE FAVORITE)"", ""director_encontrado"": ""STEPHEN FREARS"", ""anio_encontrado"": 2012, ""metraje_encontrado"": ""LARGOMETRAJE-""}, {""icaa_id"": 13339740, ""titulo_encontrado"": ""DOBLE O NADA (LAY THE FAVORITE)"", ""director_encontrado"": ""STEPHEN FREARS"", ""anio_encontrado"": 2012, ""metraje_encontrado"": ""LARGOMETRAJE- Video Ficción""}, {""icaa_id"": 194624, ""titulo_encontrado"": ""¿CUÁNTO CUESTA LA NADA?"", ""director_encontrado"": ""JULIA REBATO"", ""anio_encontrado"": 2025, ""metraje_encontrado"": ""CORTOMETRAJE- Cine Ficción""}, {""icaa_id"": 173709, ""titulo_encontrado"": ""¿NO QUERÍAIS SABER POR QUÉ LAS MATAN? POR NADA"", ""director_encontrado"": ""MERCEDES FERNÁNDEZ-MARTORELL"", ""anio_encontrado"": 2009, ""metraje_encontrado"": ""LARGOMETRAJE-""}, {""icaa_id"": 173022, ""titulo_encontrado"": ""40 AÑOS NO ES NADA"", ""director_encontrado"": ""SONIA LLERA"", ""anio_encontrado"": 2023, ""metraje_encontrado"": ""CORTOMETRAJE- Cine Documental""}, {""icaa_id"": 52099, ""titulo_encontrado"": ""A CAMBIO DE NADA"", ""director_encontrado"": ""DANIEL GUZMÁN"", ""anio_encontrado"": 2015, ""metraje_encontrado"": ""LARGOMETRAJE-""}, {""icaa_id"": 171522, ""titulo_encontrado"": ""AL NADAL TOCA FUSTA"", ""director_encontrado"": ""MAX CALVERA VERNET"", ""anio_encontrado"": 2022, ""metraje_encontrado"": ""CORTOMETRAJE- Cine Ficción""}, {""icaa_id"": 1755940, ""titulo_encontrado"": ""ALGO POR NADA"", ""director_encontrado"": ""DESCONOCIDO"", ""anio_encontrado"": null, ""metraje_encontrado"": ""CORTOMETRAJE- Video Ficción""}, {""icaa_id"": 90817, ""titulo_encontrado"": ""AMOR ES NADA, EL"", ""director_encontrado"": ""RICARDO DÁVILA"", ""anio_encontrado"": 2017, ""metraje_encontrado"": ""CORTOMETRAJE- Cine Ficción""}, {""icaa_id"": 8119240, ""titulo_encontrado"": ""AMOR NO CUESTA NADA, EL"", ""director_encontrado"": ""TROY BEYER"", ""anio_encontrado"": 2003, ""metraje_encontrado"": ""LARGOMETRAJE- Video Ficción""}, {""icaa_id"": 2700740, ""titulo_encontrado"": ""BAJO EL VESTIDO, NADA"", ""director_encontrado"": ""CARLO VANZINA"", ""anio_encontrado"": 1986, ""metraje_encontrado"": ""LARGOMETRAJE- Video Ficción""}, {""icaa_id"": 7533440, ""titulo_encontrado"": ""BARBAMEC 5. EN BARBAMEC APREN A NADAR. UNA ILLA BEN ..."", ""director_encontrado"": ""DESCONOCIDO"", ""anio_encontrado"": 2002, ""metraje_encontrado"": ""CORTOMETRAJE- Video Ficción""}, {""icaa_id"": 1010630, ""titulo_encontrado"": ""Bon nadal"", ""director_encontrado"": ""MARC. ANDRÉS"", ""anio_encontrado"": 1997, ""metraje_encontrado"": ""CORTOMETRAJE-""}, {""icaa_id"": 40697, ""titulo_encontrado"": ""BON NADAL"", ""director_encontrado"": ""MARC ANDRES RICART"", ""anio_encontrado"": 1997, ""metraje_encontrado"": ""CORTOMETRAJE-""}, {""icaa_id"": 10336740, ""titulo_encontrado"": ""CARAVANA NADA CORRIENTE, UNA"", ""director_encontrado"": ""JACK ARNOLD"", ""anio_encontrado"": 1976, ""metraje_encontrado"": ""LARGOMETRAJE- Video Ficción""}, {""icaa_id"": 110523, ""titulo_encontrado"": ""Casi nada que decirse"", ""director_encontrado"": ""EMILIO REBOLLO GERMÁN"", ""anio_encontrado"": 2023, ""metraje_encontrado"": ""CORTOMETRAJE- Cine Ficción""}, {""icaa_id"": 8294340, ""titulo_encontrado"": ""CHOBITS EP. 14 CHI NO HA DICHO NADA"", ""director_encontrado"": ""DESCONOCIDO"", ""anio_encontrado"": 2002, ""metraje_encontrado"": ""CORTOMETRAJE- Video Ficción""}, {""icaa_id"": 8420940, ""titulo_encontrado"": ""COMISARIO EPISODIO 18. QUE VEINTE AÑOS NO ES NADA, EL"", ""director_encontrado"": ""DESCONOCIDO"", ""anio_encontrado"": 2000, ""metraje_encontrado"": ""LARGOMETRAJE- Video Ficción""}, {""icaa_id"": 786851, ""titulo_encontrado"": ""COMO NADAR"", ""director_encontrado"": ""JACK KINNEY"", ""anio_encontrado"": null, ""metraje_encontrado"": ""CORTOMETRAJE-""}, {""icaa_id"": 143923, ""titulo_encontrado"": ""CUANDO NADA IMPORTA"", ""director_encontrado"": ""LLUC OLIVERAS"", ""anio_encontrado"": 2023, ""metraje_encontrado"": ""LARGOMETRAJE- Cine Ficción""}, {""icaa_id"": 431751, ""titulo_encontrado"": ""CUENTOS PROHIBIDOS Y NADA VESTIDOS"", ""director_encontrado"": ""BRUNELLO RONDI"", ""anio_encontrado"": 1972, ""metraje_encontrado"": ""LARGOMETRAJE-""}, {""icaa_id"": 56500, ""titulo_encontrado"": ""De esto nada a nadie"", ""director_encontrado"": ""JULIO NAVAS"", ""anio_encontrado"": 2003, ""metraje_encontrado"": ""LARGOMETRAJE-""}, {""icaa_id"": 819, ""titulo_encontrado"": ""De tonta, nada"", ""director_encontrado"": ""TYLER PERRY"", ""anio_encontrado"": 2018, ""metraje_encontrado"": ""LARGOMETRAJE- Video Ficción""}, {""icaa_id"": 3702040, ""titulo_encontrado"": ""DEMASIADO BELLAS PARA MORIR (BAJO EL VESTIDO NADA 2)"", ""director_encontrado"": ""DARIO PIANA"", ""anio_encontrado"": null, ""metraje_encontrado"": ""LARGOMETRAJE- Video Ficción""}, {""icaa_id"": 14915, ""titulo_encontrado"": ""DOBLE O NADA (LAY THE FAVORITE)"", ""director_encontrado"": ""STEPHEN FREARS"", ""anio_encontrado"": 2012, ""metraje_encontrado"": ""LARGOMETRAJE-""}, {""icaa_id"": 13339740, ""titulo_encontrado"": ""DOBLE O NADA (LAY THE FAVORITE)"", ""director_encontrado"": ""STEPHEN FREARS"", ""anio_encontrado"": 2012, ""metraje_encontrado"": ""LARGOMETRAJE- Video Ficción""}, {""icaa_id"": 194624, ""titulo_encontrado"": ""¿CUÁNTO CUESTA LA NADA?"", ""director_encontrado"": ""JULIA REBATO"", ""anio_encontrado"": 2025, ""metraje_encontrado"": ""CORTOMETRAJE- Cine Ficción""}, {""icaa_id"": 173709, ""titulo_encontrado"": ""¿NO QUERÍAIS SABER POR QUÉ LAS MATAN? POR NADA"", ""director_encontrado"": ""MERCEDES FERNÁNDEZ-MARTORELL"", ""anio_encontrado"": 2009, ""metraje_encontrado"": ""LARGOMETRAJE-""}, {""icaa_id"": 173022, ""titulo_encontrado"": ""40 AÑOS NO ES NADA"", ""director_encontrado"": ""SONIA LLERA"", ""anio_encontrado"": 2023, ""metraje_encontrado"": ""CORTOMETRAJE- Cine Documental""}, {""icaa_id"": 52099, ""titulo_encontrado"": ""A CAMBIO DE NADA"", ""director_encontrado"": ""DANIEL GUZMÁN"", ""anio_encontrado"": 2015, ""metraje_encontrado"": ""LARGOMETRAJE-""}, {""icaa_id"": 171522, ""titulo_encontrado"": ""AL NADAL TOCA FUSTA"", ""director_encontrado"": ""MAX CALVERA VERNET"", ""anio_encontrado"": 2022, ""metraje_encontrado"": ""CORTOMETRAJE- Cine Ficción""}, {""icaa_id"": 1755940, ""titulo_encontrado"": ""ALGO POR NADA"", ""director_encontrado"": ""DESCONOCIDO"", ""anio_encontrado"": null, ""metraje_encontrado"": ""CORTOMETRAJE- Video Ficción""}, {""icaa_id"": 90817, ""titulo_encontrado"": ""AMOR ES NADA, EL"", ""director_encontrado"": ""RICARDO DÁVILA"", ""anio_encontrado"": 2017, ""metraje_encontrado"": ""CORTOMETRAJE- Cine Ficción""}, {""icaa_id"": 8119240, ""titulo_encontrado"": ""AMOR NO CUESTA NADA, EL"", ""director_encontrado"": ""TROY BEYER"", ""anio_encontrado"": 2003, ""metraje_encontrado"": ""LARGOMETRAJE- Video Ficción""}, {""icaa_id"": 2700740, ""titulo_encontrado"": ""BAJO EL VESTIDO, NADA"", ""director_encontrado"": ""CARLO VANZINA"", ""anio_encontrado"": 1986, ""metraje_encontrado"": ""LARGOMETRAJE- Video Ficción""}, {""icaa_id"": 7533440, ""titulo_encontrado"": ""BARBAMEC 5. EN BARBAMEC APREN A NADAR. UNA ILLA BEN ..."", ""director_encontrado"": ""DESCONOCIDO"", ""anio_encontrado"": 2002, ""metraje_encontrado"": ""CORTOMETRAJE- Video Ficción""}, {""icaa_id"": 1010630, ""titulo_encontrado"": ""Bon nadal"", ""director_encontrado"": ""MARC. ANDRÉS"", ""anio_encontrado"": 1997, ""metraje_encontrado"": ""CORTOMETRAJE-""}, {""icaa_id"": 40697, ""titulo_encontrado"": ""BON NADAL"", ""director_encontrado"": ""MARC ANDRES RICART"", ""anio_encontrado"": 1997, ""metraje_encontrado"": ""CORTOMETRAJE-""}, {""icaa_id"": 10336740, ""titulo_encontrado"": ""CARAVANA NADA CORRIENTE, UNA"", ""director_encontrado"": ""JACK ARNOLD"", ""anio_encontrado"": 1976, ""metraje_encontrado"": ""LARGOMETRAJE- Video Ficción""}, {""icaa_id"": 110523, ""titulo_encontrado"": ""Casi nada que decirse"", ""director_encontrado"": ""EMILIO REBOLLO GERMÁN"", ""anio_encontrado"": 2023, ""metraje_encontrado"": ""CORTOMETRAJE- Cine Ficción""}, {""icaa_id"": 8294340, ""titulo_encontrado"": ""CHOBITS EP. 14 CHI NO HA DICHO NADA"", ""director_encontrado"": ""DESCONOCIDO"", ""anio_encontrado"": 2002, ""metraje_encontrado"": ""CORTOMETRAJE- Video Ficción""}, {""icaa_id"": 8420940, ""titulo_encontrado"": ""COMISARIO EPISODIO 18. QUE VEINTE AÑOS NO ES NADA, EL"", ""director_encontrado"": ""DESCONOCIDO"", ""anio_encontrado"": 2000, ""metraje_encontrado"": ""LARGOMETRAJE- Video Ficción""}, {""icaa_id"": 786851, ""titulo_encontrado"": ""COMO NADAR"", ""director_encontrado"": ""JACK KINNEY"", ""anio_encontrado"": null, ""metraje_encontrado"": ""CORTOMETRAJE-""}, {""icaa_id"": 143923, ""titulo_encontrado"": ""CUANDO NADA IMPORTA"", ""director_encontrado"": ""LLUC OLIVERAS"", ""anio_encontrado"": 2023, ""metraje_encontrado"": ""LARGOMETRAJE- Cine Ficción""}, {""icaa_id"": 431751, ""titulo_encontrado"": ""CUENTOS PROHIBIDOS Y NADA VESTIDOS"", ""director_encontrado"": ""BRUNELLO RONDI"", ""anio_encontrado"": 1972, ""metraje_encontrado"": ""LARGOMETRAJE-""}, {""icaa_id"": 56500, ""titulo_encontrado"": ""De esto nada a nadie"", ""director_encontrado"": ""JULIO NAVAS"", ""anio_encontrado"": 2003, ""metraje_encontrado"": ""LARGOMETRAJE-""}, {""icaa_id"": 819, ""titulo_encontrado"": ""De tonta, nada"", ""director_encontrado"": ""TYLER PERRY"", ""anio_encontrado"": 2018, ""metraje_encontrado"": ""LARGOMETRAJE- Video Ficción""}, {""icaa_id"": 3702040, ""titulo_encontrado"": ""DEMASIADO BELLAS PARA MORIR (BAJO EL VESTIDO NADA 2)"", ""director_encontrado"": ""DARIO PIANA"", ""anio_encontrado"": null, ""metraje_encontrado"": ""LARGOMETRAJE- Video Ficción""}, {""icaa_id"": 14915, ""titulo_encontrado"": ""DOBLE O NADA (LAY THE FAVORITE)"", ""director_encontrado"": ""STEPHEN FREARS"", ""anio_encontrado"": 2012, ""metraje_encontrado"": ""LARGOMETRAJE-""}, {""icaa_id"": 13339740, ""titulo_encontrado"": ""DOBLE O NADA (LAY THE FAVORITE)"", ""director_encontrado"": ""STEPHEN FREARS"", ""anio_encontrado"": 2012, ""metraje_encontrado"": ""LARGOMETRAJE- Video Ficción""}, {""icaa_id"": 194624, ""titulo_encontrado"": ""¿CUÁNTO CUESTA LA NADA?"", ""director_encontrado"": ""JULIA REBATO"", ""anio_encontrado"": 2025, ""metraje_encontrado"": ""CORTOMETRAJE- Cine Ficción""}, {""icaa_id"": 173709, ""titulo_encontrado"": ""¿NO QUERÍAIS SABER POR QUÉ LAS MATAN? POR NADA"", ""director_encontrado"": ""MERCEDES FERNÁNDEZ-MARTORELL"", ""anio_encontrado"": 2009, ""metraje_encontrado"": ""LARGOMETRAJE-""}, {""icaa_id"": 173022, ""titulo_encontrado"": ""40 AÑOS NO ES NADA"", ""director_encontrado"": ""SONIA LLERA"", ""anio_encontrado"": 2023, ""metraje_encontrado"": ""CORTOMETRAJE- Cine Documental""}, {""icaa_id"": 52099, ""titulo_encontrado"": ""A CAMBIO DE NADA"", ""director_encontrado"": ""DANIEL GUZMÁN"", ""anio_encontrado"": 2015, ""metraje_encontrado"": ""LARGOMETRAJE-""}, {""icaa_id"": 171522, ""titulo_encontrado"": ""AL NADAL TOCA FUSTA"", ""director_encontrado"": ""MAX CALVERA VERNET"", ""anio_encontrado"": 2022, ""metraje_encontrado"": ""CORTOMETRAJE- Cine Ficción""}, {""icaa_id"": 1755940, ""titulo_encontrado"": ""ALGO POR NADA"", ""director_encontrado"": ""DESCONOCIDO"", ""anio_encontrado"": null, ""metraje_encontrado"": ""CORTOMETRAJE- Video Ficción""}, {""icaa_id"": 90817, ""titulo_encontrado"": ""AMOR ES NADA, EL"", ""director_encontrado"": ""RICARDO DÁVILA"", ""anio_encontrado"": 2017, ""metraje_encontrado"": ""CORTOMETRAJE- Cine Ficción""}, {""icaa_id"": 8119240, ""titulo_encontrado"": ""AMOR NO CUESTA NADA, EL"", ""director_encontrado"": ""TROY BEYER"", ""anio_encontrado"": 2003, ""metraje_encontrado"": ""LARGOMETRAJE- Video Ficción""}, {""icaa_id"": 2700740, ""titulo_encontrado"": ""BAJO EL VESTIDO, NADA"", ""director_encontrado"": ""CARLO VANZINA"", ""anio_encontrado"": 1986, ""metraje_encontrado"": ""LARGOMETRAJE- Video Ficción""}, {""icaa_id"": 7533440, ""titulo_encontrado"": ""BARBAMEC 5. EN BARBAMEC APREN A NADAR. UNA ILLA BEN ..."", ""director_encontrado"": ""DESCONOCIDO"", ""anio_encontrado"": 2002, ""metraje_encontrado"": ""CORTOMETRAJE- Video Ficción""}, {""icaa_id"": 1010630, ""titulo_encontrado"": ""Bon nadal"", ""director_encontrado"": ""MARC. ANDRÉS"", ""anio_encontrado"": 1997, ""metraje_encontrado"": ""CORTOMETRAJE-""}, {""icaa_id"": 40697, ""titulo_encontrado"": ""BON NADAL"", ""director_encontrado"": ""MARC ANDRES RICART"", ""anio_encontrado"": 1997, ""metraje_encontrado"": ""CORTOMETRAJE-""}, {""icaa_id"": 10336740, ""titulo_encontrado"": ""CARAVANA NADA CORRIENTE, UNA"", ""director_encontrado"": ""JACK ARNOLD"", ""anio_encontrado"": 1976, ""metraje_encontrado"": ""LARGOMETRAJE- Video Ficción""}, {""icaa_id"": 110523, ""titulo_encontrado"": ""Casi nada que decirse"", ""director_encontrado"": ""EMILIO REBOLLO GERMÁN"", ""anio_encontrado"": 2023, ""metraje_encontrado"": ""CORTOMETRAJE- Cine Ficción""}, {""icaa_id"": 8294340, ""titulo_encontrado"": ""CHOBITS EP. 14 CHI NO HA DICHO NADA"", ""director_encontrado"": ""DESCONOCIDO"", ""anio_encontrado"": 2002, ""metraje_encontrado"": ""CORTOMETRAJE- Video Ficción""}, {""icaa_id"": 8420940, ""titulo_encontrado"": ""COMISARIO EPISODIO 18. QUE VEINTE AÑOS NO ES NADA, EL"", ""director_encontrado"": ""DESCONOCIDO"", ""anio_encontrado"": 2000, ""metraje_encontrado"": ""LARGOMETRAJE- Video Ficción""}, {""icaa_id"": 786851, ""titulo_encontrado"": ""COMO NADAR"", ""director_encontrado"": ""JACK KINNEY"", ""anio_encontrado"": null, ""metraje_encontrado"": ""CORTOMETRAJE-""}, {""icaa_id"": 143923, ""titulo_encontrado"": ""CUANDO NADA IMPORTA"", ""director_encontrado"": ""LLUC OLIVERAS"", ""anio_encontrado"": 2023, ""metraje_encontrado"": ""LARGOMETRAJE- Cine Ficción""}, {""icaa_id"": 431751, ""titulo_encontrado"": ""CUENTOS PROHIBIDOS Y NADA VESTIDOS"", ""director_encontrado"": ""BRUNELLO RONDI"", ""anio_encontrado"": 1972, ""metraje_encontrado"": ""LARGOMETRAJE-""}, {""icaa_id"": 56500, ""titulo_encontrado"": ""De esto nada a nadie"", ""director_encontrado"": ""JULIO NAVAS"", ""anio_encontrado"": 2003, ""metraje_encontrado"": ""LARGOMETRAJE-""}, {""icaa_id"": 819, ""titulo_encontrado"": ""De tonta, nada"", ""director_encontrado"": ""TYLER PERRY"", ""anio_encontrado"": 2018, ""metraje_encontrado"": ""LARGOMETRAJE- Video Ficción""}, {""icaa_id"": 3702040, ""titulo_encontrado"": ""DEMASIADO BELLAS PARA MORIR (BAJO EL VESTIDO NADA 2)"", ""director_encontrado"": ""DARIO PIANA"", ""anio_encontrado"": null, ""metraje_encontrado"": ""LARGOMETRAJE- Video Ficción""}, {""icaa_id"": 14915, ""titulo_encontrado"": ""DOBLE O NADA (LAY THE FAVORITE)"", ""director_encontrado"": ""STEPHEN FREARS"", ""anio_encontrado"": 2012, ""metraje_encontrado"": ""LARGOMETRAJE-""}, {""icaa_id"": 13339740, ""titulo_encontrado"": ""DOBLE O NADA (LAY THE FAVORITE)"", ""director_encontrado"": ""STEPHEN FREARS"", ""anio_encontrado"": 2012, ""metraje_encontrado"": ""LARGOMETRAJE- Video Ficción""}, {""icaa_id"": 194624, ""titulo_encontrado"": ""¿CUÁNTO CUESTA LA NADA?"", ""director_encontrado"": ""JULIA REBATO"", ""anio_encontrado"": 2025, ""metraje_encontrado"": ""CORTOMETRAJE- Cine Ficción""}, {""icaa_id"": 173709, ""titulo_encontrado"": ""¿NO QUERÍAIS SABER POR QUÉ LAS MATAN? POR NADA"", ""director_encontrado"": ""MERCEDES FERNÁNDEZ-MARTORELL"", ""anio_encontrado"": 2009, ""metraje_encontrado"": ""LARGOMETRAJE-""}, {""icaa_id"": 173022, ""titulo_encontrado"": ""40 AÑOS NO ES NADA"", ""director_encontrado"": ""SONIA LLERA"", ""anio_encontrado"": 2023, ""metraje_encontrado"": ""CORTOMETRAJE- Cine Documental""}, {""icaa_id"": 52099, ""titulo_encontrado"": ""A CAMBIO DE NADA"", ""director_encontrado"": ""DANIEL GUZMÁN"", ""anio_encontrado"": 2015, ""metraje_encontrado"": ""LARGOMETRAJE-""}, {""icaa_id"": 171522, ""titulo_encontrado"": ""AL NADAL TOCA FUSTA"", ""director_encontrado"": ""MAX CALVERA VERNET"", ""anio_encontrado"": 2022, ""metraje_encontrado"": ""CORTOMETRAJE- Cine Ficción""}, {""icaa_id"": 1755940, ""titulo_encontrado"": ""ALGO POR NADA"", ""director_encontrado"": ""DESCONOCIDO"", ""anio_encontrado"": null, ""metraje_encontrado"": ""CORTOMETRAJE- Video Ficción""}, {""icaa_id"": 90817, ""titulo_encontrado"": ""AMOR ES NADA, EL"", ""director_encontrado"": ""RICARDO DÁVILA"", ""anio_encontrado"": 2017, ""metraje_encontrado"": ""CORTOMETRAJE- Cine Ficción""}, {""icaa_id"": 8119240, ""titulo_encontrado"": ""AMOR NO CUESTA NADA, EL"", ""director_encontrado"": ""TROY BEYER"", ""anio_encontrado"": 2003, ""metraje_encontrado"": ""LARGOMETRAJE- Video Ficción""}, {""icaa_id"": 2700740, ""titulo_encontrado"": ""BAJO EL VESTIDO, NADA"", ""director_encontrado"": ""CARLO VANZINA"", ""anio_encontrado"": 1986, ""metraje_encontrado"": ""LARGOMETRAJE- Video Ficción""}, {""icaa_id"": 7533440, ""titulo_encontrado"": ""BARBAMEC 5. EN BARBAMEC APREN A NADAR. UNA ILLA BEN ..."", ""director_encontrado"": ""DESCONOCIDO"", ""anio_encontrado"": 2002, ""metraje_encontrado"": ""CORTOMETRAJE- Video Ficción""}, {""icaa_id"": 1010630, ""titulo_encontrado"": ""Bon nadal"", ""director_encontrado"": ""MARC. ANDRÉS"", ""anio_encontrado"": 1997, ""metraje_encontrado"": ""CORTOMETRAJE-""}, {""icaa_id"": 40697, ""titulo_encontrado"": ""BON NADAL"", ""director_encontrado"": ""MARC ANDRES RICART"", ""anio_encontrado"": 1997, ""metraje_encontrado"": ""CORTOMETRAJE-""}, {""icaa_id"": 10336740, ""titulo_encontrado"": ""CARAVANA NADA CORRIENTE, UNA"", ""director_encontrado"": ""JACK ARNOLD"", ""anio_encontrado"": 1976, ""metraje_encontrado"": ""LARGOMETRAJE- Video Ficción""}, {""icaa_id"": 110523, ""titulo_encontrado"": ""Casi nada que decirse"", ""director_encontrado"": ""EMILIO REBOLLO GERMÁN"", ""anio_encontrado"": 2023, ""metraje_encontrado"": ""CORTOMETRAJE- Cine Ficción""}, {""icaa_id"": 8294340, ""titulo_encontrado"": ""CHOBITS EP. 14 CHI NO HA DICHO NADA"", ""director_encontrado"": ""DESCONOCIDO"", ""anio_encontrado"": 2002, ""metraje_encontrado"": ""CORTOMETRAJE- Video Ficción""}, {""icaa_id"": 8420940, ""titulo_encontrado"": ""COMISARIO EPISODIO 18. QUE VEINTE AÑOS NO ES NADA, EL"", ""director_encontrado"": ""DESCONOCIDO"", ""anio_encontrado"": 2000, ""metraje_encontrado"": ""LARGOMETRAJE- Video Ficción""}, {""icaa_id"": 786851, ""titulo_encontrado"": ""COMO NADAR"", ""director_encontrado"": ""JACK KINNEY"", ""anio_encontrado"": null, ""metraje_encontrado"": ""CORTOMETRAJE-""}, {""icaa_id"": 143923, ""titulo_encontrado"": ""CUANDO NADA IMPORTA"", ""director_encontrado"": ""LLUC OLIVERAS"", ""anio_encontrado"": 2023, ""metraje_encontrado"": ""LARGOMETRAJE- Cine Ficción""}, {""icaa_id"": 431751, ""titulo_encontrado"": ""CUENTOS PROHIBIDOS Y NADA VESTIDOS"", ""director_encontrado"": ""BRUNELLO RONDI"", ""anio_encontrado"": 1972, ""metraje_encontrado"": ""LARGOMETRAJE-""}, {""icaa_id"": 56500, ""titulo_encontrado"": ""De esto nada a nadie"", ""director_encontrado"": ""JULIO NAVAS"", ""anio_encontrado"": 2003, ""metraje_encontrado"": ""LARGOMETRAJE-""}, {""icaa_id"": 819, ""titulo_encontrado"": ""De tonta, nada"", ""director_encontrado"": ""TYLER PERRY"", ""anio_encontrado"": 2018, ""metraje_encontrado"": ""LARGOMETRAJE- Video Ficción""}, {""icaa_id"": 3702040, ""titulo_encontrado"": ""DEMASIADO BELLAS PARA MORIR (BAJO EL VESTIDO NADA 2)"", ""director_encontrado"": ""DARIO PIANA"", ""anio_encontrado"": null, ""metraje_encontrado"": ""LARGOMETRAJE- Video Ficción""}, {""icaa_id"": 14915, ""titulo_encontrado"": ""DOBLE O NADA (LAY THE FAVORITE)"", ""director_encontrado"": ""STEPHEN FREARS"", ""anio_encontrado"": 2012, ""metraje_encontrado"": ""LARGOMETRAJE-""}, {""icaa_id"": 13339740, ""titulo_encontrado"": ""DOBLE O NADA (LAY THE FAVORITE)"", ""director_encontrado"": ""STEPHEN FREARS"", ""anio_encontrado"": 2012, ""metraje_encontrado"": ""LARGOMETRAJE- Video Ficción""}]";False
Carpetas azules;08/11/2022;Carpetas azules;;sin_coincidencia_exacta_titulo;;;;;0.0;[];False
FREE, Salir es posible;21/10/2023;FREE, Salir es posible;;sin_coincidencia_exacta_titulo;;;;;0.0;[];False
Llapis horitzo;24/10/2025;Llapis horitzo;;sin_coincidencia_exacta_titulo;;;;;0.0;[];False
Aun;27/04/2022;Aun;;sin_candidatos_cercanos_probable_reposicion;;;;;48.0;"[{""icaa_id"": 787230, ""titulo_encontrado"": ""Al son de las guitarras"", ""director_encontrado"": ""JUAN BUSTILLO ORO"", ""anio_encontrado"": 1952, ""metraje_encontrado"": ""LARGOMETRAJE-""}, {""icaa_id"": 9599140, ""titulo_encontrado"": ""ARRIBA Y ABAJO EP. 41 AUNQUE FUESES LA UNICA CHICA EN EL MUNDO EP. 42 MUERTE GLORIOSA EP.43 UN"", ""director_encontrado"": ""RAYMOND MENMUIR Y CYRIL COKE"", ""anio_encontrado"": 1974, ""metraje_encontrado"": ""LARGOMETRAJE- Video Ficción""}, {""icaa_id"": 52810, ""titulo_encontrado"": ""AÚN"", ""director_encontrado"": ""AMAYA CARRAMIÑANA"", ""anio_encontrado"": 2010, ""metraje_encontrado"": ""CORTOMETRAJE-""}, {""icaa_id"": 269524, ""titulo_encontrado"": ""AÚN ESTOY AQUÍ"", ""director_encontrado"": ""WALTER SALLES"", ""anio_encontrado"": 2024, ""metraje_encontrado"": ""LARGOMETRAJE- Cine Ficción""}, {""icaa_id"": 67013, ""titulo_encontrado"": ""AÚN HAY TIEMPO"", ""director_encontrado"": ""ALBERT PINTÓ PÉREZ"", ""anio_encontrado"": 2014, ""metraje_encontrado"": ""CORTOMETRAJE-""}, {""icaa_id"": 98612, ""titulo_encontrado"": ""AÚN HAY TIEMPO"", ""director_encontrado"": ""JUAN LOGAR"", ""anio_encontrado"": 2013, ""metraje_encontrado"": ""LARGOMETRAJE-""}, {""icaa_id"": 80517, ""titulo_encontrado"": ""Aún me quedan balas para dibujar"", ""director_encontrado"": ""RAMÓN LLUÍS BANDE GUERRA"", ""anio_encontrado"": 2018, ""metraje_encontrado"": ""CORTOMETRAJE- Cine Documental""}, {""icaa_id"": 727730, ""titulo_encontrado"": ""AUN NO CONOCE USTED A KORFF?"", ""director_encontrado"": ""FRITZ HOLL"", ""anio_encontrado"": 1938, ""metraje_encontrado"": ""LARGOMETRAJE-""}, {""icaa_id"": 1799, ""titulo_encontrado"": ""AUN SE LO QUE HICISTEIS EL ULTIMO VERANO"", ""director_encontrado"": ""DANNY CANNON"", ""anio_encontrado"": 1998, ""metraje_encontrado"": ""LARGOMETRAJE-""}, {""icaa_id"": 69421, ""titulo_encontrado"": ""Aunque es de noche"", ""director_encontrado"": ""GUILLERMO GALOE"", ""anio_encontrado"": 2023, ""metraje_encontrado"": ""CORTOMETRAJE- Cine Ficción""}, {""icaa_id"": 75602, ""titulo_encontrado"": ""Aunque estés lejos"", ""director_encontrado"": ""JUAN CARLOS TABÍO"", ""anio_encontrado"": 2003, ""metraje_encontrado"": ""LARGOMETRAJE-""}, {""icaa_id"": 1165840, ""titulo_encontrado"": ""AUNQUE LA HORMONA SE VISTA DE SEDA"", ""director_encontrado"": ""DESCONOCIDO"", ""anio_encontrado"": null, ""metraje_encontrado"": ""CORTOMETRAJE- Video Ficción""}, {""icaa_id"": 2939440, ""titulo_encontrado"": ""AUNQUE LA HORMONA SE VISTA DE SEDA"", ""director_encontrado"": ""VICENTE ESCRIVA"", ""anio_encontrado"": 1971, ""metraje_encontrado"": ""LARGOMETRAJE- Video Ficción""}, {""icaa_id"": 344650, ""titulo_encontrado"": ""Aunque la hormona se vista de seda..."", ""director_encontrado"": ""VICENTE. ESCRIVÁ"", ""anio_encontrado"": 1971, ""metraje_encontrado"": ""LARGOMETRAJE-""}, {""icaa_id"": 156022, ""titulo_encontrado"": ""AUNQUE NO SEA CONMIGO"", ""director_encontrado"": ""RODRIGO ACOSTA TANNURE"", ""anio_encontrado"": 2022, ""metraje_encontrado"": ""LARGOMETRAJE- Cine Ficción""}, {""icaa_id"": 288125, ""titulo_encontrado"": ""Aunque seamos Islas"", ""director_encontrado"": ""CRISTINA RODRÍGUEZ PAZ"", ""anio_encontrado"": 2025, ""metraje_encontrado"": ""LARGOMETRAJE- Cine Documental""}, {""icaa_id"": 184710, ""titulo_encontrado"": ""AUNQUE TODO VAYA MAL"", ""director_encontrado"": ""CRISTINA ALCÁZAR"", ""anio_encontrado"": 2011, ""metraje_encontrado"": ""CORTOMETRAJE-""}, {""icaa_id"": 27897, ""titulo_encontrado"": ""Aunque tu no lo sepas"", ""director_encontrado"": ""JUAN VICENTE. CÓRDOBA"", ""anio_encontrado"": 2000, ""metraje_encontrado"": ""LARGOMETRAJE-""}, {""icaa_id"": 3985340, ""titulo_encontrado"": ""AUTENTICOS CAZAFANTASMAS, LOS (VOL.4)(DIB.ANIMADOS)"", ""director_encontrado"": ""MAREK BUCHWOLD"", ""anio_encontrado"": 1987, ""metraje_encontrado"": ""CORTOMETRAJE- Video Ficción""}, {""icaa_id"": 2986740, ""titulo_encontrado"": ""CON TIA CAROLINA NO HAS PECADO"", ""director_encontrado"": ""GIUSEPPE PILIRIERI"", ""anio_encontrado"": 1984, ""metraje_encontrado"": ""LARGOMETRAJE- Video Ficción""}, {""icaa_id"": 1015, ""titulo_encontrado"": ""DANDO LA NOTA - AUN MAS ALTO"", ""director_encontrado"": ""ELIZABETH BANKS"", ""anio_encontrado"": 2015, ""metraje_encontrado"": ""LARGOMETRAJE-""}, {""icaa_id"": 3505640, ""titulo_encontrado"": ""DIAMANTES EN BRUTO (MI TIA SUE)"", ""director_encontrado"": ""TONY WHARMBY"", ""anio_encontrado"": 1989, ""metraje_encontrado"": ""LARGOMETRAJE- Video Ficción""}, {""icaa_id"": 145508, ""titulo_encontrado"": ""FAST & FURIOUS: AUN MAS RAPIDO"", ""director_encontrado"": ""JUSTIN LIN"", ""anio_encontrado"": 2008, ""metraje_encontrado"": ""LARGOMETRAJE-""}, {""icaa_id"": 4516140, ""titulo_encontrado"": ""FIEVEL LAS AVENTURAS (LA VISITA DE LA TIA SOFIA-LA TRAMPA)"", ""director_encontrado"": ""LAWRENCE ZELIG JACOBS"", ""anio_encontrado"": 1992, ""metraje_encontrado"": ""CORTOMETRAJE- Video Ficción""}, {""icaa_id"": 787230, ""titulo_encontrado"": ""Al son de las guitarras"", ""director_encontrado"": ""JUAN BUSTILLO ORO"", ""anio_encontrado"": 1952, ""metraje_encontrado"": ""LARGOMETRAJE-""}, {""icaa_id"": 9599140, ""titulo_encontrado"": ""ARRIBA Y ABAJO EP. 41 AUNQUE FUESES LA UNICA CHICA EN EL MUNDO EP. 42 MUERTE GLORIOSA EP.43 UN"", ""director_encontrado"": ""RAYMOND MENMUIR Y CYRIL COKE"", ""anio_encontrado"": 1974, ""metraje_encontrado"": ""LARGOMETRAJE- Video Ficción""}, {""icaa_id"": 52810, ""titulo_encontrado"": ""AÚN"", ""director_encontrado"": ""AMAYA CARRAMIÑANA"", ""anio_encontrado"": 2010, ""metraje_encontrado"": ""CORTOMETRAJE-""}, {""icaa_id"": 269524, ""titulo_encontrado"": ""AÚN ESTOY AQUÍ"", ""director_encontrado"": ""WALTER SALLES"", ""anio_encontrado"": 2024, ""metraje_encontrado"": ""LARGOMETRAJE- Cine Ficción""}, {""icaa_id"": 67013, ""titulo_encontrado"": ""AÚN HAY TIEMPO"", ""director_encontrado"": ""ALBERT PINTÓ PÉREZ"", ""anio_encontrado"": 2014, ""metraje_encontrado"": ""CORTOMETRAJE-""}, {""icaa_id"": 98612, ""titulo_encontrado"": ""AÚN HAY TIEMPO"", ""director_encontrado"": ""JUAN LOGAR"", ""anio_encontrado"": 2013, ""metraje_encontrado"": ""LARGOMETRAJE-""}, {""icaa_id"": 80517, ""titulo_encontrado"": ""Aún me quedan balas para dibujar"", ""director_encontrado"": ""RAMÓN LLUÍS BANDE GUERRA"", ""anio_encontrado"": 2018, ""metraje_encontrado"": ""CORTOMETRAJE- Cine Documental""}, {""icaa_id"": 727730, ""titulo_encontrado"": ""AUN NO CONOCE USTED A KORFF?"", ""director_encontrado"": ""FRITZ HOLL"", ""anio_encontrado"": 1938, ""metraje_encontrado"": ""LARGOMETRAJE-""}, {""icaa_id"": 1799, ""titulo_encontrado"": ""AUN SE LO QUE HICISTEIS EL ULTIMO VERANO"", ""director_encontrado"": ""DANNY CANNON"", ""anio_encontrado"": 1998, ""metraje_encontrado"": ""LARGOMETRAJE-""}, {""icaa_id"": 69421, ""titulo_encontrado"": ""Aunque es de noche"", ""director_encontrado"": ""GUILLERMO GALOE"", ""anio_encontrado"": 2023, ""metraje_encontrado"": ""CORTOMETRAJE- Cine Ficción""}, {""icaa_id"": 75602, ""titulo_encontrado"": ""Aunque estés lejos"", ""director_encontrado"": ""JUAN CARLOS TABÍO"", ""anio_encontrado"": 2003, ""metraje_encontrado"": ""LARGOMETRAJE-""}, {""icaa_id"": 1165840, ""titulo_encontrado"": ""AUNQUE LA HORMONA SE VISTA DE SEDA"", ""director_encontrado"": ""DESCONOCIDO"", ""anio_encontrado"": null, ""metraje_encontrado"": ""CORTOMETRAJE- Video Ficción""}, {""icaa_id"": 2939440, ""titulo_encontrado"": ""AUNQUE LA HORMONA SE VISTA DE SEDA"", ""director_encontrado"": ""VICENTE ESCRIVA"", ""anio_encontrado"": 1971, ""metraje_encontrado"": ""LARGOMETRAJE- Video Ficción""}, {""icaa_id"": 344650, ""titulo_encontrado"": ""Aunque la hormona se vista de seda..."", ""director_encontrado"": ""VICENTE. ESCRIVÁ"", ""anio_encontrado"": 1971, ""metraje_encontrado"": ""LARGOMETRAJE-""}, {""icaa_id"": 156022, ""titulo_encontrado"": ""AUNQUE NO SEA CONMIGO"", ""director_encontrado"": ""RODRIGO ACOSTA TANNURE"", ""anio_encontrado"": 2022, ""metraje_encontrado"": ""LARGOMETRAJE- Cine Ficción""}, {""icaa_id"": 288125, ""titulo_encontrado"": ""Aunque seamos Islas"", ""director_encontrado"": ""CRISTINA RODRÍGUEZ PAZ"", ""anio_encontrado"": 2025, ""metraje_encontrado"": ""LARGOMETRAJE- Cine Documental""}, {""icaa_id"": 184710, ""titulo_encontrado"": ""AUNQUE TODO VAYA MAL"", ""director_encontrado"": ""CRISTINA ALCÁZAR"", ""anio_encontrado"": 2011, ""metraje_encontrado"": ""CORTOMETRAJE-""}, {""icaa_id"": 27897, ""titulo_encontrado"": ""Aunque tu no lo sepas"", ""director_encontrado"": ""JUAN VICENTE. CÓRDOBA"", ""anio_encontrado"": 2000, ""metraje_encontrado"": ""LARGOMETRAJE-""}, {""icaa_id"": 3985340, ""titulo_encontrado"": ""AUTENTICOS CAZAFANTASMAS, LOS (VOL.4)(DIB.ANIMADOS)"", ""director_encontrado"": ""MAREK BUCHWOLD"", ""anio_encontrado"": 1987, ""metraje_encontrado"": ""CORTOMETRAJE- Video Ficción""}, {""icaa_id"": 2986740, ""titulo_encontrado"": ""CON TIA CAROLINA NO HAS PECADO"", ""director_encontrado"": ""GIUSEPPE PILIRIERI"", ""anio_encontrado"": 1984, ""metraje_encontrado"": ""LARGOMETRAJE- Video Ficción""}, {""icaa_id"": 1015, ""titulo_encontrado"": ""DANDO LA NOTA - AUN MAS ALTO"", ""director_encontrado"": ""ELIZABETH BANKS"", ""anio_encontrado"": 2015, ""metraje_encontrado"": ""LARGOMETRAJE-""}, {""icaa_id"": 3505640, ""titulo_encontrado"": ""DIAMANTES EN BRUTO (MI TIA SUE)"", ""director_encontrado"": ""TONY WHARMBY"", ""anio_encontrado"": 1989, ""metraje_encontrado"": ""LARGOMETRAJE- Video Ficción""}, {""icaa_id"": 145508, ""titulo_encontrado"": ""FAST & FURIOUS: AUN MAS RAPIDO"", ""director_encontrado"": ""JUSTIN LIN"", ""anio_encontrado"": 2008, ""metraje_encontrado"": ""LARGOMETRAJE-""}, {""icaa_id"": 4516140, ""titulo_encontrado"": ""FIEVEL LAS AVENTURAS (LA VISITA DE LA TIA SOFIA-LA TRAMPA)"", ""director_encontrado"": ""LAWRENCE ZELIG JACOBS"", ""anio_encontrado"": 1992, ""metraje_encontrado"": ""CORTOMETRAJE- Video Ficción""}]";False
Free play;27/09/2021;Free play;;sin_coincidencia_exacta_titulo;;;;;0.0;[];False
117;12/06/2025;117;;sin_coincidencia_exacta_titulo;;;;;20.0;"[{""icaa_id"": 9051340, ""titulo_encontrado"": ""CAMPEONES OLIVER Y BENJI EPISODIOS 117-119"", ""director_encontrado"": ""Y. KATO"", ""anio_encontrado"": 1983, ""metraje_encontrado"": ""LARGOMETRAJE- Video Ficción""}, {""icaa_id"": 7851240, ""titulo_encontrado"": ""CSI MIAMI EP. 1.17 UN HOMBRE SENCILLO"", ""director_encontrado"": ""CHARLIE CORRELL"", ""anio_encontrado"": 2002, ""metraje_encontrado"": ""CORTOMETRAJE- Video Ficción""}, {""icaa_id"": 10339040, ""titulo_encontrado"": ""CUENTAME COMO PASO EP. 117: EL SEIS DE ENERO MILAGRO"", ""director_encontrado"": ""AGUSTIN CRESPI"", ""anio_encontrado"": 2002, ""metraje_encontrado"": ""LARGOMETRAJE- Video Ficción""}, {""icaa_id"": 8415140, ""titulo_encontrado"": ""DRAGON BALL EP. 115-116-117"", ""director_encontrado"": ""OSAMU KATSUNISHI"", ""anio_encontrado"": 1986, ""metraje_encontrado"": ""LARGOMETRAJE- Video Ficción""}, {""icaa_id"": 10151540, ""titulo_encontrado"": ""DRAGON BALL Z (LA SAGA DE GARLICK JR.). DISCO 28 (EP.113-117)"", ""director_encontrado"": ""DAISUKE NISHIO"", ""anio_encontrado"": 1989, ""metraje_encontrado"": ""LARGOMETRAJE- Video Ficción""}, {""icaa_id"": 12973440, ""titulo_encontrado"": ""DRAGON BALL Z LA SAGA DE GARLICK JR. (EP. 108-117)"", ""director_encontrado"": ""DAISUKE NISHIO"", ""anio_encontrado"": 1989, ""metraje_encontrado"": ""LARGOMETRAJE- Video Ficción""}, {""icaa_id"": 5435040, ""titulo_encontrado"": ""ENCICLOPEDIA DEL UNIVERSO VOL.9.: EL BIG BANG.../ (2)"", ""director_encontrado"": ""DAVID P. STONE"", ""anio_encontrado"": 1994, ""metraje_encontrado"": ""LARGOMETRAJE- Video Ficción""}, {""icaa_id"": 7216840, ""titulo_encontrado"": ""FRIENDS SERIE 2 EPISODIOS 114 AL 117"", ""director_encontrado"": ""GARY HALVORSON"", ""anio_encontrado"": 1999, ""metraje_encontrado"": ""LARGOMETRAJE- Video Ficción""}, {""icaa_id"": 636350, ""titulo_encontrado"": ""FURIA EN BAHIA"", ""director_encontrado"": ""ANDRE HUNEBELLE"", ""anio_encontrado"": 1965, ""metraje_encontrado"": ""LARGOMETRAJE-""}, {""icaa_id"": 157808, ""titulo_encontrado"": ""K-117"", ""director_encontrado"": ""EUGENIO TARDONGIL"", ""anio_encontrado"": 2008, ""metraje_encontrado"": ""CORTOMETRAJE-""}, {""icaa_id"": 649650, ""titulo_encontrado"": ""NO HAY FLORES, OSS 117"", ""director_encontrado"": ""RENZO DESAGNAT, JEAN-PIERRE CERRATO"", ""anio_encontrado"": 1968, ""metraje_encontrado"": ""LARGOMETRAJE-""}, {""icaa_id"": 516130, ""titulo_encontrado"": ""O.S.S. 117 NO HA MUERTO"", ""director_encontrado"": ""JEAN SACHA"", ""anio_encontrado"": 1956, ""metraje_encontrado"": ""LARGOMETRAJE-""}, {""icaa_id"": 628350, ""titulo_encontrado"": ""OSS 117"", ""director_encontrado"": ""ANDRE HUNEBELLE"", ""anio_encontrado"": 1962, ""metraje_encontrado"": ""LARGOMETRAJE-""}, {""icaa_id"": 1110, ""titulo_encontrado"": ""OSS 117, PERDIDO EN RIO"", ""director_encontrado"": ""MICHAEL HAZANAVICIUS"", ""anio_encontrado"": 2009, ""metraje_encontrado"": ""LARGOMETRAJE-""}, {""icaa_id"": 48622, ""titulo_encontrado"": ""OSS 117: DESDE ÁFRICA CON AMOR"", ""director_encontrado"": ""NICOLAS BEDOS"", ""anio_encontrado"": 2021, ""metraje_encontrado"": ""LARGOMETRAJE- Cine Ficción""}, {""icaa_id"": 154307, ""titulo_encontrado"": ""OSS, 117: EL CAIRO, NIDO DE ESPIAS"", ""director_encontrado"": ""MICHEL HAZANAVICIUS"", ""anio_encontrado"": 2006, ""metraje_encontrado"": ""LARGOMETRAJE-""}, {""icaa_id"": 623850, ""titulo_encontrado"": ""PANICO EN BANGKOK"", ""director_encontrado"": ""ANDRE HUNEBELLE"", ""anio_encontrado"": 1964, ""metraje_encontrado"": ""LARGOMETRAJE-""}, {""icaa_id"": 10445840, ""titulo_encontrado"": ""SERRANO 5ª TEMPORADA EP. 117-120, LOS"", ""director_encontrado"": ""ALEX PINA"", ""anio_encontrado"": 2005, ""metraje_encontrado"": ""LARGOMETRAJE- Video Ficción""}, {""icaa_id"": 8777340, ""titulo_encontrado"": ""SIETE VIDAS EP. 117"", ""director_encontrado"": ""DESCONOCIDO"", ""anio_encontrado"": 2002, ""metraje_encontrado"": ""LARGOMETRAJE- Video Ficción""}, {""icaa_id"": 640350, ""titulo_encontrado"": ""TOKIO HORA CERO"", ""director_encontrado"": ""MICHEL BOISROND"", ""anio_encontrado"": 1966, ""metraje_encontrado"": ""LARGOMETRAJE-""}]";False
Rural Cops;04/06/2021;Rural Cops;;sin_coincidencia_exacta_titulo;;;;;0.0;[];False
Cantuña;22/06/2023;Cantuña;;sin_coincidencia_exacta_titulo;;;;;0.0;[];False
Rebeldes del NOM;04/04/2021;Rebeldes del NOM;;sin_coincidencia_exacta_titulo;;;;;0.0;[];False
Epilogo;28/07/2025;Epilogo;;sin_candidatos_cercanos_probable_reposicion;;;;;7.0;"[{""icaa_id"": 175020, ""titulo_encontrado"": ""EL PADRINO DE MARIO PUZO, EPÍLOGO: LA MUERTE DE MICHAEL CORLEONE"", ""director_encontrado"": ""FRANCIS FORD COPPOLA FORD COPPOLA"", ""anio_encontrado"": 2020, ""metraje_encontrado"": ""LARGOMETRAJE- Cine Ficción""}, {""icaa_id"": 31781, ""titulo_encontrado"": ""Epílogo"", ""director_encontrado"": ""GONZALO. SUÁREZ"", ""anio_encontrado"": 1984, ""metraje_encontrado"": ""LARGOMETRAJE-""}, {""icaa_id"": 3608, ""titulo_encontrado"": ""EPÍLOGO"", ""director_encontrado"": ""ZOE BERRIATÚA"", ""anio_encontrado"": 2008, ""metraje_encontrado"": ""CORTOMETRAJE-""}, {""icaa_id"": 1342740, ""titulo_encontrado"": ""EPILOGO"", ""director_encontrado"": ""DESCONOCIDO"", ""anio_encontrado"": null, ""metraje_encontrado"": ""CORTOMETRAJE- Video Ficción""}, {""icaa_id"": 55304, ""titulo_encontrado"": ""epílogo inesperado, Un"", ""director_encontrado"": ""OLIVER GUERRERO"", ""anio_encontrado"": 2005, ""metraje_encontrado"": ""CORTOMETRAJE-""}, {""icaa_id"": 176916, ""titulo_encontrado"": ""Media hora (y un epílogo)"", ""director_encontrado"": ""EPIGMENIO RODRÍGUEZ MANCEBO"", ""anio_encontrado"": 2018, ""metraje_encontrado"": ""LARGOMETRAJE- Cine Ficción""}, {""icaa_id"": 7495440, ""titulo_encontrado"": ""YU YU HAKUSHO LOS GUERREROS DEL MAS ALLA EP.94 EL EPILOGO(1)"", ""director_encontrado"": ""NORIYUKI ABE"", ""anio_encontrado"": 1994, ""metraje_encontrado"": ""CORTOMETRAJE- Video Ficción""}]";False
Tecido resistente;28/05/2021;Tecido resistente;;sin_coincidencia_exacta_titulo;;;;;0.0;[];False
Una isla en el desierto;30/09/2021;Una isla en el desierto;;sin_coincidencia_exacta_titulo;;;;;0.0;[];False
Infravivienda;26/09/2021;Infravivienda;;sin_coincidencia_exacta_titulo;;;;;0.0;[];False
Llamame Paul;14/11/2024;Llamame Paul;;sin_coincidencia_exacta_titulo;;;;;0.0;[];False
Pedra I Oli;26/07/2022;Pedra I Oli;;sin_coincidencia_exacta_titulo;;;;;0.0;[];False
Ruta. Vol 2: Ibiza, La;24/10/2025;Ruta. Vol 2: Ibiza;;sin_coincidencia_exacta_titulo;;;;;0.0;[];False
Caja vacia, La;28/02/2023;Caja vacia;;sin_coincidencia_exacta_titulo;;;;;0.0;[];False
Penitencia;24/11/2021;Penitencia;;sin_coincidencia_exacta_titulo;;;;;16.0;"[{""icaa_id"": 9104140, ""titulo_encontrado"": ""BARRIOS DE LUZ Y PENITENCIA HUELVA 2005"", ""director_encontrado"": ""RAFAEL MARQUEZ RASCO"", ""anio_encontrado"": 2005, ""metraje_encontrado"": ""LARGOMETRAJE- Video Ficción""}, {""icaa_id"": 10359640, ""titulo_encontrado"": ""BARRIOS DE LUZ Y PENITENCIA HUELVA VOL III"", ""director_encontrado"": ""RAFAEL MARQUEZ RASCO"", ""anio_encontrado"": 2007, ""metraje_encontrado"": ""LARGOMETRAJE- Video Ficción""}, {""icaa_id"": 9691740, ""titulo_encontrado"": ""BARRIOS DE LUZ Y PENITENCIA HUELVA. REINA DEL POLVORIN"", ""director_encontrado"": ""RAFAEL MARQUEZ RASCO"", ""anio_encontrado"": 2006, ""metraje_encontrado"": ""LARGOMETRAJE- Video Ficción""}, {""icaa_id"": 9691840, ""titulo_encontrado"": ""BARRIOS DE LUZ Y PENITENCIA HUELVA. VOLUMEN II"", ""director_encontrado"": ""RAFAEL MARQUEZ RASCO"", ""anio_encontrado"": 2006, ""metraje_encontrado"": ""LARGOMETRAJE- Video Ficción""}, {""icaa_id"": 132430, ""titulo_encontrado"": ""Colonia penitenciaria del Dueso"", ""director_encontrado"": ""SANTOS. NÚÑEZ"", ""anio_encontrado"": 1951, ""metraje_encontrado"": ""CORTOMETRAJE-""}, {""icaa_id"": 909730, ""titulo_encontrado"": ""En penitencia, pólvora"", ""director_encontrado"": ""SALVADOR VARGAS"", ""anio_encontrado"": 1989, ""metraje_encontrado"": ""CORTOMETRAJE-""}, {""icaa_id"": 2073540, ""titulo_encontrado"": ""GRAN GOLPE EN LA PENITENCIARIA"", ""director_encontrado"": ""DESCONOCIDO"", ""anio_encontrado"": null, ""metraje_encontrado"": ""CORTOMETRAJE- Video Ficción""}, {""icaa_id"": 1591540, ""titulo_encontrado"": ""MANHATTAN PENITENCIARIA"", ""director_encontrado"": ""DESCONOCIDO"", ""anio_encontrado"": null, ""metraje_encontrado"": ""CORTOMETRAJE- Video Ficción""}, {""icaa_id"": 283180, ""titulo_encontrado"": ""PENITENCIARIA"", ""director_encontrado"": ""JAMAA FANAKA"", ""anio_encontrado"": 1979, ""metraje_encontrado"": ""LARGOMETRAJE-""}, {""icaa_id"": 681840, ""titulo_encontrado"": ""PENITENCIARIA"", ""director_encontrado"": ""DESCONOCIDO"", ""anio_encontrado"": null, ""metraje_encontrado"": ""CORTOMETRAJE- Video Ficción""}, {""icaa_id"": 1569740, ""titulo_encontrado"": ""PENITENCIARIA II"", ""director_encontrado"": ""JAMAA FANAK"", ""anio_encontrado"": 1982, ""metraje_encontrado"": ""LARGOMETRAJE- Video Ficción""}, {""icaa_id"": 9663640, ""titulo_encontrado"": ""PENITENCIARIA II"", ""director_encontrado"": ""JAMAA FANAKA"", ""anio_encontrado"": 1982, ""metraje_encontrado"": ""LARGOMETRAJE- Video Ficción""}, {""icaa_id"": 2956540, ""titulo_encontrado"": ""PENITENCIARIA III"", ""director_encontrado"": ""VAMAA FANAKA"", ""anio_encontrado"": null, ""metraje_encontrado"": ""LARGOMETRAJE- Video Ficción""}, {""icaa_id"": 7923540, ""titulo_encontrado"": ""PENITENCIARIA MORTAL"", ""director_encontrado"": ""DESCONOCIDO"", ""anio_encontrado"": 2003, ""metraje_encontrado"": ""LARGOMETRAJE- Video Ficción""}, {""icaa_id"": 2769440, ""titulo_encontrado"": ""SECUESTRO EN LA PENITENCIARIA"", ""director_encontrado"": ""TOM SHANDEL"", ""anio_encontrado"": null, ""metraje_encontrado"": ""LARGOMETRAJE- Video Ficción""}, {""icaa_id"": 2769440, ""titulo_encontrado"": ""SECUESTRO EN LA PENITENCIARIA"", ""director_encontrado"": ""TOM SHANDEL"", ""anio_encontrado"": 1984, ""metraje_encontrado"": ""LARGOMETRAJE- Video Ficción""}]";False
Rabia kontra la makina;10/09/2022;Rabia kontra la makina;;sin_coincidencia_exacta_titulo;;;;;0.0;[];False
Salvar Tenerife;09/06/2022;Salvar Tenerife;;sin_coincidencia_exacta_titulo;;;;;0.0;[];False
Sergi Mingote K2 Invernal;07/06/2024;Sergi Mingote K2 Invernal;;sin_coincidencia_exacta_titulo;;;;;0.0;[];False
Piedra patria;12/12/2021;Piedra patria;;sin_coincidencia_exacta_titulo;;;;;0.0;[];False
Micropolis;09/05/2024;Micropolis;;sin_coincidencia_exacta_titulo;;;;;0.0;[];False
Efecto All 1, El;02/02/2023;Efecto All 1;;sin_coincidencia_exacta_titulo;;;;;0.0;[];False
Kaiser de la Atlantida, El;10/05/2022;Kaiser de la Atlantida;;sin_coincidencia_exacta_titulo;;;;;0.0;[];False
Nos parecia importante;28/06/2024;Nos parecia importante;;sin_coincidencia_exacta_titulo;;;;;0.0;[];False
Lligams, fils que cuiden la vida;07/05/2024;Lligams, fils que cuiden la vida;;sin_coincidencia_exacta_titulo;;;;;0.0;[];False
Genero chico, El;14/06/2024;Genero chico;;sin_coincidencia_exacta_titulo;;;;;0.0;[];False
We All Play;09/07/2024;We All Play;;sin_coincidencia_exacta_titulo;;;;;0.0;[];False
Artefacto 71;05/09/2024;Artefacto 71;;sin_coincidencia_exacta_titulo;;;;;0.0;[];False
Sekeleka: Ciudad refugio;29/05/2025;Sekeleka: Ciudad refugio;;sin_coincidencia_exacta_titulo;;;;;0.0;[];False
Ritos sexuales del diablo, Los (1982) (re);13/05/2023;Ritos sexuales del diablo;;sin_coincidencia_exacta_titulo;;;;;0.0;[];False
Maa-yiem, la extraordinaria historia de Jordi Sabater Pi;22/02/2024;Maa-yiem, la extraordinaria historia de Jordi Sabater Pi;;sin_coincidencia_exacta_titulo;;;;;0.0;[];False
Generacion Lagartija;21/06/2024;Generacion Lagartija;;sin_coincidencia_exacta_titulo;;;;;0.0;[];False
Fábula del escorpión y la rana;22/02/2024;Fábula del escorpión y la rana;;sin_coincidencia_exacta_titulo;;;;;0.0;[];False
Impulso nomada, El;05/09/2025;Impulso nomada;;sin_coincidencia_exacta_titulo;;;;;0.0;[];False
Exploradores verticales;20/10/2022;Exploradores verticales;;sin_coincidencia_exacta_titulo;;;;;0.0;[];False
Basotik itsasora (Del bosque al mar);05/06/2021;Basotik itsasora (Del bosque al mar);;sin_coincidencia_exacta_titulo;;;;;0.0;[];False
Ultimo deseo, El;05/11/2024;Ultimo deseo;;sin_candidatos_cercanos_probable_reposicion;;;;;5.0;"[{""icaa_id"": 39119, ""titulo_encontrado"": ""El cocinero de los últimos deseos"", ""director_encontrado"": ""YOJIRO TAKITA"", ""anio_encontrado"": 2017, ""metraje_encontrado"": ""LARGOMETRAJE- Cine Ficción""}, {""icaa_id"": 22322, ""titulo_encontrado"": ""EL GATO CON BOTAS: EL ÚLTIMO DESEO"", ""director_encontrado"": ""JOEL CRAWFORD"", ""anio_encontrado"": 2022, ""metraje_encontrado"": ""LARGOMETRAJE- Cine Animación""}, {""icaa_id"": 85950, ""titulo_encontrado"": ""Ultimo deseo"", ""director_encontrado"": ""LEÓN. KLIMOVSKY"", ""anio_encontrado"": 1976, ""metraje_encontrado"": ""LARGOMETRAJE-""}, {""icaa_id"": 1201740, ""titulo_encontrado"": ""ULTIMO DESEO"", ""director_encontrado"": ""DESCONOCIDO"", ""anio_encontrado"": null, ""metraje_encontrado"": ""CORTOMETRAJE- Video Ficción""}, {""icaa_id"": 13077240, ""titulo_encontrado"": ""ULTIMO DESEO, EL"", ""director_encontrado"": ""JAMES FRANCO"", ""anio_encontrado"": 2012, ""metraje_encontrado"": ""LARGOMETRAJE- Video Ficción""}]";False
De Dali a Miquel;09/04/2021;De Dali a Miquel;;sin_coincidencia_exacta_titulo;;;;;0.0;[];False
No se apaguen las estrellas;17/06/2021;No se apaguen las estrellas;;sin_coincidencia_exacta_titulo;;;;;0.0;[];False
Canciones de horror;16/10/2021;Canciones de horror;;sin_coincidencia_exacta_titulo;;;;;0.0;[];False
Nacer por nacer;30/06/2023;Nacer por nacer;;sin_coincidencia_exacta_titulo;;;;;0.0;[];False
Antologia de l’atzar;30/09/2021;Antologia de l’atzar;;sin_coincidencia_exacta_titulo;;;;;0.0;[];False
Dobla la esquina, el volcán;21/02/2024;Dobla la esquina, el volcán;;sin_coincidencia_exacta_titulo;;;;;0.0;[];False
Primavera, La;15/10/2024;Primavera;;sin_coincidencia_exacta_titulo;;;;;120.0;"[{""icaa_id"": 100917, ""titulo_encontrado"": ""50 PRIMAVERAS"", ""director_encontrado"": ""BLANDINE LENOIR"", ""anio_encontrado"": 2017, ""metraje_encontrado"": ""LARGOMETRAJE- Cine Ficción""}, {""icaa_id"": 19699, ""titulo_encontrado"": ""Agobiado y distraído en un motel de carretera una calurosanoche de primavera con seis preguntas y tres muertos"", ""director_encontrado"": ""MIGUEL. ESCAMILLA"", ""anio_encontrado"": 1999, ""metraje_encontrado"": ""CORTOMETRAJE-""}, {""icaa_id"": 874130, ""titulo_encontrado"": ""Al llegar la primavera"", ""director_encontrado"": ""PAUL L. STEIN"", ""anio_encontrado"": 1934, ""metraje_encontrado"": ""LARGOMETRAJE-""}, {""icaa_id"": 13079140, ""titulo_encontrado"": ""AMIGA PRIMAVERA, AMIC ESTIU"", ""director_encontrado"": ""LAIA GIMO"", ""anio_encontrado"": 2014, ""metraje_encontrado"": ""LARGOMETRAJE- Video Ficción""}, {""icaa_id"": 25352, ""titulo_encontrado"": ""Año de las lluvias torrenciales, El"", ""director_encontrado"": ""JERZY SKOLIMOWSKI"", ""anio_encontrado"": 1989, ""metraje_encontrado"": ""LARGOMETRAJE-""}, {""icaa_id"": 786330, ""titulo_encontrado"": ""Ayer fue primavera"", ""director_encontrado"": ""FERNANDO AYALA"", ""anio_encontrado"": 1955, ""metraje_encontrado"": ""LARGOMETRAJE-""}, {""icaa_id"": 10770140, ""titulo_encontrado"": ""BABY LOONEY TUNES, LA MAGIA DE LA PRIMAVERA"", ""director_encontrado"": ""GI HONG JEONG"", ""anio_encontrado"": 2002, ""metraje_encontrado"": ""LARGOMETRAJE- Video Ficción""}, {""icaa_id"": 11883440, ""titulo_encontrado"": ""BON DIA, PRIMAVERA"", ""director_encontrado"": ""LAIA GIMO"", ""anio_encontrado"": 2010, ""metraje_encontrado"": ""CORTOMETRAJE- Video Ficción""}, {""icaa_id"": 9749340, ""titulo_encontrado"": ""BONITO DIA DE PRIMAVERA, UN"", ""director_encontrado"": ""JIN HO HUR"", ""anio_encontrado"": 2001, ""metraje_encontrado"": ""LARGOMETRAJE- Video Ficción""}, {""icaa_id"": 5483740, ""titulo_encontrado"": ""BRAMBLY HEDGE - CUENTO DE PRIMAVERA"", ""director_encontrado"": ""BRIAN LITTLE"", ""anio_encontrado"": 1997, ""metraje_encontrado"": ""CORTOMETRAJE- Video Ficción""}, {""icaa_id"": 2819440, ""titulo_encontrado"": ""CANTABRIA-CUANDO NACE LA PRIMAVERA"", ""director_encontrado"": ""JESUS GARCIA PRECIADOS"", ""anio_encontrado"": null, ""metraje_encontrado"": ""CORTOMETRAJE- Video Ficción""}, {""icaa_id"": 1120240, ""titulo_encontrado"": ""CASA DE LA PRADERA II (CAMINO HACIA LA PRIMAVERA), LA"", ""director_encontrado"": ""DESCONOCIDO"", ""anio_encontrado"": null, ""metraje_encontrado"": ""CORTOMETRAJE- Video Ficción""}, {""icaa_id"": 3983640, ""titulo_encontrado"": ""CEBADO PARA CEBADO PRIMAVERA-VERANO 92"", ""director_encontrado"": ""ALBERTO CERDAN APERTE"", ""anio_encontrado"": null, ""metraje_encontrado"": ""LARGOMETRAJE- Video Ficción""}, {""icaa_id"": 3775040, ""titulo_encontrado"": ""CEBADO PARA CEBADO. PRIMAVERA-VERANO"", ""director_encontrado"": ""ALBERTO CERDAN APERTE"", ""anio_encontrado"": 1990, ""metraje_encontrado"": ""LARGOMETRAJE- Video Ficción""}, {""icaa_id"": 3147940, ""titulo_encontrado"": ""CEBADO-MODA PRIMAVERA"", ""director_encontrado"": ""DESCONOCIDO"", ""anio_encontrado"": null, ""metraje_encontrado"": ""CORTOMETRAJE- Video Ficción""}, {""icaa_id"": 75109, ""titulo_encontrado"": ""COMBO CINE PRIMAVERA"", ""director_encontrado"": ""DESCONOCIDO"", ""anio_encontrado"": null, ""metraje_encontrado"": ""LARGOMETRAJE- Cine Ficción""}, {""icaa_id"": 16613, ""titulo_encontrado"": ""CONTES DE PRIMAVERA"", ""director_encontrado"": ""DESCONOCIDO"", ""anio_encontrado"": null, ""metraje_encontrado"": ""CORTOMETRAJE-""}, {""icaa_id"": 3148140, ""titulo_encontrado"": ""CORTES DE PRIMAVERA, LOS"", ""director_encontrado"": ""DESCONOCIDO"", ""anio_encontrado"": null, ""metraje_encontrado"": ""CORTOMETRAJE- Video Ficción""}, {""icaa_id"": 7851640, ""titulo_encontrado"": ""CSI MIAMI EP. 1.21 VACACIONES DE PRIMAVERA"", ""director_encontrado"": ""CHARLIS CORRELL"", ""anio_encontrado"": 2002, ""metraje_encontrado"": ""CORTOMETRAJE- Video Ficción""}, {""icaa_id"": 435730, ""titulo_encontrado"": ""CUANDO LLEGUE LA PRIMAVERA"", ""director_encontrado"": ""R. G. SPRINGSTEEN"", ""anio_encontrado"": 1955, ""metraje_encontrado"": ""LARGOMETRAJE-""}, {""icaa_id"": 10071540, ""titulo_encontrado"": ""CUENTAME COMO PASO EP. 81: LA PRIMAVERA LA SANGRE ALTERA"", ""director_encontrado"": ""AGUSTIN CRESPI"", ""anio_encontrado"": 2002, ""metraje_encontrado"": ""LARGOMETRAJE- Video Ficción""}, {""icaa_id"": 38752, ""titulo_encontrado"": ""Cuento de primavera"", ""director_encontrado"": ""ERIC ROHMER"", ""anio_encontrado"": 1989, ""metraje_encontrado"": ""LARGOMETRAJE-""}, {""icaa_id"": 11633140, ""titulo_encontrado"": ""DISNEY'S LITTLE EINSTEINS: POR FIN ES PRIMAVERA"", ""director_encontrado"": ""OLEXA HEWRYK"", ""anio_encontrado"": 2009, ""metraje_encontrado"": ""LARGOMETRAJE- Video Ficción""}, {""icaa_id"": 7497740, ""titulo_encontrado"": ""DVD 3 LA MONTAÑA DEL TERROR. LA PRIMAVERA TODO ALTERA ..."", ""director_encontrado"": ""DESCONOCIDO"", ""anio_encontrado"": 2003, ""metraje_encontrado"": ""LARGOMETRAJE- Video Ficción""}, {""icaa_id"": 100917, ""titulo_encontrado"": ""50 PRIMAVERAS"", ""director_encontrado"": ""BLANDINE LENOIR"", ""anio_encontrado"": 2017, ""metraje_encontrado"": ""LARGOMETRAJE- Cine Ficción""}, {""icaa_id"": 19699, ""titulo_encontrado"": ""Agobiado y distraído en un motel de carretera una calurosanoche de primavera con seis preguntas y tres muertos"", ""director_encontrado"": ""MIGUEL. ESCAMILLA"", ""anio_encontrado"": 1999, ""metraje_encontrado"": ""CORTOMETRAJE-""}, {""icaa_id"": 874130, ""titulo_encontrado"": ""Al llegar la primavera"", ""director_encontrado"": ""PAUL L. STEIN"", ""anio_encontrado"": 1934, ""metraje_encontrado"": ""LARGOMETRAJE-""}, {""icaa_id"": 13079140, ""titulo_encontrado"": ""AMIGA PRIMAVERA, AMIC ESTIU"", ""director_encontrado"": ""LAIA GIMO"", ""anio_encontrado"": 2014, ""metraje_encontrado"": ""LARGOMETRAJE- Video Ficción""}, {""icaa_id"": 25352, ""titulo_encontrado"": ""Año de las lluvias torrenciales, El"", ""director_encontrado"": ""JERZY SKOLIMOWSKI"", ""anio_encontrado"": 1989, ""metraje_encontrado"": ""LARGOMETRAJE-""}, {""icaa_id"": 786330, ""titulo_encontrado"": ""Ayer fue primavera"", ""director_encontrado"": ""FERNANDO AYALA"", ""anio_encontrado"": 1955, ""metraje_encontrado"": ""LARGOMETRAJE-""}, {""icaa_id"": 10770140, ""titulo_encontrado"": ""BABY LOONEY TUNES, LA MAGIA DE LA PRIMAVERA"", ""director_encontrado"": ""GI HONG JEONG"", ""anio_encontrado"": 2002, ""metraje_encontrado"": ""LARGOMETRAJE- Video Ficción""}, {""icaa_id"": 11883440, ""titulo_encontrado"": ""BON DIA, PRIMAVERA"", ""director_encontrado"": ""LAIA GIMO"", ""anio_encontrado"": 2010, ""metraje_encontrado"": ""CORTOMETRAJE- Video Ficción""}, {""icaa_id"": 9749340, ""titulo_encontrado"": ""BONITO DIA DE PRIMAVERA, UN"", ""director_encontrado"": ""JIN HO HUR"", ""anio_encontrado"": 2001, ""metraje_encontrado"": ""LARGOMETRAJE- Video Ficción""}, {""icaa_id"": 5483740, ""titulo_encontrado"": ""BRAMBLY HEDGE - CUENTO DE PRIMAVERA"", ""director_encontrado"": ""BRIAN LITTLE"", ""anio_encontrado"": 1997, ""metraje_encontrado"": ""CORTOMETRAJE- Video Ficción""}, {""icaa_id"": 2819440, ""titulo_encontrado"": ""CANTABRIA-CUANDO NACE LA PRIMAVERA"", ""director_encontrado"": ""JESUS GARCIA PRECIADOS"", ""anio_encontrado"": null, ""metraje_encontrado"": ""CORTOMETRAJE- Video Ficción""}, {""icaa_id"": 1120240, ""titulo_encontrado"": ""CASA DE LA PRADERA II (CAMINO HACIA LA PRIMAVERA), LA"", ""director_encontrado"": ""DESCONOCIDO"", ""anio_encontrado"": null, ""metraje_encontrado"": ""CORTOMETRAJE- Video Ficción""}, {""icaa_id"": 3983640, ""titulo_encontrado"": ""CEBADO PARA CEBADO PRIMAVERA-VERANO 92"", ""director_encontrado"": ""ALBERTO CERDAN APERTE"", ""anio_encontrado"": null, ""metraje_encontrado"": ""LARGOMETRAJE- Video Ficción""}, {""icaa_id"": 3775040, ""titulo_encontrado"": ""CEBADO PARA CEBADO. PRIMAVERA-VERANO"", ""director_encontrado"": ""ALBERTO CERDAN APERTE"", ""anio_encontrado"": 1990, ""metraje_encontrado"": ""LARGOMETRAJE- Video Ficción""}, {""icaa_id"": 3147940, ""titulo_encontrado"": ""CEBADO-MODA PRIMAVERA"", ""director_encontrado"": ""DESCONOCIDO"", ""anio_encontrado"": null, ""metraje_encontrado"": ""CORTOMETRAJE- Video Ficción""}, {""icaa_id"": 75109, ""titulo_encontrado"": ""COMBO CINE PRIMAVERA"", ""director_encontrado"": ""DESCONOCIDO"", ""anio_encontrado"": null, ""metraje_encontrado"": ""LARGOMETRAJE- Cine Ficción""}, {""icaa_id"": 16613, ""titulo_encontrado"": ""CONTES DE PRIMAVERA"", ""director_encontrado"": ""DESCONOCIDO"", ""anio_encontrado"": null, ""metraje_encontrado"": ""CORTOMETRAJE-""}, {""icaa_id"": 3148140, ""titulo_encontrado"": ""CORTES DE PRIMAVERA, LOS"", ""director_encontrado"": ""DESCONOCIDO"", ""anio_encontrado"": null, ""metraje_encontrado"": ""CORTOMETRAJE- Video Ficción""}, {""icaa_id"": 7851640, ""titulo_encontrado"": ""CSI MIAMI EP. 1.21 VACACIONES DE PRIMAVERA"", ""director_encontrado"": ""CHARLIS CORRELL"", ""anio_encontrado"": 2002, ""metraje_encontrado"": ""CORTOMETRAJE- Video Ficción""}, {""icaa_id"": 435730, ""titulo_encontrado"": ""CUANDO LLEGUE LA PRIMAVERA"", ""director_encontrado"": ""R. G. SPRINGSTEEN"", ""anio_encontrado"": 1955, ""metraje_encontrado"": ""LARGOMETRAJE-""}, {""icaa_id"": 10071540, ""titulo_encontrado"": ""CUENTAME COMO PASO EP. 81: LA PRIMAVERA LA SANGRE ALTERA"", ""director_encontrado"": ""AGUSTIN CRESPI"", ""anio_encontrado"": 2002, ""metraje_encontrado"": ""LARGOMETRAJE- Video Ficción""}, {""icaa_id"": 38752, ""titulo_encontrado"": ""Cuento de primavera"", ""director_encontrado"": ""ERIC ROHMER"", ""anio_encontrado"": 1989, ""metraje_encontrado"": ""LARGOMETRAJE-""}, {""icaa_id"": 11633140, ""titulo_encontrado"": ""DISNEY'S LITTLE EINSTEINS: POR FIN ES PRIMAVERA"", ""director_encontrado"": ""OLEXA HEWRYK"", ""anio_encontrado"": 2009, ""metraje_encontrado"": ""LARGOMETRAJE- Video Ficción""}, {""icaa_id"": 7497740, ""titulo_encontrado"": ""DVD 3 LA MONTAÑA DEL TERROR. LA PRIMAVERA TODO ALTERA ..."", ""director_encontrado"": ""DESCONOCIDO"", ""anio_encontrado"": 2003, ""metraje_encontrado"": ""LARGOMETRAJE- Video Ficción""}, {""icaa_id"": 100917, ""titulo_encontrado"": ""50 PRIMAVERAS"", ""director_encontrado"": ""BLANDINE LENOIR"", ""anio_encontrado"": 2017, ""metraje_encontrado"": ""LARGOMETRAJE- Cine Ficción""}, {""icaa_id"": 19699, ""titulo_encontrado"": ""Agobiado y distraído en un motel de carretera una calurosanoche de primavera con seis preguntas y tres muertos"", ""director_encontrado"": ""MIGUEL. ESCAMILLA"", ""anio_encontrado"": 1999, ""metraje_encontrado"": ""CORTOMETRAJE-""}, {""icaa_id"": 874130, ""titulo_encontrado"": ""Al llegar la primavera"", ""director_encontrado"": ""PAUL L. STEIN"", ""anio_encontrado"": 1934, ""metraje_encontrado"": ""LARGOMETRAJE-""}, {""icaa_id"": 13079140, ""titulo_encontrado"": ""AMIGA PRIMAVERA, AMIC ESTIU"", ""director_encontrado"": ""LAIA GIMO"", ""anio_encontrado"": 2014, ""metraje_encontrado"": ""LARGOMETRAJE- Video Ficción""}, {""icaa_id"": 25352, ""titulo_encontrado"": ""Año de las lluvias torrenciales, El"", ""director_encontrado"": ""JERZY SKOLIMOWSKI"", ""anio_encontrado"": 1989, ""metraje_encontrado"": ""LARGOMETRAJE-""}, {""icaa_id"": 786330, ""titulo_encontrado"": ""Ayer fue primavera"", ""director_encontrado"": ""FERNANDO AYALA"", ""anio_encontrado"": 1955, ""metraje_encontrado"": ""LARGOMETRAJE-""}, {""icaa_id"": 10770140, ""titulo_encontrado"": ""BABY LOONEY TUNES, LA MAGIA DE LA PRIMAVERA"", ""director_encontrado"": ""GI HONG JEONG"", ""anio_encontrado"": 2002, ""metraje_encontrado"": ""LARGOMETRAJE- Video Ficción""}, {""icaa_id"": 11883440, ""titulo_encontrado"": ""BON DIA, PRIMAVERA"", ""director_encontrado"": ""LAIA GIMO"", ""anio_encontrado"": 2010, ""metraje_encontrado"": ""CORTOMETRAJE- Video Ficción""}, {""icaa_id"": 9749340, ""titulo_encontrado"": ""BONITO DIA DE PRIMAVERA, UN"", ""director_encontrado"": ""JIN HO HUR"", ""anio_encontrado"": 2001, ""metraje_encontrado"": ""LARGOMETRAJE- Video Ficción""}, {""icaa_id"": 5483740, ""titulo_encontrado"": ""BRAMBLY HEDGE - CUENTO DE PRIMAVERA"", ""director_encontrado"": ""BRIAN LITTLE"", ""anio_encontrado"": 1997, ""metraje_encontrado"": ""CORTOMETRAJE- Video Ficción""}, {""icaa_id"": 2819440, ""titulo_encontrado"": ""CANTABRIA-CUANDO NACE LA PRIMAVERA"", ""director_encontrado"": ""JESUS GARCIA PRECIADOS"", ""anio_encontrado"": null, ""metraje_encontrado"": ""CORTOMETRAJE- Video Ficción""}, {""icaa_id"": 1120240, ""titulo_encontrado"": ""CASA DE LA PRADERA II (CAMINO HACIA LA PRIMAVERA), LA"", ""director_encontrado"": ""DESCONOCIDO"", ""anio_encontrado"": null, ""metraje_encontrado"": ""CORTOMETRAJE- Video Ficción""}, {""icaa_id"": 3983640, ""titulo_encontrado"": ""CEBADO PARA CEBADO PRIMAVERA-VERANO 92"", ""director_encontrado"": ""ALBERTO CERDAN APERTE"", ""anio_encontrado"": null, ""metraje_encontrado"": ""LARGOMETRAJE- Video Ficción""}, {""icaa_id"": 3775040, ""titulo_encontrado"": ""CEBADO PARA CEBADO. PRIMAVERA-VERANO"", ""director_encontrado"": ""ALBERTO CERDAN APERTE"", ""anio_encontrado"": 1990, ""metraje_encontrado"": ""LARGOMETRAJE- Video Ficción""}, {""icaa_id"": 3147940, ""titulo_encontrado"": ""CEBADO-MODA PRIMAVERA"", ""director_encontrado"": ""DESCONOCIDO"", ""anio_encontrado"": null, ""metraje_encontrado"": ""CORTOMETRAJE- Video Ficción""}, {""icaa_id"": 75109, ""titulo_encontrado"": ""COMBO CINE PRIMAVERA"", ""director_encontrado"": ""DESCONOCIDO"", ""anio_encontrado"": null, ""metraje_encontrado"": ""LARGOMETRAJE- Cine Ficción""}, {""icaa_id"": 16613, ""titulo_encontrado"": ""CONTES DE PRIMAVERA"", ""director_encontrado"": ""DESCONOCIDO"", ""anio_encontrado"": null, ""metraje_encontrado"": ""CORTOMETRAJE-""}, {""icaa_id"": 3148140, ""titulo_encontrado"": ""CORTES DE PRIMAVERA, LOS"", ""director_encontrado"": ""DESCONOCIDO"", ""anio_encontrado"": null, ""metraje_encontrado"": ""CORTOMETRAJE- Video Ficción""}, {""icaa_id"": 7851640, ""titulo_encontrado"": ""CSI MIAMI EP. 1.21 VACACIONES DE PRIMAVERA"", ""director_encontrado"": ""CHARLIS CORRELL"", ""anio_encontrado"": 2002, ""metraje_encontrado"": ""CORTOMETRAJE- Video Ficción""}, {""icaa_id"": 435730, ""titulo_encontrado"": ""CUANDO LLEGUE LA PRIMAVERA"", ""director_encontrado"": ""R. G. SPRINGSTEEN"", ""anio_encontrado"": 1955, ""metraje_encontrado"": ""LARGOMETRAJE-""}, {""icaa_id"": 10071540, ""titulo_encontrado"": ""CUENTAME COMO PASO EP. 81: LA PRIMAVERA LA SANGRE ALTERA"", ""director_encontrado"": ""AGUSTIN CRESPI"", ""anio_encontrado"": 2002, ""metraje_encontrado"": ""LARGOMETRAJE- Video Ficción""}, {""icaa_id"": 38752, ""titulo_encontrado"": ""Cuento de primavera"", ""director_encontrado"": ""ERIC ROHMER"", ""anio_encontrado"": 1989, ""metraje_encontrado"": ""LARGOMETRAJE-""}, {""icaa_id"": 11633140, ""titulo_encontrado"": ""DISNEY'S LITTLE EINSTEINS: POR FIN ES PRIMAVERA"", ""director_encontrado"": ""OLEXA HEWRYK"", ""anio_encontrado"": 2009, ""metraje_encontrado"": ""LARGOMETRAJE- Video Ficción""}, {""icaa_id"": 7497740, ""titulo_encontrado"": ""DVD 3 LA MONTAÑA DEL TERROR. LA PRIMAVERA TODO ALTERA ..."", ""director_encontrado"": ""DESCONOCIDO"", ""anio_encontrado"": 2003, ""metraje_encontrado"": ""LARGOMETRAJE- Video Ficción""}, {""icaa_id"": 100917, ""titulo_encontrado"": ""50 PRIMAVERAS"", ""director_encontrado"": ""BLANDINE LENOIR"", ""anio_encontrado"": 2017, ""metraje_encontrado"": ""LARGOMETRAJE- Cine Ficción""}, {""icaa_id"": 19699, ""titulo_encontrado"": ""Agobiado y distraído en un motel de carretera una calurosanoche de primavera con seis preguntas y tres muertos"", ""director_encontrado"": ""MIGUEL. ESCAMILLA"", ""anio_encontrado"": 1999, ""metraje_encontrado"": ""CORTOMETRAJE-""}, {""icaa_id"": 874130, ""titulo_encontrado"": ""Al llegar la primavera"", ""director_encontrado"": ""PAUL L. STEIN"", ""anio_encontrado"": 1934, ""metraje_encontrado"": ""LARGOMETRAJE-""}, {""icaa_id"": 13079140, ""titulo_encontrado"": ""AMIGA PRIMAVERA, AMIC ESTIU"", ""director_encontrado"": ""LAIA GIMO"", ""anio_encontrado"": 2014, ""metraje_encontrado"": ""LARGOMETRAJE- Video Ficción""}, {""icaa_id"": 25352, ""titulo_encontrado"": ""Año de las lluvias torrenciales, El"", ""director_encontrado"": ""JERZY SKOLIMOWSKI"", ""anio_encontrado"": 1989, ""metraje_encontrado"": ""LARGOMETRAJE-""}, {""icaa_id"": 786330, ""titulo_encontrado"": ""Ayer fue primavera"", ""director_encontrado"": ""FERNANDO AYALA"", ""anio_encontrado"": 1955, ""metraje_encontrado"": ""LARGOMETRAJE-""}, {""icaa_id"": 10770140, ""titulo_encontrado"": ""BABY LOONEY TUNES, LA MAGIA DE LA PRIMAVERA"", ""director_encontrado"": ""GI HONG JEONG"", ""anio_encontrado"": 2002, ""metraje_encontrado"": ""LARGOMETRAJE- Video Ficción""}, {""icaa_id"": 11883440, ""titulo_encontrado"": ""BON DIA, PRIMAVERA"", ""director_encontrado"": ""LAIA GIMO"", ""anio_encontrado"": 2010, ""metraje_encontrado"": ""CORTOMETRAJE- Video Ficción""}, {""icaa_id"": 9749340, ""titulo_encontrado"": ""BONITO DIA DE PRIMAVERA, UN"", ""director_encontrado"": ""JIN HO HUR"", ""anio_encontrado"": 2001, ""metraje_encontrado"": ""LARGOMETRAJE- Video Ficción""}, {""icaa_id"": 5483740, ""titulo_encontrado"": ""BRAMBLY HEDGE - CUENTO DE PRIMAVERA"", ""director_encontrado"": ""BRIAN LITTLE"", ""anio_encontrado"": 1997, ""metraje_encontrado"": ""CORTOMETRAJE- Video Ficción""}, {""icaa_id"": 2819440, ""titulo_encontrado"": ""CANTABRIA-CUANDO NACE LA PRIMAVERA"", ""director_encontrado"": ""JESUS GARCIA PRECIADOS"", ""anio_encontrado"": null, ""metraje_encontrado"": ""CORTOMETRAJE- Video Ficción""}, {""icaa_id"": 1120240, ""titulo_encontrado"": ""CASA DE LA PRADERA II (CAMINO HACIA LA PRIMAVERA), LA"", ""director_encontrado"": ""DESCONOCIDO"", ""anio_encontrado"": null, ""metraje_encontrado"": ""CORTOMETRAJE- Video Ficción""}, {""icaa_id"": 3983640, ""titulo_encontrado"": ""CEBADO PARA CEBADO PRIMAVERA-VERANO 92"", ""director_encontrado"": ""ALBERTO CERDAN APERTE"", ""anio_encontrado"": null, ""metraje_encontrado"": ""LARGOMETRAJE- Video Ficción""}, {""icaa_id"": 3775040, ""titulo_encontrado"": ""CEBADO PARA CEBADO. PRIMAVERA-VERANO"", ""director_encontrado"": ""ALBERTO CERDAN APERTE"", ""anio_encontrado"": 1990, ""metraje_encontrado"": ""LARGOMETRAJE- Video Ficción""}, {""icaa_id"": 3147940, ""titulo_encontrado"": ""CEBADO-MODA PRIMAVERA"", ""director_encontrado"": ""DESCONOCIDO"", ""anio_encontrado"": null, ""metraje_encontrado"": ""CORTOMETRAJE- Video Ficción""}, {""icaa_id"": 75109, ""titulo_encontrado"": ""COMBO CINE PRIMAVERA"", ""director_encontrado"": ""DESCONOCIDO"", ""anio_encontrado"": null, ""metraje_encontrado"": ""LARGOMETRAJE- Cine Ficción""}, {""icaa_id"": 16613, ""titulo_encontrado"": ""CONTES DE PRIMAVERA"", ""director_encontrado"": ""DESCONOCIDO"", ""anio_encontrado"": null, ""metraje_encontrado"": ""CORTOMETRAJE-""}, {""icaa_id"": 3148140, ""titulo_encontrado"": ""CORTES DE PRIMAVERA, LOS"", ""director_encontrado"": ""DESCONOCIDO"", ""anio_encontrado"": null, ""metraje_encontrado"": ""CORTOMETRAJE- Video Ficción""}, {""icaa_id"": 7851640, ""titulo_encontrado"": ""CSI MIAMI EP. 1.21 VACACIONES DE PRIMAVERA"", ""director_encontrado"": ""CHARLIS CORRELL"", ""anio_encontrado"": 2002, ""metraje_encontrado"": ""CORTOMETRAJE- Video Ficción""}, {""icaa_id"": 435730, ""titulo_encontrado"": ""CUANDO LLEGUE LA PRIMAVERA"", ""director_encontrado"": ""R. G. SPRINGSTEEN"", ""anio_encontrado"": 1955, ""metraje_encontrado"": ""LARGOMETRAJE-""}, {""icaa_id"": 10071540, ""titulo_encontrado"": ""CUENTAME COMO PASO EP. 81: LA PRIMAVERA LA SANGRE ALTERA"", ""director_encontrado"": ""AGUSTIN CRESPI"", ""anio_encontrado"": 2002, ""metraje_encontrado"": ""LARGOMETRAJE- Video Ficción""}, {""icaa_id"": 38752, ""titulo_encontrado"": ""Cuento de primavera"", ""director_encontrado"": ""ERIC ROHMER"", ""anio_encontrado"": 1989, ""metraje_encontrado"": ""LARGOMETRAJE-""}, {""icaa_id"": 11633140, ""titulo_encontrado"": ""DISNEY'S LITTLE EINSTEINS: POR FIN ES PRIMAVERA"", ""director_encontrado"": ""OLEXA HEWRYK"", ""anio_encontrado"": 2009, ""metraje_encontrado"": ""LARGOMETRAJE- Video Ficción""}, {""icaa_id"": 7497740, ""titulo_encontrado"": ""DVD 3 LA MONTAÑA DEL TERROR. LA PRIMAVERA TODO ALTERA ..."", ""director_encontrado"": ""DESCONOCIDO"", ""anio_encontrado"": 2003, ""metraje_encontrado"": ""LARGOMETRAJE- Video Ficción""}, {""icaa_id"": 100917, ""titulo_encontrado"": ""50 PRIMAVERAS"", ""director_encontrado"": ""BLANDINE LENOIR"", ""anio_encontrado"": 2017, ""metraje_encontrado"": ""LARGOMETRAJE- Cine Ficción""}, {""icaa_id"": 19699, ""titulo_encontrado"": ""Agobiado y distraído en un motel de carretera una calurosanoche de primavera con seis preguntas y tres muertos"", ""director_encontrado"": ""MIGUEL. ESCAMILLA"", ""anio_encontrado"": 1999, ""metraje_encontrado"": ""CORTOMETRAJE-""}, {""icaa_id"": 874130, ""titulo_encontrado"": ""Al llegar la primavera"", ""director_encontrado"": ""PAUL L. STEIN"", ""anio_encontrado"": 1934, ""metraje_encontrado"": ""LARGOMETRAJE-""}, {""icaa_id"": 13079140, ""titulo_encontrado"": ""AMIGA PRIMAVERA, AMIC ESTIU"", ""director_encontrado"": ""LAIA GIMO"", ""anio_encontrado"": 2014, ""metraje_encontrado"": ""LARGOMETRAJE- Video Ficción""}, {""icaa_id"": 25352, ""titulo_encontrado"": ""Año de las lluvias torrenciales, El"", ""director_encontrado"": ""JERZY SKOLIMOWSKI"", ""anio_encontrado"": 1989, ""metraje_encontrado"": ""LARGOMETRAJE-""}, {""icaa_id"": 786330, ""titulo_encontrado"": ""Ayer fue primavera"", ""director_encontrado"": ""FERNANDO AYALA"", ""anio_encontrado"": 1955, ""metraje_encontrado"": ""LARGOMETRAJE-""}, {""icaa_id"": 10770140, ""titulo_encontrado"": ""BABY LOONEY TUNES, LA MAGIA DE LA PRIMAVERA"", ""director_encontrado"": ""GI HONG JEONG"", ""anio_encontrado"": 2002, ""metraje_encontrado"": ""LARGOMETRAJE- Video Ficción""}, {""icaa_id"": 11883440, ""titulo_encontrado"": ""BON DIA, PRIMAVERA"", ""director_encontrado"": ""LAIA GIMO"", ""anio_encontrado"": 2010, ""metraje_encontrado"": ""CORTOMETRAJE- Video Ficción""}, {""icaa_id"": 9749340, ""titulo_encontrado"": ""BONITO DIA DE PRIMAVERA, UN"", ""director_encontrado"": ""JIN HO HUR"", ""anio_encontrado"": 2001, ""metraje_encontrado"": ""LARGOMETRAJE- Video Ficción""}, {""icaa_id"": 5483740, ""titulo_encontrado"": ""BRAMBLY HEDGE - CUENTO DE PRIMAVERA"", ""director_encontrado"": ""BRIAN LITTLE"", ""anio_encontrado"": 1997, ""metraje_encontrado"": ""CORTOMETRAJE- Video Ficción""}, {""icaa_id"": 2819440, ""titulo_encontrado"": ""CANTABRIA-CUANDO NACE LA PRIMAVERA"", ""director_encontrado"": ""JESUS GARCIA PRECIADOS"", ""anio_encontrado"": null, ""metraje_encontrado"": ""CORTOMETRAJE- Video Ficción""}, {""icaa_id"": 1120240, ""titulo_encontrado"": ""CASA DE LA PRADERA II (CAMINO HACIA LA PRIMAVERA), LA"", ""director_encontrado"": ""DESCONOCIDO"", ""anio_encontrado"": null, ""metraje_encontrado"": ""CORTOMETRAJE- Video Ficción""}, {""icaa_id"": 3983640, ""titulo_encontrado"": ""CEBADO PARA CEBADO PRIMAVERA-VERANO 92"", ""director_encontrado"": ""ALBERTO CERDAN APERTE"", ""anio_encontrado"": null, ""metraje_encontrado"": ""LARGOMETRAJE- Video Ficción""}, {""icaa_id"": 3775040, ""titulo_encontrado"": ""CEBADO PARA CEBADO. PRIMAVERA-VERANO"", ""director_encontrado"": ""ALBERTO CERDAN APERTE"", ""anio_encontrado"": 1990, ""metraje_encontrado"": ""LARGOMETRAJE- Video Ficción""}, {""icaa_id"": 3147940, ""titulo_encontrado"": ""CEBADO-MODA PRIMAVERA"", ""director_encontrado"": ""DESCONOCIDO"", ""anio_encontrado"": null, ""metraje_encontrado"": ""CORTOMETRAJE- Video Ficción""}, {""icaa_id"": 75109, ""titulo_encontrado"": ""COMBO CINE PRIMAVERA"", ""director_encontrado"": ""DESCONOCIDO"", ""anio_encontrado"": null, ""metraje_encontrado"": ""LARGOMETRAJE- Cine Ficción""}, {""icaa_id"": 16613, ""titulo_encontrado"": ""CONTES DE PRIMAVERA"", ""director_encontrado"": ""DESCONOCIDO"", ""anio_encontrado"": null, ""metraje_encontrado"": ""CORTOMETRAJE-""}, {""icaa_id"": 3148140, ""titulo_encontrado"": ""CORTES DE PRIMAVERA, LOS"", ""director_encontrado"": ""DESCONOCIDO"", ""anio_encontrado"": null, ""metraje_encontrado"": ""CORTOMETRAJE- Video Ficción""}, {""icaa_id"": 7851640, ""titulo_encontrado"": ""CSI MIAMI EP. 1.21 VACACIONES DE PRIMAVERA"", ""director_encontrado"": ""CHARLIS CORRELL"", ""anio_encontrado"": 2002, ""metraje_encontrado"": ""CORTOMETRAJE- Video Ficción""}, {""icaa_id"": 435730, ""titulo_encontrado"": ""CUANDO LLEGUE LA PRIMAVERA"", ""director_encontrado"": ""R. G. SPRINGSTEEN"", ""anio_encontrado"": 1955, ""metraje_encontrado"": ""LARGOMETRAJE-""}, {""icaa_id"": 10071540, ""titulo_encontrado"": ""CUENTAME COMO PASO EP. 81: LA PRIMAVERA LA SANGRE ALTERA"", ""director_encontrado"": ""AGUSTIN CRESPI"", ""anio_encontrado"": 2002, ""metraje_encontrado"": ""LARGOMETRAJE- Video Ficción""}, {""icaa_id"": 38752, ""titulo_encontrado"": ""Cuento de primavera"", ""director_encontrado"": ""ERIC ROHMER"", ""anio_encontrado"": 1989, ""metraje_encontrado"": ""LARGOMETRAJE-""}, {""icaa_id"": 11633140, ""titulo_encontrado"": ""DISNEY'S LITTLE EINSTEINS: POR FIN ES PRIMAVERA"", ""director_encontrado"": ""OLEXA HEWRYK"", ""anio_encontrado"": 2009, ""metraje_encontrado"": ""LARGOMETRAJE- Video Ficción""}, {""icaa_id"": 7497740, ""titulo_encontrado"": ""DVD 3 LA MONTAÑA DEL TERROR. LA PRIMAVERA TODO ALTERA ..."", ""director_encontrado"": ""DESCONOCIDO"", ""anio_encontrado"": 2003, ""metraje_encontrado"": ""LARGOMETRAJE- Video Ficción""}]";False
Tres caminos a Cádiz;08/02/2024;Tres caminos a Cádiz;;sin_coincidencia_exacta_titulo;;;;;0.0;[];False
Mans del Genoves, Les;05/05/2024;Mans del Genoves, Les;;sin_coincidencia_exacta_titulo;;;;;0.0;[];False
Silencio;15/11/2025;Silencio;;sin_coincidencia_exacta_titulo;;;;;120.0;"[{""icaa_id"": 9513240, ""titulo_encontrado"": ""AL SILENCIO. CRISTINO DE VERA"", ""director_encontrado"": ""MIGUEL G. MORALES"", ""anio_encontrado"": 2005, ""metraje_encontrado"": ""CORTOMETRAJE- Video Ficción""}, {""icaa_id"": 6423, ""titulo_encontrado"": ""ALSAMT (SILENCIO)"", ""director_encontrado"": ""BEATRIZ BARÓN"", ""anio_encontrado"": 2023, ""metraje_encontrado"": ""CORTOMETRAJE- Cine Ficción""}, {""icaa_id"": 20813, ""titulo_encontrado"": ""Altamira, el origen del arte"", ""director_encontrado"": ""JOSÉ LUIS LÓPEZ-LINARES DEL CAMPO"", ""anio_encontrado"": 2018, ""metraje_encontrado"": ""LARGOMETRAJE- Cine Documental""}, {""icaa_id"": 673850, ""titulo_encontrado"": ""AMARGO SILENCIO, EL"", ""director_encontrado"": ""GUY GREEN"", ""anio_encontrado"": 1960, ""metraje_encontrado"": ""LARGOMETRAJE-""}, {""icaa_id"": 169017, ""titulo_encontrado"": ""Andrea Motis, la trompeta silenciosa"", ""director_encontrado"": ""RAMÓN TORT"", ""anio_encontrado"": 2018, ""metraje_encontrado"": ""LARGOMETRAJE- Cine Documental""}, {""icaa_id"": 502751, ""titulo_encontrado"": ""ANGUSTIA DE SILENCIO"", ""director_encontrado"": ""LUCIO FULCI"", ""anio_encontrado"": 1972, ""metraje_encontrado"": ""LARGOMETRAJE-""}, {""icaa_id"": 124008, ""titulo_encontrado"": ""AÑOS DEL SILENCIO, LOS"", ""director_encontrado"": ""MARCEL LEAL"", ""anio_encontrado"": 2009, ""metraje_encontrado"": ""CORTOMETRAJE-""}, {""icaa_id"": 116723, ""titulo_encontrado"": ""Aquí, se escucha el silencio"", ""director_encontrado"": ""GABRIELA PENA"", ""anio_encontrado"": 2026, ""metraje_encontrado"": ""LARGOMETRAJE- Cine Documental""}, {""icaa_id"": 384251, ""titulo_encontrado"": ""ARMA SILENCIOSA, EL"", ""director_encontrado"": ""DESCONOCIDO"", ""anio_encontrado"": null, ""metraje_encontrado"": ""CORTOMETRAJE-""}, {""icaa_id"": 2874940, ""titulo_encontrado"": ""ASESINOS SILENCIOSOS"", ""director_encontrado"": ""LEE DOO YONG"", ""anio_encontrado"": null, ""metraje_encontrado"": ""LARGOMETRAJE- Video Ficción""}, {""icaa_id"": 234624, ""titulo_encontrado"": ""ATIN AYA. RETRATO DEL SILENCIO"", ""director_encontrado"": ""HUGO CABEZAS"", ""anio_encontrado"": 2024, ""metraje_encontrado"": ""LARGOMETRAJE- Cine Documental""}, {""icaa_id"": 2562840, ""titulo_encontrado"": ""ATRAPADO EN EL SILENCIO"", ""director_encontrado"": ""MICHAEL TUCHNER"", ""anio_encontrado"": null, ""metraje_encontrado"": ""LARGOMETRAJE- Video Ficción""}, {""icaa_id"": 556350, ""titulo_encontrado"": ""Aventuras de Rarzán - Silencio de muerte"", ""director_encontrado"": ""ROBERT L. FRIEND"", ""anio_encontrado"": 1966, ""metraje_encontrado"": ""LARGOMETRAJE-""}, {""icaa_id"": 57817, ""titulo_encontrado"": ""Bajo el silencio"", ""director_encontrado"": ""IÑAKI ARTETA"", ""anio_encontrado"": 2020, ""metraje_encontrado"": ""LARGOMETRAJE- Cine Documental""}, {""icaa_id"": 5744640, ""titulo_encontrado"": ""BARRIO SESAMO - EL SILENCIO DE LOS SONIDOS"", ""director_encontrado"": ""JOSEP MARIA VIDAL TURON"", ""anio_encontrado"": 1995, ""metraje_encontrado"": ""CORTOMETRAJE- Video Ficción""}, {""icaa_id"": 696830, ""titulo_encontrado"": ""BATALLA SILENCIONSA, LA"", ""director_encontrado"": ""PIERRE BILLON"", ""anio_encontrado"": 1937, ""metraje_encontrado"": ""LARGOMETRAJE-""}, {""icaa_id"": 166818, ""titulo_encontrado"": ""Bittor Arginzoniz. Vivir en el silencio."", ""director_encontrado"": ""IÑAKI ARTETA"", ""anio_encontrado"": 2019, ""metraje_encontrado"": ""LARGOMETRAJE- Cine Documental""}, {""icaa_id"": 7990740, ""titulo_encontrado"": ""BONANZA SENTIMIENTOS SILENCIOSOS"", ""director_encontrado"": ""ROBERT ATTMAN"", ""anio_encontrado"": 1959, ""metraje_encontrado"": ""LARGOMETRAJE- Video Ficción""}, {""icaa_id"": 7960040, ""titulo_encontrado"": ""BROKEN SILENCE (SILENCIO ROTO)"", ""director_encontrado"": ""LUIS PUENZO/VOJTECH JASNY"", ""anio_encontrado"": 2002, ""metraje_encontrado"": ""LARGOMETRAJE- Video Ficción""}, {""icaa_id"": 8964340, ""titulo_encontrado"": ""BUHOS CAZADORES SILENCIOSOS"", ""director_encontrado"": ""ANDREW CARL WILK"", ""anio_encontrado"": 2001, ""metraje_encontrado"": ""LARGOMETRAJE- Video Ficción""}, {""icaa_id"": 152314, ""titulo_encontrado"": ""CASA SILENCIOSA, LA"", ""director_encontrado"": ""CHRIS KENTIS"", ""anio_encontrado"": 2011, ""metraje_encontrado"": ""LARGOMETRAJE-""}, {""icaa_id"": 13195140, ""titulo_encontrado"": ""CASA SILENCIOSA, LA"", ""director_encontrado"": ""CHRIS KENTIS"", ""anio_encontrado"": 2011, ""metraje_encontrado"": ""LARGOMETRAJE- Video Ficción""}, {""icaa_id"": 4782040, ""titulo_encontrado"": ""CAZADOR SILENCIOSO, EL"", ""director_encontrado"": ""FRED WILLIAMSON"", ""anio_encontrado"": 1994, ""metraje_encontrado"": ""LARGOMETRAJE- Video Ficción""}, {""icaa_id"": 265851, ""titulo_encontrado"": ""CENTINELAS DEL SILENCIO"", ""director_encontrado"": ""DESCONOCIDO"", ""anio_encontrado"": null, ""metraje_encontrado"": ""CORTOMETRAJE-""}, {""icaa_id"": 9513240, ""titulo_encontrado"": ""AL SILENCIO. CRISTINO DE VERA"", ""director_encontrado"": ""MIGUEL G. MORALES"", ""anio_encontrado"": 2005, ""metraje_encontrado"": ""CORTOMETRAJE- Video Ficción""}, {""icaa_id"": 6423, ""titulo_encontrado"": ""ALSAMT (SILENCIO)"", ""director_encontrado"": ""BEATRIZ BARÓN"", ""anio_encontrado"": 2023, ""metraje_encontrado"": ""CORTOMETRAJE- Cine Ficción""}, {""icaa_id"": 20813, ""titulo_encontrado"": ""Altamira, el origen del arte"", ""director_encontrado"": ""JOSÉ LUIS LÓPEZ-LINARES DEL CAMPO"", ""anio_encontrado"": 2018, ""metraje_encontrado"": ""LARGOMETRAJE- Cine Documental""}, {""icaa_id"": 673850, ""titulo_encontrado"": ""AMARGO SILENCIO, EL"", ""director_encontrado"": ""GUY GREEN"", ""anio_encontrado"": 1960, ""metraje_encontrado"": ""LARGOMETRAJE-""}, {""icaa_id"": 169017, ""titulo_encontrado"": ""Andrea Motis, la trompeta silenciosa"", ""director_encontrado"": ""RAMÓN TORT"", ""anio_encontrado"": 2018, ""metraje_encontrado"": ""LARGOMETRAJE- Cine Documental""}, {""icaa_id"": 502751, ""titulo_encontrado"": ""ANGUSTIA DE SILENCIO"", ""director_encontrado"": ""LUCIO FULCI"", ""anio_encontrado"": 1972, ""metraje_encontrado"": ""LARGOMETRAJE-""}, {""icaa_id"": 124008, ""titulo_encontrado"": ""AÑOS DEL SILENCIO, LOS"", ""director_encontrado"": ""MARCEL LEAL"", ""anio_encontrado"": 2009, ""metraje_encontrado"": ""CORTOMETRAJE-""}, {""icaa_id"": 116723, ""titulo_encontrado"": ""Aquí, se escucha el silencio"", ""director_encontrado"": ""GABRIELA PENA"", ""anio_encontrado"": 2026, ""metraje_encontrado"": ""LARGOMETRAJE- Cine Documental""}, {""icaa_id"": 384251, ""titulo_encontrado"": ""ARMA SILENCIOSA, EL"", ""director_encontrado"": ""DESCONOCIDO"", ""anio_encontrado"": null, ""metraje_encontrado"": ""CORTOMETRAJE-""}, {""icaa_id"": 2874940, ""titulo_encontrado"": ""ASESINOS SILENCIOSOS"", ""director_encontrado"": ""LEE DOO YONG"", ""anio_encontrado"": null, ""metraje_encontrado"": ""LARGOMETRAJE- Video Ficción""}, {""icaa_id"": 234624, ""titulo_encontrado"": ""ATIN AYA. RETRATO DEL SILENCIO"", ""director_encontrado"": ""HUGO CABEZAS"", ""anio_encontrado"": 2024, ""metraje_encontrado"": ""LARGOMETRAJE- Cine Documental""}, {""icaa_id"": 2562840, ""titulo_encontrado"": ""ATRAPADO EN EL SILENCIO"", ""director_encontrado"": ""MICHAEL TUCHNER"", ""anio_encontrado"": null, ""metraje_encontrado"": ""LARGOMETRAJE- Video Ficción""}, {""icaa_id"": 556350, ""titulo_encontrado"": ""Aventuras de Rarzán - Silencio de muerte"", ""director_encontrado"": ""ROBERT L. FRIEND"", ""anio_encontrado"": 1966, ""metraje_encontrado"": ""LARGOMETRAJE-""}, {""icaa_id"": 57817, ""titulo_encontrado"": ""Bajo el silencio"", ""director_encontrado"": ""IÑAKI ARTETA"", ""anio_encontrado"": 2020, ""metraje_encontrado"": ""LARGOMETRAJE- Cine Documental""}, {""icaa_id"": 5744640, ""titulo_encontrado"": ""BARRIO SESAMO - EL SILENCIO DE LOS SONIDOS"", ""director_encontrado"": ""JOSEP MARIA VIDAL TURON"", ""anio_encontrado"": 1995, ""metraje_encontrado"": ""CORTOMETRAJE- Video Ficción""}, {""icaa_id"": 696830, ""titulo_encontrado"": ""BATALLA SILENCIONSA, LA"", ""director_encontrado"": ""PIERRE BILLON"", ""anio_encontrado"": 1937, ""metraje_encontrado"": ""LARGOMETRAJE-""}, {""icaa_id"": 166818, ""titulo_encontrado"": ""Bittor Arginzoniz. Vivir en el silencio."", ""director_encontrado"": ""IÑAKI ARTETA"", ""anio_encontrado"": 2019, ""metraje_encontrado"": ""LARGOMETRAJE- Cine Documental""}, {""icaa_id"": 7990740, ""titulo_encontrado"": ""BONANZA SENTIMIENTOS SILENCIOSOS"", ""director_encontrado"": ""ROBERT ATTMAN"", ""anio_encontrado"": 1959, ""metraje_encontrado"": ""LARGOMETRAJE- Video Ficción""}, {""icaa_id"": 7960040, ""titulo_encontrado"": ""BROKEN SILENCE (SILENCIO ROTO)"", ""director_encontrado"": ""LUIS PUENZO/VOJTECH JASNY"", ""anio_encontrado"": 2002, ""metraje_encontrado"": ""LARGOMETRAJE- Video Ficción""}, {""icaa_id"": 8964340, ""titulo_encontrado"": ""BUHOS CAZADORES SILENCIOSOS"", ""director_encontrado"": ""ANDREW CARL WILK"", ""anio_encontrado"": 2001, ""metraje_encontrado"": ""LARGOMETRAJE- Video Ficción""}, {""icaa_id"": 152314, ""titulo_encontrado"": ""CASA SILENCIOSA, LA"", ""director_encontrado"": ""CHRIS KENTIS"", ""anio_encontrado"": 2011, ""metraje_encontrado"": ""LARGOMETRAJE-""}, {""icaa_id"": 13195140, ""titulo_encontrado"": ""CASA SILENCIOSA, LA"", ""director_encontrado"": ""CHRIS KENTIS"", ""anio_encontrado"": 2011, ""metraje_encontrado"": ""LARGOMETRAJE- Video Ficción""}, {""icaa_id"": 4782040, ""titulo_encontrado"": ""CAZADOR SILENCIOSO, EL"", ""director_encontrado"": ""FRED WILLIAMSON"", ""anio_encontrado"": 1994, ""metraje_encontrado"": ""LARGOMETRAJE- Video Ficción""}, {""icaa_id"": 265851, ""titulo_encontrado"": ""CENTINELAS DEL SILENCIO"", ""director_encontrado"": ""DESCONOCIDO"", ""anio_encontrado"": null, ""metraje_encontrado"": ""CORTOMETRAJE-""}, {""icaa_id"": 9513240, ""titulo_encontrado"": ""AL SILENCIO. CRISTINO DE VERA"", ""director_encontrado"": ""MIGUEL G. MORALES"", ""anio_encontrado"": 2005, ""metraje_encontrado"": ""CORTOMETRAJE- Video Ficción""}, {""icaa_id"": 6423, ""titulo_encontrado"": ""ALSAMT (SILENCIO)"", ""director_encontrado"": ""BEATRIZ BARÓN"", ""anio_encontrado"": 2023, ""metraje_encontrado"": ""CORTOMETRAJE- Cine Ficción""}, {""icaa_id"": 20813, ""titulo_encontrado"": ""Altamira, el origen del arte"", ""director_encontrado"": ""JOSÉ LUIS LÓPEZ-LINARES DEL CAMPO"", ""anio_encontrado"": 2018, ""metraje_encontrado"": ""LARGOMETRAJE- Cine Documental""}, {""icaa_id"": 673850, ""titulo_encontrado"": ""AMARGO SILENCIO, EL"", ""director_encontrado"": ""GUY GREEN"", ""anio_encontrado"": 1960, ""metraje_encontrado"": ""LARGOMETRAJE-""}, {""icaa_id"": 169017, ""titulo_encontrado"": ""Andrea Motis, la trompeta silenciosa"", ""director_encontrado"": ""RAMÓN TORT"", ""anio_encontrado"": 2018, ""metraje_encontrado"": ""LARGOMETRAJE- Cine Documental""}, {""icaa_id"": 502751, ""titulo_encontrado"": ""ANGUSTIA DE SILENCIO"", ""director_encontrado"": ""LUCIO FULCI"", ""anio_encontrado"": 1972, ""metraje_encontrado"": ""LARGOMETRAJE-""}, {""icaa_id"": 124008, ""titulo_encontrado"": ""AÑOS DEL SILENCIO, LOS"", ""director_encontrado"": ""MARCEL LEAL"", ""anio_encontrado"": 2009, ""metraje_encontrado"": ""CORTOMETRAJE-""}, {""icaa_id"": 116723, ""titulo_encontrado"": ""Aquí, se escucha el silencio"", ""director_encontrado"": ""GABRIELA PENA"", ""anio_encontrado"": 2026, ""metraje_encontrado"": ""LARGOMETRAJE- Cine Documental""}, {""icaa_id"": 384251, ""titulo_encontrado"": ""ARMA SILENCIOSA, EL"", ""director_encontrado"": ""DESCONOCIDO"", ""anio_encontrado"": null, ""metraje_encontrado"": ""CORTOMETRAJE-""}, {""icaa_id"": 2874940, ""titulo_encontrado"": ""ASESINOS SILENCIOSOS"", ""director_encontrado"": ""LEE DOO YONG"", ""anio_encontrado"": null, ""metraje_encontrado"": ""LARGOMETRAJE- Video Ficción""}, {""icaa_id"": 234624, ""titulo_encontrado"": ""ATIN AYA. RETRATO DEL SILENCIO"", ""director_encontrado"": ""HUGO CABEZAS"", ""anio_encontrado"": 2024, ""metraje_encontrado"": ""LARGOMETRAJE- Cine Documental""}, {""icaa_id"": 2562840, ""titulo_encontrado"": ""ATRAPADO EN EL SILENCIO"", ""director_encontrado"": ""MICHAEL TUCHNER"", ""anio_encontrado"": null, ""metraje_encontrado"": ""LARGOMETRAJE- Video Ficción""}, {""icaa_id"": 556350, ""titulo_encontrado"": ""Aventuras de Rarzán - Silencio de muerte"", ""director_encontrado"": ""ROBERT L. FRIEND"", ""anio_encontrado"": 1966, ""metraje_encontrado"": ""LARGOMETRAJE-""}, {""icaa_id"": 57817, ""titulo_encontrado"": ""Bajo el silencio"", ""director_encontrado"": ""IÑAKI ARTETA"", ""anio_encontrado"": 2020, ""metraje_encontrado"": ""LARGOMETRAJE- Cine Documental""}, {""icaa_id"": 5744640, ""titulo_encontrado"": ""BARRIO SESAMO - EL SILENCIO DE LOS SONIDOS"", ""director_encontrado"": ""JOSEP MARIA VIDAL TURON"", ""anio_encontrado"": 1995, ""metraje_encontrado"": ""CORTOMETRAJE- Video Ficción""}, {""icaa_id"": 696830, ""titulo_encontrado"": ""BATALLA SILENCIONSA, LA"", ""director_encontrado"": ""PIERRE BILLON"", ""anio_encontrado"": 1937, ""metraje_encontrado"": ""LARGOMETRAJE-""}, {""icaa_id"": 166818, ""titulo_encontrado"": ""Bittor Arginzoniz. Vivir en el silencio."", ""director_encontrado"": ""IÑAKI ARTETA"", ""anio_encontrado"": 2019, ""metraje_encontrado"": ""LARGOMETRAJE- Cine Documental""}, {""icaa_id"": 7990740, ""titulo_encontrado"": ""BONANZA SENTIMIENTOS SILENCIOSOS"", ""director_encontrado"": ""ROBERT ATTMAN"", ""anio_encontrado"": 1959, ""metraje_encontrado"": ""LARGOMETRAJE- Video Ficción""}, {""icaa_id"": 7960040, ""titulo_encontrado"": ""BROKEN SILENCE (SILENCIO ROTO)"", ""director_encontrado"": ""LUIS PUENZO/VOJTECH JASNY"", ""anio_encontrado"": 2002, ""metraje_encontrado"": ""LARGOMETRAJE- Video Ficción""}, {""icaa_id"": 8964340, ""titulo_encontrado"": ""BUHOS CAZADORES SILENCIOSOS"", ""director_encontrado"": ""ANDREW CARL WILK"", ""anio_encontrado"": 2001, ""metraje_encontrado"": ""LARGOMETRAJE- Video Ficción""}, {""icaa_id"": 152314, ""titulo_encontrado"": ""CASA SILENCIOSA, LA"", ""director_encontrado"": ""CHRIS KENTIS"", ""anio_encontrado"": 2011, ""metraje_encontrado"": ""LARGOMETRAJE-""}, {""icaa_id"": 13195140, ""titulo_encontrado"": ""CASA SILENCIOSA, LA"", ""director_encontrado"": ""CHRIS KENTIS"", ""anio_encontrado"": 2011, ""metraje_encontrado"": ""LARGOMETRAJE- Video Ficción""}, {""icaa_id"": 4782040, ""titulo_encontrado"": ""CAZADOR SILENCIOSO, EL"", ""director_encontrado"": ""FRED WILLIAMSON"", ""anio_encontrado"": 1994, ""metraje_encontrado"": ""LARGOMETRAJE- Video Ficción""}, {""icaa_id"": 265851, ""titulo_encontrado"": ""CENTINELAS DEL SILENCIO"", ""director_encontrado"": ""DESCONOCIDO"", ""anio_encontrado"": null, ""metraje_encontrado"": ""CORTOMETRAJE-""}, {""icaa_id"": 9513240, ""titulo_encontrado"": ""AL SILENCIO. CRISTINO DE VERA"", ""director_encontrado"": ""MIGUEL G. MORALES"", ""anio_encontrado"": 2005, ""metraje_encontrado"": ""CORTOMETRAJE- Video Ficción""}, {""icaa_id"": 6423, ""titulo_encontrado"": ""ALSAMT (SILENCIO)"", ""director_encontrado"": ""BEATRIZ BARÓN"", ""anio_encontrado"": 2023, ""metraje_encontrado"": ""CORTOMETRAJE- Cine Ficción""}, {""icaa_id"": 20813, ""titulo_encontrado"": ""Altamira, el origen del arte"", ""director_encontrado"": ""JOSÉ LUIS LÓPEZ-LINARES DEL CAMPO"", ""anio_encontrado"": 2018, ""metraje_encontrado"": ""LARGOMETRAJE- Cine Documental""}, {""icaa_id"": 673850, ""titulo_encontrado"": ""AMARGO SILENCIO, EL"", ""director_encontrado"": ""GUY GREEN"", ""anio_encontrado"": 1960, ""metraje_encontrado"": ""LARGOMETRAJE-""}, {""icaa_id"": 169017, ""titulo_encontrado"": ""Andrea Motis, la trompeta silenciosa"", ""director_encontrado"": ""RAMÓN TORT"", ""anio_encontrado"": 2018, ""metraje_encontrado"": ""LARGOMETRAJE- Cine Documental""}, {""icaa_id"": 502751, ""titulo_encontrado"": ""ANGUSTIA DE SILENCIO"", ""director_encontrado"": ""LUCIO FULCI"", ""anio_encontrado"": 1972, ""metraje_encontrado"": ""LARGOMETRAJE-""}, {""icaa_id"": 124008, ""titulo_encontrado"": ""AÑOS DEL SILENCIO, LOS"", ""director_encontrado"": ""MARCEL LEAL"", ""anio_encontrado"": 2009, ""metraje_encontrado"": ""CORTOMETRAJE-""}, {""icaa_id"": 116723, ""titulo_encontrado"": ""Aquí, se escucha el silencio"", ""director_encontrado"": ""GABRIELA PENA"", ""anio_encontrado"": 2026, ""metraje_encontrado"": ""LARGOMETRAJE- Cine Documental""}, {""icaa_id"": 384251, ""titulo_encontrado"": ""ARMA SILENCIOSA, EL"", ""director_encontrado"": ""DESCONOCIDO"", ""anio_encontrado"": null, ""metraje_encontrado"": ""CORTOMETRAJE-""}, {""icaa_id"": 2874940, ""titulo_encontrado"": ""ASESINOS SILENCIOSOS"", ""director_encontrado"": ""LEE DOO YONG"", ""anio_encontrado"": null, ""metraje_encontrado"": ""LARGOMETRAJE- Video Ficción""}, {""icaa_id"": 234624, ""titulo_encontrado"": ""ATIN AYA. RETRATO DEL SILENCIO"", ""director_encontrado"": ""HUGO CABEZAS"", ""anio_encontrado"": 2024, ""metraje_encontrado"": ""LARGOMETRAJE- Cine Documental""}, {""icaa_id"": 2562840, ""titulo_encontrado"": ""ATRAPADO EN EL SILENCIO"", ""director_encontrado"": ""MICHAEL TUCHNER"", ""anio_encontrado"": null, ""metraje_encontrado"": ""LARGOMETRAJE- Video Ficción""}, {""icaa_id"": 556350, ""titulo_encontrado"": ""Aventuras de Rarzán - Silencio de muerte"", ""director_encontrado"": ""ROBERT L. FRIEND"", ""anio_encontrado"": 1966, ""metraje_encontrado"": ""LARGOMETRAJE-""}, {""icaa_id"": 57817, ""titulo_encontrado"": ""Bajo el silencio"", ""director_encontrado"": ""IÑAKI ARTETA"", ""anio_encontrado"": 2020, ""metraje_encontrado"": ""LARGOMETRAJE- Cine Documental""}, {""icaa_id"": 5744640, ""titulo_encontrado"": ""BARRIO SESAMO - EL SILENCIO DE LOS SONIDOS"", ""director_encontrado"": ""JOSEP MARIA VIDAL TURON"", ""anio_encontrado"": 1995, ""metraje_encontrado"": ""CORTOMETRAJE- Video Ficción""}, {""icaa_id"": 696830, ""titulo_encontrado"": ""BATALLA SILENCIONSA, LA"", ""director_encontrado"": ""PIERRE BILLON"", ""anio_encontrado"": 1937, ""metraje_encontrado"": ""LARGOMETRAJE-""}, {""icaa_id"": 166818, ""titulo_encontrado"": ""Bittor Arginzoniz. Vivir en el silencio."", ""director_encontrado"": ""IÑAKI ARTETA"", ""anio_encontrado"": 2019, ""metraje_encontrado"": ""LARGOMETRAJE- Cine Documental""}, {""icaa_id"": 7990740, ""titulo_encontrado"": ""BONANZA SENTIMIENTOS SILENCIOSOS"", ""director_encontrado"": ""ROBERT ATTMAN"", ""anio_encontrado"": 1959, ""metraje_encontrado"": ""LARGOMETRAJE- Video Ficción""}, {""icaa_id"": 7960040, ""titulo_encontrado"": ""BROKEN SILENCE (SILENCIO ROTO)"", ""director_encontrado"": ""LUIS PUENZO/VOJTECH JASNY"", ""anio_encontrado"": 2002, ""metraje_encontrado"": ""LARGOMETRAJE- Video Ficción""}, {""icaa_id"": 8964340, ""titulo_encontrado"": ""BUHOS CAZADORES SILENCIOSOS"", ""director_encontrado"": ""ANDREW CARL WILK"", ""anio_encontrado"": 2001, ""metraje_encontrado"": ""LARGOMETRAJE- Video Ficción""}, {""icaa_id"": 152314, ""titulo_encontrado"": ""CASA SILENCIOSA, LA"", ""director_encontrado"": ""CHRIS KENTIS"", ""anio_encontrado"": 2011, ""metraje_encontrado"": ""LARGOMETRAJE-""}, {""icaa_id"": 13195140, ""titulo_encontrado"": ""CASA SILENCIOSA, LA"", ""director_encontrado"": ""CHRIS KENTIS"", ""anio_encontrado"": 2011, ""metraje_encontrado"": ""LARGOMETRAJE- Video Ficción""}, {""icaa_id"": 4782040, ""titulo_encontrado"": ""CAZADOR SILENCIOSO, EL"", ""director_encontrado"": ""FRED WILLIAMSON"", ""anio_encontrado"": 1994, ""metraje_encontrado"": ""LARGOMETRAJE- Video Ficción""}, {""icaa_id"": 265851, ""titulo_encontrado"": ""CENTINELAS DEL SILENCIO"", ""director_encontrado"": ""DESCONOCIDO"", ""anio_encontrado"": null, ""metraje_encontrado"": ""CORTOMETRAJE-""}, {""icaa_id"": 9513240, ""titulo_encontrado"": ""AL SILENCIO. CRISTINO DE VERA"", ""director_encontrado"": ""MIGUEL G. MORALES"", ""anio_encontrado"": 2005, ""metraje_encontrado"": ""CORTOMETRAJE- Video Ficción""}, {""icaa_id"": 6423, ""titulo_encontrado"": ""ALSAMT (SILENCIO)"", ""director_encontrado"": ""BEATRIZ BARÓN"", ""anio_encontrado"": 2023, ""metraje_encontrado"": ""CORTOMETRAJE- Cine Ficción""}, {""icaa_id"": 20813, ""titulo_encontrado"": ""Altamira, el origen del arte"", ""director_encontrado"": ""JOSÉ LUIS LÓPEZ-LINARES DEL CAMPO"", ""anio_encontrado"": 2018, ""metraje_encontrado"": ""LARGOMETRAJE- Cine Documental""}, {""icaa_id"": 673850, ""titulo_encontrado"": ""AMARGO SILENCIO, EL"", ""director_encontrado"": ""GUY GREEN"", ""anio_encontrado"": 1960, ""metraje_encontrado"": ""LARGOMETRAJE-""}, {""icaa_id"": 169017, ""titulo_encontrado"": ""Andrea Motis, la trompeta silenciosa"", ""director_encontrado"": ""RAMÓN TORT"", ""anio_encontrado"": 2018, ""metraje_encontrado"": ""LARGOMETRAJE- Cine Documental""}, {""icaa_id"": 502751, ""titulo_encontrado"": ""ANGUSTIA DE SILENCIO"", ""director_encontrado"": ""LUCIO FULCI"", ""anio_encontrado"": 1972, ""metraje_encontrado"": ""LARGOMETRAJE-""}, {""icaa_id"": 124008, ""titulo_encontrado"": ""AÑOS DEL SILENCIO, LOS"", ""director_encontrado"": ""MARCEL LEAL"", ""anio_encontrado"": 2009, ""metraje_encontrado"": ""CORTOMETRAJE-""}, {""icaa_id"": 116723, ""titulo_encontrado"": ""Aquí, se escucha el silencio"", ""director_encontrado"": ""GABRIELA PENA"", ""anio_encontrado"": 2026, ""metraje_encontrado"": ""LARGOMETRAJE- Cine Documental""}, {""icaa_id"": 384251, ""titulo_encontrado"": ""ARMA SILENCIOSA, EL"", ""director_encontrado"": ""DESCONOCIDO"", ""anio_encontrado"": null, ""metraje_encontrado"": ""CORTOMETRAJE-""}, {""icaa_id"": 2874940, ""titulo_encontrado"": ""ASESINOS SILENCIOSOS"", ""director_encontrado"": ""LEE DOO YONG"", ""anio_encontrado"": null, ""metraje_encontrado"": ""LARGOMETRAJE- Video Ficción""}, {""icaa_id"": 234624, ""titulo_encontrado"": ""ATIN AYA. RETRATO DEL SILENCIO"", ""director_encontrado"": ""HUGO CABEZAS"", ""anio_encontrado"": 2024, ""metraje_encontrado"": ""LARGOMETRAJE- Cine Documental""}, {""icaa_id"": 2562840, ""titulo_encontrado"": ""ATRAPADO EN EL SILENCIO"", ""director_encontrado"": ""MICHAEL TUCHNER"", ""anio_encontrado"": null, ""metraje_encontrado"": ""LARGOMETRAJE- Video Ficción""}, {""icaa_id"": 556350, ""titulo_encontrado"": ""Aventuras de Rarzán - Silencio de muerte"", ""director_encontrado"": ""ROBERT L. FRIEND"", ""anio_encontrado"": 1966, ""metraje_encontrado"": ""LARGOMETRAJE-""}, {""icaa_id"": 57817, ""titulo_encontrado"": ""Bajo el silencio"", ""director_encontrado"": ""IÑAKI ARTETA"", ""anio_encontrado"": 2020, ""metraje_encontrado"": ""LARGOMETRAJE- Cine Documental""}, {""icaa_id"": 5744640, ""titulo_encontrado"": ""BARRIO SESAMO - EL SILENCIO DE LOS SONIDOS"", ""director_encontrado"": ""JOSEP MARIA VIDAL TURON"", ""anio_encontrado"": 1995, ""metraje_encontrado"": ""CORTOMETRAJE- Video Ficción""}, {""icaa_id"": 696830, ""titulo_encontrado"": ""BATALLA SILENCIONSA, LA"", ""director_encontrado"": ""PIERRE BILLON"", ""anio_encontrado"": 1937, ""metraje_encontrado"": ""LARGOMETRAJE-""}, {""icaa_id"": 166818, ""titulo_encontrado"": ""Bittor Arginzoniz. Vivir en el silencio."", ""director_encontrado"": ""IÑAKI ARTETA"", ""anio_encontrado"": 2019, ""metraje_encontrado"": ""LARGOMETRAJE- Cine Documental""}, {""icaa_id"": 7990740, ""titulo_encontrado"": ""BONANZA SENTIMIENTOS SILENCIOSOS"", ""director_encontrado"": ""ROBERT ATTMAN"", ""anio_encontrado"": 1959, ""metraje_encontrado"": ""LARGOMETRAJE- Video Ficción""}, {""icaa_id"": 7960040, ""titulo_encontrado"": ""BROKEN SILENCE (SILENCIO ROTO)"", ""director_encontrado"": ""LUIS PUENZO/VOJTECH JASNY"", ""anio_encontrado"": 2002, ""metraje_encontrado"": ""LARGOMETRAJE- Video Ficción""}, {""icaa_id"": 8964340, ""titulo_encontrado"": ""BUHOS CAZADORES SILENCIOSOS"", ""director_encontrado"": ""ANDREW CARL WILK"", ""anio_encontrado"": 2001, ""metraje_encontrado"": ""LARGOMETRAJE- Video Ficción""}, {""icaa_id"": 152314, ""titulo_encontrado"": ""CASA SILENCIOSA, LA"", ""director_encontrado"": ""CHRIS KENTIS"", ""anio_encontrado"": 2011, ""metraje_encontrado"": ""LARGOMETRAJE-""}, {""icaa_id"": 13195140, ""titulo_encontrado"": ""CASA SILENCIOSA, LA"", ""director_encontrado"": ""CHRIS KENTIS"", ""anio_encontrado"": 2011, ""metraje_encontrado"": ""LARGOMETRAJE- Video Ficción""}, {""icaa_id"": 4782040, ""titulo_encontrado"": ""CAZADOR SILENCIOSO, EL"", ""director_encontrado"": ""FRED WILLIAMSON"", ""anio_encontrado"": 1994, ""metraje_encontrado"": ""LARGOMETRAJE- Video Ficción""}, {""icaa_id"": 265851, ""titulo_encontrado"": ""CENTINELAS DEL SILENCIO"", ""director_encontrado"": ""DESCONOCIDO"", ""anio_encontrado"": null, ""metraje_encontrado"": ""CORTOMETRAJE-""}]";False
Adios Cuba;12/12/2025;Adios Cuba;;sin_coincidencia_exacta_titulo;;;;;0.0;[];False
Hotel Colon (confinamiento incluido);05/03/2022;Hotel Colon (confinamiento incluido);;sin_coincidencia_exacta_titulo;;;;;0.0;[];False
091, policia al habla (1960) (re);16/05/2025;091, policia al habla;;sin_coincidencia_exacta_titulo;;;;;0.0;[];False
Cenerentola, La -Teatro Real (Opera);23/11/2023;Cenerentola, La -Teatro Real (Opera);;sin_coincidencia_exacta_titulo;;;;;0.0;[];False
Valencia 22. City of Design;05/05/2024;Valencia 22. City of Design;;sin_coincidencia_exacta_titulo;;;;;0.0;[];False
Camino, El (1963);02/11/2021;Camino;;sin_coincidencia_exacta_titulo;;;;;120.0;"[{""icaa_id"": 53522, ""titulo_encontrado"": ""A mitad camino"", ""director_encontrado"": ""HONORATO MANUEL RUIZ ESPARZA"", ""anio_encontrado"": 2022, ""metraje_encontrado"": ""CORTOMETRAJE- Cine Ficción""}, {""icaa_id"": 4256140, ""titulo_encontrado"": ""A VISTA DE PAJARO:EL CAMINO DE SANTIAGO"", ""director_encontrado"": ""EDUARDO DELGADO"", ""anio_encontrado"": 1991, ""metraje_encontrado"": ""LARGOMETRAJE- Video Ficción""}, {""icaa_id"": 40297, ""titulo_encontrado"": ""Abrirse camino"", ""director_encontrado"": ""NACHO. REIG"", ""anio_encontrado"": 1998, ""metraje_encontrado"": ""CORTOMETRAJE-""}, {""icaa_id"": 90530, ""titulo_encontrado"": ""Al final del camino"", ""director_encontrado"": ""LUIS. SÚAREZ DE LEZO"", ""anio_encontrado"": 1962, ""metraje_encontrado"": ""CORTOMETRAJE-""}, {""icaa_id"": 103608, ""titulo_encontrado"": ""AL FINAL DEL CAMINO"", ""director_encontrado"": ""ROBERTO SANTIAGO"", ""anio_encontrado"": 2009, ""metraje_encontrado"": ""LARGOMETRAJE-""}, {""icaa_id"": 550151, ""titulo_encontrado"": ""Albacete, caminos de sierra y llano"", ""director_encontrado"": ""JOSÉ JOAQUÍN CANALS"", ""anio_encontrado"": 1980, ""metraje_encontrado"": ""CORTOMETRAJE-""}, {""icaa_id"": 182422, ""titulo_encontrado"": ""ALLÁ DONDE NOS LLEVE EL CAMINO"", ""director_encontrado"": ""ELIF BUSRA KELES"", ""anio_encontrado"": 2023, ""metraje_encontrado"": ""CORTOMETRAJE- Cine Ficción""}, {""icaa_id"": 4410240, ""titulo_encontrado"": ""ALTO EN EL CAMINO, UN"", ""director_encontrado"": ""JULIAN TORREMOCHA"", ""anio_encontrado"": 1941, ""metraje_encontrado"": ""LARGOMETRAJE- Video Ficción""}, {""icaa_id"": 322630, ""titulo_encontrado"": ""AMAPOLA DEL CAMINO"", ""director_encontrado"": ""JUAN AGUILA, GUZ BUSTILLO"", ""anio_encontrado"": 1937, ""metraje_encontrado"": ""LARGOMETRAJE-""}, {""icaa_id"": 84114, ""titulo_encontrado"": ""AMAZONAS. EL CAMINO DE LA COCAÍNA"", ""director_encontrado"": ""DAVID BERIAIN"", ""anio_encontrado"": 2015, ""metraje_encontrado"": ""LARGOMETRAJE-""}, {""icaa_id"": 161719, ""titulo_encontrado"": ""ANIMALES, POR EL CAMINO DE EN MEDIO"", ""director_encontrado"": ""MANUEL GALIPIENSO"", ""anio_encontrado"": 2020, ""metraje_encontrado"": ""LARGOMETRAJE- Cine Documental""}, {""icaa_id"": 56704, ""titulo_encontrado"": ""Antonio Vega: A medio camino"", ""director_encontrado"": ""SANTI MOAR"", ""anio_encontrado"": 2005, ""metraje_encontrado"": ""CORTOMETRAJE-""}, {""icaa_id"": 3415540, ""titulo_encontrado"": ""APRENDE A ESQUIAR:EL CAMINO MAS RAPIDO"", ""director_encontrado"": ""DESCONOCIDO"", ""anio_encontrado"": null, ""metraje_encontrado"": ""CORTOMETRAJE- Video Ficción""}, {""icaa_id"": 11564140, ""titulo_encontrado"": ""BARACK OBAMA: CAMINO HACIA EL CAMBIO"", ""director_encontrado"": ""AMY RICE"", ""anio_encontrado"": 2009, ""metraje_encontrado"": ""LARGOMETRAJE- Video Ficción""}, {""icaa_id"": 3163940, ""titulo_encontrado"": ""BARBAROS DEL NORTE (EL PEOR DE LOS CAMINOS), LOS"", ""director_encontrado"": ""DESCONOCIDO"", ""anio_encontrado"": null, ""metraje_encontrado"": ""CORTOMETRAJE- Video Ficción""}, {""icaa_id"": 89922, ""titulo_encontrado"": ""BIDEAN JARRAITUZ (SIGUIENDO EN EL CAMINO)"", ""director_encontrado"": ""AITOR LÓPEZ DE ABERÁSTURI"", ""anio_encontrado"": 2022, ""metraje_encontrado"": ""LARGOMETRAJE- Cine Documental""}, {""icaa_id"": 9082040, ""titulo_encontrado"": ""BLUES CAMINO A MEMPHIS, THE"", ""director_encontrado"": ""RICHARD PEARCE"", ""anio_encontrado"": 2003, ""metraje_encontrado"": ""LARGOMETRAJE- Video Ficción""}, {""icaa_id"": 5512940, ""titulo_encontrado"": ""BRUCE LEE, EL CAMINO DEL PEQUEÑO DRAGON"", ""director_encontrado"": ""CLIFFORD WHITE"", ""anio_encontrado"": 1993, ""metraje_encontrado"": ""CORTOMETRAJE- Video Ficción""}, {""icaa_id"": 6174540, ""titulo_encontrado"": ""BUBLEGUM CRISIS VOL.3-EP.4:EL CAMINO DE LA VENGANZA; (1)"", ""director_encontrado"": ""HAYASHI HIROKI"", ""anio_encontrado"": 1988, ""metraje_encontrado"": ""LARGOMETRAJE- Video Ficción""}, {""icaa_id"": 106114, ""titulo_encontrado"": ""BUDA 2: CAMINO A LA ILUMINACION"", ""director_encontrado"": ""TOSHIAKI KOMURA"", ""anio_encontrado"": 2013, ""metraje_encontrado"": ""LARGOMETRAJE-""}, {""icaa_id"": 35315, ""titulo_encontrado"": ""BUEN CAMINO! SEIS PEREGRINOS, UN DESTINO"", ""director_encontrado"": ""LYDIA B. SMITH"", ""anio_encontrado"": 2013, ""metraje_encontrado"": ""LARGOMETRAJE-""}, {""icaa_id"": 16825, ""titulo_encontrado"": ""Bushido, El Camino del Guerrero"", ""director_encontrado"": ""ALEJANDRO MARTOS"", ""anio_encontrado"": 2025, ""metraje_encontrado"": ""LARGOMETRAJE- Cine Documental""}, {""icaa_id"": 135513, ""titulo_encontrado"": ""CAMI A OLIMPIA / CAMINO A OLIMPIA"", ""director_encontrado"": ""NIKO VON GLASOW"", ""anio_encontrado"": 2012, ""metraje_encontrado"": ""LARGOMETRAJE-""}, {""icaa_id"": 12943040, ""titulo_encontrado"": ""CAMI A OLIMPIA / CAMINO A OLIMPIA"", ""director_encontrado"": ""NIKO VON GLASOW"", ""anio_encontrado"": 2012, ""metraje_encontrado"": ""LARGOMETRAJE- Video Ficción""}, {""icaa_id"": 53522, ""titulo_encontrado"": ""A mitad camino"", ""director_encontrado"": ""HONORATO MANUEL RUIZ ESPARZA"", ""anio_encontrado"": 2022, ""metraje_encontrado"": ""CORTOMETRAJE- Cine Ficción""}, {""icaa_id"": 4256140, ""titulo_encontrado"": ""A VISTA DE PAJARO:EL CAMINO DE SANTIAGO"", ""director_encontrado"": ""EDUARDO DELGADO"", ""anio_encontrado"": 1991, ""metraje_encontrado"": ""LARGOMETRAJE- Video Ficción""}, {""icaa_id"": 40297, ""titulo_encontrado"": ""Abrirse camino"", ""director_encontrado"": ""NACHO. REIG"", ""anio_encontrado"": 1998, ""metraje_encontrado"": ""CORTOMETRAJE-""}, {""icaa_id"": 90530, ""titulo_encontrado"": ""Al final del camino"", ""director_encontrado"": ""LUIS. SÚAREZ DE LEZO"", ""anio_encontrado"": 1962, ""metraje_encontrado"": ""CORTOMETRAJE-""}, {""icaa_id"": 103608, ""titulo_encontrado"": ""AL FINAL DEL CAMINO"", ""director_encontrado"": ""ROBERTO SANTIAGO"", ""anio_encontrado"": 2009, ""metraje_encontrado"": ""LARGOMETRAJE-""}, {""icaa_id"": 550151, ""titulo_encontrado"": ""Albacete, caminos de sierra y llano"", ""director_encontrado"": ""JOSÉ JOAQUÍN CANALS"", ""anio_encontrado"": 1980, ""metraje_encontrado"": ""CORTOMETRAJE-""}, {""icaa_id"": 182422, ""titulo_encontrado"": ""ALLÁ DONDE NOS LLEVE EL CAMINO"", ""director_encontrado"": ""ELIF BUSRA KELES"", ""anio_encontrado"": 2023, ""metraje_encontrado"": ""CORTOMETRAJE- Cine Ficción""}, {""icaa_id"": 4410240, ""titulo_encontrado"": ""ALTO EN EL CAMINO, UN"", ""director_encontrado"": ""JULIAN TORREMOCHA"", ""anio_encontrado"": 1941, ""metraje_encontrado"": ""LARGOMETRAJE- Video Ficción""}, {""icaa_id"": 322630, ""titulo_encontrado"": ""AMAPOLA DEL CAMINO"", ""director_encontrado"": ""JUAN AGUILA, GUZ BUSTILLO"", ""anio_encontrado"": 1937, ""metraje_encontrado"": ""LARGOMETRAJE-""}, {""icaa_id"": 84114, ""titulo_encontrado"": ""AMAZONAS. EL CAMINO DE LA COCAÍNA"", ""director_encontrado"": ""DAVID BERIAIN"", ""anio_encontrado"": 2015, ""metraje_encontrado"": ""LARGOMETRAJE-""}, {""icaa_id"": 161719, ""titulo_encontrado"": ""ANIMALES, POR EL CAMINO DE EN MEDIO"", ""director_encontrado"": ""MANUEL GALIPIENSO"", ""anio_encontrado"": 2020, ""metraje_encontrado"": ""LARGOMETRAJE- Cine Documental""}, {""icaa_id"": 56704, ""titulo_encontrado"": ""Antonio Vega: A medio camino"", ""director_encontrado"": ""SANTI MOAR"", ""anio_encontrado"": 2005, ""metraje_encontrado"": ""CORTOMETRAJE-""}, {""icaa_id"": 3415540, ""titulo_encontrado"": ""APRENDE A ESQUIAR:EL CAMINO MAS RAPIDO"", ""director_encontrado"": ""DESCONOCIDO"", ""anio_encontrado"": null, ""metraje_encontrado"": ""CORTOMETRAJE- Video Ficción""}, {""icaa_id"": 11564140, ""titulo_encontrado"": ""BARACK OBAMA: CAMINO HACIA EL CAMBIO"", ""director_encontrado"": ""AMY RICE"", ""anio_encontrado"": 2009, ""metraje_encontrado"": ""LARGOMETRAJE- Video Ficción""}, {""icaa_id"": 3163940, ""titulo_encontrado"": ""BARBAROS DEL NORTE (EL PEOR DE LOS CAMINOS), LOS"", ""director_encontrado"": ""DESCONOCIDO"", ""anio_encontrado"": null, ""metraje_encontrado"": ""CORTOMETRAJE- Video Ficción""}, {""icaa_id"": 89922, ""titulo_encontrado"": ""BIDEAN JARRAITUZ (SIGUIENDO EN EL CAMINO)"", ""director_encontrado"": ""AITOR LÓPEZ DE ABERÁSTURI"", ""anio_encontrado"": 2022, ""metraje_encontrado"": ""LARGOMETRAJE- Cine Documental""}, {""icaa_id"": 9082040, ""titulo_encontrado"": ""BLUES CAMINO A MEMPHIS, THE"", ""director_encontrado"": ""RICHARD PEARCE"", ""anio_encontrado"": 2003, ""metraje_encontrado"": ""LARGOMETRAJE- Video Ficción""}, {""icaa_id"": 5512940, ""titulo_encontrado"": ""BRUCE LEE, EL CAMINO DEL PEQUEÑO DRAGON"", ""director_encontrado"": ""CLIFFORD WHITE"", ""anio_encontrado"": 1993, ""metraje_encontrado"": ""CORTOMETRAJE- Video Ficción""}, {""icaa_id"": 6174540, ""titulo_encontrado"": ""BUBLEGUM CRISIS VOL.3-EP.4:EL CAMINO DE LA VENGANZA; (1)"", ""director_encontrado"": ""HAYASHI HIROKI"", ""anio_encontrado"": 1988, ""metraje_encontrado"": ""LARGOMETRAJE- Video Ficción""}, {""icaa_id"": 106114, ""titulo_encontrado"": ""BUDA 2: CAMINO A LA ILUMINACION"", ""director_encontrado"": ""TOSHIAKI KOMURA"", ""anio_encontrado"": 2013, ""metraje_encontrado"": ""LARGOMETRAJE-""}, {""icaa_id"": 35315, ""titulo_encontrado"": ""BUEN CAMINO! SEIS PEREGRINOS, UN DESTINO"", ""director_encontrado"": ""LYDIA B. SMITH"", ""anio_encontrado"": 2013, ""metraje_encontrado"": ""LARGOMETRAJE-""}, {""icaa_id"": 16825, ""titulo_encontrado"": ""Bushido, El Camino del Guerrero"", ""director_encontrado"": ""ALEJANDRO MARTOS"", ""anio_encontrado"": 2025, ""metraje_encontrado"": ""LARGOMETRAJE- Cine Documental""}, {""icaa_id"": 135513, ""titulo_encontrado"": ""CAMI A OLIMPIA / CAMINO A OLIMPIA"", ""director_encontrado"": ""NIKO VON GLASOW"", ""anio_encontrado"": 2012, ""metraje_encontrado"": ""LARGOMETRAJE-""}, {""icaa_id"": 12943040, ""titulo_encontrado"": ""CAMI A OLIMPIA / CAMINO A OLIMPIA"", ""director_encontrado"": ""NIKO VON GLASOW"", ""anio_encontrado"": 2012, ""metraje_encontrado"": ""LARGOMETRAJE- Video Ficción""}, {""icaa_id"": 53522, ""titulo_encontrado"": ""A mitad camino"", ""director_encontrado"": ""HONORATO MANUEL RUIZ ESPARZA"", ""anio_encontrado"": 2022, ""metraje_encontrado"": ""CORTOMETRAJE- Cine Ficción""}, {""icaa_id"": 4256140, ""titulo_encontrado"": ""A VISTA DE PAJARO:EL CAMINO DE SANTIAGO"", ""director_encontrado"": ""EDUARDO DELGADO"", ""anio_encontrado"": 1991, ""metraje_encontrado"": ""LARGOMETRAJE- Video Ficción""}, {""icaa_id"": 40297, ""titulo_encontrado"": ""Abrirse camino"", ""director_encontrado"": ""NACHO. REIG"", ""anio_encontrado"": 1998, ""metraje_encontrado"": ""CORTOMETRAJE-""}, {""icaa_id"": 90530, ""titulo_encontrado"": ""Al final del camino"", ""director_encontrado"": ""LUIS. SÚAREZ DE LEZO"", ""anio_encontrado"": 1962, ""metraje_encontrado"": ""CORTOMETRAJE-""}, {""icaa_id"": 103608, ""titulo_encontrado"": ""AL FINAL DEL CAMINO"", ""director_encontrado"": ""ROBERTO SANTIAGO"", ""anio_encontrado"": 2009, ""metraje_encontrado"": ""LARGOMETRAJE-""}, {""icaa_id"": 550151, ""titulo_encontrado"": ""Albacete, caminos de sierra y llano"", ""director_encontrado"": ""JOSÉ JOAQUÍN CANALS"", ""anio_encontrado"": 1980, ""metraje_encontrado"": ""CORTOMETRAJE-""}, {""icaa_id"": 182422, ""titulo_encontrado"": ""ALLÁ DONDE NOS LLEVE EL CAMINO"", ""director_encontrado"": ""ELIF BUSRA KELES"", ""anio_encontrado"": 2023, ""metraje_encontrado"": ""CORTOMETRAJE- Cine Ficción""}, {""icaa_id"": 4410240, ""titulo_encontrado"": ""ALTO EN EL CAMINO, UN"", ""director_encontrado"": ""JULIAN TORREMOCHA"", ""anio_encontrado"": 1941, ""metraje_encontrado"": ""LARGOMETRAJE- Video Ficción""}, {""icaa_id"": 322630, ""titulo_encontrado"": ""AMAPOLA DEL CAMINO"", ""director_encontrado"": ""JUAN AGUILA, GUZ BUSTILLO"", ""anio_encontrado"": 1937, ""metraje_encontrado"": ""LARGOMETRAJE-""}, {""icaa_id"": 84114, ""titulo_encontrado"": ""AMAZONAS. EL CAMINO DE LA COCAÍNA"", ""director_encontrado"": ""DAVID BERIAIN"", ""anio_encontrado"": 2015, ""metraje_encontrado"": ""LARGOMETRAJE-""}, {""icaa_id"": 161719, ""titulo_encontrado"": ""ANIMALES, POR EL CAMINO DE EN MEDIO"", ""director_encontrado"": ""MANUEL GALIPIENSO"", ""anio_encontrado"": 2020, ""metraje_encontrado"": ""LARGOMETRAJE- Cine Documental""}, {""icaa_id"": 56704, ""titulo_encontrado"": ""Antonio Vega: A medio camino"", ""director_encontrado"": ""SANTI MOAR"", ""anio_encontrado"": 2005, ""metraje_encontrado"": ""CORTOMETRAJE-""}, {""icaa_id"": 3415540, ""titulo_encontrado"": ""APRENDE A ESQUIAR:EL CAMINO MAS RAPIDO"", ""director_encontrado"": ""DESCONOCIDO"", ""anio_encontrado"": null, ""metraje_encontrado"": ""CORTOMETRAJE- Video Ficción""}, {""icaa_id"": 11564140, ""titulo_encontrado"": ""BARACK OBAMA: CAMINO HACIA EL CAMBIO"", ""director_encontrado"": ""AMY RICE"", ""anio_encontrado"": 2009, ""metraje_encontrado"": ""LARGOMETRAJE- Video Ficción""}, {""icaa_id"": 3163940, ""titulo_encontrado"": ""BARBAROS DEL NORTE (EL PEOR DE LOS CAMINOS), LOS"", ""director_encontrado"": ""DESCONOCIDO"", ""anio_encontrado"": null, ""metraje_encontrado"": ""CORTOMETRAJE- Video Ficción""}, {""icaa_id"": 89922, ""titulo_encontrado"": ""BIDEAN JARRAITUZ (SIGUIENDO EN EL CAMINO)"", ""director_encontrado"": ""AITOR LÓPEZ DE ABERÁSTURI"", ""anio_encontrado"": 2022, ""metraje_encontrado"": ""LARGOMETRAJE- Cine Documental""}, {""icaa_id"": 9082040, ""titulo_encontrado"": ""BLUES CAMINO A MEMPHIS, THE"", ""director_encontrado"": ""RICHARD PEARCE"", ""anio_encontrado"": 2003, ""metraje_encontrado"": ""LARGOMETRAJE- Video Ficción""}, {""icaa_id"": 5512940, ""titulo_encontrado"": ""BRUCE LEE, EL CAMINO DEL PEQUEÑO DRAGON"", ""director_encontrado"": ""CLIFFORD WHITE"", ""anio_encontrado"": 1993, ""metraje_encontrado"": ""CORTOMETRAJE- Video Ficción""}, {""icaa_id"": 6174540, ""titulo_encontrado"": ""BUBLEGUM CRISIS VOL.3-EP.4:EL CAMINO DE LA VENGANZA; (1)"", ""director_encontrado"": ""HAYASHI HIROKI"", ""anio_encontrado"": 1988, ""metraje_encontrado"": ""LARGOMETRAJE- Video Ficción""}, {""icaa_id"": 106114, ""titulo_encontrado"": ""BUDA 2: CAMINO A LA ILUMINACION"", ""director_encontrado"": ""TOSHIAKI KOMURA"", ""anio_encontrado"": 2013, ""metraje_encontrado"": ""LARGOMETRAJE-""}, {""icaa_id"": 35315, ""titulo_encontrado"": ""BUEN CAMINO! SEIS PEREGRINOS, UN DESTINO"", ""director_encontrado"": ""LYDIA B. SMITH"", ""anio_encontrado"": 2013, ""metraje_encontrado"": ""LARGOMETRAJE-""}, {""icaa_id"": 16825, ""titulo_encontrado"": ""Bushido, El Camino del Guerrero"", ""director_encontrado"": ""ALEJANDRO MARTOS"", ""anio_encontrado"": 2025, ""metraje_encontrado"": ""LARGOMETRAJE- Cine Documental""}, {""icaa_id"": 135513, ""titulo_encontrado"": ""CAMI A OLIMPIA / CAMINO A OLIMPIA"", ""director_encontrado"": ""NIKO VON GLASOW"", ""anio_encontrado"": 2012, ""metraje_encontrado"": ""LARGOMETRAJE-""}, {""icaa_id"": 12943040, ""titulo_encontrado"": ""CAMI A OLIMPIA / CAMINO A OLIMPIA"", ""director_encontrado"": ""NIKO VON GLASOW"", ""anio_encontrado"": 2012, ""metraje_encontrado"": ""LARGOMETRAJE- Video Ficción""}, {""icaa_id"": 53522, ""titulo_encontrado"": ""A mitad camino"", ""director_encontrado"": ""HONORATO MANUEL RUIZ ESPARZA"", ""anio_encontrado"": 2022, ""metraje_encontrado"": ""CORTOMETRAJE- Cine Ficción""}, {""icaa_id"": 4256140, ""titulo_encontrado"": ""A VISTA DE PAJARO:EL CAMINO DE SANTIAGO"", ""director_encontrado"": ""EDUARDO DELGADO"", ""anio_encontrado"": 1991, ""metraje_encontrado"": ""LARGOMETRAJE- Video Ficción""}, {""icaa_id"": 40297, ""titulo_encontrado"": ""Abrirse camino"", ""director_encontrado"": ""NACHO. REIG"", ""anio_encontrado"": 1998, ""metraje_encontrado"": ""CORTOMETRAJE-""}, {""icaa_id"": 90530, ""titulo_encontrado"": ""Al final del camino"", ""director_encontrado"": ""LUIS. SÚAREZ DE LEZO"", ""anio_encontrado"": 1962, ""metraje_encontrado"": ""CORTOMETRAJE-""}, {""icaa_id"": 103608, ""titulo_encontrado"": ""AL FINAL DEL CAMINO"", ""director_encontrado"": ""ROBERTO SANTIAGO"", ""anio_encontrado"": 2009, ""metraje_encontrado"": ""LARGOMETRAJE-""}, {""icaa_id"": 550151, ""titulo_encontrado"": ""Albacete, caminos de sierra y llano"", ""director_encontrado"": ""JOSÉ JOAQUÍN CANALS"", ""anio_encontrado"": 1980, ""metraje_encontrado"": ""CORTOMETRAJE-""}, {""icaa_id"": 182422, ""titulo_encontrado"": ""ALLÁ DONDE NOS LLEVE EL CAMINO"", ""director_encontrado"": ""ELIF BUSRA KELES"", ""anio_encontrado"": 2023, ""metraje_encontrado"": ""CORTOMETRAJE- Cine Ficción""}, {""icaa_id"": 4410240, ""titulo_encontrado"": ""ALTO EN EL CAMINO, UN"", ""director_encontrado"": ""JULIAN TORREMOCHA"", ""anio_encontrado"": 1941, ""metraje_encontrado"": ""LARGOMETRAJE- Video Ficción""}, {""icaa_id"": 322630, ""titulo_encontrado"": ""AMAPOLA DEL CAMINO"", ""director_encontrado"": ""JUAN AGUILA, GUZ BUSTILLO"", ""anio_encontrado"": 1937, ""metraje_encontrado"": ""LARGOMETRAJE-""}, {""icaa_id"": 84114, ""titulo_encontrado"": ""AMAZONAS. EL CAMINO DE LA COCAÍNA"", ""director_encontrado"": ""DAVID BERIAIN"", ""anio_encontrado"": 2015, ""metraje_encontrado"": ""LARGOMETRAJE-""}, {""icaa_id"": 161719, ""titulo_encontrado"": ""ANIMALES, POR EL CAMINO DE EN MEDIO"", ""director_encontrado"": ""MANUEL GALIPIENSO"", ""anio_encontrado"": 2020, ""metraje_encontrado"": ""LARGOMETRAJE- Cine Documental""}, {""icaa_id"": 56704, ""titulo_encontrado"": ""Antonio Vega: A medio camino"", ""director_encontrado"": ""SANTI MOAR"", ""anio_encontrado"": 2005, ""metraje_encontrado"": ""CORTOMETRAJE-""}, {""icaa_id"": 3415540, ""titulo_encontrado"": ""APRENDE A ESQUIAR:EL CAMINO MAS RAPIDO"", ""director_encontrado"": ""DESCONOCIDO"", ""anio_encontrado"": null, ""metraje_encontrado"": ""CORTOMETRAJE- Video Ficción""}, {""icaa_id"": 11564140, ""titulo_encontrado"": ""BARACK OBAMA: CAMINO HACIA EL CAMBIO"", ""director_encontrado"": ""AMY RICE"", ""anio_encontrado"": 2009, ""metraje_encontrado"": ""LARGOMETRAJE- Video Ficción""}, {""icaa_id"": 3163940, ""titulo_encontrado"": ""BARBAROS DEL NORTE (EL PEOR DE LOS CAMINOS), LOS"", ""director_encontrado"": ""DESCONOCIDO"", ""anio_encontrado"": null, ""metraje_encontrado"": ""CORTOMETRAJE- Video Ficción""}, {""icaa_id"": 89922, ""titulo_encontrado"": ""BIDEAN JARRAITUZ (SIGUIENDO EN EL CAMINO)"", ""director_encontrado"": ""AITOR LÓPEZ DE ABERÁSTURI"", ""anio_encontrado"": 2022, ""metraje_encontrado"": ""LARGOMETRAJE- Cine Documental""}, {""icaa_id"": 9082040, ""titulo_encontrado"": ""BLUES CAMINO A MEMPHIS, THE"", ""director_encontrado"": ""RICHARD PEARCE"", ""anio_encontrado"": 2003, ""metraje_encontrado"": ""LARGOMETRAJE- Video Ficción""}, {""icaa_id"": 5512940, ""titulo_encontrado"": ""BRUCE LEE, EL CAMINO DEL PEQUEÑO DRAGON"", ""director_encontrado"": ""CLIFFORD WHITE"", ""anio_encontrado"": 1993, ""metraje_encontrado"": ""CORTOMETRAJE- Video Ficción""}, {""icaa_id"": 6174540, ""titulo_encontrado"": ""BUBLEGUM CRISIS VOL.3-EP.4:EL CAMINO DE LA VENGANZA; (1)"", ""director_encontrado"": ""HAYASHI HIROKI"", ""anio_encontrado"": 1988, ""metraje_encontrado"": ""LARGOMETRAJE- Video Ficción""}, {""icaa_id"": 106114, ""titulo_encontrado"": ""BUDA 2: CAMINO A LA ILUMINACION"", ""director_encontrado"": ""TOSHIAKI KOMURA"", ""anio_encontrado"": 2013, ""metraje_encontrado"": ""LARGOMETRAJE-""}, {""icaa_id"": 35315, ""titulo_encontrado"": ""BUEN CAMINO! SEIS PEREGRINOS, UN DESTINO"", ""director_encontrado"": ""LYDIA B. SMITH"", ""anio_encontrado"": 2013, ""metraje_encontrado"": ""LARGOMETRAJE-""}, {""icaa_id"": 16825, ""titulo_encontrado"": ""Bushido, El Camino del Guerrero"", ""director_encontrado"": ""ALEJANDRO MARTOS"", ""anio_encontrado"": 2025, ""metraje_encontrado"": ""LARGOMETRAJE- Cine Documental""}, {""icaa_id"": 135513, ""titulo_encontrado"": ""CAMI A OLIMPIA / CAMINO A OLIMPIA"", ""director_encontrado"": ""NIKO VON GLASOW"", ""anio_encontrado"": 2012, ""metraje_encontrado"": ""LARGOMETRAJE-""}, {""icaa_id"": 12943040, ""titulo_encontrado"": ""CAMI A OLIMPIA / CAMINO A OLIMPIA"", ""director_encontrado"": ""NIKO VON GLASOW"", ""anio_encontrado"": 2012, ""metraje_encontrado"": ""LARGOMETRAJE- Video Ficción""}, {""icaa_id"": 53522, ""titulo_encontrado"": ""A mitad camino"", ""director_encontrado"": ""HONORATO MANUEL RUIZ ESPARZA"", ""anio_encontrado"": 2022, ""metraje_encontrado"": ""CORTOMETRAJE- Cine Ficción""}, {""icaa_id"": 4256140, ""titulo_encontrado"": ""A VISTA DE PAJARO:EL CAMINO DE SANTIAGO"", ""director_encontrado"": ""EDUARDO DELGADO"", ""anio_encontrado"": 1991, ""metraje_encontrado"": ""LARGOMETRAJE- Video Ficción""}, {""icaa_id"": 40297, ""titulo_encontrado"": ""Abrirse camino"", ""director_encontrado"": ""NACHO. REIG"", ""anio_encontrado"": 1998, ""metraje_encontrado"": ""CORTOMETRAJE-""}, {""icaa_id"": 90530, ""titulo_encontrado"": ""Al final del camino"", ""director_encontrado"": ""LUIS. SÚAREZ DE LEZO"", ""anio_encontrado"": 1962, ""metraje_encontrado"": ""CORTOMETRAJE-""}, {""icaa_id"": 103608, ""titulo_encontrado"": ""AL FINAL DEL CAMINO"", ""director_encontrado"": ""ROBERTO SANTIAGO"", ""anio_encontrado"": 2009, ""metraje_encontrado"": ""LARGOMETRAJE-""}, {""icaa_id"": 550151, ""titulo_encontrado"": ""Albacete, caminos de sierra y llano"", ""director_encontrado"": ""JOSÉ JOAQUÍN CANALS"", ""anio_encontrado"": 1980, ""metraje_encontrado"": ""CORTOMETRAJE-""}, {""icaa_id"": 182422, ""titulo_encontrado"": ""ALLÁ DONDE NOS LLEVE EL CAMINO"", ""director_encontrado"": ""ELIF BUSRA KELES"", ""anio_encontrado"": 2023, ""metraje_encontrado"": ""CORTOMETRAJE- Cine Ficción""}, {""icaa_id"": 4410240, ""titulo_encontrado"": ""ALTO EN EL CAMINO, UN"", ""director_encontrado"": ""JULIAN TORREMOCHA"", ""anio_encontrado"": 1941, ""metraje_encontrado"": ""LARGOMETRAJE- Video Ficción""}, {""icaa_id"": 322630, ""titulo_encontrado"": ""AMAPOLA DEL CAMINO"", ""director_encontrado"": ""JUAN AGUILA, GUZ BUSTILLO"", ""anio_encontrado"": 1937, ""metraje_encontrado"": ""LARGOMETRAJE-""}, {""icaa_id"": 84114, ""titulo_encontrado"": ""AMAZONAS. EL CAMINO DE LA COCAÍNA"", ""director_encontrado"": ""DAVID BERIAIN"", ""anio_encontrado"": 2015, ""metraje_encontrado"": ""LARGOMETRAJE-""}, {""icaa_id"": 161719, ""titulo_encontrado"": ""ANIMALES, POR EL CAMINO DE EN MEDIO"", ""director_encontrado"": ""MANUEL GALIPIENSO"", ""anio_encontrado"": 2020, ""metraje_encontrado"": ""LARGOMETRAJE- Cine Documental""}, {""icaa_id"": 56704, ""titulo_encontrado"": ""Antonio Vega: A medio camino"", ""director_encontrado"": ""SANTI MOAR"", ""anio_encontrado"": 2005, ""metraje_encontrado"": ""CORTOMETRAJE-""}, {""icaa_id"": 3415540, ""titulo_encontrado"": ""APRENDE A ESQUIAR:EL CAMINO MAS RAPIDO"", ""director_encontrado"": ""DESCONOCIDO"", ""anio_encontrado"": null, ""metraje_encontrado"": ""CORTOMETRAJE- Video Ficción""}, {""icaa_id"": 11564140, ""titulo_encontrado"": ""BARACK OBAMA: CAMINO HACIA EL CAMBIO"", ""director_encontrado"": ""AMY RICE"", ""anio_encontrado"": 2009, ""metraje_encontrado"": ""LARGOMETRAJE- Video Ficción""}, {""icaa_id"": 3163940, ""titulo_encontrado"": ""BARBAROS DEL NORTE (EL PEOR DE LOS CAMINOS), LOS"", ""director_encontrado"": ""DESCONOCIDO"", ""anio_encontrado"": null, ""metraje_encontrado"": ""CORTOMETRAJE- Video Ficción""}, {""icaa_id"": 89922, ""titulo_encontrado"": ""BIDEAN JARRAITUZ (SIGUIENDO EN EL CAMINO)"", ""director_encontrado"": ""AITOR LÓPEZ DE ABERÁSTURI"", ""anio_encontrado"": 2022, ""metraje_encontrado"": ""LARGOMETRAJE- Cine Documental""}, {""icaa_id"": 9082040, ""titulo_encontrado"": ""BLUES CAMINO A MEMPHIS, THE"", ""director_encontrado"": ""RICHARD PEARCE"", ""anio_encontrado"": 2003, ""metraje_encontrado"": ""LARGOMETRAJE- Video Ficción""}, {""icaa_id"": 5512940, ""titulo_encontrado"": ""BRUCE LEE, EL CAMINO DEL PEQUEÑO DRAGON"", ""director_encontrado"": ""CLIFFORD WHITE"", ""anio_encontrado"": 1993, ""metraje_encontrado"": ""CORTOMETRAJE- Video Ficción""}, {""icaa_id"": 6174540, ""titulo_encontrado"": ""BUBLEGUM CRISIS VOL.3-EP.4:EL CAMINO DE LA VENGANZA; (1)"", ""director_encontrado"": ""HAYASHI HIROKI"", ""anio_encontrado"": 1988, ""metraje_encontrado"": ""LARGOMETRAJE- Video Ficción""}, {""icaa_id"": 106114, ""titulo_encontrado"": ""BUDA 2: CAMINO A LA ILUMINACION"", ""director_encontrado"": ""TOSHIAKI KOMURA"", ""anio_encontrado"": 2013, ""metraje_encontrado"": ""LARGOMETRAJE-""}, {""icaa_id"": 35315, ""titulo_encontrado"": ""BUEN CAMINO! SEIS PEREGRINOS, UN DESTINO"", ""director_encontrado"": ""LYDIA B. SMITH"", ""anio_encontrado"": 2013, ""metraje_encontrado"": ""LARGOMETRAJE-""}, {""icaa_id"": 16825, ""titulo_encontrado"": ""Bushido, El Camino del Guerrero"", ""director_encontrado"": ""ALEJANDRO MARTOS"", ""anio_encontrado"": 2025, ""metraje_encontrado"": ""LARGOMETRAJE- Cine Documental""}, {""icaa_id"": 135513, ""titulo_encontrado"": ""CAMI A OLIMPIA / CAMINO A OLIMPIA"", ""director_encontrado"": ""NIKO VON GLASOW"", ""anio_encontrado"": 2012, ""metraje_encontrado"": ""LARGOMETRAJE-""}, {""icaa_id"": 12943040, ""titulo_encontrado"": ""CAMI A OLIMPIA / CAMINO A OLIMPIA"", ""director_encontrado"": ""NIKO VON GLASOW"", ""anio_encontrado"": 2012, ""metraje_encontrado"": ""LARGOMETRAJE- Video Ficción""}]";False
Peluquero romantico, El;09/10/2024;Peluquero romantico;;sin_coincidencia_exacta_titulo;;;;;0.0;[];False
Yerma 2030: La España VaciLada;16/11/2023;Yerma 2030: La España VaciLada;;sin_coincidencia_exacta_titulo;;;;;0.0;[];False
Teselas. El poder transformador del viaje;09/03/2024;Teselas. El poder transformador del viaje;;sin_coincidencia_exacta_titulo;;;;;0.0;[];False
Madres;22/05/2025;Madres;;sin_candidatos_cercanos_probable_reposicion;;;;;48.0;"[{""icaa_id"": 545130, ""titulo_encontrado"": ""COMO TODAS LAS MADRES"", ""director_encontrado"": ""FERNANDO SOLER"", ""anio_encontrado"": 1944, ""metraje_encontrado"": ""LARGOMETRAJE-""}, {""icaa_id"": 3191240, ""titulo_encontrado"": ""COMO TODAS LAS MADRES"", ""director_encontrado"": ""DESCONOCIDO"", ""anio_encontrado"": null, ""metraje_encontrado"": ""CORTOMETRAJE- Video Ficción""}, {""icaa_id"": 13101840, ""titulo_encontrado"": ""DESMADRE DE MADRES"", ""director_encontrado"": ""ANDREW ERWIN"", ""anio_encontrado"": 2014, ""metraje_encontrado"": ""LARGOMETRAJE- Video Ficción""}, {""icaa_id"": 421350, ""titulo_encontrado"": ""DIA DE LAS MADRES, EL"", ""director_encontrado"": ""ALFREDO B. CREVENNA"", ""anio_encontrado"": 1968, ""metraje_encontrado"": ""LARGOMETRAJE-""}, {""icaa_id"": 3689840, ""titulo_encontrado"": ""DIA DE LAS MADRES, EL"", ""director_encontrado"": ""ALFREDO B. CREVENNA"", ""anio_encontrado"": null, ""metraje_encontrado"": ""LARGOMETRAJE- Video Ficción""}, {""icaa_id"": 86814, ""titulo_encontrado"": ""DOS MADRES PERFECTAS"", ""director_encontrado"": ""ANNE FONTAINE"", ""anio_encontrado"": 2013, ""metraje_encontrado"": ""LARGOMETRAJE-""}, {""icaa_id"": 181417, ""titulo_encontrado"": ""EL GRAN DESMADRE (MALAS MADRES 2)"", ""director_encontrado"": ""SCOTT MOORE"", ""anio_encontrado"": 2017, ""metraje_encontrado"": ""LARGOMETRAJE- Cine Ficción""}, {""icaa_id"": 21525, ""titulo_encontrado"": ""La isla de las madres gigantes"", ""director_encontrado"": ""CARLOS PÉREZ"", ""anio_encontrado"": 2025, ""metraje_encontrado"": ""CORTOMETRAJE- Cine Documental""}, {""icaa_id"": 131306, ""titulo_encontrado"": ""Madres"", ""director_encontrado"": ""MARIO IGLESIAS GONZALEZ"", ""anio_encontrado"": 2006, ""metraje_encontrado"": ""CORTOMETRAJE-""}, {""icaa_id"": 163010, ""titulo_encontrado"": ""MADRES & HIJAS"", ""director_encontrado"": ""RODRIGO GARCIA OLZA"", ""anio_encontrado"": 2009, ""metraje_encontrado"": ""LARGOMETRAJE-""}, {""icaa_id"": 108710, ""titulo_encontrado"": ""MADRES 0,15 EL MINUTO"", ""director_encontrado"": ""MARINA SERESESKY"", ""anio_encontrado"": 2011, ""metraje_encontrado"": ""CORTOMETRAJE-""}, {""icaa_id"": 8004740, ""titulo_encontrado"": ""MADRES CORAJE MADRES DE PLAZA DE MAYO"", ""director_encontrado"": ""E. CARTOY DIAZ"", ""anio_encontrado"": 2004, ""metraje_encontrado"": ""LARGOMETRAJE- Video Ficción""}, {""icaa_id"": 765330, ""titulo_encontrado"": ""MADRES DE BASTIDORES MADRES DE ARTISTAS"", ""director_encontrado"": ""CHARLES R. BRABIN"", ""anio_encontrado"": 1933, ""metraje_encontrado"": ""LARGOMETRAJE-""}, {""icaa_id"": 222110, ""titulo_encontrado"": ""MADRES DE LA DROGA"", ""director_encontrado"": ""NATALIE JOHANNA HALLA"", ""anio_encontrado"": 2010, ""metraje_encontrado"": ""LARGOMETRAJE-""}, {""icaa_id"": 174221, ""titulo_encontrado"": ""MADRES DE LA REVOLUCIÓN"", ""director_encontrado"": ""BRIAR MARCH"", ""anio_encontrado"": 2021, ""metraje_encontrado"": ""LARGOMETRAJE- Video Documental""}, {""icaa_id"": 97816, ""titulo_encontrado"": ""Madres de luna"", ""director_encontrado"": ""ALICIA ALBARES"", ""anio_encontrado"": 2017, ""metraje_encontrado"": ""CORTOMETRAJE- Cine Ficción""}, {""icaa_id"": 21213, ""titulo_encontrado"": ""MADRES DE MAYO"", ""director_encontrado"": ""PABLO JAVIER YOTICH"", ""anio_encontrado"": 2011, ""metraje_encontrado"": ""LARGOMETRAJE-""}, {""icaa_id"": 179624, ""titulo_encontrado"": ""MADRES INVISIBLES, cara a cara con la infertilidad"", ""director_encontrado"": ""QUIM BADENES TORRENS"", ""anio_encontrado"": 2024, ""metraje_encontrado"": ""LARGOMETRAJE- Cine Documental""}, {""icaa_id"": 131808, ""titulo_encontrado"": ""MADRES LA HISTORIA DE LAS MADRES DE LA PLAZA DE MAYO"", ""director_encontrado"": ""EDUARDO FELIX WALGER"", ""anio_encontrado"": 2007, ""metraje_encontrado"": ""LARGOMETRAJE-""}, {""icaa_id"": 151020, ""titulo_encontrado"": ""Madres paralelas"", ""director_encontrado"": ""PEDRO ALMODÓVAR"", ""anio_encontrado"": 2021, ""metraje_encontrado"": ""LARGOMETRAJE- Cine Ficción""}, {""icaa_id"": 836430, ""titulo_encontrado"": ""Madres que bailan"", ""director_encontrado"": ""HERBERT BRENON"", ""anio_encontrado"": 1926, ""metraje_encontrado"": ""LARGOMETRAJE-""}, {""icaa_id"": 82350, ""titulo_encontrado"": ""Madres solteras"", ""director_encontrado"": ""ANTONIO DEL. AMO"", ""anio_encontrado"": 1975, ""metraje_encontrado"": ""LARGOMETRAJE-""}, {""icaa_id"": 146921, ""titulo_encontrado"": ""MADRES VERDADERAS"", ""director_encontrado"": ""NAOMI KAWASE"", ""anio_encontrado"": 2020, ""metraje_encontrado"": ""LARGOMETRAJE- Cine Ficción""}, {""icaa_id"": 175222, ""titulo_encontrado"": ""MADRESELVA"", ""director_encontrado"": ""NATA MORENO"", ""anio_encontrado"": 2023, ""metraje_encontrado"": ""CORTOMETRAJE- Cine Ficción""}, {""icaa_id"": 545130, ""titulo_encontrado"": ""COMO TODAS LAS MADRES"", ""director_encontrado"": ""FERNANDO SOLER"", ""anio_encontrado"": 1944, ""metraje_encontrado"": ""LARGOMETRAJE-""}, {""icaa_id"": 3191240, ""titulo_encontrado"": ""COMO TODAS LAS MADRES"", ""director_encontrado"": ""DESCONOCIDO"", ""anio_encontrado"": null, ""metraje_encontrado"": ""CORTOMETRAJE- Video Ficción""}, {""icaa_id"": 13101840, ""titulo_encontrado"": ""DESMADRE DE MADRES"", ""director_encontrado"": ""ANDREW ERWIN"", ""anio_encontrado"": 2014, ""metraje_encontrado"": ""LARGOMETRAJE- Video Ficción""}, {""icaa_id"": 421350, ""titulo_encontrado"": ""DIA DE LAS MADRES, EL"", ""director_encontrado"": ""ALFREDO B. CREVENNA"", ""anio_encontrado"": 1968, ""metraje_encontrado"": ""LARGOMETRAJE-""}, {""icaa_id"": 3689840, ""titulo_encontrado"": ""DIA DE LAS MADRES, EL"", ""director_encontrado"": ""ALFREDO B. CREVENNA"", ""anio_encontrado"": null, ""metraje_encontrado"": ""LARGOMETRAJE- Video Ficción""}, {""icaa_id"": 86814, ""titulo_encontrado"": ""DOS MADRES PERFECTAS"", ""director_encontrado"": ""ANNE FONTAINE"", ""anio_encontrado"": 2013, ""metraje_encontrado"": ""LARGOMETRAJE-""}, {""icaa_id"": 181417, ""titulo_encontrado"": ""EL GRAN DESMADRE (MALAS MADRES 2)"", ""director_encontrado"": ""SCOTT MOORE"", ""anio_encontrado"": 2017, ""metraje_encontrado"": ""LARGOMETRAJE- Cine Ficción""}, {""icaa_id"": 21525, ""titulo_encontrado"": ""La isla de las madres gigantes"", ""director_encontrado"": ""CARLOS PÉREZ"", ""anio_encontrado"": 2025, ""metraje_encontrado"": ""CORTOMETRAJE- Cine Documental""}, {""icaa_id"": 131306, ""titulo_encontrado"": ""Madres"", ""director_encontrado"": ""MARIO IGLESIAS GONZALEZ"", ""anio_encontrado"": 2006, ""metraje_encontrado"": ""CORTOMETRAJE-""}, {""icaa_id"": 163010, ""titulo_encontrado"": ""MADRES & HIJAS"", ""director_encontrado"": ""RODRIGO GARCIA OLZA"", ""anio_encontrado"": 2009, ""metraje_encontrado"": ""LARGOMETRAJE-""}, {""icaa_id"": 108710, ""titulo_encontrado"": ""MADRES 0,15 EL MINUTO"", ""director_encontrado"": ""MARINA SERESESKY"", ""anio_encontrado"": 2011, ""metraje_encontrado"": ""CORTOMETRAJE-""}, {""icaa_id"": 8004740, ""titulo_encontrado"": ""MADRES CORAJE MADRES DE PLAZA DE MAYO"", ""director_encontrado"": ""E. CARTOY DIAZ"", ""anio_encontrado"": 2004, ""metraje_encontrado"": ""LARGOMETRAJE- Video Ficción""}, {""icaa_id"": 765330, ""titulo_encontrado"": ""MADRES DE BASTIDORES MADRES DE ARTISTAS"", ""director_encontrado"": ""CHARLES R. BRABIN"", ""anio_encontrado"": 1933, ""metraje_encontrado"": ""LARGOMETRAJE-""}, {""icaa_id"": 222110, ""titulo_encontrado"": ""MADRES DE LA DROGA"", ""director_encontrado"": ""NATALIE JOHANNA HALLA"", ""anio_encontrado"": 2010, ""metraje_encontrado"": ""LARGOMETRAJE-""}, {""icaa_id"": 174221, ""titulo_encontrado"": ""MADRES DE LA REVOLUCIÓN"", ""director_encontrado"": ""BRIAR MARCH"", ""anio_encontrado"": 2021, ""metraje_encontrado"": ""LARGOMETRAJE- Video Documental""}, {""icaa_id"": 97816, ""titulo_encontrado"": ""Madres de luna"", ""director_encontrado"": ""ALICIA ALBARES"", ""anio_encontrado"": 2017, ""metraje_encontrado"": ""CORTOMETRAJE- Cine Ficción""}, {""icaa_id"": 21213, ""titulo_encontrado"": ""MADRES DE MAYO"", ""director_encontrado"": ""PABLO JAVIER YOTICH"", ""anio_encontrado"": 2011, ""metraje_encontrado"": ""LARGOMETRAJE-""}, {""icaa_id"": 179624, ""titulo_encontrado"": ""MADRES INVISIBLES, cara a cara con la infertilidad"", ""director_encontrado"": ""QUIM BADENES TORRENS"", ""anio_encontrado"": 2024, ""metraje_encontrado"": ""LARGOMETRAJE- Cine Documental""}, {""icaa_id"": 131808, ""titulo_encontrado"": ""MADRES LA HISTORIA DE LAS MADRES DE LA PLAZA DE MAYO"", ""director_encontrado"": ""EDUARDO FELIX WALGER"", ""anio_encontrado"": 2007, ""metraje_encontrado"": ""LARGOMETRAJE-""}, {""icaa_id"": 151020, ""titulo_encontrado"": ""Madres paralelas"", ""director_encontrado"": ""PEDRO ALMODÓVAR"", ""anio_encontrado"": 2021, ""metraje_encontrado"": ""LARGOMETRAJE- Cine Ficción""}, {""icaa_id"": 836430, ""titulo_encontrado"": ""Madres que bailan"", ""director_encontrado"": ""HERBERT BRENON"", ""anio_encontrado"": 1926, ""metraje_encontrado"": ""LARGOMETRAJE-""}, {""icaa_id"": 82350, ""titulo_encontrado"": ""Madres solteras"", ""director_encontrado"": ""ANTONIO DEL. AMO"", ""anio_encontrado"": 1975, ""metraje_encontrado"": ""LARGOMETRAJE-""}, {""icaa_id"": 146921, ""titulo_encontrado"": ""MADRES VERDADERAS"", ""director_encontrado"": ""NAOMI KAWASE"", ""anio_encontrado"": 2020, ""metraje_encontrado"": ""LARGOMETRAJE- Cine Ficción""}, {""icaa_id"": 175222, ""titulo_encontrado"": ""MADRESELVA"", ""director_encontrado"": ""NATA MORENO"", ""anio_encontrado"": 2023, ""metraje_encontrado"": ""CORTOMETRAJE- Cine Ficción""}]";False
Chichi y yo;11/10/2024;Chichi y yo;;sin_coincidencia_exacta_titulo;;;;;0.0;[];False
Siete mesas de billar frances (2007) (re);20/06/2023;Siete mesas de billar frances;;sin_coincidencia_exacta_titulo;;;;;0.0;[];False
Retorno, El: la vida despues del ISIS;27/05/2021;Retorno, El: la vida despues del ISIS;;sin_coincidencia_exacta_titulo;;;;;0.0;[];False
Cirlot. La mirada de Bronwyn;09/05/2024;Cirlot. La mirada de Bronwyn;;sin_coincidencia_exacta_titulo;;;;;0.0;[];False
Maldita primavera, La;29/06/2024;Maldita primavera;;sin_coincidencia_exacta_titulo;;;;;0.0;[];False
Salvador Dali. Diarios de juventud;09/03/2021;Salvador Dali. Diarios de juventud;;sin_coincidencia_exacta_titulo;;;;;0.0;[];False
Viva montesa. La vida de un sueño;16/11/2021;Viva montesa. La vida de un sueño;;sin_coincidencia_exacta_titulo;;;;;0.0;[];False
Artifacts Assembly;04/05/2024;Artifacts Assembly;;sin_coincidencia_exacta_titulo;;;;;0.0;[];False
Mundo de Jacques Demy, El (1995) (re);27/09/2022;Mundo de Jacques Demy;;sin_coincidencia_exacta_titulo;;;;;0.0;[];False
Cyborg Generation;22/11/2024;Cyborg Generation;;sin_coincidencia_exacta_titulo;;;;;0.0;[];False
Silencio antes de Bach, El (2007) (re);08/06/2024;Silencio antes de Bach;;sin_coincidencia_exacta_titulo;;;;;0.0;[];False
Arenas de silencio (Sands of silence);14/11/2018;Arenas de silencio (Sands of silence);;sin_coincidencia_exacta_titulo;;;;;0.0;[];False
Tramposos, Los (1959) (re);30/05/2022;Tramposos;;ambigua_tras_ficha;;;;;16.0;"[{""icaa_id"": 8233440, ""titulo_encontrado"": ""BANDA DE TRAMPOSOS, UNA"", ""director_encontrado"": ""ANDREW GURLAND"", ""anio_encontrado"": 2001, ""metraje_encontrado"": ""LARGOMETRAJE- Video Ficción""}, {""icaa_id"": 3810640, ""titulo_encontrado"": ""DE PROFESION:TRAMPOSOS"", ""director_encontrado"": ""BARBET SCHROEDER"", ""anio_encontrado"": null, ""metraje_encontrado"": ""LARGOMETRAJE- Video Ficción""}, {""icaa_id"": 552350, ""titulo_encontrado"": ""Dia de los tramposos, El"", ""director_encontrado"": ""JOSEPH L MANKIEWICZ"", ""anio_encontrado"": 1970, ""metraje_encontrado"": ""LARGOMETRAJE-""}, {""icaa_id"": 2293140, ""titulo_encontrado"": ""DOS TRAMPOSOS"", ""director_encontrado"": ""DOUGLAS N. SCHARTZ"", ""anio_encontrado"": null, ""metraje_encontrado"": ""LARGOMETRAJE- Video Ficción""}, {""icaa_id"": 171650, ""titulo_encontrado"": ""DOS TRAMPOSOS CON SUERTE"", ""director_encontrado"": ""SIDNEY POITIER"", ""anio_encontrado"": 1975, ""metraje_encontrado"": ""LARGOMETRAJE-""}, {""icaa_id"": 4841440, ""titulo_encontrado"": ""POPEYE Y SU HIJO: COMPETENCIAS Y TRAMPOSOS Y EL TESORO PERDI"", ""director_encontrado"": ""ART DAVIS/BOB GOE"", ""anio_encontrado"": null, ""metraje_encontrado"": ""CORTOMETRAJE- Video Ficción""}, {""icaa_id"": 822951, ""titulo_encontrado"": ""RUFIANES Y TRAMPOSOS"", ""director_encontrado"": ""HENRI VERNEUIL"", ""anio_encontrado"": 1984, ""metraje_encontrado"": ""LARGOMETRAJE-""}, {""icaa_id"": 1570040, ""titulo_encontrado"": ""SHOW DE LOS TRAMPOSOS, EL"", ""director_encontrado"": ""DESCONOCIDO"", ""anio_encontrado"": null, ""metraje_encontrado"": ""CORTOMETRAJE- Video Ficción""}, {""icaa_id"": 232388, ""titulo_encontrado"": ""Tramposos de la loto, Los"", ""director_encontrado"": ""ROGER YOUNG"", ""anio_encontrado"": 1987, ""metraje_encontrado"": ""LARGOMETRAJE-""}, {""icaa_id"": 3341940, ""titulo_encontrado"": ""TRAMPOSOS DE LA LOTO, LOS"", ""director_encontrado"": ""DESCONOCIDO"", ""anio_encontrado"": null, ""metraje_encontrado"": ""CORTOMETRAJE- Video Ficción""}, {""icaa_id"": 7290540, ""titulo_encontrado"": ""TRAMPOSOS EN HOLLYWOOD"", ""director_encontrado"": ""SONKE WORTMANN"", ""anio_encontrado"": 2001, ""metraje_encontrado"": ""LARGOMETRAJE- Video Ficción""}, {""icaa_id"": 312330, ""titulo_encontrado"": ""TRAMPOSOS ENTRAMPADOS"", ""director_encontrado"": ""JEAN YARBROUGH"", ""anio_encontrado"": 1945, ""metraje_encontrado"": ""LARGOMETRAJE-""}, {""icaa_id"": 3274140, ""titulo_encontrado"": ""TRAMPOSOS Y EMBAUCADORES"", ""director_encontrado"": ""DESCONOCIDO"", ""anio_encontrado"": null, ""metraje_encontrado"": ""CORTOMETRAJE- Video Ficción""}, {""icaa_id"": 244550, ""titulo_encontrado"": ""Tramposos, Los"", ""director_encontrado"": ""PEDRO LAZAGA"", ""anio_encontrado"": 1959, ""metraje_encontrado"": ""LARGOMETRAJE-""}, {""icaa_id"": 1120740, ""titulo_encontrado"": ""TRAMPOSOS, LOS"", ""director_encontrado"": ""DESCONOCIDO"", ""anio_encontrado"": null, ""metraje_encontrado"": ""CORTOMETRAJE- Video Ficción""}, {""icaa_id"": 2518840, ""titulo_encontrado"": ""TRAMPOSOS, LOS"", ""director_encontrado"": ""PEDRO LAZAGA"", ""anio_encontrado"": 1959, ""metraje_encontrado"": ""LARGOMETRAJE- Video Ficción""}]";False
Diego Vasallo, la posteridad para más tarde;25/01/2024;Diego Vasallo, la posteridad para más tarde;;sin_coincidencia_exacta_titulo;;;;;0.0;[];False
Aroak;25/09/2024;Aroak;;sin_coincidencia_exacta_titulo;;;;;0.0;[];False
Experimento Deanie;24/03/2024;Experimento Deanie;;sin_coincidencia_exacta_titulo;;;;;0.0;[];False
Bastarda;09/05/2024;Bastarda;;sin_coincidencia_exacta_titulo;;;;;1.0;"[{""icaa_id"": 665740, ""titulo_encontrado"": ""CIUDAD LLAMADA BASTARDA, UNA"", ""director_encontrado"": ""ROBERT PARRIS"", ""anio_encontrado"": null, ""metraje_encontrado"": ""CORTOMETRAJE- Video Ficción""}]";False
Contra etiqueta, La;15/04/2024;Contra etiqueta;;sin_coincidencia_exacta_titulo;;;;;0.0;[];False
Irklais per Atlanta;05/07/2024;Irklais per Atlanta;;sin_coincidencia_exacta_titulo;;;;;0.0;[];False
Flores bajo el hielo;12/09/2024;Flores bajo el hielo;;sin_coincidencia_exacta_titulo;;;;;0.0;[];False
Feliz no cumpleaños;07/11/2023;Feliz no cumpleaños;;sin_coincidencia_exacta_titulo;;;;;1.0;"[{""icaa_id"": 4817040, ""titulo_encontrado"": ""POWER RANGERS: FELIZ CUMPLEAÑOS, ZACK; NO HAGAIS EL PAY VOL6"", ""director_encontrado"": ""JEFF REINER"", ""anio_encontrado"": 1993, ""metraje_encontrado"": ""CORTOMETRAJE- Video Ficción""}]";False
Benin, infancia robada;21/07/2024;Benin, infancia robada;;sin_coincidencia_exacta_titulo;;;;;0.0;[];False
Sexo, drogas, rock 'n' roll y política. Instituto Santamarca, 1975-1985;15/02/2024;Sexo, drogas, rock 'n' roll y política. Instituto Santamarca, 1975-1985;;sin_coincidencia_exacta_titulo;;;;;0.0;[];False
Cumbre es el camino, La;24/03/2021;Cumbre es el camino;;sin_coincidencia_exacta_titulo;;;;;0.0;[];False
No hay piedad para los condenados;10/12/2021;No hay piedad para los condenados;;sin_coincidencia_exacta_titulo;;;;;0.0;[];False
Depedro - Todo va a salir bien;16/12/2021;Depedro - Todo va a salir bien;;sin_coincidencia_exacta_titulo;;;;;0.0;[];False
Elegido, El;02/09/2016;Elegido;;sin_candidatos_cercanos_probable_reposicion;;;;;22.0;"[{""icaa_id"": 140606, ""titulo_encontrado"": ""ELEGIDO (STONE COUNCIL), EL"", ""director_encontrado"": ""GUILLAUME NICLOUX"", ""anio_encontrado"": 2007, ""metraje_encontrado"": ""LARGOMETRAJE-""}, {""icaa_id"": 7484, ""titulo_encontrado"": ""Elegido, El"", ""director_encontrado"": ""FERNANDO. HUERTAS"", ""anio_encontrado"": 1985, ""metraje_encontrado"": ""LARGOMETRAJE-""}, {""icaa_id"": 2263140, ""titulo_encontrado"": ""ELEGIDO, EL"", ""director_encontrado"": ""FERNANDO HUERTAS"", ""anio_encontrado"": 1985, ""metraje_encontrado"": ""LARGOMETRAJE- Video Ficción""}, {""icaa_id"": 736751, ""titulo_encontrado"": ""ELEGIDOS DEL GHETO"", ""director_encontrado"": ""JEREMY PAUL KAGAN"", ""anio_encontrado"": 1981, ""metraje_encontrado"": ""LARGOMETRAJE-""}, {""icaa_id"": 2133240, ""titulo_encontrado"": ""ELEGIDOS DEL GHETO, LOS"", ""director_encontrado"": ""DESCONOCIDO"", ""anio_encontrado"": null, ""metraje_encontrado"": ""CORTOMETRAJE- Video Ficción""}, {""icaa_id"": 1594, ""titulo_encontrado"": ""Elegidos para el triunfo"", ""director_encontrado"": ""JON. TURTELTAUB"", ""anio_encontrado"": 1993, ""metraje_encontrado"": ""LARGOMETRAJE-""}, {""icaa_id"": 790751, ""titulo_encontrado"": ""ELEGIDOS PARA LA GLORIA"", ""director_encontrado"": ""PHILIP KAUFMAN"", ""anio_encontrado"": 1983, ""metraje_encontrado"": ""LARGOMETRAJE-""}, {""icaa_id"": 2029540, ""titulo_encontrado"": ""ELEGIDOS PARA LA GLORIA (DOBLADA)"", ""director_encontrado"": ""DESCONOCIDO"", ""anio_encontrado"": null, ""metraje_encontrado"": ""LARGOMETRAJE- Video Ficción""}, {""icaa_id"": 2029440, ""titulo_encontrado"": ""ELEGIDOS PARA LA GLORIA (ORIGINAL)"", ""director_encontrado"": ""DESCONOCIDO"", ""anio_encontrado"": null, ""metraje_encontrado"": ""CORTOMETRAJE- Video Ficción""}, {""icaa_id"": 4366840, ""titulo_encontrado"": ""ELEGIDOS PARA MATAR"", ""director_encontrado"": ""MATTHEW PATRICK"", ""anio_encontrado"": 1993, ""metraje_encontrado"": ""LARGOMETRAJE- Video Ficción""}, {""icaa_id"": 103500, ""titulo_encontrado"": ""ELEGIDOS, BOONDOCK SAINTS, LOS"", ""director_encontrado"": ""TROY DUFFY"", ""anio_encontrado"": 1998, ""metraje_encontrado"": ""LARGOMETRAJE-""}, {""icaa_id"": 222950, ""titulo_encontrado"": ""Elegidos, Los"", ""director_encontrado"": ""TULIO DEMICHELI"", ""anio_encontrado"": 1963, ""metraje_encontrado"": ""LARGOMETRAJE-""}, {""icaa_id"": 12781040, ""titulo_encontrado"": ""ELEGIDOS, LOS (DARK SKIES)"", ""director_encontrado"": ""SCOTT STEWART"", ""anio_encontrado"": 2012, ""metraje_encontrado"": ""LARGOMETRAJE- Video Ficción""}, {""icaa_id"": 3462740, ""titulo_encontrado"": ""GIFTED ONE: EL ELEGIDO,THE"", ""director_encontrado"": ""DESCONOCIDO"", ""anio_encontrado"": null, ""metraje_encontrado"": ""CORTOMETRAJE- Video Ficción""}, {""icaa_id"": 117402, ""titulo_encontrado"": ""KUNG POW: ENTER THE FIST. ELEGIDO PARA EL DESASTRE"", ""director_encontrado"": ""STEVE OEDEKERK"", ""anio_encontrado"": 2002, ""metraje_encontrado"": ""LARGOMETRAJE-""}, {""icaa_id"": 474951, ""titulo_encontrado"": ""Sobrevivientes elegidos, Los"", ""director_encontrado"": ""SUTTON ROLEY"", ""anio_encontrado"": 1973, ""metraje_encontrado"": ""LARGOMETRAJE-""}, {""icaa_id"": 914940, ""titulo_encontrado"": ""SOBREVIVIENTES ELEGIDOS, LOS"", ""director_encontrado"": ""DESCONOCIDO"", ""anio_encontrado"": null, ""metraje_encontrado"": ""CORTOMETRAJE- Video Ficción""}, {""icaa_id"": 7450040, ""titulo_encontrado"": ""STARGATE SG-1 LOS ELEGIDOS"", ""director_encontrado"": ""DAVID WARRY"", ""anio_encontrado"": 1999, ""metraje_encontrado"": ""CORTOMETRAJE- Video Ficción""}, {""icaa_id"": 165422, ""titulo_encontrado"": ""THE CHOSEN (LOS ELEGIDOS) TEMPORADA 1"", ""director_encontrado"": ""DESCONOCIDO"", ""anio_encontrado"": 2017, ""metraje_encontrado"": ""LARGOMETRAJE- Cine Ficción""}, {""icaa_id"": 202822, ""titulo_encontrado"": ""The chosen (los elegidos) temporada 2"", ""director_encontrado"": ""DALLAS JENKINS"", ""anio_encontrado"": 2021, ""metraje_encontrado"": ""LARGOMETRAJE- Video Serie de video""}, {""icaa_id"": 69823, ""titulo_encontrado"": ""THE CHOSEN (LOS ELEGIDOS). TEMPORADA 3"", ""director_encontrado"": ""DALLAS JENKINS"", ""anio_encontrado"": 2022, ""metraje_encontrado"": ""LARGOMETRAJE- Cine Ficción""}, {""icaa_id"": 5624, ""titulo_encontrado"": ""The Chosen (Los Elegidos). Temporada 4"", ""director_encontrado"": ""DALLAS JENKINS"", ""anio_encontrado"": 2024, ""metraje_encontrado"": ""LARGOMETRAJE- Cine Ficción""}]";False
Decision de Joaquina, La;15/12/2024;Decision de Joaquina;;sin_coincidencia_exacta_titulo;;;;;0.0;[];False
Nightclubbing: The Birth of Punk Rock in NYC;29/10/2022;Nightclubbing: The Birth of Punk Rock in NYC;;sin_coincidencia_exacta_titulo;;;;;0.0;[];False
Dies d'estiu i de pluja;13/06/2025;Dies d'estiu i de pluja;;sin_coincidencia_exacta_titulo;;;;;0.0;[];False
Witch Story, A;30/09/2024;Witch Story, A;;sin_coincidencia_exacta_titulo;;;;;0.0;[];False
Amor en toda la cara;07/06/2024;Amor en toda la cara;;sin_coincidencia_exacta_titulo;;;;;0.0;[];False
Hada de las estaciones, El;27/03/2023;Hada de las estaciones;;sin_coincidencia_exacta_titulo;;;;;0.0;[];False
Ez, Eskerrik asko! La ventana de Gladys;23/03/2021;Ez, Eskerrik asko! La ventana de Gladys;;sin_coincidencia_exacta_titulo;;;;;0.0;[];False
Ghosts of the Chelsea Hotel (and Other Rock & Roll Stories);21/10/2024;Ghosts of the Chelsea Hotel (and Other Rock & Roll Stories);;sin_coincidencia_exacta_titulo;;;;;0.0;[];False
Todo a la vez;05/09/2021;Todo a la vez;;sin_coincidencia_exacta_titulo;;;;;1.0;"[{""icaa_id"": 85922, ""titulo_encontrado"": ""Todo a la vez en todas partes"", ""director_encontrado"": ""DANIEL KWAN"", ""anio_encontrado"": 2022, ""metraje_encontrado"": ""LARGOMETRAJE- Cine Ficción""}]";False
Tres muertes de Teofilo del Valle, Las;09/05/2023;Tres muertes de Teofilo del Valle;;sin_coincidencia_exacta_titulo;;;;;0.0;[];False
La Que Se Avecina - Evento Especial;11/11/2025;La Que Se Avecina - Evento Especial;;sin_coincidencia_exacta_titulo;;;;;0.0;[];False
Tamaño del corazon, El;25/02/2025;Tamaño del corazon;;sin_coincidencia_exacta_titulo;;;;;0.0;[];False
Palabra maldita, La;29/10/2021;Palabra maldita;;sin_coincidencia_exacta_titulo;;;;;0.0;[];False
In Albis;28/09/2023;In Albis;;sin_coincidencia_exacta_titulo;;;;;0.0;[];False
Pelicula del hierro y la nieve;14/02/2024;Pelicula del hierro y la nieve;;sin_coincidencia_exacta_titulo;;;;;0.0;[];False
Un tiempo precioso;17/07/2020;Un tiempo precioso;;sin_coincidencia_exacta_titulo;;;;;0.0;[];False
Hermandad de los gitanos, La;19/03/2024;Hermandad de los gitanos;;sin_coincidencia_exacta_titulo;;;;;0.0;[];False
Jimmy y la tecla magica;27/07/2024;Jimmy y la tecla magica;;sin_coincidencia_exacta_titulo;;;;;0.0;[];False
Barcelona Surf Destination;31/05/2022;Barcelona Surf Destination;;sin_coincidencia_exacta_titulo;;;;;0.0;[];False
Yo mate a Ralph Greene;20/03/2021;Yo mate a Ralph Greene;;sin_coincidencia_exacta_titulo;;;;;0.0;[];False
Metralla de amor;20/02/2024;Metralla de amor;;sin_coincidencia_exacta_titulo;;;;;0.0;[];False
Pasion por el cine: trio musical;09/09/2021;Pasion por el cine: trio musical;;sin_coincidencia_exacta_titulo;;;;;0.0;[];False
Zoo, Sobreviure a l'incendi;22/11/2024;Zoo, Sobreviure a l'incendi;;sin_coincidencia_exacta_titulo;;;;;0.0;[];False
Enterrar y callar;14/07/2022;Enterrar y callar;;sin_coincidencia_exacta_titulo;;;;;0.0;[];False
Desahuciados;05/02/2025;Desahuciados;;sin_coincidencia_exacta_titulo;;;;;1.0;"[{""icaa_id"": 2316640, ""titulo_encontrado"": ""DESAHUCIADOS, LOS"", ""director_encontrado"": ""CHARLES B. PIERCE"", ""anio_encontrado"": 1979, ""metraje_encontrado"": ""CORTOMETRAJE- Video Ficción""}]";False
Ultimo tren al rock'n'roll, El;18/02/2022;Ultimo tren al rock'n'roll;;sin_coincidencia_exacta_titulo;;;;;0.0;[];False
Raphaelismo;28/06/2022;Raphaelismo;;sin_coincidencia_exacta_titulo;;;;;0.0;[];False
En la linea del horizonte (1993) (re);09/04/2024;En la linea del horizonte;;sin_coincidencia_exacta_titulo;;;;;0.0;[];False
Escribir no es normal;18/12/2024;Escribir no es normal;;sin_coincidencia_exacta_titulo;;;;;0.0;[];False
"Alegres tiempos ""el concierto""";31/03/2023;"Alegres tiempos ""el concierto""";;sin_coincidencia_exacta_titulo;;;;;0.0;[];False
Pica Pica Musical Especial Navidad;18/12/2020;Pica Pica Musical Especial Navidad;;sin_coincidencia_exacta_titulo;;;;;0.0;[];False
Flowers pop art;27/03/2022;Flowers pop art;;sin_coincidencia_exacta_titulo;;;;;0.0;[];False
No hay nadie;02/11/2021;No hay nadie;;sin_coincidencia_exacta_titulo;;;;;1.0;"[{""icaa_id"": 43793, ""titulo_encontrado"": ""Nadie hablará de nosotras cuando hayamos muerto"", ""director_encontrado"": ""AGUSTÍN. DÍAZ YANES"", ""anio_encontrado"": 1995, ""metraje_encontrado"": ""LARGOMETRAJE-""}]";False
Historias del Kronen (1995) (re);26/07/2024;Historias del Kronen;42394.0;resuelto_titulo_unico;Historias del Kronen;1994.0;;MONTXO. ARMENDÁRIZ;1.0;;False
Mataharis (2007) (re);19/09/2024;Mataharis;14506.0;resuelto_titulo_unico;MATAHARIS;2007.0;;ICIAR BOLLAIN;1.0;;False
Antonio Vega: Tu voz entre otras mil;15/05/2014;Antonio Vega: Tu voz entre otras mil;105110.0;resuelto_titulo_unico;ANTONIO VEGA. TU VOZ ENTRE OTRAS MIL;2013.0;;PALOMA CONCEJERO;1.0;;False
Campanadas a medianoche (1965) (re);17/05/2025;Campanadas a medianoche;1950.0;resuelto_titulo_unico;Campanadas a medianoche;1965.0;;ORSON WELLES;2.0;;False
A los que aman (1998) (re);23/04/2024;A los que aman;104897.0;resuelto_titulo_unico;A los que aman;1998.0;;ISABEL. COIXET;2.0;;False
Controversia de Valladolid. El amanecer de los Derechos Humanos, La;15/04/2024;Controversia de Valladolid. El amanecer de los Derechos Humanos;197723.0;resuelto_titulo_unico;LA CONTROVERSIA DE VALLADOLID: EL AMANECER DE LOS DERECHOS HUMANOS;2023.0;;JUAN RODRÍGUEZ-BRISO;1.0;;False
Belle Epoque (1992) (re);05/03/2024;Belle Epoque;101692.0;resuelto_titulo_unico;Belle époque;1992.0;;FERNANDO TRUEBA;2.0;;False
Perdona bonita, pero Lucas me queria a mi (1997) (re);10/07/2024;Perdona bonita, pero Lucas me queria a mi;47695.0;resuelto_titulo_unico;Perdona bonita, pero Lucas me quería a mí;1996.0;;FÉLIX. SABROSO;1.0;;False
Bienvenido Mister Marshall (1953)(Re);20/12/2002;Bienvenido Mister Marshall;6952.0;resuelto_titulo_unico;Bienvenido Mister Marshall;1952.0;;LUIS GARCIA BERLANGA;1.0;;False
Placido (1961) (re);19/01/2026;Placido;219550.0;resuelto_titulo_unico;Plácido;1961.0;;LUIS GARCÍA BERLANGA;15.0;;False
Awards. Beyond the limits of hairdressing;15/01/2024;Awards. Beyond the limits of hairdressing;154622.0;resuelto_titulo_unico;AWARDS, BEYOND THE LIMITS OF HAIRDRESSING;2022.0;;JUAN SAN MARTÍN;1.0;;False
Bartolome Bermejo: El despertar de un genio;20/09/2024;Bartolome Bermejo: El despertar de un genio;46524.0;resuelto_titulo_unico;Bartolomé Bermejo. El despertar de un genio;2024.0;;JOSÉ MANUEL HERRAIZ;1.0;;False
Tesis (1996) (re);07/09/2025;Tesis;22895.0;resuelto_titulo_unico;Tesis;1995.0;;ALEJANDRO. AMENÁBAR;3.0;;False
Capitanes de abril (2000) (re);07/05/2024;Capitanes de abril;13099.0;resuelto_titulo_unico;Capitanes de Abril;2000.0;;MARIA DE. MEDEIROS;1.0;;False
Te doy mis ojos (2003) (re);26/09/2024;Te doy mis ojos;124702.0;resuelto_titulo_unico;Te doy mis ojos;2003.0;;ICIAR BOLLAIN;1.0;;False
Bilbao (1978) (re);30/04/2024;Bilbao;401751.0;resuelto_titulo_unico;Bilbao;1978.0;;JOSÉ JUAN. BIGAS LUNA;18.0;;False
Johnny Puff. Misión Secreta;05/04/2024;Johnny Puff. Misión Secreta;147523.0;resuelto_titulo_unico;JOHNNY PUFF. MISIÓN SECRETA.;2023.0;;NÉSTOR F. DENNIS;1.0;;False
Animal/Humano;05/04/2024;Animal/Humano;99920.0;resuelto_titulo_unico;Animal / Humano;2024.0;;ALESSANDRO PUGNO;1.0;;False
Mar adentro (2004) (re);08/03/2024;Mar adentro;123503.0;resuelto_titulo_unico;Mar adentro;2004.0;;ALEJANDRO AMENÁBAR;2.0;;False
Cienaga, La (2001) (re);25/06/2024;Cienaga;34492.0;resuelto_titulo_unico;Ciénaga;1993.0;;JOSÉ ANGEL. BOHOLLO;3.0;;False
Fin de viaje, Sahara;01/11/2024;Fin de viaje, Sahara;191420.0;resuelto_titulo_unico;Fin de viaje Sahara;2023.0;;ANTONIO R. CABAL;1.0;;False
Marisol llamame Pepa;10/05/2024;Marisol llamame Pepa;98922.0;resuelto_titulo_unico;Marisol, llámame Pepa;2024.0;;BLANCA TORRES;1.0;;False
Guarapo (1987) (re);08/03/2024;Guarapo;974551.0;resuelto_anio_produccion_cercano;Guarapo;1988.0;;TEODORO RÍOS;2.0;;False
Niños salvajes, Los (2012) (re);07/05/2024;Niños salvajes;90809.0;resuelto_titulo_unico;NIÑOS SALVAJES, LOS;2012.0;;PATRICIA FERREIRA;1.0;;False
Respira, mama;07/06/2024;Respira, mama;59021.0;resuelto_titulo_unico;Respira mama;2024.0;;MERI COLLAZOS SOLÁ;1.0;;False
Viridiana (1961) (re);10/04/2023;Viridiana;18760.0;resuelto_titulo_unico;Viridiana;1961.0;;LUIS BUÑUEL;2.0;;False
Estado de las cosas, El (1982) (re);27/05/2024;Estado de las cosas;709151.0;resuelto_titulo_unico;ESTADO DE LAS COSAS, EL;1982.0;;WIM WENDERS;1.0;;False
Amanece, que no es poco (1989) (re);23/03/2023;Amanece, que no es poco;1488.0;resuelto_titulo_unico;Amanece, que no es poco;1988.0;;JOSÉ LUIS CUERDA;2.0;;False
Doña Francisquita (1952) (re);13/06/2024;Doña Francisquita;311650.0;resuelto_anio_produccion_cercano;Doña Francisquita;1952.0;;LADISLAO VAJDA;3.0;;False
Verbena de la Paloma, La (1963) (re);12/06/2024;Verbena de la Paloma;262450.0;resuelto_anio_produccion_cercano;Verbena de la Paloma, La;1963.0;;JOSÉ LUIS SÁENZ DE HEREDIA;6.0;;False
Mariquilla Terremoto (1939) (re);20/04/2024;Mariquilla Terremoto;293350.0;resuelto_anio_produccion_cercano;Mariquilla Terremoto;1939.0;;BENITO PEROJO;2.0;;False
Alma de Dios (1941) (re);12/06/2024;Alma de Dios;292650.0;resuelto_anio_produccion_cercano;Alma de Dios;1941.0;;IGNACIO F. IQUINO;2.0;;False
Mi vida sin mí (2003) (re);20/11/2023;Mi vida sin mí;5702.0;resuelto_titulo_unico;Mi vida sin mí;2002.0;;ISABEL COIXET;1.0;;False
Celedonio y yo somos asi (1977) (re);17/10/2024;Celedonio y yo somos asi;57550.0;resuelto_anio_produccion_cercano;Celedonio y yo somos así;1974.0;;MARIANO. OZORES;2.0;;False
Platillos volantes (2003) (re);06/09/2022;Platillos volantes;6703.0;resuelto_titulo_unico;Platillos volantes;2003.0;;ÓSCAR AIBAR;4.0;;False
Intacto (2001) (re);07/09/2022;Intacto;111800.0;resuelto_titulo_unico;Intacto;2001.0;;JUAN CARLOS FRESNADILLO;1.0;;False
Mas alla del jardin (1996) (re);21/10/2022;Mas alla del jardin;44396.0;resuelto_titulo_unico;Más allá del jardín;1996.0;;PEDRO. OLEA;1.0;;False
Ventolera (1962) (re);18/04/2024;Ventolera;238650.0;resuelto_anio_produccion_cercano;Ventolera;1961.0;;LUIS MARQUINA;3.0;;False
Ay, Carmela (1990) (re);13/11/2022;Ay, Carmela;101489.0;resuelto_titulo_unico;Ay, Carmela;1990.0;;CARLOS SAURA;1.0;;False
Malvaloca (1942) (re);17/04/2024;Malvaloca;234330.0;resuelto_anio_produccion_cercano;Malvaloca;1942.0;;LUIS MARQUINA;3.0;;False
Dias de futbol (2003) (re);08/06/2023;Dias de futbol;115102.0;resuelto_titulo_unico;Días de fútbol;2003.0;;DAVID SERRANO;1.0;;False
Lengua de las mariposas, La (1999) (re);16/03/2024;Lengua de las mariposas;41298.0;resuelto_titulo_unico;Lengua de las mariposas, La;1999.0;;JOSÉ LUIS. CUERDA;1.0;;False
Colon ADN, su verdadero origen;12/10/2024;Colon ADN, su verdadero origen;158022.0;resuelto_titulo_unico;COLÓN ADN. SU VERDADERO ORIGEN.;2024.0;;REGIS FRANCISCO LÓPEZ;1.0;;False
Atraco a las tres (1962) (re);19/11/2025;Atraco a las tres;17662.0;resuelto_titulo_unico;Atraco a las tres;1962.0;;JOSÉ MARÍA FORQUÉ;1.0;;False
Tiempo de silencio (1986) (re);20/02/2024;Tiempo de silencio;9285.0;resuelto_anio_produccion_cercano;TIEMPO DE SILENCIO;1986.0;;VICENTE ARANDA;2.0;;False
Tren de sombras (1997) (re);30/04/2024;Tren de sombras;27595.0;resuelto_titulo_unico;Tren de sombras;1996.0;;JOSÉ LUIS. GUERIN;1.0;;False
Cosas que nunca te dije (1996) (re);23/04/2024;Cosas que nunca te dije;17093.0;resuelto_titulo_unico;Cosas que nunca te dije;1995.0;;ISABEL. COIXET;1.0;;False
Agora (2009) (re);08/03/2024;Agora;18908.0;resuelto_titulo_unico;ÁGORA;2009.0;;ALEJANDRO AMENÁBAR;4.0;;False
Tintin y el misterio de las naranjas azules (1964) (re);07/01/2023;Tintin y el misterio de las naranjas azules;838740.0;resuelto_titulo_unico;TINTIN Y EL MISTERIO DE LAS NARANJAS AZULES;;;DESCONOCIDO;1.0;;False
Mi querida señorita (1972) (re);10/03/2023;Mi querida señorita;33826.0;resuelto_anio_produccion_cercano;Mi Querida Señorita;2026.0;;FERNANDO GONZÁLEZ MOLINA;3.0;;False
Summers el rebelde;15/03/2024;Summers el rebelde;95520.0;resuelto_titulo_unico;Summers, el rebelde;2023.0;;MIGUEL OLID;1.0;;False
Todo sobre mi madre (1999) (re);21/10/2023;Todo sobre mi madre;66398.0;resuelto_titulo_unico;Todo sobre mi madre;1999.0;;PEDRO. ALMODÓVAR;1.0;;False
Vida secreta de las palabras, La (2005) (re);07/05/2024;Vida secreta de las palabras;128004.0;resuelto_titulo_unico;vida secreta de las palabras, La;2005.0;;ISABEL COIXET;1.0;;False
Pepi, Luci, Bom y otras chicas del monton (1980) (re);08/06/2023;Pepi, Luci, Bom y otras chicas del monton;15080.0;resuelto_titulo_unico;Pepi, Luci, Bom y otras chicas del montón;1980.0;;PEDRO. ALMODÓVAR;2.0;;False
Soy Cloe, existo;25/10/2024;Soy Cloe, existo;220721.0;resuelto_titulo_unico;SOY CLOE EXISTO;2022.0;;FIORELLA GIANUZZI;1.0;;False
Ciudad quemada, La (1976) (re);29/02/2024;Ciudad quemada;118750.0;resuelto_anio_produccion_cercano;Ciudad quemada, La;1976.0;;ANTONI. RIBAS;3.0;;False
Buena estrella, La (1997) (re);16/10/2024;Buena estrella;31994.0;resuelto_titulo_unico;Buena estrella, La;1997.0;;RICARDO. FRANCO;2.0;;False
Mas que amor, frenesi (1996) (re);06/07/2023;Mas que amor, frenesi;75495.0;resuelto_titulo_unico;Más que amor, frenesí;1996.0;;ALFONSO. ALBACETE;3.0;;False
Hable con ella (2002) (re);30/05/2023;Hable con ella;82801.0;resuelto_titulo_unico;Hable con ella;2001.0;;PEDRO ALMODÓVAR;1.0;;False
Altea, la casa de la mar;06/05/2024;Altea, la casa de la mar;207022.0;resuelto_titulo_unico;ALTEA LA CASA DE LA MAR;2022.0;;ALEJANDRO BLASCO;1.0;;False
Noviembre (2003) (re);06/02/2025;Noviembre;18399.0;resuelto_titulo_unico;Noviembre;2002.0;;ACHERO MAÑAS;21.0;;False
Beato. El origen del Xacobeo;09/11/2023;Beato. El origen del Xacobeo;167123.0;resuelto_titulo_unico;Beato, el origen del Xacobeo;2023.0;;JACOBO MUÑOZ;1.0;;False
Topuria: Matador;19/09/2024;Topuria: Matador;157724.0;resuelto_titulo_unico;Topuria Matador;2024.0;;GIAMPAOLO MANFREDA;1.0;;False
Singled (Out);14/06/2018;Singled (Out);219116.0;resuelto_titulo_unico;SINGLED [OUT];2017.0;;MARIONA GUIU;1.0;;False
Tiempo de tormenta (2003) (re);22/10/2022;Tiempo de tormenta;2002.0;resuelto_anio_produccion_cercano;Tiempo de tormenta;2002.0;;PEDRO OLEA;2.0;;False
Isidro, el labrador (1963) (re);01/05/2022;Isidro, el labrador;206950.0;resuelto_titulo_unico;Isidro el labrador;1963.0;;RAFAEL J. SALVIA;1.0;;False
Dehesa, el bosque del lince iberico;09/10/2020;Dehesa, el bosque del lince iberico;128616.0;resuelto_titulo_unico;Dehesa: el bosque del lince ibérico;2019.0;;JOAQUÍN GUTIÉRREZ ACHA;1.0;;False
Voiceless. El genocidio silenciado;13/11/2021;Voiceless. El genocidio silenciado;174121.0;resuelto_titulo_unico;Voiceless, El genocidio silenciado;2021.0;;VÍCTOR G. VILLAVIEJA;1.0;;False
Mujeres de sal, hombres de humo;24/06/2021;Mujeres de sal, hombres de humo;119821.0;resuelto_titulo_unico;Mujeres de Sal Hombres de Humo;2021.0;;IRIS CARBALLO;1.0;;False
No es bueno que el hombre este solo (1973) (re);19/10/2022;No es bueno que el hombre este solo;364450.0;resuelto_anio_produccion_cercano;No es bueno que el hombre esté solo;1973.0;;PEDRO. OLEA;2.0;;False
Pim, pam, pum... ¡Fuego! (1975) (re);20/10/2022;Pim, pam, pum... ¡Fuego!;159950.0;resuelto_titulo_unico;Pim, pam, pum... ¡fuego;1975.0;;PEDRO. OLEA;1.0;;False
Extraño viaje, El (1964);22/10/2021;Extraño viaje;307550.0;resuelto_titulo_unico;extraño viaje, El;1964.0;;FERNANDO. FERNÁN-GÓMEZ;1.0;;False
Armugan, el ultimo acabador;07/05/2021;Armugan, el ultimo acabador;155619.0;resuelto_titulo_unico;Armugán-El último acabador;2021.0;;JO SOL;1.0;;False
Aztarnak-Huellas;15/10/2021;Aztarnak-Huellas;86719.0;resuelto_titulo_unico;Aztarnak Huellas;2021.0;;MARU SOLORES;1.0;;False
Cronocrimenes, Los (2008) (re);06/09/2022;Cronocrimenes;96306.0;resuelto_titulo_unico;CRONOCRÍMENES, LOS;2007.0;;NACHO VIGALONDO;1.0;;False
Espíritu de la colmena, El (1973) (re);01/09/2023;Espíritu de la colmena;873.0;resuelto_titulo_unico;Espíritu de la colmena, El;1973.0;;VÍCTOR. ERICE;1.0;;False
Escopeta nacional, La (1978);18/06/2021;Escopeta nacional;405851.0;resuelto_titulo_unico;Escopeta nacional, La;1978.0;;LUIS. GARCÍA BERLANGA;1.0;;False
Dia de la bestia, El (1995) (4k re);15/10/2021;Dia de la bestia;18194.0;resuelto_titulo_unico;Día de la bestia, El;1995.0;;ÁLEX DE LA IGLESIA;1.0;;False
Reportero, El (1975) (re);18/03/2021;Reportero;86050.0;resuelto_titulo_unico;Reportero, El;1975.0;;MICHELANGELO. ANTONIONI;15.0;;False
Palomos, Los (1964) (re);16/09/2021;Palomos;259450.0;resuelto_anio_produccion_cercano;Palomos, Los;1964.0;;FERNANDO FERNÁN-GÓMEZ;3.0;;False
Patrimonio nacional (1981) (re);02/05/2021;Patrimonio nacional;592551.0;resuelto_anio_produccion_cercano;Patrimonio nacional;1981.0;;LUIS. GARCÍA BERLANGA;4.0;;False
Sol del membrillo, El (1992) (re);16/12/2022;Sol del membrillo;3391.0;resuelto_titulo_unico;Sol del membrillo, El;1992.0;;VÍCTOR. ERICE;1.0;;False
U-topos (no-lugar). La utopia guarani-jesuitica;12/04/2022;U-topos (no-lugar). La utopia guarani-jesuitica;208217.0;resuelto_titulo_unico;U-Topos. No lugar. La utopía Guarani-Jesuítica;2018.0;;VICENTE PÉREZ HERRERO;1.0;;False
Quien puede matar a un niño (1976) (re);13/06/2022;Quien puede matar a un niño;17375.0;resuelto_titulo_unico;Quién puede matar a un niño?;1976.0;;NARCISO. IBÁÑEZ SERRADOR;1.0;;False
¡Folk! Una mirada a la musica tradicional;12/11/2018;¡Folk! Una mirada a la musica tradicional;82115.0;resuelto_titulo_unico;FOLK! UNA MIRADA A LA MÚSICA TRADICIONAL;2017.0;;PABLO GARCÍA SANZ;1.0;;False
Colmena, La (1982) (re);08/09/2022;Colmena;34581.0;resuelto_anio_produccion_cercano;Colmena, La;1982.0;;MARIO. CAMUS;5.0;;False
Maestro de esgrima, El (1992) (re);22/10/2022;Maestro de esgrima;11391.0;resuelto_titulo_unico;Maestro de esgrima, El;1992.0;;PEDRO OLEA;1.0;;False
Elcano y Magallanes. La primera vuelta al mundo;05/07/2019;Elcano y Magallanes. La primera vuelta al mundo;65716.0;resuelto_titulo_unico;Elcano y Magallanes, la primera vuelta al mundo;2019.0;;ÁNGEL ALONSO;1.0;;False
Maria Fernanda, la jerezana (1947) (re);28/03/2022;Maria Fernanda, la jerezana;256230.0;resuelto_titulo_unico;María Fernanda, 'La Jerezana';1946.0;;ENRIQUE HERREROS;1.0;;False
Aníbal, el arquitecto de Sevilla;24/11/2023;Aníbal, el arquitecto de Sevilla;155822.0;resuelto_titulo_unico;Aníbal. El arquitecto de Sevilla;2023.0;;FRANCISCO JOSÉ ORTIZ PÉREZ DE LEÓN;1.0;;False
Comicos (1954) (re);04/07/2022;Comicos;8653.0;resuelto_anio_produccion_cercano;Cómicos;1954.0;;JUAN ANTONIO BARDEM;9.0;;False
Calle Mayor (1956) (re);06/10/2022;Calle Mayor;249750.0;resuelto_anio_produccion_cercano;Calle Mayor;1956.0;;JUAN ANTONIO BARDEM;8.0;;False
Psiconautas: Los niños olvidados;24/02/2017;Psiconautas: Los niños olvidados;194810.0;resuelto_titulo_unico;PSICONAUTAS. LOS NIÑOS OLVIDADOS;2015.0;;ALBERTO VÁZQUEZ RICO;1.0;;False
Ramdel, memorias de un musico invisible;16/10/2022;Ramdel, memorias de un musico invisible;148922.0;resuelto_titulo_unico;RAMDEL MEMORIAS DE UN MUSICO INVISIBLE;2022.0;;LORENZO SANZ FERNÁNDEZ;1.0;;False
Cachita. La esclavitud borrada;18/11/2020;Cachita. La esclavitud borrada;98219.0;resuelto_titulo_unico;Cachita - La esclavitud borrada;2020.0;;ÁLVARO BEGINES;1.0;;False
Vaquilla, La (1985) (re);16/12/2020;Vaquilla;828651.0;resuelto_titulo_unico;Vaquilla, La;1985.0;;LUIS. GARCÍA BERLANGA;3.0;;False
Olea... ¡Más alto!;06/11/2020;Olea... ¡Más alto!;62216.0;resuelto_titulo_unico;Olea...Más alto!!;2019.0;;PABLO MALO;1.0;;False
Flor de mi secreto, La (re);05/10/2021;Flor de mi secreto;2195.0;resuelto_titulo_unico;Flor de mi secreto, La;1995.0;;PEDRO. ALMODÓVAR;1.0;;False
Camaron: Flamenco y Revolucion;01/06/2018;Camaron: Flamenco y Revolucion;53017.0;resuelto_titulo_unico;Camarón. Flamenco y revolución;2018.0;;ALEXIS MORANTE;1.0;;False
Cristina Garcia Rodero: La mirada oculta;01/12/2023;Cristina Garcia Rodero: La mirada oculta;91020.0;resuelto_titulo_unico;CRISTINA GARCÍA RODERO – LA MIRADA OCULTA;2023.0;;CARLOTA NELSON;1.0;;False
Cante Jondo, Granada 1922;02/02/2023;Cante Jondo, Granada 1922;4021.0;resuelto_titulo_unico;CANTE JONDO. GRANADA 1922;2022.0;;JOSÉ SÁNCHEZ MONTES;1.0;;False
Jorge. Una travesía de Coque Malla;20/01/2023;Jorge. Una travesía de Coque Malla;219021.0;resuelto_titulo_unico;Jorge, una travesía de Coque Malla;2023.0;;CRISTINA MARTÍN (LASDELCINE);1.0;;False
Vestida de azul (1983) (re);10/03/2023;Vestida de azul;744751.0;resuelto_anio_produccion_cercano;Vestida de azul;1983.0;;ANTONIO. GIMÉNEZ-RICO;3.0;;False
Mas alla del terror (1980) (re);22/04/2023;Mas alla del terror;545051.0;resuelto_anio_produccion_cercano;Más allá del terror;1980.0;;TOMÁS. AZNAR;4.0;;False
Milagro de P. Tinto, El (1998) (re);23/11/2023;Milagro de P. Tinto;59397.0;resuelto_titulo_unico;Milagro de P. Tinto, El;1998.0;;JAVIER. FESSER;1.0;;False
Juan Marine. Un siglo de cine;22/11/2023;Juan Marine. Un siglo de cine;152221.0;resuelto_titulo_unico;Juan Mariné, un siglo de cine;2023.0;;MARÍA LUISA PUJOL;1.0;;False
Ana y los lobos (1973) (re);28/02/2023;Ana y los lobos;361550.0;resuelto_anio_produccion_cercano;Ana y los lobos;1973.0;;CARLOS. SAURA;2.0;;False
Se quien eres (2000) (re);14/07/2025;Se quien eres;47095.0;resuelto_titulo_unico;Sé quién eres;1999.0;;PATRICIA. FERREIRA;2.0;;False
10,000 KM;15/05/2014;10,000 KM;44112.0;resuelto_titulo_unico;10.000 KM;2014.0;;CARLOS MARQUES-MARCET;1.0;;False
Maquinista, El (2004) (re);29/04/2025;Maquinista;67503.0;resuelto_titulo_unico;El Maquinista;2004.0;;BRAD ANDERSON;3.0;;False
Volver a vivir (1968) (re);13/01/2025;Volver a vivir;127222.0;resuelto_anio_produccion_cercano;Volver a vivir;2021.0;;J.J. WINLOVE;5.0;;False
Secta siniestra (1982) (re);06/05/2023;Secta siniestra;704551.0;resuelto_anio_produccion_cercano;Secta siniestra;1982.0;;IGNACIO F. IQUINO;2.0;;False
Petit Indi (2009) (re);29/03/2025;Petit Indi;77307.0;resuelto_titulo_unico;PETIT INDI;2009.0;;MARC RECHA;1.0;;False
Escalofrio (1978) (re);29/04/2023;Escalofrio;430051.0;resuelto_anio_produccion_cercano;Escalofrío;1978.0;;CARLOS. PUERTO;17.0;;False
Prima Angelica, La (1973) (re);14/02/2023;Prima Angelica;43350.0;resuelto_anio_produccion_cercano;Prima Angélica, La;1974.0;;CARLOS. SAURA;2.0;;False
Espiritu de la colmena, El (1973) (re: 2016);21/07/2016;Espiritu de la colmena;873.0;resuelto_titulo_unico;Espíritu de la colmena, El;1973.0;;VÍCTOR. ERICE;1.0;;False
Del rosa al amarillo (1963) (re);13/11/2025;Del rosa al amarillo;2026240.0;resuelto_titulo_unico;DEL ROSA AL AMARILLO;;;DESCONOCIDO;2.0;;False
Amor brujo, El (1986) (re);23/04/2023;Amor brujo;2476440.0;resuelto_anio_produccion_cercano;AMOR BRUJO, EL;1986.0;;CARLOS SAURA;4.0;;False
Abre los ojos (1997) (re);02/10/2025;Abre los ojos;27297.0;resuelto_titulo_unico;Abre los ojos;1997.0;;ALEJANDRO. AMENÁBAR;2.0;;False
Guadalupe, Madre de la Humanidad;01/03/2024;Guadalupe, Madre de la Humanidad;129923.0;resuelto_titulo_unico;Guadalupe: Madre de la Humanidad;2023.0;;PABLO MORENO;1.0;;False
Lucia y el Sexo (2001) (re);28/10/2025;Lucia y el Sexo;94100.0;resuelto_titulo_unico;Lucía y el sexo;2000.0;;JULIO MEDEM;1.0;;False
Buen patron, El;15/10/2021;Buen patron;159020.0;resuelto_titulo_unico;El Buen Patrón;2021.0;;FERNANDO LEÓN DE ARANOA;1.0;;False
Bidean Jarraituz. Siguiendo en el camino;10/02/2023;Bidean Jarraituz. Siguiendo en el camino;89922.0;resuelto_titulo_unico;BIDEAN JARRAITUZ (SIGUIENDO EN EL CAMINO);2022.0;;AITOR LÓPEZ DE ABERÁSTURI;1.0;;False
Maria Casares, la mujer que vivio mil vidas;10/03/2023;Maria Casares, la mujer que vivio mil vidas;34020.0;resuelto_titulo_unico;María Casares: La mujer que vivió mil vidas;2023.0;;XAVIER VILLAVERDE;1.0;;False
Lincessa. Los silencios del bosque;21/04/2023;Lincessa. Los silencios del bosque;227321.0;resuelto_titulo_unico;Lincessa, los silencios del bosque;2021.0;;POTOTO DÍEZ;1.0;;False
Contigo, contigo, y sin mí;09/11/2023;Contigo, contigo, y sin mí;224721.0;resuelto_titulo_unico;Contigo, contigo y sin mí;2023.0;;AMAYA VILLAR NAVASCUÉS;1.0;;False
Memoria del cine: una película sobre Fernando Méndez-Leite, La;10/11/2023;Memoria del cine: una película sobre Fernando Méndez-Leite;28723.0;resuelto_titulo_unico;La memoria del cine, una película sobre Fernando Méndez-Leite;2023.0;;MOISÉS SALAMA;1.0;;False
A todo tren. Destino Asturias;08/07/2021;A todo tren. Destino Asturias;157420.0;resuelto_titulo_unico;¡A todo tren! Destino Asturias;2021.0;;SANTIAGO SEGURA;1.0;;False
Por un puñado de dolares (1964) (re);04/04/2023;Por un puñado de dolares;2050.0;resuelto_anio_produccion_cercano;Por un puñado de dólares;1965.0;;SERGIO LEONE;2.0;;False
Sacromonte, los sabios de la tribu;28/05/2023;Sacromonte, los sabios de la tribu;217411.0;resuelto_titulo_unico;SACROMONTE. LOS SABIOS DE LA TRIBU;2014.0;;CHUS GUTIÉRREZ;1.0;;False
Set de Dau Arnau;20/04/2023;Set de Dau Arnau;209122.0;resuelto_titulo_unico;SET DE DAU. ARNAU;2022.0;;JOAN VALL KARSUNKE;1.0;;False
Cádiz-Madriz;12/09/2023;Cádiz-Madriz;30822.0;resuelto_titulo_unico;Cádiz - Madriz;2022.0;;PEDRO LOEB;1.0;;False
Nazdrave Amigo!;17/10/2023;Nazdrave Amigo!;81919.0;resuelto_titulo_unico;Nazdrave, amigo!;2021.0;;JOSÉ A. GUERRERO;1.0;;False
¿Capaz o Incapaz?;06/06/2023;¿Capaz o Incapaz?;35323.0;resuelto_titulo_unico;Capaz o incapaz?;2023.0;;OLIVER RIAZA;1.0;;False
Techo del mundo, El (1994) (re);21/03/2023;Techo del mundo;45293.0;resuelto_titulo_unico;Techo del mundo, El;1995.0;;FELIPE. VEGA;3.0;;False
Viaje a ninguna parte, El (1986) (re);08/03/2023;Viaje a ninguna parte;896951.0;resuelto_titulo_unico;Viaje a ninguna parte, El;1986.0;;FERNANDO FERNAN GOMEZ;2.0;;False
Piel del Volcan, La;21/05/2021;Piel del Volcan;97120.0;resuelto_titulo_unico;La piel del volcán;2021.0;;ARMANDO RAVELO;1.0;;False
Sin libertad 20 años después;24/10/2023;Sin libertad 20 años después;193921.0;resuelto_titulo_unico;SIN LIBERTAD, 20 AÑOS DESPUÉS;2023.0;;IÑAKI ARTETA;1.0;;False
Footprints El Camino de tu Vida;23/09/2016;Footprints El Camino de tu Vida;93416.0;resuelto_titulo_unico;FOOTPRINTS, EL CAMINO DE TU VIDA;2016.0;;JUAN MANUEL COTELO OÑATE;1.0;;False
Dead Slow Ahead (2015) (re);28/10/2022;Dead Slow Ahead;159610.0;resuelto_titulo_unico;DEAD SLOW AHEAD;2015.0;;MAURO HERCE;1.0;;False
Way Down;12/11/2021;Way Down;41519.0;resuelto_titulo_unico;Way Down;2020.0;;JAUME BALAGUERÓ;10.0;;False
Mi tio Jacinto (1956) (re);19/10/2022;Mi tio Jacinto;210250.0;resuelto_titulo_unico;Mi tío Jacinto;1956.0;;LADISLAO. VAJDA;1.0;;False
Riadas;16/09/2025;Riadas;89425.0;resuelto_titulo_unico;RIADAS;2025.0;;RAÚL CEREZO;1.0;;False
Pizarro is God;12/12/2025;Pizarro is God;49725.0;resuelto_titulo_unico;Pizarro is God;2025.0;;MIGUEL CALDITO;1.0;;False
Miralles;30/07/2025;Miralles;53421.0;resuelto_titulo_unico;Miralles;2025.0;;MARIA MAUTI;3.0;;False
Luger;17/01/2026;Luger;177324.0;resuelto_titulo_unico;LUGER;2024.0;;BRUNO MARTÍN;1.0;;False
Festa, La;12/06/2025;Festa;37622.0;resuelto_titulo_unico;LA FESTA;2025.0;;MANUEL GUTIERREZ ARAGÓN;17.0;;False
Lurdes Iriondo, ez gera alferrik pasako;14/11/2025;Lurdes Iriondo, ez gera alferrik pasako;132724.0;resuelto_titulo_unico;Lurdes Iriondo, ez gera alferrik pasako;2024.0;;INGE MENDIOROZ IBÁÑEZ;1.0;;False
Erreplika;09/05/2025;Erreplika;31023.0;resuelto_titulo_unico;Erreplika;2024.0;;PELLO GUTIÉRREZ;1.0;;False
Del susurro del tiempo;16/10/2025;Del susurro del tiempo;216025.0;resuelto_titulo_unico;Del susurro del tiempo;2025.0;;MARCOS ZAVÁN;1.0;;False
En un lugar de la mente;31/07/2025;En un lugar de la mente;148025.0;resuelto_titulo_unico;En un lugar de la mente;2025.0;;PEP BONET;1.0;;False
Hija del volcan;23/05/2025;Hija del volcan;86619.0;resuelto_titulo_unico;Hija del volcán;2024.0;;JENIFER DE LA ROSA MARTÍN;2.0;;False
Ruido;28/11/2025;Ruido;158423.0;resuelto_anio_produccion_cercano;Ruido;2025.0;;INGRIDE SANTOS;24.0;;False
Temps Mort;12/09/2025;Temps Mort;84725.0;resuelto_titulo_unico;Temps mort;2025.0;;FÈLIX COLOMER;1.0;;False
Atin Aya. Retrato del silencio;07/03/2025;Atin Aya. Retrato del silencio;234624.0;resuelto_titulo_unico;ATIN AYA. RETRATO DEL SILENCIO;2024.0;;HUGO CABEZAS;1.0;;False
Camino negro;20/03/2025;Camino negro;262224.0;resuelto_titulo_unico;CAMINO NEGRO;2024.0;;LUISJE MOYANO;1.0;;False
Minateda. Un tesoro a pleno sol;15/11/2025;Minateda. Un tesoro a pleno sol;188323.0;resuelto_titulo_unico;MINATEDA. UN TESORO A PLENO SOL;2025.0;;MARTA FERRERAS;1.0;;False
Sacar pecho;28/07/2025;Sacar pecho;158525.0;resuelto_titulo_unico;Sacar Pecho;2025.0;;ÁLEX RODRÍGUEZ;1.0;;False
Dios lo ve;13/11/2025;Dios lo ve;238825.0;resuelto_titulo_unico;Dios lo ve;2025.0;;ALEX GUIMERÀ;3.0;;False
Solo pienso en ti;28/11/2025;Solo pienso en ti;146724.0;resuelto_anio_produccion_cercano;Solo pienso en ti;2024.0;;HUGO DE LA RIVA;2.0;;False
Danza de la polvora, La;10/05/2025;Danza de la polvora;38625.0;resuelto_titulo_unico;La Danza de la Pólvora;2025.0;;PABLO ZANÓN;1.0;;False
Entre mareas;12/06/2025;Entre mareas;256724.0;resuelto_titulo_unico;Entre mareas;2024.0;;ORIOL CARDÚS;1.0;;False
Emergency Exit;19/12/2025;Emergency Exit;81920.0;resuelto_titulo_unico;Emergency Exit;2024.0;;LLUÍS MIÑARRO;1.0;;False
Eloy de la Iglesia, adicto al cine;25/12/2025;Eloy de la Iglesia, adicto al cine;101522.0;resuelto_titulo_unico;ELOY DE LA IGLESIA, ADICTO AL CINE;2025.0;;GAIZKA URRESTI;1.0;;False
Olimpicas. Destino Berlin;16/06/2025;Olimpicas. Destino Berlin;69325.0;resuelto_titulo_unico;OLÍMPICAS. DESTINO BERLÍN;2025.0;;PABLO LOZANO;1.0;;False
Un cabo suelto;17/10/2025;Un cabo suelto;45325.0;resuelto_titulo_unico;UN CABO SUELTO;2025.0;;DANIEL HENDLER;1.0;;False
Mar Menor, mal mayor;24/06/2025;Mar Menor, mal mayor;96824.0;resuelto_titulo_unico;Mar Menor, Mal Mayor;2024.0;;CARLOS VELASCO;1.0;;False
Caja de resistencia;19/03/2025;Caja de resistencia;98520.0;resuelto_titulo_unico;Caja de resistencia;2025.0;;ALEJANDRO ALVARADO JÓDAR;1.0;;False
Limonov;21/02/2025;Limonov;11122.0;resuelto_titulo_unico;LIMÓNOV;2025.0;;KIRIL SEREBRENNIKOV;1.0;;False
Mil leyendas, un grial;23/06/2025;Mil leyendas, un grial;324.0;resuelto_titulo_unico;Mil leyendas, un Grial;2025.0;;MANUEL CABO;1.0;;False
Supernatural;05/12/2025;Supernatural;93322.0;resuelto_titulo_unico;Supernatural;2025.0;;VENTURA DURALL;21.0;;False
Fanantenana;21/11/2024;Fanantenana;172224.0;resuelto_titulo_unico;Fanantenana;2024.0;;SALUD GARCÍA J-CENTURIÓN;1.0;;False
Objeto de estudio;04/10/2024;Objeto de estudio;244124.0;resuelto_titulo_unico;Objeto de Estudio;2024.0;;RAÚL ALAEJOS;1.0;;False
Mitologia de barrio;16/01/2025;Mitologia de barrio;29322.0;resuelto_titulo_unico;MITOLOGÍA DE BARRIO;2024.0;;JORGE ROJAS;1.0;;False
Soñando futbol;14/05/2025;Soñando futbol;200525.0;resuelto_titulo_unico;Soñando fútbol;2025.0;;GONZALO GURREA YSASI;1.0;;False
Alma, un sueño musical;16/05/2025;Alma, un sueño musical;65625.0;resuelto_titulo_unico;Alma, un sueño musical;2025.0;;ANTONIO MARTÍN;1.0;;False
Fandango;20/06/2025;Fandango;226123.0;resuelto_anio_produccion_cercano;Fandango;2024.0;;REMEDIOS MALVÁREZ;9.0;;False
Exp. 95/36 Columna Minera;11/12/2025;Exp. 95/36 Columna Minera;222925.0;resuelto_titulo_unico;EXP. 95/36 Columna Minera;2025.0;;JESÚS GARRIDO;1.0;;False
Marisma, La;23/05/2025;Marisma;106222.0;resuelto_fecha_estreno_exacta;LA MARISMA;2024.0;23/05/2025;MANU TRILLO;16.0;;False
Idilia;28/07/2025;Idilia;152624.0;resuelto_titulo_unico;IDILIA;2025.0;;J. TALTAVULL;1.0;;False
Tres hombres no pueden ocultarse bajo la tapa de un puchero;22/09/2025;Tres hombres no pueden ocultarse bajo la tapa de un puchero;67825.0;resuelto_titulo_unico;Tres hombres no pueden ocultarse bajo la tapa de un puchero;2025.0;;SERGIO MONTERO;1.0;;False
Ley de Sodoma, La;05/12/2025;Ley de Sodoma;209722.0;resuelto_titulo_unico;La ley de Sodoma;2025.0;;RAFAEL GORDON;2.0;;False
¿A mi quien me cuida?;12/06/2025;¿A mi quien me cuida?;72924.0;resuelto_titulo_unico;¿A mí quién me cuida?;2024.0;;DAVID PEREA;1.0;;False
Adios Madrid;17/01/2025;Adios Madrid;195324.0;resuelto_titulo_unico;Adiós Madrid;2024.0;;DIEGO CORSINI;1.0;;False
Sugar Island;21/03/2025;Sugar Island;43120.0;resuelto_titulo_unico;Sugar Island;2024.0;;JOHANNÉ GÓMEZ TERRERO;1.0;;False
Ilusion de verano;06/03/2025;Ilusion de verano;187223.0;resuelto_titulo_unico;Ilusión de Verano;2024.0;;ALEX COMAS;2.0;;False
Rugir de las Llamas, El;21/05/2025;Rugir de las Llamas;37723.0;resuelto_titulo_unico;EL RUGIR DE LAS LLAMAS;2025.0;;ROBIN PETRE;1.0;;False
Misteriosa mirada del flamenco, La;16/01/2026;Misteriosa mirada del flamenco;87022.0;resuelto_titulo_unico;LA MISTERIOSA MIRADA DEL FLAMENCO;2025.0;;DIEGO CÉSPEDES;1.0;;False
Cancion de Sima, La;01/05/2025;Cancion de Sima;73120.0;resuelto_titulo_unico;LA CANCIÓN DE SIMA;2024.0;;ROYA SADAT;1.0;;False
Casa Reynal;07/01/2025;Casa Reynal;86422.0;resuelto_titulo_unico;CASA REYNAL;2024.0;;LAIA MANRESA;1.0;;False
SinEl;10/01/2025;SinEl;151522.0;resuelto_titulo_unico;SinÉl;2024.0;;EMILIO MARTÍNEZ-BORSO LEGERÉN;1.0;;False
Canto de las manos, El;12/12/2025;Canto de las manos;225222.0;resuelto_titulo_unico;El canto de las manos;2025.0;;MARÍA VALVERDE;1.0;;False
Mucha mierda;07/02/2025;Mucha mierda;11622.0;resuelto_fecha_estreno_exacta;MUCHA MIERDA;2024.0;07/02/2025;ALBA SOTORRA;4.0;;False
Amores brujos;12/06/2025;Amores brujos;100920.0;resuelto_titulo_unico;Amores Brujos;2025.0;;LUCÍA ÁLVAREZ;1.0;;False
Chica Quinqui;26/09/2025;Chica Quinqui;124824.0;resuelto_titulo_unico;CHICA QUINQUI;2025.0;;ALICIA BEL;1.0;;False
Llamame sinsorga;28/11/2025;Llamame sinsorga;97722.0;resuelto_titulo_unico;Llámame Sinsorga;2025.0;;PAULA IGLESIAS;1.0;;False
Azul de niño;27/06/2025;Azul de niño;75024.0;resuelto_titulo_unico;Azul de Niño;2025.0;;RAUL GUARDANS;2.0;;False
Hombres íntegros;23/05/2025;Hombres íntegros;93222.0;resuelto_titulo_unico;HOMBRES ÍNTEGROS;2025.0;;ALEJANDRO ANDRADE PEASE;1.0;;False
No estas loca;13/11/2025;No estas loca;51123.0;resuelto_titulo_unico;NO ESTAS LOCA;2023.0;;MARÍA BESTARD;2.0;;False
Kantauri;04/04/2025;Kantauri;4523.0;resuelto_titulo_unico;KANTAURI;2024.0;;XABIER MINA;1.0;;False
Una ballena;28/03/2025;Una ballena;67920.0;resuelto_titulo_unico;Una ballena;2024.0;;PABLO HERNANDO ESQUISABEL;4.0;;False
Mi ilustrisimo amigo;10/10/2025;Mi ilustrisimo amigo;33422.0;resuelto_titulo_unico;Mi ilustrísimo amigo;2024.0;;PAULA CONS;1.0;;False
Ciento volando;10/01/2025;Ciento volando;15924.0;resuelto_titulo_unico;CIENTO VOLANDO;2024.0;;ARANTXA AGUIRRE;2.0;;False
Senda del pecado, La;15/05/2025;Senda del pecado;225424.0;resuelto_titulo_unico;La senda del pecado;2024.0;;ALBERTO UTRERA;1.0;;False
En silencio. La resiliencia de Isco Alarcon;21/11/2025;En silencio. La resiliencia de Isco Alarcon;257725.0;resuelto_titulo_unico;En silencio. La resiliencia de Isco Alarcón;2025.0;;SARA SÁLAMO;1.0;;False
Menor de los hermanos, El;13/03/2025;Menor de los hermanos;11725.0;resuelto_titulo_unico;EL MENOR DE LOS HERMANOS;2025.0;;ÓSCAR PARADA;1.0;;False
Un año y un dia;21/03/2025;Un año y un dia;99822.0;resuelto_anio_produccion_cercano;UN AÑO Y UN DÍA;2023.0;;ALEX SAN MARTÍN;3.0;;False
Dolores Ibarruri. Pasionaria;03/10/2025;Dolores Ibarruri. Pasionaria;121624.0;resuelto_titulo_unico;Dolores Ibárruri. Pasionaria;2025.0;;AMPARO CLIMENT;1.0;;False
Subsuelo;07/11/2025;Subsuelo;134422.0;resuelto_titulo_unico;Subsuelo;2024.0;;FERNANDO FRANCO;1.0;;False
Miss Carbon;12/06/2025;Miss Carbon;19024.0;resuelto_titulo_unico;Miss Carbón;2025.0;;AGUSTINA MACRI;1.0;;False
Morlaix;14/03/2025;Morlaix;60821.0;resuelto_titulo_unico;Morlaix;2024.0;;JAIME ROSALES;1.0;;False
Tras el verano;16/05/2025;Tras el verano;134622.0;resuelto_titulo_unico;Tras el verano;2024.0;;YOLANDA CENTENO;1.0;;False
Yo estuve en Las Vegas 2;08/11/2025;Yo estuve en Las Vegas 2;257824.0;resuelto_titulo_unico;YO ESTUVE EN LAS VEGAS 2;2024.0;;JAVIER CASTRO;1.0;;False
Aro berria;12/12/2025;Aro berria;137623.0;resuelto_titulo_unico;ARO BERRIA;2025.0;;IRATI GOROSTIDI AGIRRETXE;1.0;;False
Miocardio;24/01/2025;Miocardio;31322.0;resuelto_titulo_unico;Miocardio;2023.0;;JOSÉ MANUEL CARRASCO;3.0;;False
Daniela Forever;21/02/2025;Daniela Forever;84022.0;resuelto_titulo_unico;Daniela Forever;2024.0;;NACHO VIGALONDO;1.0;;False
Hamburgo;30/05/2025;Hamburgo;43122.0;resuelto_anio_produccion_cercano;Hamburgo;2024.0;;LINO ESCALERA;5.0;;False
Heridos;07/11/2025;Heridos;241325.0;resuelto_titulo_unico;Heridos;2025.0;;BORJA MARTÍNEZ-ECHEVARRÍA;2.0;;False
Esmorza amb mi;12/06/2025;Esmorza amb mi;61323.0;resuelto_titulo_unico;Esmorza amb mi;2025.0;;IVÁN MORALES LÓPEZ;1.0;;False
Fin de fiesta;31/01/2025;Fin de fiesta;102720.0;resuelto_titulo_unico;Fin de fiesta;2024.0;;ELENA MANRIQUE;3.0;;False
Furgo, La;20/06/2025;Furgo;101222.0;resuelto_titulo_unico;La furgo;2024.0;;ELOY CALVO CAMPOS;7.0;;False
Fragmentos;12/12/2025;Fragmentos;179124.0;resuelto_anio_produccion_cercano;FRAGMENTOS;2024.0;;HORACIO ALCALÁ;13.0;;False
Terra negra, La;29/08/2025;Terra negra;63520.0;resuelto_titulo_unico;La terra negra;2023.0;;ALBERTO MORAIS;1.0;;False
Tierra baja;31/01/2025;Tierra baja;147823.0;resuelto_anio_produccion_cercano;Tierra Baja;2023.0;;MIGUEL SANTESMASES;4.0;;False
Niña de la cabra, La;11/04/2025;Niña de la cabra;93922.0;resuelto_titulo_unico;La niña de la cabra;2024.0;;ANA ASENSIO;1.0;;False
Noche del terror, La;28/10/2025;Noche del terror;240925.0;resuelto_anio_produccion_cercano;La noche del Terror;2026.0;;ALFONSO AGUADO;13.0;;False
Llegada del hijo, La;09/05/2025;Llegada del hijo;58821.0;resuelto_titulo_unico;La llegada del hijo;2024.0;;CECILIA ATÁN FERNÁNDEZ;1.0;;False
Un hombre libre;28/03/2025;Un hombre libre;97622.0;resuelto_titulo_unico;Un hombre libre;2024.0;;LAURA HOJMAN;1.0;;False
Mr. Nadie;14/08/2025;Mr. Nadie;45920.0;resuelto_titulo_unico;Mr. Nadie;2024.0;;MIGUEL ÁNGEL CALVO BUTTINI;1.0;;False
A nuestros amigos;04/04/2025;A nuestros amigos;92219.0;resuelto_titulo_unico;A nuestros amigos;2023.0;;ADRIÁN ORR;3.0;;False
Popel;07/11/2025;Popel;31424.0;resuelto_titulo_unico;Popel;2025.0;;OIER PLAZA;2.0;;False
Grup Natural;23/05/2025;Grup Natural;168722.0;resuelto_titulo_unico;Grup Natural;2024.0;;NINA SOLÀ;1.0;;False
Quinografía;19/06/2025;Quinografía;30723.0;resuelto_titulo_unico;Quinografía;2024.0;;FEDERICO CARDONE;1.0;;False
Centaures de la nit;16/05/2025;Centaures de la nit;216022.0;resuelto_titulo_unico;Centaures de la nit;2025.0;;MARC RECHA;1.0;;False
Novias Del Sur, Las;10/01/2025;Novias Del Sur;58224.0;resuelto_titulo_unico;Las novias del sur;2024.0;;ELENA LÓPEZ RIERA;1.0;;False
Mujeres Calvas;06/03/2025;Mujeres Calvas;104221.0;resuelto_titulo_unico;Mujeres calvas;2023.0;;SANDRA ROMÁN;1.0;;False
Todo lo que no se;25/04/2025;Todo lo que no se;141123.0;resuelto_titulo_unico;Todo lo que no sé;2025.0;;ANA LAMBARRI TELLAECHE;1.0;;False
¿Quien quiere casarse con un astronauta?;01/08/2025;¿Quien quiere casarse con un astronauta?;22820.0;resuelto_titulo_unico;¿Quién quiere casarse con un astronauta?;2024.0;;DAVID MATAMOROS MANTECA;1.0;;False
Aullar;21/11/2025;Aullar;201824.0;resuelto_titulo_unico;Aullar;2025.0;;SERGIO SIRUELA;2.0;;False
Siete dias en mayo;31/01/2025;Siete dias en mayo;35722.0;resuelto_titulo_unico;Siete días en mayo;2024.0;;ROSANA PASTOR;1.0;;False
Cuento del lobo, El;16/05/2025;Cuento del lobo;30224.0;resuelto_titulo_unico;El cuento del lobo;2024.0;;NORBERTO LÓPEZ AMADO;1.0;;False
Señor, llevame pronto;15/05/2025;Señor, llevame pronto;91722.0;resuelto_titulo_unico;SEÑOR, LLÉVAME PRONTO;2024.0;;GUILLERMO F. FLÓREZ;1.0;;False
Balearic;12/12/2025;Balearic;135221.0;resuelto_titulo_unico;Balearic;2025.0;;ION DE SOSA;2.0;;False
Mas cinco;28/03/2025;Mas cinco;112122.0;resuelto_titulo_unico;Más cinco;2025.0;;PABLO MORENO;4.0;;False
Cielo de los animales, El;09/05/2025;Cielo de los animales;48623.0;resuelto_titulo_unico;El cielo de los animales;2024.0;;SANTI AMODEO;1.0;;False
Tierra de Amira, La;05/12/2025;Tierra de Amira;26022.0;resuelto_titulo_unico;La tierra de Amira;2024.0;;ROBERTO JIMÉNEZ;1.0;;False
Decorado;24/10/2025;Decorado;115723.0;resuelto_anio_produccion_cercano;Decorado;2025.0;;ALBERTO VÁZQUEZ;3.0;;False
Ariel;24/12/2025;Ariel;139022.0;resuelto_anio_produccion_cercano;Ariel;2025.0;;LOIS PATIÑO;8.0;;False
Cuatro paredes;06/06/2025;Cuatro paredes;223823.0;resuelto_titulo_unico;Cuatro paredes;2024.0;;IBON CORMENZANA;1.0;;False
Papeles;05/12/2025;Papeles;197323.0;resuelto_fecha_estreno_exacta;Papeles;2024.0;05/12/2025;ARTURO MONTENEGRO;12.0;;False
Uno equis dos;08/08/2025;Uno equis dos;266424.0;resuelto_titulo_unico;Uno equis dos;2024.0;;ALBERTO UTRERA;1.0;;False
Ramon y Ramon;27/06/2025;Ramon y Ramon;247824.0;resuelto_titulo_unico;Ramón y Ramón;2025.0;;SALVADOR DEL SOLAR;1.0;;False
Pequeños Calvarios;24/10/2025;Pequeños Calvarios;105122.0;resuelto_titulo_unico;Pequeños Calvarios;2025.0;;JAVIER POLO;1.0;;False
Cien libros juntas;22/04/2025;Cien libros juntas;14124.0;resuelto_titulo_unico;Cien libros juntas;2024.0;;MARGA MELIÀ;1.0;;False
Todos lo sabian;13/03/2025;Todos lo sabian;233723.0;resuelto_titulo_unico;Todos lo sabían;2025.0;;IRATXE PÉREZ BARANDALLA;1.0;;False
Corazon Franjiverde;26/12/2025;Corazon Franjiverde;158625.0;resuelto_titulo_unico;CORAZÓN FRANJIVERDE;2025.0;;TONI BESTARD;1.0;;False
Maria la Portuguesa;08/04/2025;Maria la Portuguesa;1925.0;resuelto_anio_produccion_cercano;María la Portuguesa;2025.0;;EDUARDO MONTERO SAPONI;2.0;;False
De todos lados un poco;15/05/2025;De todos lados un poco;16723.0;resuelto_titulo_unico;DE TODOS LADOS UN POCO;2025.0;;ÁLEX O´DOGHERTY;1.0;;False
Te separas mucho;24/04/2025;Te separas mucho;21424.0;resuelto_titulo_unico;Te separas mucho;2024.0;;PAULA VELEIRO;1.0;;False
Lucia en la telaraña 5.669 dias;16/09/2025;Lucia en la telaraña 5.669 dias;211224.0;resuelto_titulo_unico;LUCIA EN LA TELARAÑA 5.669 DIAS;2024.0;;SOFÍA URWITZ;1.0;;False
Generacion docentes;29/04/2025;Generacion docentes;246524.0;resuelto_titulo_unico;GENERACIÓN DOCENTES;2024.0;;DANIEL SAN ROMÁN;1.0;;False
Ojos Negros;19/07/2019;Ojos Negros;154817.0;resuelto_anio_produccion_cercano;Ojos negros;2019.0;;MARTA LALLANA GARCÍA;10.0;;False
Sangre, sudor y alegria;03/12/2025;Sangre, sudor y alegria;223525.0;resuelto_titulo_unico;Sangre, Sudor y Alegría;2025.0;;RODOLFO MONTERO;1.0;;False
Reconquista, La;30/09/2016;Reconquista;52515.0;resuelto_anio_produccion_cercano;La Reconquista;2016.0;;JONÁS TRUEBA;2.0;;False
Nacida niña;17/12/2025;Nacida niña;60217.0;resuelto_titulo_unico;NACIDA NIÑA;2024.0;;HERNÁN ZIN;1.0;;False
David Delfin. Muestra tu herida;03/11/2025;David Delfin. Muestra tu herida;224225.0;resuelto_titulo_unico;DAVID DELFIN. MUESTRA TU HERIDA;2025.0;;CÉSAR VALLEJO DE CASTRO;1.0;;False
Voces en imagenes;22/08/2025;Voces en imagenes;44808.0;resuelto_titulo_unico;VOCES EN IMÁGENES;2008.0;;ALFONSO SUÁREZ SUÁREZ;1.0;;False
Tierra firme;24/11/2017;Tierra firme;41915.0;resuelto_titulo_unico;Tierra firme;2017.0;;CARLES MARQUÉS-MARCET;4.0;;False
Despues de la derrota;10/06/2025;Despues de la derrota;210423.0;resuelto_titulo_unico;Después de la derrota;2025.0;;ROSA BLAS TRAISAC;1.0;;False
Julio Camba. El hombre que no queria ser nada;28/02/2025;Julio Camba. El hombre que no queria ser nada;30424.0;resuelto_titulo_unico;Julio Camba. El hombre que no quería ser nada;2024.0;;ASER ÁLVAREZ GONZÁLEZ;1.0;;False
¡Olvidate del cine!;16/09/2025;¡Olvidate del cine!;83019.0;resuelto_titulo_unico;¡OLVIDATE DEL CINE!;2024.0;;ARANTZAZU GÓMEZ BAYÓN;1.0;;False
Todos somos Gaza;31/12/2025;Todos somos Gaza;126125.0;resuelto_titulo_unico;TODOS SOMOS GAZA;2025.0;;HERNÁN ZIN;1.0;;False
Marsella;18/07/2014;Marsella;102613.0;resuelto_titulo_unico;MARSELLA;2013.0;;BELÉN MACÍAS;8.0;;False
Aquel ultimo tiburon;15/11/2025;Aquel ultimo tiburon;324125.0;resuelto_titulo_unico;Aquel último tiburón;2025.0;;ÁNGEL SALA;1.0;;False
Pendaripen;19/11/2025;Pendaripen;145624.0;resuelto_titulo_unico;PENDARIPEN;2025.0;;ALFONSO SÁNCHEZ;1.0;;False
Muñequita linda;12/06/2025;Muñequita linda;94925.0;resuelto_titulo_unico;MUÑEQUITA LINDA;2025.0;;DAVID MONCASI;3.0;;False
Hijas del trueno, Las;27/06/2025;Hijas del trueno;81824.0;resuelto_titulo_unico;Las hijas del trueno;2024.0;;PEPE MARTÍNEZ;1.0;;False
Disforia;08/11/2025;Disforia;162019.0;resuelto_titulo_unico;DISFORIA;2025.0;;CRISTOPHER CARTAGENA;1.0;;False
Tierras solares;07/04/2025;Tierras solares;76817.0;resuelto_titulo_unico;Tierras solares;2018.0;;LAURA HOJMAN;1.0;;False
Poder del silencio, El;17/09/2025;Poder del silencio;228223.0;resuelto_anio_produccion_cercano;EL PODER DEL SILENCIO;2026.0;;SAÚL PÉREZ RUANO;2.0;;False
Omega Wants to Dance;06/12/2025;Omega Wants to Dance;264024.0;resuelto_titulo_unico;OMEGA WANTS TO DANCE;2024.0;;RAMÓN TORT;1.0;;False
Arasindia;23/10/2025;Arasindia;124622.0;resuelto_titulo_unico;ARASINDIA;2025.0;;ANTONIO FONTALES;1.0;;False
Anqa;22/04/2025;Anqa;5623.0;resuelto_titulo_unico;ANQA;2023.0;;HELIN ÇELIK;1.0;;False
Te veo en mis ojos;21/11/2025;Te veo en mis ojos;51022.0;resuelto_titulo_unico;TE VEO EN MIS OJOS;2025.0;;CARMEN GÓMEZ PERALTA;1.0;;False
Llaves de la independencia, Las;14/01/2005;Llaves de la independencia;48104.0;resuelto_titulo_unico;llaves de la Independencia, Las;2005.0;;CARLOS GIL;1.0;;False
A la cara;15/05/2026;A la cara;25622.0;resuelto_anio_produccion_cercano;A la cara;2025.0;;JAVIER MARCO;20.0;;False
Miguel Hernandez;31/03/2025;Miguel Hernandez;85909.0;resuelto_titulo_unico;MIGUEL HERNÁNDEZ;2011.0;;DAVID LARA HERNÁNDEZ;5.0;;False
Handia;20/10/2017;Handia;133910.0;resuelto_titulo_unico;Handia;2017.0;;JON GARAÑO;2.0;;False
Memorias del angel caido (1997) (re);07/09/2022;Memorias del angel caido;36295.0;resuelto_titulo_unico;Memorias del ángel caído;1997.0;;FERNANDO. CÁMARA;1.0;;False
Solas (1999) (re);22/11/2022;Solas;28297.0;resuelto_titulo_unico;Solas;1999.0;;BENITO. ZAMBRANO;9.0;;False
Mujeres al borde de un ataque de nervios (1988) (re);17/09/2022;Mujeres al borde de un ataque de nervios;16787.0;resuelto_titulo_unico;Mujeres al borde de un ataque de nervios;1988.0;;PEDRO ALMODÓVAR;1.0;;False
Rompiendo las olas (1996) (re);02/07/2022;Rompiendo las olas;103096.0;resuelto_titulo_unico;ROMPIENDO LAS OLAS;1995.0;;LARS VON TRIER;1.0;;False
Deprisa, deprisa (1981) (re);25/02/2021;Deprisa, deprisa;102980.0;resuelto_titulo_unico;Deprisa, deprisa;1980.0;;CARLOS. SAURA;2.0;;False
Todos a la carcel (1993) (re);09/12/2020;Todos a la carcel;44493.0;resuelto_titulo_unico;Todos a la cárcel;1993.0;;LUIS. GARCÍA BERLANGA;2.0;;False
Esa pareja feliz (1951) (re);14/04/2021;Esa pareja feliz;285950.0;resuelto_titulo_unico;Esa pareja feliz;1951.0;;LUIS GARCÍA BERLANGA;1.0;;False
Vida por delante, La (1958) (re);16/09/2021;Vida por delante;174720.0;resuelto_titulo_unico;LA VIDA POR DELANTE;2020.0;;EDOARDO PONTI;3.0;;False
Calabuch (1956) (re);28/04/2021;Calabuch;202150.0;resuelto_titulo_unico;Calabuch;1956.0;;LUIS. GARCÍA BERLANGA;1.0;;False
Placido (1961) (re);03/12/2018;Placido;219550.0;resuelto_titulo_unico;Plácido;1961.0;;LUIS GARCÍA BERLANGA;15.0;;False
No mataras;16/10/2020;No mataras;178618.0;resuelto_anio_produccion_cercano;No matarás;2019.0;;DAVID VICTORI;8.0;;False
Mediterraneo;01/10/2021;Mediterraneo;60219.0;resuelto_anio_produccion_cercano;Mediterráneo;2021.0;;MARCEL BARRENA;22.0;;False
Ojos del futuro, Los;11/11/2025;Ojos del futuro;102521.0;resuelto_titulo_unico;LOS OJOS DEL FUTURO;2025.0;;JOSÉ M. BORRELL;1.0;;False
Luis Gordillo. Manual de instrucciones;20/11/2025;Luis Gordillo. Manual de instrucciones;59523.0;resuelto_titulo_unico;LUIS GORDILLO. MANUAL DE INSTRUCCIONES;2025.0;;ANTONIO GARCÍA JIMÉNEZ;1.0;;False
Letras que marcan;09/01/2025;Letras que marcan;98920.0;resuelto_titulo_unico;Letras que marcan;2023.0;;ALEX GUIMERÀ;1.0;;False
Una historia, una cancion;10/03/2025;Una historia, una cancion;261224.0;resuelto_titulo_unico;UNA HISTORIA, UNA CANCION;2024.0;;SERGIO GONZÁLEZ;1.0;;False
Mama, ahora mando yo;30/07/2025;Mama, ahora mando yo;188020.0;resuelto_titulo_unico;Mama, ahora mando yo;2025.0;;FEDERICO MOCCIA;1.0;;False
Tiempos futuros;28/06/2025;Tiempos futuros;185120.0;resuelto_titulo_unico;TIEMPOS FUTUROS;2022.0;;V. CHECA;1.0;;False
Vuelo de la cigueña, El;26/11/2025;Vuelo de la cigueña;573651.0;resuelto_titulo_unico;VUELO DE LA CIGUEÑA, EL;1977.0;;JULIAN PASTOR;1.0;;False
Escuerzo, El;23/07/2025;Escuerzo;54319.0;resuelto_titulo_unico;EL ESCUERZO;2022.0;;AUGUSTO SINAY;1.0;;False
Diaz Hierro, el cronista de Huelva;27/01/2025;Diaz Hierro, el cronista de Huelva;23324.0;resuelto_titulo_unico;Díaz Hierro, el cronista de Huelva;2024.0;;ENRIQUE BERNAL;1.0;;False
Alma quebrada;25/03/2025;Alma quebrada;91720.0;resuelto_titulo_unico;Alma Quebrada;2023.0;;GONZALO GARCÍA PELAYO;1.0;;False
Ivan Z;29/11/2025;Ivan Z;127204.0;resuelto_titulo_unico;Iván Z;2004.0;;ANDRÉS DUQUE;2.0;;False
Beckett y el rinoceronte blanco;03/09/2025;Beckett y el rinoceronte blanco;36422.0;resuelto_titulo_unico;Beckett y el rinoceronte blanco;2024.0;;ADÁN ALIAGA;1.0;;False
Un hombre tranquilo;16/03/2025;Un hombre tranquilo;90404.0;resuelto_titulo_unico;UN HOMBRE TRANQUILO;2007.0;;ARANZAZU GÓMEZ BAYÓN;2.0;;False
Cemento;07/07/2025;Cemento;149222.0;resuelto_fecha_estreno_exacta;Cemento;2022.0;07/07/2025;SENÉN FERNÁNDEZ;13.0;;False
Guadalquivir;13/12/2013;Guadalquivir;31212.0;resuelto_titulo_unico;GUADALQUIVIR;2013.0;;JOAQUÍN GUTIÉRREZ ACHA;8.0;;False
Tormento (1974) (re);20/10/2022;Tormento;147921.0;resuelto_anio_produccion_cercano;Tormento;2022.0;;ARTURO MOMBIEDRO;14.0;;False
Verdad sobre el caso Savolta, La (1979) (re);18/03/2024;Verdad sobre el caso Savolta;100878.0;resuelto_titulo_unico;Verdad sobre el caso Savolta, La;1979.0;;ANTONIO. DROVE;1.0;;False
Cosa en la niebla, La;09/11/2025;Cosa en la niebla;6225.0;resuelto_titulo_unico;LA COSA EN LA NIEBLA;2025.0;;CHEDEY REYES;1.0;;False
Prohibido ganar Eurovision;28/07/2025;Prohibido ganar Eurovision;203625.0;resuelto_titulo_unico;PROHIBIDO GANAR EUROVISIÓN;2025.0;;MARCOS CABOTÁ;1.0;;False
Zinzindurrunkarratz;29/11/2024;Zinzindurrunkarratz;42024.0;resuelto_titulo_unico;Zinzindurrunkarratz;2024.0;;OSKAR ALEGRÍA;1.0;;False
Canciller, el templo del rock;30/12/2025;Canciller, el templo del rock;212922.0;resuelto_titulo_unico;Canciller, el Templo del Rock;2024.0;;VICENTE MARTÍN TERÁN;1.0;;False
From My Cold Dead Hands;17/01/2025;From My Cold Dead Hands;238023.0;resuelto_titulo_unico;From My Cold Dead Hands;2023.0;;JAVIER HORCAJADA;1.0;;False
Hybris;26/09/2025;Hybris;215623.0;resuelto_titulo_unico;Hybris;2024.0;;DAVID RUBIRA;1.0;;False
Antonio, el bailarin de España;25/11/2025;Antonio, el bailarin de España;45124.0;resuelto_titulo_unico;Antonio, el bailarín de España;2025.0;;PACO ORTIZ;1.0;;False
Quien llorara por mi;21/11/2025;Quien llorara por mi;255424.0;resuelto_titulo_unico;Quién llorará por mí;2024.0;;PACO IZQUIERDO;1.0;;False
Caballo español, el origen, El;20/11/2025;Caballo español, el origen;71923.0;resuelto_titulo_unico;EL CABALLO ESPAÑOL, EL ORIGEN;2023.0;;FRANCISCO JAVIER FERNÁNDEZ BORDONADA;1.0;;False
Riqueni;08/09/2025;Riqueni;71013.0;resuelto_titulo_unico;RIQUENI;2023.0;;PACO BECH;1.0;;False
Cupido confuso;14/03/2025;Cupido confuso;116124.0;resuelto_titulo_unico;Cupido Confuso;2025.0;;FERNANDO MERINERO;1.0;;False
Borau y el cine;27/06/2025;Borau y el cine;78025.0;resuelto_titulo_unico;Borau y el cine;2025.0;;GERMÁN RODA;1.0;;False
Secundarias;09/05/2025;Secundarias;155323.0;resuelto_titulo_unico;Secundarias;2023.0;;ARTURO DUEÑAS;2.0;;False
Lorca en la Habana;21/11/2025;Lorca en la Habana;39025.0;resuelto_titulo_unico;Lorca en La Habana;2025.0;;JOSÉ ANTONIO TORRES;1.0;;False
Luminoso espacio salvaje;16/06/2025;Luminoso espacio salvaje;143120.0;resuelto_titulo_unico;Luminoso Espacio Salvaje;2023.0;;MAURO COLOMBO;1.0;;False
Velintonia 3;25/10/2025;Velintonia 3;58723.0;resuelto_titulo_unico;Velintonia 3;2024.0;;JAVIER VILA;1.0;;False
Poeta del corazon, El;07/07/2025;Poeta del corazon;133724.0;resuelto_titulo_unico;EL POETA DEL CORAZÓN;2025.0;;RAFAEL ALCÁZAR;1.0;;False
Queer Me;12/12/2025;Queer Me;149024.0;resuelto_titulo_unico;Queer Me;2025.0;;IRENE BAILO CARRAMIÑANA;2.0;;False
Esto no es Hollywood;07/03/2025;Esto no es Hollywood;190024.0;resuelto_anio_produccion_cercano;Esto no es Hollywood;2025.0;;NERE FALAGAN;2.0;;False
Ella en mil pedazos;14/11/2025;Ella en mil pedazos;189724.0;resuelto_titulo_unico;ELLA EN MIL PEDAZOS;2024.0;;RAMÓN LUQUE;1.0;;False
Control Room;19/09/2025;Control Room;83722.0;resuelto_titulo_unico;CONTROL ROOM;2022.0;;LUISO BERDEJO;1.0;;False
Historias de Halloween;14/11/2025;Historias de Halloween;24224.0;resuelto_titulo_unico;Historias de Halloween;2024.0;;KIKO PRADA;1.0;;False
Aurora;07/03/2025;Aurora;41624.0;resuelto_anio_produccion_cercano;AURORA;2024.0;;AREA ERINA;24.0;;False
Tres adioses;06/02/2026;Tres adioses;30325.0;resuelto_titulo_unico;Tres adioses;2025.0;;ISABEL COIXET;1.0;;False
¡Caigan las rosas blancas!;11/04/2025;¡Caigan las rosas blancas!;56521.0;resuelto_titulo_unico;¡Caigan las rosas blancas!;2024.0;;ALBERTINA CARRI;1.0;;False
Biblioteca de pedra seca;19/06/2025;Biblioteca de pedra seca;87425.0;resuelto_titulo_unico;BIBLIOTECA DE PEDRA SECA;2025.0;;JOAN VALL KARSUNKE;1.0;;False
Noche que mi madre mato a mi padre, La;29/04/2016;Noche que mi madre mato a mi padre;14715.0;resuelto_titulo_unico;NOCHE QUE MI MADRE MATÓ A MI PADRE, LA;2015.0;;INÉS PARÍS;1.0;;False
Renovables forzosas;01/06/2025;Renovables forzosas;64225.0;resuelto_titulo_unico;RENOVABLES FORZOSAS;2025.0;;F.J.FERNÁNDEZ BORDONADA;1.0;;False
Blackcelona: Una historia de metal satánico;20/06/2025;Blackcelona: Una historia de metal satánico;99125.0;resuelto_titulo_unico;BLACKCELONA: UNA HISTORIA DE METAL SATÁNICO;2025.0;;DIEGO LÓPEZ-FERNÁNDEZ;1.0;;False
Noche de 12 años, La;23/11/2018;Noche de 12 años;87816.0;resuelto_titulo_unico;La noche de 12 años;2018.0;;ÁLVARO BRECHNER;1.0;;False
Virgen de la tosquera, La;23/01/2026;Virgen de la tosquera;85622.0;resuelto_titulo_unico;La virgen de la tosquera;2025.0;;LAURA CASABE;1.0;;False
Grieta, La;12/12/2017;Grieta;51713.0;resuelto_anio_produccion_cercano;La Grieta;2017.0;;ALBERTO GARCÍA ORTÍZ;10.0;;False
Divino tesoro;13/02/2025;Divino tesoro;144323.0;resuelto_titulo_unico;Divino Tesoro;2024.0;;FERNANDO MERINERO;1.0;;False
Enarak;21/06/2025;Enarak;190924.0;resuelto_titulo_unico;Enarak;2024.0;;BEÑAT ITURRIOZ;1.0;;False
Un dia con Peter Hujar;01/12/2025;Un dia con Peter Hujar;256525.0;resuelto_titulo_unico;UN DÍA CON PETER HUJAR;2025.0;;IRA SACHS;1.0;;False
Truman;30/10/2015;Truman;80614.0;resuelto_titulo_unico;TRUMAN;2015.0;;CESC GAY;3.0;;False
Emiliana Gat-alana;29/08/2025;Emiliana Gat-alana;27825.0;resuelto_titulo_unico;EMILIANA GAT-ALANA;2023.0;;JOSÉ ALBERTO ZÚÑIGA;1.0;;False
CELDA 211;06/11/2009;CELDA 211;127008.0;resuelto_titulo_unico;CELDA 211;2009.0;;DANIEL MONZÓN;1.0;;False
Molino, El;03/12/2025;Molino;244523.0;resuelto_titulo_unico;EL MOLINO;2024.0;;ALFONSO CORTÉS-CAVANILLAS;20.0;;False
Año de todos los demonios, El;27/05/2025;Año de todos los demonios;94807.0;resuelto_titulo_unico;AÑO DE TODOS LOS DEMONIOS, EL;2007.0;;ANGEL AMIGO;1.0;;False
Sumak kawsay. El buen vivir;18/07/2025;Sumak kawsay. El buen vivir;263924.0;resuelto_titulo_unico;SUMAK KAWSAY. EL BUEN VIVIR;2024.0;;VICENTE PÉREZ HERRERO;1.0;;False
Gure Hitzak;05/06/2025;Gure Hitzak;65425.0;resuelto_titulo_unico;GURE HITZAK;2025.0;;CARLES CUBOS SERRA;1.0;;False
Montañas en armonia;14/06/2025;Montañas en armonia;158224.0;resuelto_titulo_unico;MONTAÑAS EN ARMONÍA;2024.0;;F.J. FDEZ. BORDONADA;1.0;;False
Herejes, Los;25/01/2025;Herejes;156621.0;resuelto_titulo_unico;LOS HEREJES;2023.0;;JESÚS EGUÍA ARMENTEROS;2.0;;False
Arte de los analfabetos, El;24/02/2025;Arte de los analfabetos;167122.0;resuelto_titulo_unico;EL ARTE DE LOS ANALFABETOS;2024.0;;KEVIN CASTELLANO;1.0;;False
Sunu Gaal (Nuestro cayuco);19/09/2025;Sunu Gaal (Nuestro cayuco);92525.0;resuelto_titulo_unico;Sunu Gaal (Nuestro cayuco);2025.0;;JOSEP T. PARÍS;1.0;;False
Llueve sobre Babel;11/11/2025;Llueve sobre Babel;247725.0;resuelto_titulo_unico;Llueve sobre Babel;2025.0;;NATALIA HERMIDA GUTIERREZ;1.0;;False
Villa del Seis, La;24/10/2025;Villa del Seis;28921.0;resuelto_titulo_unico;LA VILLA DEL SEIS;2025.0;;GERARD BARTOMEU;1.0;;False
Ellas en la ciudad;20/05/2025;Ellas en la ciudad;62725.0;resuelto_titulo_unico;ELLAS EN LA CIUDAD;2025.0;;REYES GALLEGOS;1.0;;False
Verano infinito;07/03/2025;Verano infinito;55122.0;resuelto_titulo_unico;VERANO INFINITO;2024.0;;MIGUEL LLANSÓ;1.0;;False
Ultimo arrebato, El;16/11/2025;Ultimo arrebato;141023.0;resuelto_titulo_unico;EL ÚLTIMO ARREBATO;2025.0;;ENRIQUE LÓPEZ LAVIGNE;1.0;;False
Solo en Groenlandia;17/07/2025;Solo en Groenlandia;142225.0;resuelto_titulo_unico;SOLO EN GROENLANDIA;2025.0;;UNAI CANELA;1.0;;False
Giro final;16/05/2025;Giro final;65225.0;resuelto_titulo_unico;Giro Final;2025.0;;NORBERTO RAMOS DEL VAL;1.0;;False
Coquito con mortadella;17/05/2025;Coquito con mortadella;135325.0;resuelto_titulo_unico;Coquito con Mortadella;2025.0;;ANA VICTORIA PÉREZ;1.0;;False
Esas cosas pasan;09/01/2025;Esas cosas pasan;270225.0;resuelto_titulo_unico;ESAS COSAS PASAN;2025.0;;SANTIAGO CARTUJO;1.0;;False
Padre de todos nosotros, El;11/12/2025;Padre de todos nosotros;98420.0;resuelto_titulo_unico;EL PADRE DE TODOS NOSOTROS;2025.0;;DAVID DESOLA;1.0;;False
Aldeas perdidas, Las;18/12/2025;Aldeas perdidas;225025.0;resuelto_titulo_unico;LAS ALDEAS PERDIDAS;2025.0;;LUISJE MOYANO;1.0;;False
Reina mora, La (1955) (re);17/04/2024;Reina mora;250430.0;resuelto_anio_produccion_cercano;Reina mora, La;1954.0;;RAÚL. ALFONSO;6.0;;False
Alegria;10/12/2021;Alegria;60520.0;override_manual;;;;;;;False
Madrid, EXT;28/08/2025;Madrid, EXT;88123.0;resuelto_titulo_unico;Madrid, Ext.;2024.0;;JUAN CAVESTANY;3.0;;False
Ombligo de Guie'dani, El;12/02/2021;Ombligo de Guie'dani;9221.0;override_manual;;;;;;;False
Lucas;25/06/2021;Lucas;47515.0;override_manual;;;;;;;False
Billy;17/09/2021;Billy;149620.0;override_manual;;;;;;;False
Inocentes, Los;12/03/2021;Inocentes;106420.0;override_manual;;;;;;;False
Moros y Cristianos (1987);20/08/2021;Moros y Cristianos;935251.0;override_manual;;;;;;;False
Mario;10/10/2025;Mario;61523.0;override_manual;;;;;;;False
Nosotros;28/02/2025;Nosotros;90421.0;override_manual;;;;;;;False
Instinto, El;16/05/2025;Instinto;85323.0;override_manual;;;;;;;False
Bala, La;21/11/2025;Bala;183224.0;override_manual;;;;;;;False
Olivia y el terremoto invisible;21/11/2025;Olivia y el terremoto invisible;107621.0;override_manual;;;;;;;False
Luz de Aisha, La;11/04/2025;Luz de Aisha;135721.0;override_manual;;;;;;;False
Furia, La;28/03/2025;Furia;110021.0;override_manual;;;;;;;False
8;21/03/2025;8;25624.0;override_manual;;;;;;;False
Extraño rio;03/10/2025;Extraño rio;115823.0;override_manual;;;;;;;False
Jone, a veces;12/09/2025;Jone, a veces;143223.0;override_manual;;;;;;;False
Talento, El;05/09/2025;Talento;168823.0;override_manual;;;;;;;False
Invasio dels barbars, La Tierra a la vista/;06/11/2025;Invasio dels barbars, La Tierra a la vista/;141223.0;override_manual;;;;;;;False
Leo & Lou;07/11/2025;Leo & Lou;94722.0;override_manual;;;;;;;False
Enemigos;09/05/2025;Enemigos;233724.0;override_manual;;;;;;;False
Rider;13/06/2025;Rider;155422.0;override_manual;;;;;;;False
Frontera;12/12/2025;Frontera;126723.0;override_manual;;;;;;;False
Golpes;05/12/2025;Golpes;184223.0;override_manual;;;;;;;False
Tigres, Los;31/10/2025;Tigres;192923.0;override_manual;;;;;;;False
Sirat, trance en el desierto;06/06/2025;Sirat, trance en el desierto;159123.0;override_manual;;;;;;;False
Cena, La;17/10/2025;Cena;193823.0;override_manual;;;;;;;False
Wolfgang (Extraordinario);14/03/2025;Wolfgang (Extraordinario);191523.0;override_manual;;;;;;;False
Revoltosa, La (1963) (re);13/06/2024;Revoltosa;220650.0;override_manual;;;;;;;False
Sau: la memoria sumergida;20/11/2024;Sau: la memoria sumergida;251524.0;override_manual;;;;;;;False
Tara, La;27/09/2024;Tara;35019.0;override_manual;;;;;;;False
Itsasoak pizten gaitu (Somos mar);11/05/2024;Itsasoak pizten gaitu (Somos mar);34723.0;override_manual;;;;;;;False
Confesiones Chin Chin;18/11/2024;Confesiones Chin Chin;191024.0;override_manual;;;;;;;False
Crack, El (1981) (re);18/11/2024;Crack;594651.0;override_manual;;;;;;;False
Casa Bloc, rehabilitación de una idea;18/04/2024;Casa Bloc, rehabilitación de una idea;105321.0;override_manual;;;;;;;False
Donde vamos a vivir. Mujeres contra el desahucio;12/11/2024;Donde vamos a vivir. Mujeres contra el desahucio;39424.0;override_manual;;;;;;;False
Binu, historia de dos estrellas;07/05/2024;Binu, historia de dos estrellas;210624.0;override_manual;;;;;;;False
Futbolisimos 2 y el misterio del tesoro pirata, Los;08/08/2025;Futbolisimos 2 y el misterio del tesoro pirata;192523.0;override_manual;;;;;;;False
Carga, La;25/07/2024;Carga;46921.0;override_manual;;;;;;;False
Un baño propio;07/03/2025;Un baño propio;105322.0;override_manual;;;;;;;False
Hada;29/08/2025;Hada;34623.0;override_manual;;;;;;;False
Sur, El (1983) (re);02/11/2022;Sur;19082.0;override_manual;;;;;;;False
Cercle en l'Aigua, Un;06/11/2020;Cercle en l'Aigua, Un;204919.0;override_manual;;;;;;;False
Art d'alçada;12/03/2024;Art d'alçada;112222.0;resuelto_titulo_unico;Art d´Alçada;2022.0;;SANDRA RULL ROCA;1.0;;False
Valencia, t'estime;07/06/2024;Valencia, t'estime;168523.0;resuelto_titulo_unico;Valencia t´estime;2023.0;;CARLOS GIMÉNEZ;1.0;;False
L'eternitat;17/03/2023;L'eternitat;185822.0;resuelto_titulo_unico;L´eternitat;2022.0;;CHRISTOPHE FARNARIER;2.0;;False
Jusqu'ici, tout va;30/07/2022;Jusqu'ici, tout va;198921.0;resuelto_titulo_unico;Jusqu´ici, tout va;2021.0;;FRANCESC CUÉLLAR;2.0;;False
Sabater d'Ordis, El;09/12/2022;Sabater d'Ordis;167821.0;resuelto_titulo_unico;El sabater d´Ordis;2022.0;;DAVID RUIZ;1.0;;False
M'esperaras?;19/10/2018;M'esperaras?;98017.0;resuelto_titulo_unico;M´ESPERARAS?;2017.0;;CARLES ALBEROLA ORTIZ;1.0;;False
L'ultim salt;14/09/2022;L'ultim salt;160321.0;resuelto_titulo_unico;L´ÙLTIM SALT;2022.0;;NANDO CABALLERO;1.0;;False
Rifkin's Festival;02/10/2020;Rifkin's Festival;134819.0;resuelto_titulo_unico;Rifkin´s Festival;2020.0;;WOODY ALLEN;1.0;;False
Pa'tras, ni pa'tomar impulso;27/11/2020;Pa'tras, ni pa'tomar impulso;47119.0;resuelto_titulo_unico;Pa trás ni pa tomar impulso;2020.0;;LUPE PÉREZ GARCÍA;1.0;;False
Stay Homas. La banda que no deberia existir;15/11/2024;Stay Homas. La banda que no deberia existir;52024.0;override_manual;;;;;;;False
Ciudad perdida, La (1955) (re);25/06/2025;Ciudad perdida;229550.0;override_manual;;;;;;;False
Palo, El (2001) (re);14/04/2025;Palo;80100.0;override_manual;;;;;;;False
Noah;13/02/2025;Noah;262024.0;override_manual;;;;;;;False
Mercenario;01/04/2025;Mercenario;23025.0;override_manual;;;;;;;False
Cecilia Bartolome. Tan lejos, tan cerca;11/05/2025;Cecilia Bartolome. Tan lejos, tan cerca;67721.0;override_manual;;;;;;;False
Luna;07/04/2025;Luna;244424.0;override_manual;;;;;;;False
Cebo, El (1958) (re);20/10/2025;Cebo;210750.0;override_manual;;;;;;;False
Requiem for a Tribe;16/05/2025;Requiem for a Tribe;131524.0;override_manual;;;;;;;False
Nena;27/10/2025;Nena;102022.0;override_manual;;;;;;;False
"Ala Negra ""El Angel de la Encarnacion""";24/04/2025;"Ala Negra ""El Angel de la Encarnacion""";29925.0;override_manual;;;;;;;False
Chemsex: Un viaje al interior;14/11/2025;Chemsex: Un viaje al interior;145026.0;override_manual;;;;;;;False
Valientes;27/02/2025;Valientes;258424.0;override_manual;;;;;;;False
Filme pajaros volando;31/01/2025;Filme pajaros volando;83120.0;override_manual;;;;;;;False
Pequeño peon, El;17/06/2025;Pequeño peon;13524.0;override_manual;;;;;;;False
Lluc, una cronica de la pasteleria;27/05/2025;Lluc, una cronica de la pasteleria;13024.0;override_manual;;;;;;;False
Jaume Cabre: La musica de las palabras;04/02/2025;Jaume Cabre: La musica de las palabras;161223.0;override_manual;;;;;;;False
Padres;21/02/2025;Padres;207623.0;override_manual;;;;;;;False
Soñando con leones;14/11/2025;Soñando con leones;56221.0;override_manual;;;;;;;False
Morente & Barcelona;15/05/2025;Morente & Barcelona;36922.0;override_manual;;;;;;;False
Funcion, La;08/04/2024;Funcion;137821.0;override_manual;;;;;;;False
Arantzazu;12/04/2024;Arantzazu;83019.0;override_manual;;;;;;;False
Jeanette: Soy Rebelde;18/10/2024;Jeanette: Soy Rebelde;110018.0;override_manual;;;;;;;False
Carmen, muerte por un sueño;24/03/2022;Carmen, muerte por un sueño;15622.0;override_manual;;;;;;;False
Un cielo tan turbio;25/03/2022;Un cielo tan turbio;33920.0;override_manual;;;;;;;False
Patriarcado, el organismo nocivo;17/03/2022;Patriarcado, el organismo nocivo;1022.0;override_manual;;;;;;;False
Sufre mamon (1987) (re);08/09/2022;Sufre mamon;2722140.0;override_manual;;;;;;;False
Guerra de los niños, La (1980) (re);27/05/2022;Guerra de los niños;17480.0;override_manual;;;;;;;False
Tolyatti Adrift;28/10/2022;Tolyatti Adrift;123518.0;override_manual;;;;;;;False
Xey una historia de película, Los;04/11/2022;Xey una historia de película;63620.0;override_manual;;;;;;;False
Ciudad de la Selva. Fuxidos y guerrilleros en los montes de Casaio;20/09/2022;Ciudad de la Selva. Fuxidos y guerrilleros en los montes de Casaio;163622.0;override_manual;;;;;;;False
¡Dolores, guapa!;27/03/2022;¡Dolores, guapa!;81622.0;override_manual;;;;;;;False
De interes general (Un barrio por un parque);03/02/2022;De interes general (Un barrio por un parque);224021.0;override_manual;;;;;;;False
A las mujeres de España, Maria Lejarraga;11/03/2022;A las mujeres de España, Maria Lejarraga;128520.0;override_manual;;;;;;;False
Extremadura, paraiso natural de Europa;11/09/2022;Extremadura, paraiso natural de Europa;217521.0;override_manual;;;;;;;False
Cuerpo abierto (O Corpo Aberto);09/12/2022;Cuerpo abierto (O Corpo Aberto);35320.0;override_manual;;;;;;;False
Cartas perdidas, Las (La carcel y el exilio de las mujeres republicanas);13/05/2022;Cartas perdidas, Las (La carcel y el exilio de las mujeres republicanas);114421.0;override_manual;;;;;;;False
Mama, quiero ser futbolista profesional;24/06/2022;Mama, quiero ser futbolista profesional;176521.0;override_manual;;;;;;;False
Madre ven;25/11/2022;Madre ven;227421.0;override_manual;;;;;;;False
Labordeta, un hombre sin más;23/09/2022;Labordeta, un hombre sin más;146419.0;override_manual;;;;;;;False
Proxeneta. paso corto, mala leche.;26/10/2018;Proxeneta. paso corto, mala leche.;50417.0;override_manual;;;;;;;False
Cuanto vale una ballena;05/11/2021;Cuanto vale una ballena;181620.0;override_manual;;;;;;;False
Amor y la muerte, El. Historia de Enrique Granados;09/11/2018;Amor y la muerte, El. Historia de Enrique Granados;61316.0;override_manual;;;;;;;False
Laberinto del Fauno, El (2006) (re);10/07/2020;Laberinto del Fauno;111905.0;override_manual;;;;;;;False
Filoxenia. El rapto de Europa;18/11/2021;Filoxenia. El rapto de Europa;170317.0;override_manual;;;;;;;False
Renacidos: El padre Pío cambió sus vidas;15/11/2019;Renacidos: El padre Pío cambió sus vidas;180219.0;override_manual;;;;;;;False
Eroski Paraiso;13/12/2019;Eroski Paraiso;163219.0;override_manual;;;;;;;False
Santos inocentes, Los (1984) (re);15/10/2020;Santos inocentes;29483.0;override_manual;;;;;;;False
Crimen de Cuenca, El (1980);25/10/2021;Crimen de Cuenca;602351.0;override_manual;;;;;;;False
Entre tinieblas (re);04/10/2021;Entre tinieblas;31582.0;override_manual;;;;;;;False
Cochecito. El (1960) (re);07/10/2021;Cochecito. El;241850.0;override_manual;;;;;;;False
Volver (re:2021);06/10/2021;Volver;109905.0;override_manual;;;;;;;False
Ofrenda, La (Ofrena, L');18/09/2020;Ofrenda, La (Ofrena, L');65216.0;override_manual;;;;;;;False
Espejo, Espejo;20/05/2022;Espejo, Espejo;86520.0;override_manual;;;;;;;False
Esplendor y caida: The Garlic Phantoms;05/04/2022;Esplendor y caida: The Garlic Phantoms;103320.0;override_manual;;;;;;;False
Arrebato (1980) (re);20/04/2022;Arrebato;9179.0;override_manual;;;;;;;False
Donde mas duele;27/05/2022;Donde mas duele;85419.0;override_manual;;;;;;;False
Invasion;28/06/2024;Invasion;197322.0;override_manual;;;;;;;False
Joan Bennassar - Raons Humanes;20/07/2024;Joan Bennassar - Raons Humanes;202323.0;override_manual;;;;;;;False
Parque, El;12/12/2024;Parque;175924.0;override_manual;;;;;;;False
Fuga, La;10/05/2024;Fuga;99122.0;override_manual;;;;;;;False
Las armas no borraran tu sonrisa;25/01/2024;Las armas no borraran tu sonrisa;1424.0;override_manual;;;;;;;False
Metodo Farrer, El;30/08/2024;Metodo Farrer;35922.0;override_manual;;;;;;;False
Societat negra (Sociedad negra);25/10/2024;Societat negra (Sociedad negra);80320.0;override_manual;;;;;;;False
Book, The;08/11/2024;Book, The;178124.0;override_manual;;;;;;;False
Musical de los 80 a los 90, El;14/08/2024;Musical de los 80 a los 90;238723.0;override_manual;;;;;;;False
Efecto ALL1, El: Parte II;17/10/2024;Efecto ALL1, El: Parte II;71925.0;override_manual;;;;;;;False
Bandera, La;14/06/2024;Bandera;39823.0;override_manual;;;;;;;False
Faro;26/01/2024;Faro;43320.0;override_manual;;;;;;;False
Historias;24/05/2024;Historias;180023.0;override_manual;;;;;;;False
Honeymoon;12/01/2024;Honeymoon;80120.0;override_manual;;;;;;;False
Salto, El;12/04/2024;Salto;144721.0;override_manual;;;;;;;False
Tu madre o la mia: guerra de suegras;02/08/2024;Tu madre o la mia: guerra de suegras;33122.0;override_manual;;;;;;;False
Nina;10/05/2024;Nina;103721.0;override_manual;;;;;;;False
Erase una vez... (1950) (re);16/12/2022;Erase una vez...;300950.0;override_manual;;;;;;;False
Bicicletas son para el verano (1948) (re);14/07/2022;Bicicletas son para el verano;8983.0;override_manual;;;;;;;False
Sur, El (1983) (re);01/09/2023;Sur;19082.0;override_manual;;;;;;;False
Venus (2022);02/12/2022;Venus;158321.0;override_manual;;;;;;;False
Barrio (1998) (re);11/05/2023;Barrio;95997.0;override_manual;;;;;;;False
Caza, La (1966) (re);10/03/2023;Caza;306850.0;override_manual;;;;;;;False
Dues nits d'ahir, Les (Las dos noches de ayer);12/03/2021;Dues nits d'ahir, Les (Las dos noches de ayer);66119.0;override_manual;;;;;;;False
Correo, El;19/01/2024;Correo;128522.0;override_manual;;;;;;;False
Escape;31/10/2024;Escape;144723.0;override_manual;;;;;;;False
Casa, La;01/05/2024;Casa;94119.0;override_manual;;;;;;;False
Pajaros;05/04/2024;Pajaros;66320.0;override_manual;;;;;;;False
Hispanoamerica. Canto a la vida y esperanza;12/04/2024;Hispanoamerica. Canto a la vida y esperanza;207522.0;override_manual;;;;;;;False
Heroes del Central Park;30/08/2024;Heroes del Central Park;163022.0;override_manual;;;;;;;False
¿Es el enemigo? La película de Gila;13/12/2024;¿Es el enemigo? La película de Gila;129622.0;override_manual;;;;;;;False
Marco;08/11/2024;Marco;136022.0;override_manual;;;;;;;False
200% Wolf. Pequeño Gran Lobo;05/12/2025;200% Wolf. Pequeño Gran Lobo;130522.0;resuelto_titulo_unico;200 % Wolf: Pequeño gran lobo;2024.0;;ALEXS STADERMANN;1.0;;False
Josep;04/12/2020;Josep;165520.0;override_manual;;;;;;;False
D'Artacan y los tres mosqueperros;18/08/2021;D'Artacan y los tres mosqueperros;193316.0;override_manual;;;;;;;False
Irresponsables, Las;24/07/2025;Irresponsables;193123.0;override_manual;;;;;;;False
Muy lejos;11/04/2025;Muy lejos;104721.0;override_manual;;;;;;;False
Restoration, The;22/09/2024;Restoration, The;166821.0;override_manual;;;;;;;False
Procura da estrela, A;15/01/2024;Procura da estrela, A;116121.0;override_manual;;;;;;;False
Nadie quiere la noche;27/11/2015;Nadie quiere la noche;42712.0;override_manual;;;;;;;False
Dios prohibido, Un;14/06/2013;Dios prohibido, Un;84013.0;override_manual;;;;;;;False
Muerte de un ciclista (1955) (re);29/12/2023;Muerte de un ciclista;248750.0;override_manual;;;;;;;False
Nacido en Gaza;12/12/2014;Nacido en Gaza;145714.0;override_manual;;;;;;;False
Espazos en branco, Os;06/11/2024;Espazos en branco, Os;74824.0;override_manual;;;;;;;False
Vacances de Mara, Les;27/09/2024;Vacances de Mara, Les;89920.0;override_manual;;;;;;;False
Tierra de Atlantes;22/11/2024;Tierra de Atlantes;99120.0;override_manual;;;;;;;False
Auto das animas, O;03/05/2024;Auto das animas, O;79723.0;override_manual;;;;;;;False
Alemania;09/02/2024;Alemania;24422.0;override_manual;;;;;;;False
Ultimos romanticos, Los;15/11/2024;Ultimos romanticos;113023.0;override_manual;;;;;;;False
Tortuga, Los;23/05/2025;Tortuga;57822.0;override_manual;;;;;;;False
Isla perdida (Haunted Heart);23/08/2024;Isla perdida (Haunted Heart);145421.0;override_manual;;;;;;;False
Casa en llamas;28/06/2024;Casa en llamas;111921.0;override_manual;;;;;;;False
Plata quemada (2000) (re);13/07/2023;Plata quemada;76099.0;override_manual;;;;;;;False
Tierra y libertad (1995) (re);10/05/2023;Tierra y libertad;123393.0;override_manual;;;;;;;False
Crossroads: Paco Roca;01/11/2017;Crossroads: Paco Roca;170117.0;override_manual;;;;;;;False
Orrit, Los;25/05/2023;Orrit;63523.0;override_manual;;;;;;;False
H;22/06/2023;H;95619.0;override_manual;;;;;;;False
Valle del Concavenator, El;24/02/2023;Valle del Concavenator;55222.0;override_manual;;;;;;;False
Cero.5, A;24/03/2023;Cero.5, A;45119.0;override_manual;;;;;;;False
Sola;19/05/2023;Sola;150221.0;override_manual;;;;;;;False
Ahora la luz cae vertical;06/10/2023;Ahora la luz cae vertical;94919.0;override_manual;;;;;;;False
Regreso a Raqqa;27/01/2023;Regreso a Raqqa;94619.0;override_manual;;;;;;;False
Leonora Carrington. El juego surrealista;12/05/2023;Leonora Carrington. El juego surrealista;175711.0;override_manual;;;;;;;False
Caleta Palace;24/11/2023;Caleta Palace;120418.0;override_manual;;;;;;;False
Imatge permanent, La;17/11/2023;Imatge permanent;67720.0;override_manual;;;;;;;False
Habitacion de al lado, La;18/10/2024;Habitacion de al lado;20224.0;override_manual;;;;;;;False
Home e o can, O;20/10/2023;Home e o can, O;42722.0;override_manual;;;;;;;False
Isla de los faisanes, La;25/04/2025;Isla de los faisanes;120423.0;override_manual;;;;;;;False
Sleeper, The. El Caravaggio perdido;13/05/2025;Sleeper, The. El Caravaggio perdido;125123.0;override_manual;;;;;;;False
Vivo;09/04/2021;Vivo;3619.0;override_manual;;;;;;;False
Amor en su lugar, El;03/12/2021;Amor en su lugar;128519.0;override_manual;;;;;;;False
A lo loco;16/05/2025;A lo loco;263324.0;override_manual;;;;;;;False
Jesucristo Flamenco;28/12/2025;Jesucristo Flamenco;61623.0;override_manual;;;;;;;False
Gato montes, El (1935) (re);24/06/2025;Gato montes;4371740.0;override_manual;;;;;;;False
Magnificent Stranger, The;13/10/2025;Magnificent Stranger, The;3024.0;override_manual;;;;;;;False
Ocaña, retrato intermitente;11/03/2025;Ocaña, retrato intermitente;954440.0;override_manual;;;;;;;False
Importancia de llamarse Ernesto y la gilipollez de llamarse Eric;10/11/2023;Importancia de llamarse Ernesto y la gilipollez de llamarse Eric;112421.0;override_manual;;;;;;;False
Algo amargo en la boca (1969) (re);01/10/2025;Algo amargo en la boca;323650.0;override_manual;;;;;;;False
Emilia, parada y fonda (1976) (re);04/11/2025;Emilia, parada y fonda;6385540.0;override_manual;;;;;;;False
Seduccion de caos, La (1990) (re);03/12/2025;Seduccion de caos;7901140.0;override_manual;;;;;;;False
Cartas perdidas, Las (La carcel y el exilio de las mujeres repub;13/05/2022;Cartas perdidas, Las (La carcel y el exilio de las mujeres repub;114421.0;override_manual;;;;;;;False
Unfixing, The;11/11/2025;Unfixing, The;174424.0;override_manual;;;;;;;False
Otros, Los (2001) (re);09/10/2025;Otros;81100.0;override_manual;;;;;;;False
Hanna y las navidades olvidadas;05/12/2025;Hanna y las navidades olvidadas;69119.0;override_manual;;;;;;;False
Coraje;19/10/2023;Coraje;71318.0;override_manual;;;;;;;False
Foreign Song, A;25/04/2025;Foreign Song, A;101120.0;override_manual;;;;;;;False
Torre de los siete jorobados, La (1944) (re);01/05/2025;Torre de los siete jorobados;259630.0;override_manual;;;;;;;False
Jose Maria Yturralde;16/10/2025;Jose Maria Yturralde;211624.0;override_manual;;;;;;;False
Second Act of Elliott Murphy, The;01/11/2015;Second Act of Elliott Murphy, The;19016.0;override_manual;;;;;;;False
Tuno negro (2001) (re);25/10/2025;Tuno negro;107300.0;override_manual;;;;;;;False
Capitolio contra Capitolio;04/07/2025;Capitolio contra Capitolio;276424.0;override_manual;;;;;;;False
Jirafa en el balcon, Una;03/10/2025;Jirafa en el balcon, Una;75219.0;override_manual;;;;;;;False
Bella;28/11/2025;Bella;37318.0;override_manual;;;;;;;False
De la Luz y Las Sombras;06/05/2025;De la Luz y Las Sombras;60724.0;override_manual;;;;;;;False
Diario de un lobero;30/05/2025;Diario de un lobero;186224.0;override_manual;;;;;;;False
Human Hibernation, The;10/01/2025;Human Hibernation, The;102920.0;override_manual;;;;;;;False
Carga el diablo, Lo;25/04/2025;Carga el diablo, Lo;88119.0;override_manual;;;;;;;False
Marsellesa de los borrachos, La;14/02/2025;Marsellesa de los borrachos;31922.0;override_manual;;;;;;;False
Dani Fernandez. Todo cambia;19/06/2025;Dani Fernandez. Todo cambia;83025.0;override_manual;;;;;;;False
Tasio (1984) (re);23/09/2025;Tasio;7784.0;override_manual;;;;;;;False
Hija, La;26/11/2021;Hija;154919.0;override_manual;;;;;;;False
Quietud en la tormenta,;12/05/2023;Quietud en la tormenta,;48822.0;override_manual;;;;;;;False
De Caperucita a Loba;05/04/2023;De Caperucita a Loba;58420.0;override_manual;;;;;;;False
Vicente Romero. Testigo de la historia;04/11/2025;Vicente Romero. Testigo de la historia;221325.0;resuelto_titulo_unico;VICENTE ROMERO - TESTIGO DE LA HISTORIA;2025.0;;MIGUEL ROMERO GRAYSON;1.0;;False
Fieles sirvientes, Los (1980) (re);23/10/2025;Fieles sirvientes;526651.0;resuelto_anio_produccion_cercano;Fieles sirvientes, Los;1980.0;;FRANCESC. BETRIU;2.0;;False
Ultimo cuple, El (1957) (re);06/09/2025;Ultimo cuple;202550.0;resuelto_anio_produccion_cercano;Ultimo cuplé, El;1957.0;;JUAN DE ORDUÑA;2.0;;False
Concha Robles. El precio de la libertad;21/11/2025;Concha Robles. El precio de la libertad;2725.0;resuelto_titulo_unico;CONCHA ROBLES. EL PRECIO DE LA LIBERTAD.;2025.0;;DAVID MIRALLES;1.0;;False
Tigres de papel (1977) (re);04/06/2025;Tigres de papel;13677.0;resuelto_anio_produccion_cercano;Tigres de papel;1977.0;;FERNANDO. COLOMO;2.0;;False
Secreto de sus ojos, El (2009) (re);26/11/2025;Secreto de sus ojos;143608.0;resuelto_titulo_unico;SECRETO DE SUS OJOS, EL;2009.0;;JUAN JOSÉ CAMPANELLA;1.0;;False
Nos va la marcha (1979) (re);04/06/2025;Nos va la marcha;17878.0;resuelto_anio_produccion_cercano;Nos va la marcha;1979.0;;MANUEL. GÓMEZ PEREIRA;2.0;;False
Pascual Duarte (1976) (re);07/05/2025;Pascual Duarte;88350.0;resuelto_anio_produccion_cercano;Pascual Duarte;1976.0;;RICARDO FRANCO;2.0;;False
Cuentos eroticos (1980) (re);05/06/2025;Cuentos eroticos;521251.0;resuelto_anio_produccion_cercano;Cuentos eróticos;1980.0;;"JAIME: ""PEQUEÑO PLANETA"". CHÁVARRI";3.0;;False
Vaquilla, La (1985) (re);09/02/2026;Vaquilla;828651.0;resuelto_titulo_unico;Vaquilla, La;1985.0;;LUIS. GARCÍA BERLANGA;3.0;;False
Laguna negra, La (1952) (re);07/05/2025;Laguna negra;2674340.0;resuelto_titulo_unico;LAGUNA NEGRA, LA;1952.0;;ARTURO RUIZ CASTILLO;10.0;;False
Miguel Velázquez. El Catedrático Del Ring;30/05/2025;Miguel Velázquez. El Catedrático Del Ring;131123.0;resuelto_titulo_unico;Miguel Velázquez, el catedrático del ring;2024.0;;DAVID CÁNOVAS;1.0;;False
Endemoniada, La (1975) (re);15/11/2025;Endemoniada;72550.0;resuelto_anio_produccion_cercano;Endemoniada, La;1975.0;;AMANDO DE. OSSORIO;4.0;;False
Gran Casal, me como el mundo;21/04/2025;Gran Casal, me como el mundo;8252940.0;resuelto_titulo_unico;GRAN CASAL ME COMO EL MUNDO;2003.0;;DESCONOCIDO;1.0;;False
Leyenda de Balthasar el castrado, La (1996) (re);23/10/2025;Leyenda de Balthasar el castrado;28391.0;resuelto_titulo_unico;Leyenda de Balthasar El Castrado, La;1995.0;;JUAN. MIÑON;1.0;;False
Marina unplugged;07/12/2024;Marina unplugged;59323.0;resuelto_titulo_unico;Marina, unplugged;2023.0;;ALFONSO AMADOR;1.0;;False
Habitacion de Fermat, La (2007) (re);14/11/2025;Habitacion de Fermat;38707.0;resuelto_titulo_unico;HABITACIÓN DE FERMAT, LA;2007.0;;RODRIGO SOPEÑA;1.0;;False
Fenix 11-23;09/11/2012;Fenix 11-23;218210.0;resuelto_titulo_unico;FÈNIX 11*23;2012.0;;JOEL JOAN;1.0;;False
Gran redada gitana. Historia de un genocidio;03/04/2025;Gran redada gitana. Historia de un genocidio;33725.0;resuelto_titulo_unico;GRAN REDADA GITANA : HISTORIA DE UN GENOCIDIO;2025.0;;PILAR TÁVORA;1.0;;False
Fenomenos, Los (2014) (re);06/05/2025;Fenomenos;138910.0;resuelto_titulo_unico;FENÓMENOS, LOS;2013.0;;ALFONSO ZARAUZA;11.0;;False
Muerte tenia un precio, La (1965) (re);28/09/2025;Muerte tenia un precio;305250.0;resuelto_anio_produccion_cercano;Muerte tenía un precio, La;1965.0;;LEONE SERGIO;2.0;;False
Santiago Sierra. The Finger in the Wound;17/12/2025;Santiago Sierra. The Finger in the Wound;280224.0;resuelto_titulo_unico;Santiago Sierra, the finger in the wound;2024.0;;ENRIQUE PALACIO;1.0;;False
Paco Rabanne. Una vida fuera del patron;03/04/2025;Paco Rabanne. Una vida fuera del patron;115621.0;resuelto_titulo_unico;Paco Rabanne, una vida fuera del patrón;2024.0;;PEPA G. RAMOS;1.0;;False
Santos inocentes, Los (1984) (re);25/02/2025;Santos inocentes;29483.0;resuelto_anio_produccion_cercano;Santos inocentes, Los;1984.0;;MARIO. CAMUS;2.0;;False
Ley del deseo, La (1987) (re);04/08/2025;Ley del deseo;7186.0;resuelto_titulo_unico;Ley del deseo, La;1986.0;;PEDRO ALMODÓVAR;1.0;;False
Barcelona, mon amour;28/11/2025;Barcelona, mon amour;252125.0;resuelto_titulo_unico;Barcelona mon amour;2025.0;;ROSER TEXIDÓ;1.0;;False
Warhol-Vijande: Mas que pistolas, cuchillos y cruces;31/10/2025;Warhol-Vijande: Mas que pistolas, cuchillos y cruces;220124.0;resuelto_titulo_unico;Warhol - Vijande: Más que pistolas, cuchillos y cruces;2025.0;;SEBASTIÁN GALÁN;1.0;;False
Rave Culture -a new era-;12/12/2025;Rave Culture -a new era-;28521.0;resuelto_titulo_unico;RAVE CULTURE – A NEW ERA –;2023.0;;EDUARDO CUBILLO;1.0;;False
Doñana, donde el agua es sagrada;30/05/2025;Doñana, donde el agua es sagrada;145021.0;resuelto_titulo_unico;Doñana donde el agua es sagrada;2024.0;;CARMEN RODRÍGUEZ;1.0;;False
Comunidad, La (2000) (re) 25 Aniversario;21/08/2025;Comunidad;104499.0;resuelto_titulo_unico;Comunidad, La;2000.0;;ALEX DE LA. IGLESIA;22.0;;False
7º Dia, El (2004) (re);30/04/2025;7º Dia;110803.0;resuelto_titulo_unico;7º día, El;2004.0;;CARLOS SAURA;12.0;;False
Cel de Plom, Un;28/04/2023;Cel de Plom, Un;28122.0;override_manual;;;;;;;False
Violetera, La (1958);20/09/2025;Violetera;214850.0;resuelto_anio_produccion_cercano;Violetera, La;1958.0;;LUIS CÉSAR AMADORI;2.0;;False
Stormy Night, A;18/12/2020;Stormy Night, A;186219.0;override_manual;;;;;;;False
Dispararon al pianista;06/10/2023;Dispararon al pianista;64919.0;override_manual;;;;;;;False
Vaya vacaciones;21/04/2023;Vaya vacaciones;159120.0;override_manual;;;;;;;False
Bosque del lobo, El (1970) (re);19/10/2022;Bosque del lobo;336750.0;override_manual;;;;;;;False
Un hombre llamado Flor de Otoño (1978) (re);21/10/2022;Un hombre llamado Flor de Otoño;353251.0;override_manual;;;;;;;False
Orquesta armada, Una;04/06/2022;Orquesta armada, Una;51221.0;override_manual;;;;;;;False
Cria cuervos (1976) (re);13/12/2022;Cria cuervos;18875.0;override_manual;;;;;;;False
Hola, ¿Estas sola? (1995);12/01/2022;Hola, ¿Estas sola?;56595.0;override_manual;;;;;;;False
Home e o can, O;28/09/2022;Home e o can, O;42722.0;override_manual;;;;;;;False
Alma anciana;27/05/2022;Alma anciana;43421.0;override_manual;;;;;;;False
Demonios de barro, Los;18/11/2022;Demonios de barro;59918.0;override_manual;;;;;;;False
Bikes;18/04/2019;Bikes;126114.0;override_manual;;;;;;;False
Amantes (1991) (re);26/02/2021;Amantes;6990.0;override_manual;;;;;;;False
Transicion, La. De la dictadura a la democracia;15/10/2021;Transicion, La. De la dictadura a la democracia;163721.0;override_manual;;;;;;;False
Jueves, milagro, Los (1957) (re);06/05/2021;Jueves, milagro;5548540.0;override_manual;;;;;;;False
Paquillo Fernandez. Una vida en marcha;21/11/2025;Paquillo Fernandez. Una vida en marcha;213025.0;resuelto_titulo_unico;Paquillo Fernández, una vida en marcha.;2025.0;;JOSÉ LUIS HDEZ. ARANGO;1.0;;False
Nos queda la noche;19/03/2021;Nos queda la noche;11621.0;override_manual;;;;;;;False
Sombra, La;25/06/2021;Sombra;134621.0;override_manual;;;;;;;False
Maquis, el silencio;10/12/2021;Maquis, el silencio;160621.0;override_manual;;;;;;;False
Maragall i la Lluna;29/01/2021;Maragall i la Lluna;106418.0;override_manual;;;;;;;False
Almudena;16/05/2025;Almudena;146424.0;resuelto_anio_produccion_cercano;Almudena;2025.0;;AZUCENA RODRÍGUEZ;3.0;;False
Adú;31/01/2020;Adú;179218.0;override_manual;;;;;;;False
Todas las lunas (Ilargi Guztiak);14/05/2021;Todas las lunas (Ilargi Guztiak);146319.0;override_manual;;;;;;;False
Sis dies corrents;03/12/2021;Sis dies corrents;106518.0;override_manual;;;;;;;False
High club, The;10/09/2025;High club, The;178624.0;override_manual;;;;;;;False
Tin&Tina;31/03/2023;Tin&Tina;50920.0;override_manual;;;;;;;False
Fracasados;18/11/2022;Fracasados;157722.0;override_manual;;;;;;;False
Golondrinas;25/11/2022;Golondrinas;187820.0;override_manual;;;;;;;False
Por los pelos;12/08/2022;Por los pelos;83020.0;override_manual;;;;;;;False
Camera Cafe;25/03/2022;Camera Cafe;152120.0;override_manual;;;;;;;False
Libreria, La;10/11/2017;Libreria;56414.0;override_manual;;;;;;;False
Amalia en otoño;20/11/2020;Amalia en otoño;150320.0;override_manual;;;;;;;False
Cover, El;23/07/2021;Cover;148419.0;override_manual;;;;;;;False
Libertad;19/11/2021;Libertad;88218.0;override_manual;;;;;;;False
Libertad;26/03/2021;Libertad;22321.0;override_manual;;;;;;;False
Eterna;02/03/2023;Eterna;99622.0;override_manual;;;;;;;False
Hanna y los monstruos;21/04/2023;Hanna y los monstruos;42818.0;override_manual;;;;;;;False
Upon Entry (La llegada);16/06/2023;Upon Entry (La llegada);123918.0;override_manual;;;;;;;False
Els encantats (Los encantados);02/06/2023;Els encantats (Los encantados);110321.0;override_manual;;;;;;;False
Teresa;24/11/2023;Teresa;152420.0;override_manual;;;;;;;False
Libres;21/04/2023;Libres;115222.0;override_manual;;;;;;;False
Favor, El;10/11/2023;Favor;159721.0;override_manual;;;;;;;False
Un Amor;10/11/2023;Un Amor;134322.0;override_manual;;;;;;;False
Erasmus en Gaza;12/05/2022;Erasmus en Gaza;102820.0;override_manual;;;;;;;False
Hijo del acordeonista, El (Soinujolearen semea);12/04/2019;Hijo del acordeonista, El (Soinujolearen semea);55212.0;override_manual;;;;;;;False
Raymond Roussel: El dia de gloria;15/06/2022;Raymond Roussel: El dia de gloria;94816.0;override_manual;;;;;;;False
Nannys Night, The;25/08/2022;Nannys Night, The;22821.0;override_manual;;;;;;;False
Voces;24/07/2020;Voces;158519.0;override_manual;;;;;;;False
Anwar (Lleno de luz);25/11/2022;Anwar (Lleno de luz);231621.0;override_manual;;;;;;;False
Desconocida, La;09/06/2023;Desconocida;82919.0;override_manual;;;;;;;False
Llamada, La;29/09/2017;Llamada;164816.0;override_manual;;;;;;;False
Desenterrando Sad Hill;19/10/2018;Desenterrando Sad Hill;16917.0;override_manual;;;;;;;False
Perderlo todo;10/06/2022;Perderlo todo;131221.0;override_manual;;;;;;;False
Mallorca, la isla madre;11/11/2022;Mallorca, la isla madre;154922.0;override_manual;;;;;;;False
Madre;15/11/2019;Madre;132918.0;override_manual;;;;;;;False
Passion;25/06/2022;Passion;34719.0;override_manual;;;;;;;False
Camino;17/10/2008;Camino;120307.0;override_manual;;;;;;;False
Secreto del doctor Grinberg, El;06/09/2022;Secreto del doctor Grinberg;183017.0;override_manual;;;;;;;False
Way, The;19/11/2010;Way, The;178009.0;override_manual;;;;;;;False
Bandido;18/02/2022;Bandido;52218.0;override_manual;;;;;;;False
Estimada Sara;03/11/2022;Estimada Sara;47321.0;override_manual;;;;;;;False
Juanito;03/06/2022;Juanito;233221.0;override_manual;;;;;;;False
Francesca y el amor;14/10/2022;Francesca y el amor;112918.0;override_manual;;;;;;;False
Culpa;06/05/2022;Culpa;224521.0;override_manual;;;;;;;False
REC;23/11/2007;REC;128706.0;override_manual;;;;;;;False
Animals;26/10/2012;Animals;93409.0;override_manual;;;;;;;False
Agua;11/02/2022;Agua;100820.0;override_manual;;;;;;;False
Olvido;29/06/2023;Olvido;37422.0;override_manual;;;;;;;False
Piedad, La;13/01/2023;Piedad;116018.0;override_manual;;;;;;;False
Dragonkeeper: Guardiana de dragones;19/04/2024;Dragonkeeper: Guardiana de dragones;223116.0;override_manual;;;;;;;False
47, El;06/09/2024;47;144423.0;override_manual;;;;;;;False
Dias que vendran, Los (Els dies que vindran);28/06/2019;Dias que vendran, Los (Els dies que vindran);35417.0;override_manual;;;;;;;False
Banda, La;21/06/2019;Banda;52917.0;override_manual;;;;;;;False
Poemes Sagrera;26/05/2023;Poemes Sagrera;123122.0;override_manual;;;;;;;False
Fuga, La;10/11/2023;Fuga;99122.0;override_manual;;;;;;;False
Morir;06/10/2017;Morir;76915.0;override_manual;;;;;;;False
Mapa;01/02/2013;Mapa;81421.0;override_manual;;;;;;;False
19;31/03/2023;19;228721.0;override_manual;;;;;;;False
Barcelona, noche de invierno;04/12/2015;Barcelona, noche de invierno;1415.0;override_manual;;;;;;;False
Septiembre;06/10/2023;Septiembre;175723.0;override_manual;;;;;;;False
Explotando el Eden, lle-a-Vache;14/09/2023;Explotando el Eden, lle-a-Vache;42318.0;override_manual;;;;;;;False
Fauna;10/11/2023;Fauna;101820.0;override_manual;;;;;;;False
Splendid Hotel. Rimbaud en Africa;15/12/2023;Splendid Hotel. Rimbaud en Africa;226323.0;override_manual;;;;;;;False
Espera, La;15/12/2023;Espera;160620.0;override_manual;;;;;;;False
Heavies Tiernos;22/12/2023;Heavies Tiernos;191023.0;override_manual;;;;;;;False
Juego, El;01/09/2023;Juego;224621.0;override_manual;;;;;;;False
Quest;01/12/2023;Quest;92120.0;override_manual;;;;;;;False
Hogar, El;03/03/2023;Hogar;17723.0;override_manual;;;;;;;False
Nato 0. El origen del mal;09/06/2023;Nato 0. El origen del mal;109723.0;override_manual;;;;;;;False
Noches de Tefía, Las (Capítulo 1 y 2);22/06/2023;Noches de Tefía, Las (Capítulo 1 y 2);216222.0;override_manual;;;;;;;False
Julia;14/09/2023;Julia;48423.0;override_manual;;;;;;;False
Amanece;17/11/2023;Amanece;118920.0;override_manual;;;;;;;False
Venus;17/02/2023;Venus;139419.0;override_manual;;;;;;;False
Panda contra Aliens;08/09/2023;Panda contra Aliens;23120.0;override_manual;;;;;;;False
Goerlich: El arquitecto que soño su ciudad;25/04/2023;Goerlich: El arquitecto que soño su ciudad;106422.0;override_manual;;;;;;;False
Imposible, Lo;11/10/2012;Imposible, Lo;208910.0;override_manual;;;;;;;False
Caballos;23/11/2023;Caballos;198823.0;override_manual;;;;;;;False
Quan no acaba la nit (Cuando la noche no termina);27/10/2023;Quan no acaba la nit (Cuando la noche no termina);214122.0;override_manual;;;;;;;False
Unzue. El ultimo equipo de Juancar;05/05/2023;Unzue. El ultimo equipo de Juancar;69223.0;override_manual;;;;;;;False
Corriente, La. Ibiza Blue;16/06/2023;Corriente, La. Ibiza Blue;185620.0;override_manual;;;;;;;False
Tequila, Sexo, Drogas y rock & roll;25/11/2022;Tequila, Sexo, Drogas y rock & roll;210621.0;override_manual;;;;;;;False
McCurry, la busqueda del color;03/06/2022;McCurry, la busqueda del color;117918.0;override_manual;;;;;;;False
Eden;28/10/2022;Eden;57518.0;override_manual;;;;;;;False
Hil-Kanpaiak (Campanadas a muerto);20/11/2020;Hil-Kanpaiak (Campanadas a muerto);148719.0;override_manual;;;;;;;False
Serrat y Sabina: El Simbolo y el Cuate;27/09/2013;Serrat y Sabina: El Simbolo y el Cuate;43112.0;override_manual;;;;;;;False
Auteretrato;13/09/2019;Auteretrato;68716.0;override_manual;;;;;;;False
Subterraneos, Los;07/05/2021;Subterraneos;16315.0;override_manual;;;;;;;False
Lo que arde;11/10/2019;Lo que arde;158217.0;override_manual;;;;;;;False
Herencia;14/05/2021;Herencia;20619.0;override_manual;;;;;;;False
Terremoto;08/10/2021;Terremoto;186120.0;override_manual;;;;;;;False
Club del pino solitario, El;10/06/2021;Club del pino solitario;186120.0;override_manual;;;;;;;False
Hombre que lo queria ver todo, El;25/03/2021;Hombre que lo queria ver todo;103817.0;override_manual;;;;;;;False
Nueve Sevillas;19/11/2021;Nueve Sevillas;89019.0;override_manual;;;;;;;False
Fantasia;26/11/2021;Fantasia;6817.0;override_manual;;;;;;;False
Pasion, segun Pep Amores, La;01/10/2021;Pasion, segun Pep Amores;24821.0;override_manual;;;;;;;False
Islandia, el refugio perfecto;02/05/2021;Islandia, el refugio perfecto;84521.0;override_manual;;;;;;;False
Mironins. La pelicula;03/12/2021;Mironins. La pelicula;187521.0;override_manual;;;;;;;False
Plan, El;21/02/2020;Plan;122318.0;override_manual;;;;;;;False
Baby;18/12/2020;Baby;147516.0;override_manual;;;;;;;False
Terra de telers (Memoria de telares 2020);11/12/2020;Terra de telers (Memoria de telares 2020);188419.0;override_manual;;;;;;;False
Héroes. Silencio y Rock & Roll;22/04/2021;Héroes. Silencio y Rock & Roll;115718.0;override_manual;;;;;;;False
Dos;23/07/2021;Dos;82319.0;override_manual;;;;;;;False
Apaiz Kartzela (La carcel de curas);26/11/2021;Apaiz Kartzela (La carcel de curas);89719.0;override_manual;;;;;;;False
Salvar el arbol (Zutik!);22/10/2021;Salvar el arbol (Zutik!);152217.0;override_manual;;;;;;;False
Mami, La;23/10/2020;Mami;95017.0;override_manual;;;;;;;False
Bolante baten historia (Historia de un volante);19/11/2021;Bolante baten historia (Historia de un volante);77320.0;override_manual;;;;;;;False
Algo salvaje. La historia de Bambino;19/11/2021;Algo salvaje. La historia de Bambino;54521.0;override_manual;;;;;;;False
Un blues para Teheran;02/07/2021;Un blues para Teheran;124718.0;override_manual;;;;;;;False
Mujer ilegal, La;11/12/2020;Mujer ilegal;19419.0;override_manual;;;;;;;False
Vientre del mar, El;12/11/2021;Vientre del mar;98820.0;override_manual;;;;;;;False
Nacion;26/03/2021;Nacion;177620.0;override_manual;;;;;;;False
Tres;05/11/2021;Tres;103118.0;override_manual;;;;;;;False
Ama;16/07/2021;Ama;30020.0;override_manual;;;;;;;False
Zerø;23/04/2021;Zerø;81615.0;override_manual;;;;;;;False
Sin Limite;03/12/2021;Sin Limite;197219.0;override_manual;;;;;;;False
Circulo, El;08/09/2021;Circulo;157821.0;override_manual;;;;;;;False
Amigo;09/11/2020;Amigo;149020.0;override_manual;;;;;;;False
Kepa Junkera Berpiztu / Kepa Junkera Renacer;02/12/2022;Kepa Junkera Berpiztu / Kepa Junkera Renacer;45522.0;override_manual;;;;;;;False
Negros, Los;25/03/2022;Negros;68217.0;override_manual;;;;;;;False
Salvajes, el cuento del lobo;06/05/2022;Salvajes, el cuento del lobo;58822.0;override_manual;;;;;;;False
75 dias, los crimenes de Alcasser;22/04/2022;75 dias, los crimenes de Alcasser;180521.0;override_manual;;;;;;;False
Agua, El;04/11/2022;Agua;45520.0;override_manual;;;;;;;False
Escape Room: La pelicula;11/03/2022;Escape Room: La pelicula;102120.0;override_manual;;;;;;;False
Jaula;09/09/2022;Jaula;178818.0;override_manual;;;;;;;False
Venus;02/12/2022;Venus;158321.0;override_manual;;;;;;;False
Test, El;02/09/2022;Test;169721.0;override_manual;;;;;;;False
Abuela, La;28/01/2022;Abuela;144019.0;override_manual;;;;;;;False
Aire;10/05/2024;Aire;222023.0;override_manual;;;;;;;False
Arnasa betean. A pulmón;09/11/2023;Arnasa betean. A pulmón;175923.0;override_manual;;;;;;;False
Volta. 100 años de ciclismo;20/03/2021;Volta. 100 años de ciclismo;13321.0;override_manual;;;;;;;False
Camino, El;31/10/2020;Camino;84619.0;override_manual;;;;;;;False
Lur y Amets;07/02/2020;Lur y Amets;23918.0;override_manual;;;;;;;False
Rol & Rol;09/09/2020;Rol & Rol;16119.0;override_manual;;;;;;;False
Julieta;08/04/2016;Julieta;95915.0;override_manual;;;;;;;False
Campeones;06/04/2018;Campeones;46817.0;override_manual;;;;;;;False
Balandrau, infierno helado;12/05/2021;Balandrau, infierno helado;89820.0;override_manual;;;;;;;False
Sindrome inverso de Ebenezer Scrooge, El;03/06/2021;Sindrome inverso de Ebenezer Scrooge;74719.0;override_manual;;;;;;;False
Novia, La;11/12/2015;Novia;21713.0;override_manual;;;;;;;False
Cau, El;27/11/2021;Cau;85019.0;override_manual;;;;;;;False
Sacar a la luz. La memoria de las artistas rapadas;05/11/2021;Sacar a la luz. La memoria de las artistas rapadas;171721.0;override_manual;;;;;;;False
Refugio, El;26/11/2021;Refugio;148720.0;override_manual;;;;;;;False
Hondaela, abismo marino;28/10/2021;Hondaela, abismo marino;104620.0;override_manual;;;;;;;False
Spitsbergen, el guardian del Artico;08/04/2021;Spitsbergen, el guardian del Artico;161320.0;override_manual;;;;;;;False
Ultima cinta desde Bosnia, La;06/11/2021;Ultima cinta desde Bosnia;182621.0;override_manual;;;;;;;False
Planeta, El;28/11/2021;Planeta;47521.0;override_manual;;;;;;;False
Vida y Color;05/01/2006;Vida y Color;74596.0;override_manual;;;;;;;False
Doctrina: el pecado original y la reinsercion;11/05/2018;Doctrina: el pecado original y la reinsercion;22615.0;override_manual;;;;;;;False
Esther Ferrer: hilos de tiempo;26/11/2021;Esther Ferrer: hilos de tiempo;39621.0;override_manual;;;;;;;False
Inocencia, La;10/01/2020;Inocencia;107918.0;override_manual;;;;;;;False
Bodegon con fantasmas;07/02/2025;Bodegon con fantasmas;50822.0;resuelto_titulo_unico;Bodegón con fantasmas;2024.0;;ENRIQUE BULEO;1.0;;False
Erase una vez en el Caribe;18/04/2024;Erase una vez en el Caribe;34420.0;resuelto_titulo_unico;ÉRASE UNA VEZ EN EL CARIBE;2024.0;;RAY FIGUEROA;1.0;;False
Mitad de Ana, La;10/01/2025;Mitad de Ana;55321.0;resuelto_titulo_unico;La mitad de Ana;2023.0;;MARTA NIETO;1.0;;False
HollyBlood;22/07/2022;HollyBlood;91619.0;resuelto_titulo_unico;HollyBlood;2021.0;;JESÚS FONT;1.0;;False
Costa Brava, Libano;27/05/2022;Costa Brava, Libano;78020.0;resuelto_titulo_unico;Costa Brava, Líbano;2022.0;;MOUNIA AKL;1.0;;False
Gentiles, Las;03/06/2022;Gentiles;96720.0;resuelto_titulo_unico;Las Gentiles;2022.0;;SANTI AMODEO;1.0;;False
Mendiak 1976;04/12/2021;Mendiak 1976;179819.0;resuelto_titulo_unico;Mendiak 1976;2021.0;;LUIS ARRIETA;1.0;;False
Techo amarillo, El;16/12/2022;Techo amarillo;105121.0;resuelto_titulo_unico;El techo amarillo;2022.0;;ISABEL COIXET;1.0;;False
Jefa, La;29/04/2022;Jefa;158320.0;resuelto_titulo_unico;La jefa;2022.0;;FRAN TORRES;6.0;;False
Unicorn Wars;21/10/2022;Unicorn Wars;135517.0;resuelto_titulo_unico;Unicorn Wars;2022.0;;ALBERTO VÁZQUEZ;1.0;;False
Toscana;27/05/2022;Toscana;87220.0;resuelto_titulo_unico;Toscana;2021.0;;PAU DURÀ;5.0;;False
Tros;25/02/2022;Tros;42019.0;resuelto_titulo_unico;Tros;2021.0;;PAU CALPE RUFAT;2.0;;False
Universo de Oliver, El;13/05/2022;Universo de Oliver;95189.0;resuelto_titulo_unico;El universo de Óliver;2022.0;;ALEXIS MORANTE;1.0;;False
En otro lugar;27/05/2022;En otro lugar;55720.0;resuelto_titulo_unico;En otro lugar;2022.0;;JESÚS DEL CERRO;3.0;;False
Sin ti no puedo;03/06/2022;Sin ti no puedo;137121.0;resuelto_titulo_unico;Sin ti no puedo;2021.0;;CHUS GUTIÉRREZ;3.0;;False
Black is Beltza II: Ainhoa;30/09/2022;Black is Beltza II: Ainhoa;87120.0;resuelto_titulo_unico;Black is Beltza II: Ainhoa;2022.0;;FERMÍN MUGURUZA;1.0;;False
Parasceve, retrato de una Semana Santa;25/02/2022;Parasceve, retrato de una Semana Santa;204421.0;resuelto_titulo_unico;Parasceve, retrato de una Semana Santa;2021.0;;HILARIO ABAD;1.0;;False
Comensal, El;27/05/2022;Comensal;179718.0;resuelto_titulo_unico;El comensal;2022.0;;ÁNGELES GONZÁLEZ-SINDE REIG;4.0;;False
Consagración de la primavera, La;30/09/2022;Consagración de la primavera;81220.0;resuelto_titulo_unico;La consagración de la primavera;2022.0;;FERNANDO FRANCO;1.0;;False
No somos nada;28/01/2022;No somos nada;147519.0;resuelto_titulo_unico;No somos nada;2021.0;;JAVIER CORCUERA;1.0;;False
Casa entre los cactus, La;16/09/2022;Casa entre los cactus;159820.0;resuelto_titulo_unico;La casa entre los cactus;2021.0;;CARLOTA GONZÁLEZ-ADRIO;1.0;;False
Teneis que venir a verla;17/06/2022;Teneis que venir a verla;44522.0;resuelto_titulo_unico;Tenéis que venir a verla;2022.0;;JONÁS TRUEBA;1.0;;False
Cima, La;25/03/2022;Cima;144519.0;resuelto_titulo_unico;La cima;2021.0;;IBON CORMENZANA;22.0;;False
Constructores de la Alhambra, Los;25/11/2022;Constructores de la Alhambra;119918.0;resuelto_titulo_unico;Los constructores de la Alhambra;2022.0;;ISABEL FERNÁNDEZ;1.0;;False
Todos lo hacen;28/12/2022;Todos lo hacen;139421.0;resuelto_titulo_unico;Todos lo hacen;2022.0;;MARTÍN CUERVO;1.0;;False
Petra de San Jose;04/02/2022;Petra de San Jose;229121.0;resuelto_titulo_unico;Petra de San José;2021.0;;PABLO MORENO;1.0;;False
Maniobra de la tortuga, La;13/05/2022;Maniobra de la tortuga;121718.0;resuelto_titulo_unico;La maniobra de la tortuga;2021.0;;JUAN MIGUEL DEL CASTILLO;1.0;;False
Beso de Dios, El;22/04/2022;Beso de Dios;186516.0;resuelto_titulo_unico;EL BESO DE DIOS;2022.0;;PIETRO DITANO;1.0;;False
Corazon de Padre;18/03/2022;Corazon de Padre;228921.0;resuelto_titulo_unico;CORAZÓN DE PADRE;2021.0;;ANDRÉS GARRIGÓ;1.0;;False
Pacifiction;02/09/2022;Pacifiction;84519.0;resuelto_titulo_unico;Pacifiction;2022.0;;ALBERT SERRA;1.0;;False
Goya. El ojo que escucha;28/10/2022;Goya. El ojo que escucha;78920.0;resuelto_titulo_unico;Goya. El ojo que escucha;2022.0;;JOSÉ LUIS LÓPEZ-LINARES;1.0;;False
Comuneros;17/06/2022;Comuneros;921.0;resuelto_titulo_unico;Comuneros;2022.0;;PABLO GARCÍA SANZ;2.0;;False
Velazquez, el poder y el arte;11/11/2022;Velazquez, el poder y el arte;103920.0;resuelto_titulo_unico;Velázquez, el poder y el arte;2022.0;;JOSÉ MANUEL GÓMEZ VIDAL;1.0;;False
Aqui y ahora, vida;15/03/2022;Aqui y ahora, vida;108421.0;resuelto_titulo_unico;Aquí y Ahora, Vida;2022.0;;MANUEL SERRANO;1.0;;False
Rendir los machos;17/06/2022;Rendir los machos;104817.0;resuelto_titulo_unico;Rendir los machos;2022.0;;DAVID PANTALEÓN;1.0;;False
Donde acaba la memoria;02/12/2022;Donde acaba la memoria;173221.0;resuelto_titulo_unico;Donde acaba la memoria;2022.0;;PABLO ROMERO-FRESCO;1.0;;False
Entre dos amaneceres;15/07/2022;Entre dos amaneceres;119422.0;resuelto_titulo_unico;Entre dos amaneceres;2021.0;;SELMAN NACAR;1.0;;False
Amiga de mi amiga, La;03/02/2023;Amiga de mi amiga;165722.0;resuelto_titulo_unico;La amiga de mi amiga;2022.0;;ZAIDA CARMONA;1.0;;False
En temporada baja;23/10/2022;En temporada baja;192821.0;resuelto_titulo_unico;En temporada baja;2022.0;;DAVID MARQUÉS;1.0;;False
Viaje a alguna parte;11/02/2022;Viaje a alguna parte;123018.0;resuelto_titulo_unico;Viaje a alguna parte;2021.0;;HELENA DE LLANOS;1.0;;False
Radioaficionado, El;02/09/2022;Radioaficionado;144522.0;resuelto_titulo_unico;El radioaficionado;2022.0;;IKER ELORRIETA;1.0;;False
Parias de la Tierra;17/02/2022;Parias de la Tierra;209521.0;resuelto_titulo_unico;Parias de la Tierra;2021.0;;RODRIGO BAZZANO;1.0;;False
Cantando en las azoteas;01/07/2022;Cantando en las azoteas;97319.0;resuelto_titulo_unico;Cantando en las azoteas;2022.0;;ENRIC RIBES;1.0;;False
Finlandia;09/06/2022;Finlandia;51119.0;resuelto_titulo_unico;Finlandia;2021.0;;HORACIO ALCALÁ;3.0;;False
Mi vacio y yo;09/09/2022;Mi vacio y yo;122818.0;resuelto_titulo_unico;Mi vacío y yo;2022.0;;ADRIÁN SILVESTRE;1.0;;False
10 de marzo;24/11/2022;10 de marzo;192222.0;resuelto_titulo_unico;10 de marzo;2022.0;;ROI CAGIAO;1.0;;False
Canto cosmico. Niño de Elche;04/02/2022;Canto cosmico. Niño de Elche;84219.0;resuelto_titulo_unico;Canto cósmico. Niño de Elche;2021.0;;LEIRE APELLANIZ;1.0;;False
Vasco, El;06/10/2022;Vasco;83218.0;resuelto_titulo_unico;EL VASCO;2022.0;;JABI ELORTEGI;14.0;;False
Contando ovejas;13/04/2022;Contando ovejas;52018.0;resuelto_titulo_unico;Contando ovejas;2021.0;;JOSÉ CORRAL LLORENTE;1.0;;False
Pico Reja;17/06/2022;Pico Reja;2121.0;resuelto_titulo_unico;Pico Reja;2021.0;;REMEDIOS MALVÁREZ;1.0;;False
Jacinto;07/10/2022;Jacinto;173019.0;resuelto_titulo_unico;Jacinto;2021.0;;JAVI CAMINO;2.0;;False
Sinjar;01/07/2022;Sinjar;37519.0;resuelto_titulo_unico;Sinjar;2022.0;;ANNA M. BOFARULL;1.0;;False
A diente de perro;01/07/2022;A diente de perro;202618.0;resuelto_titulo_unico;A diente de perro;2022.0;;JOSÉ LUIS ESTAÑ;1.0;;False
Juana la Lorca;13/05/2022;Juana la Lorca;10222.0;resuelto_titulo_unico;Juana la Lorca;2022.0;;VALERIANO LÓPEZ;1.0;;False
Duo;09/09/2022;Duo;113118.0;resuelto_titulo_unico;Dúo;2022.0;;MERITXELL COLELL APARICIO;17.0;;False
Camino Ignaciano, El;22/07/2022;Camino Ignaciano;90920.0;resuelto_titulo_unico;El Camino Ignaciano;2022.0;;JORDI ROIGÉ;1.0;;False
Ramona;25/11/2022;Ramona;88021.0;resuelto_anio_produccion_cercano;Ramona;2022.0;;ANDREA BAGNEY;7.0;;False
Vacaciones de Yoko, Las;02/12/2022;Vacaciones de Yoko;86120.0;resuelto_titulo_unico;LAS VACACIONES DE YOKO;2022.0;;JUANJO ELORDI;1.0;;False
Malencolía;25/03/2022;Malencolía;142721.0;resuelto_titulo_unico;Malencolía;2022.0;;ALFONSO ZARAUZA;1.0;;False
Amame;01/04/2022;Amame;179319.0;resuelto_titulo_unico;ÁMAME;2022.0;;LEONARDO BRZEZICKI;6.0;;False
Libelulas;16/09/2022;Libelulas;128222.0;resuelto_titulo_unico;Libélulas;2022.0;;LUC KNOWLES;4.0;;False
Emilia;11/11/2022;Emilia;63321.0;resuelto_fecha_estreno_exacta;Emilia;2022.0;11/11/2022;M. A. CALVO BUTTINI;15.0;;False
Pasajera, La;18/02/2022;Pasajera;171520.0;resuelto_anio_produccion_cercano;La pasajera;2021.0;;RAÚL CEREZO;5.0;;False
Asombrosa Elisa;14/10/2022;Asombrosa Elisa;91019.0;resuelto_titulo_unico;Asombrosa Elisa;2021.0;;SADRAC GONZÁLEZ-PERELLÓN;1.0;;False
Voluntaria, La;09/06/2022;Voluntaria;61819.0;resuelto_titulo_unico;La voluntaria;2021.0;;NELY REGUERA;3.0;;False
Suro;02/12/2022;Suro;97718.0;resuelto_titulo_unico;Suro;2022.0;;MIKEL GURREA;1.0;;False
Modelo 77;23/09/2022;Modelo 77;156620.0;resuelto_titulo_unico;Modelo 77;2022.0;;ALBERTO RODRÍGUEZ;1.0;;False
Alcarras;29/04/2022;Alcarras;77219.0;resuelto_titulo_unico;Alcarràs;2022.0;;CARLA SIMÓN;1.0;;False
As bestas;11/11/2022;As bestas;41420.0;resuelto_titulo_unico;As bestas;2022.0;;RODRIGO SOROGOYEN;1.0;;False
Cuarto pasajero, El;28/10/2022;Cuarto pasajero;157620.0;resuelto_titulo_unico;El cuarto pasajero;2021.0;;ÁLEX DE LA IGLESIA;1.0;;False
A todo tren 2;02/12/2022;A todo tren 2;158621.0;resuelto_titulo_unico;A todo tren 2;2022.0;;INÉS DE LEÓN;1.0;;False
Renglones torcidos de Dios, Los;06/10/2022;Renglones torcidos de Dios;160220.0;resuelto_titulo_unico;Los renglones torcidos de Dios;2022.0;;ORIOL PAULO;1.0;;False
Tadeo Jones 3. La tabla esmeralda;26/08/2022;Tadeo Jones 3. La tabla esmeralda;156420.0;resuelto_titulo_unico;Tadeo Jones 3. La Tabla Esmeralda;2022.0;;ENRIQUE GATO;1.0;;False
Padre no hay mas que uno 3;14/07/2022;Padre no hay mas que uno 3;157621.0;resuelto_titulo_unico;Padre no hay más que uno 3;2022.0;;SANTIAGO SEGURA;1.0;;False
PierPaolo;20/08/2021;PierPaolo;166917.0;resuelto_titulo_unico;PIERPAOLO;2017.0;;MIGUEL ÁNGEL BARROSO;1.0;;False
Fotografo de Mauthausen, El;26/10/2018;Fotografo de Mauthausen;31809.0;resuelto_titulo_unico;El fotógrafo de Mauthausen;2018.0;;MAR TARGARONA;1.0;;False
Rosalinda;11/12/2020;Rosalinda;108518.0;resuelto_anio_produccion_cercano;Rosalinda;2020.0;;RAMÓN LUQUE;3.0;;False
Mejor verano de mi vida, El;12/07/2018;Mejor verano de mi vida;183417.0;resuelto_titulo_unico;El mejor verano de mi vida;2018.0;;DANI DE LA ORDEN;1.0;;False
Eugenio;04/10/2018;Eugenio;124017.0;resuelto_titulo_unico;Eugenio;2018.0;;XAVIER BAIG;5.0;;False
Todos quieren ser el proximo Weismann;05/07/2021;Todos quieren ser el proximo Weismann;133921.0;resuelto_titulo_unico;Todos quieren ser el próximo Weismann;2021.0;;ALBERTO TRIANO;1.0;;False
Kuartk valley;04/11/2021;Kuartk valley;63217.0;resuelto_titulo_unico;Kuartk Valley;2020.0;;MAIDER OLEAGA;1.0;;False
Renaceres;18/12/2020;Renaceres;68020.0;resuelto_titulo_unico;Renaceres;2020.0;;LUCAS FIGUEROA;1.0;;False
37 grados;10/09/2020;37 grados;54619.0;resuelto_titulo_unico;37 grados;2020.0;;LUÍS GIBERT;1.0;;False
Hasta que la boda nos separe;14/02/2020;Hasta que la boda nos separe;6319.0;resuelto_titulo_unico;Hasta que la boda nos separe;2019.0;;DANI DE LA ORDEN;1.0;;False
Cuento de las comadrejas, El;12/07/2019;Cuento de las comadrejas;79518.0;resuelto_titulo_unico;El cuento de las comadrejas;2018.0;;JUAN JOSÉ CAMPANELLA;1.0;;False
Cuchillo de palo;16/12/2011;Cuchillo de palo;75608.0;resuelto_titulo_unico;CUCHILLO DE PALO;2010.0;;RENATE COSTA;1.0;;False
Mundo es nuestro, El;22/06/2012;Mundo es nuestro;136610.0;resuelto_titulo_unico;MUNDO ES NUESTRO, EL;2012.0;;ALFONSO SÁNCHEZ;2.0;;False
OBABA;16/09/2005;OBABA;76104.0;resuelto_titulo_unico;Obaba;2005.0;;MONTXO ARMENDÁRIZ;1.0;;False
Incierta gloria;17/03/2017;Incierta gloria;83815.0;resuelto_titulo_unico;Incierta Gloria;2017.0;;AGUSTÍ VILLARONGA RIUTORT;1.0;;False
Una mujer fantastica;12/10/2017;Una mujer fantastica;38715.0;resuelto_titulo_unico;Una mujer fantástica;2017.0;;SEBASTIAN LELIO WATT;2.0;;False
Puenting;09/12/2021;Puenting;185716.0;resuelto_titulo_unico;Puenting;2020.0;;BIBIANA MONJE;1.0;;False
Despertar de las Hormigas, El;02/08/2019;Despertar de las Hormigas;34217.0;resuelto_titulo_unico;El despertar de las hormigas;2018.0;;ANTONELLA SUDASASSI FURNISS;1.0;;False
Anunciaron tormenta;10/04/2021;Anunciaron tormenta;147020.0;resuelto_titulo_unico;Anunciaron tormenta;2020.0;;JAVIER FERNÁNDEZ VÁZQUEZ;1.0;;False
Voy a pasarmelo bien;12/08/2022;Voy a pasarmelo bien;159720.0;resuelto_titulo_unico;Voy a pasármelo bien;2022.0;;DAVID SERRANO;1.0;;False
Vida padre, La;16/09/2022;Vida padre;156320.0;resuelto_titulo_unico;La vida padre;2021.0;;JOAQUÍN MAZÓN;8.0;;False
Llenos de gracia;24/06/2022;Llenos de gracia;155620.0;resuelto_titulo_unico;Llenos de Gracia;2022.0;;ROBERTO BUESO;1.0;;False
En los margenes;07/10/2022;En los margenes;64221.0;resuelto_titulo_unico;En los márgenes;2022.0;;JUAN DIEGO BOTTO;1.0;;False
Mama no enRedes;01/07/2022;Mama no enRedes;159420.0;resuelto_titulo_unico;Mamá no enRedes;2022.0;;DANIELA FEJERMAN;1.0;;False
Entre la vida y la muerte;14/07/2022;Entre la vida y la muerte;135020.0;resuelto_titulo_unico;Entre la vida y la muerte;2020.0;;GIORDANO GEDERLINI;1.0;;False
Un año, una noche;21/10/2022;Un año, una noche;82520.0;resuelto_titulo_unico;Un año, una noche;2022.0;;ISAKI LACUESTA;1.0;;False
Manticora;09/12/2022;Manticora;81720.0;resuelto_titulo_unico;Mantícora;2022.0;;CARLOS VERMUT;1.0;;False
Girasoles silvestres;14/10/2022;Girasoles silvestres;29620.0;resuelto_titulo_unico;Girasoles silvestres;2022.0;;JAIME ROSALES;1.0;;False
Llegaron de noche;25/03/2022;Llegaron de noche;56819.0;resuelto_titulo_unico;Llegaron de noche;2022.0;;IMANOL URIBE;1.0;;False
Maternal, La;18/11/2022;Maternal;103120.0;resuelto_anio_produccion_cercano;La Maternal;2022.0;;PILAR PALOMERO;9.0;;False
Objetos;30/09/2022;Objetos;89218.0;resuelto_titulo_unico;Objetos;2022.0;;JORGE DORADO;8.0;;False
Vasil;04/11/2022;Vasil;39719.0;resuelto_titulo_unico;Vasil;2022.0;;AVELINA PRAT;1.0;;False
Mundo es vuestro, El;18/03/2022;Mundo es vuestro;20922.0;resuelto_titulo_unico;El mundo es vuestro;2022.0;;ALFONSO SÁNCHEZ;1.0;;False
No mires a los ojos;04/11/2022;No mires a los ojos;152320.0;resuelto_titulo_unico;No mires a los ojos;2022.0;;FÉLIX VISCARRET;1.0;;False
Live is Life;03/06/2022;Live is Life;83920.0;resuelto_titulo_unico;Live is Life;2021.0;;DANI DE LA TORRE;1.0;;False
Cerdita;14/10/2022;Cerdita;57821.0;resuelto_anio_estreno_ficha;Cerdita;2022.0;09/10/2022;CARLOTA PEREDA;2.0;;False
Inspector Sun y la maldición de la viuda negra;28/12/2022;Inspector Sun y la maldición de la viuda negra;175318.0;resuelto_titulo_unico;Inspector Sun y la maldición de la viuda negra;2022.0;;JULIO SOTO GÚRPIDE;1.0;;False
Piel del tambor, La;21/10/2022;Piel del tambor;154119.0;resuelto_titulo_unico;La piel del tambor;2022.0;;SERGIO DOW;1.0;;False
Un novio para mi mujer;22/07/2022;Un novio para mi mujer;158520.0;resuelto_anio_produccion_cercano;Un novio para mi mujer;2021.0;;LAURA MAÑÁ;2.0;;False
Heroes de barrio;29/07/2022;Heroes de barrio;160020.0;resuelto_titulo_unico;Héroes de barrio;2021.0;;ÁNGELES REINÉ;2.0;;False
Reyes contra Santa;18/11/2022;Reyes contra Santa;25222.0;resuelto_titulo_unico;Reyes contra Santa;2022.0;;PACO CABALLERO;1.0;;False
Sintiendolo mucho;17/11/2022;Sintiendolo mucho;147222.0;resuelto_titulo_unico;Sintiéndolo mucho;2022.0;;FERNANDO LEÓN DE ARANOA;1.0;;False
Competencia Oficial;25/02/2022;Competencia Oficial;21620.0;resuelto_titulo_unico;Competencia oficial;2021.0;;MARIANO COHN;1.0;;False
Cinco lobitos;20/05/2022;Cinco lobitos;90520.0;resuelto_anio_produccion_cercano;Cinco lobitos;2022.0;;ALAUDA RUIZ DE AZÚA;2.0;;False
Canallas;01/04/2022;Canallas;179418.0;resuelto_titulo_unico;Canallas;2022.0;;DANIEL GUZMÁN;11.0;;False
Historias para no contar;25/11/2022;Historias para no contar;152520.0;resuelto_titulo_unico;Historias para no contar;2022.0;;CESC GAY;1.0;;False
Codigo Emperador;18/03/2022;Codigo Emperador;84620.0;resuelto_titulo_unico;Código Emperador;2021.0;;JORGE COIRA;1.0;;False
Juego de las llaves, El;13/04/2022;Juego de las llaves;143421.0;resuelto_titulo_unico;El juego de las llaves;2021.0;;VICENTE VILLANUEVA;1.0;;False
42 Segundos;02/09/2022;42 Segundos;157220.0;resuelto_titulo_unico;42 Segundos;2022.0;;DANI DE LA ORDEN;1.0;;False
13 Exorcismos;04/11/2022;13 Exorcismos;158322.0;resuelto_titulo_unico;13 exorcismos;2022.0;;JACOBO MARTÍNEZ;1.0;;False
Malnazidos;11/03/2022;Malnazidos;49019.0;resuelto_titulo_unico;Malnazidos;2020.0;;ALBERTO DE TORO;1.0;;False
Veneciafrenia;22/04/2022;Veneciafrenia;159319.0;resuelto_titulo_unico;Veneciafrenia;2021.0;;ÁLEX DE LA IGLESIA;1.0;;False
Desvida, La;27/05/2022;Desvida;74819.0;resuelto_titulo_unico;La desvida;2021.0;;AGUSTÍN RUBIO;1.0;;False
Matrioskas, las niñas de la guerra;12/09/2022;Matrioskas, las niñas de la guerra;68119.0;resuelto_titulo_unico;Matrioskas, Las niñas de la guerra;2021.0;;HELENA BENGOETXEA;1.0;;False
Con los años que me quedan;09/12/2022;Con los años que me quedan;137921.0;resuelto_titulo_unico;Con los años que me quedan;2022.0;;FRANK ARIZA;1.0;;False
Abracadabra;04/08/2017;Abracadabra;8516.0;resuelto_anio_produccion_cercano;Abracadabra;2016.0;;PABLO BERGER;5.0;;False
Pantalla andina, La;29/11/2022;Pantalla andina;197122.0;resuelto_titulo_unico;La pantalla andina;2022.0;;CARMINA BALAGUER MONTÓN;1.0;;False
Con la Pata Quebrada;13/06/2013;Con la Pata Quebrada;83513.0;resuelto_titulo_unico;CON LA PATA QUEBRADA;2013.0;;DIEGO GALÁN;1.0;;False
Emilio Prados, cazador de nubes;27/04/2022;Emilio Prados, cazador de nubes;111321.0;resuelto_titulo_unico;EMILIO PRADOS, CAZADOR DE NUBES;2021.0;;JOSÉ ANTONIO HERGUETA;1.0;;False
Todos lo saben;14/09/2018;Todos lo saben;100317.0;resuelto_titulo_unico;Todos lo saben;2018.0;;ASGHAR FARHADI;1.0;;False
Paradoja de Antares, La;13/11/2022;Paradoja de Antares;131721.0;resuelto_titulo_unico;La paradoja de Antares;2022.0;;LUIS TINOCO;1.0;;False
Paralelo 35 50;08/11/2022;Paralelo 35 50;143722.0;resuelto_titulo_unico;Paralelo 35 50;2022.0;;SERGIO RODRIGO;1.0;;False
Viaje de Julieta, El;26/08/2022;Viaje de Julieta;60221.0;resuelto_titulo_unico;El viaje de Julieta;2022.0;;PANCHO G. MATIENZO;1.0;;False
Bi Anai (Dos Hermanos);11/11/2011;Bi Anai (Dos Hermanos);37109.0;resuelto_titulo_unico;BI ANAI (DOS HERMANOS);2011.0;;IMANOL RAYO;1.0;;False
Viaje mas largo, El;28/09/2022;Viaje mas largo;136118.0;resuelto_anio_produccion_cercano;El viaje más largo;2020.0;;MANUEL H. MARTÍN;2.0;;False
Ciudad activa, La;11/05/2022;Ciudad activa;30720.0;resuelto_titulo_unico;LA CIUDAD ACTIVA;2021.0;;SERGIO SANUS VIDAL;1.0;;False
Benito Perez Buñuel;06/11/2022;Benito Perez Buñuel;180319.0;resuelto_titulo_unico;Benito Pérez Buñuel;2022.0;;LUIS ROCA;1.0;;False
Siglo de Galdos, El;30/10/2020;Siglo de Galdos;85119.0;resuelto_titulo_unico;El siglo de Galdós;2020.0;;MIGUEL ÁNGEL CALVO BUTTINI;1.0;;False
Peter Plan;24/03/2022;Peter Plan;67315.0;resuelto_titulo_unico;Peter Plan;2019.0;;JEAN CASTEJÓN GILABERT;1.0;;False
Niño gato, El;20/01/2022;Niño gato;183421.0;resuelto_titulo_unico;El Niño Gato;2021.0;;DIEGO LODEIROS;1.0;;False
Olvidados, Los;30/06/2022;Olvidados;210021.0;resuelto_anio_produccion_cercano;LOS OLVIDADOS;2021.0;;JOSEP FORTEZA-REY;22.0;;False
Mal de caña;10/04/2022;Mal de caña;189221.0;resuelto_titulo_unico;Mal de caña;2021.0;;JUAN A. ZAPATA;2.0;;False
Boton de Nacar, El;12/02/2016;Boton de Nacar;25114.0;resuelto_titulo_unico;BOTÓN DE NÁCAR, EL;2015.0;;PATRICIO GUZMÁN;1.0;;False
Migas de pan;07/12/2016;Migas de pan;60014.0;resuelto_titulo_unico;Migas de pan;2016.0;;MANANE RODRÍGUEZ;1.0;;False
Fusilados;10/05/2022;Fusilados;10522.0;resuelto_titulo_unico;Fusilados;2022.0;;MANUEL ROSSELL;3.0;;False
Si Talia fuera ciega;25/07/2022;Si Talia fuera ciega;205821.0;resuelto_titulo_unico;Si Talía fuera ciega;2022.0;;ANTONIO GIL APARICIO;1.0;;False
Carmen y Lola;07/09/2018;Carmen y Lola;62316.0;resuelto_titulo_unico;Carmen y Lola;2018.0;;ARANTXA ECHEVARRÍA;1.0;;False
Vilas y sus dobles;03/06/2022;Vilas y sus dobles;103521.0;resuelto_titulo_unico;Vilas y sus dobles;2022.0;;GERMÁN RODA;1.0;;False
En tierra extraña;23/02/2022;En tierra extraña;54413.0;resuelto_titulo_unico;EN TIERRA EXTRAÑA;2014.0;;ICÍAR BOLLAÍN;1.0;;False
Tacones sobre ruedas;16/12/2022;Tacones sobre ruedas;208122.0;resuelto_titulo_unico;TACONES SOBRE RUEDAS;2022.0;;PAU CANIVELL GÁMEZ;1.0;;False
Flores de otro mundo;28/05/1999;Flores de otro mundo;60598.0;resuelto_titulo_unico;Flores de otro mundo;1999.0;;ICIAR. BOLLAÍN;1.0;;False
Demas dias, Los;17/11/2017;Demas dias;58116.0;resuelto_titulo_unico;Los demás días;2017.0;;CARLOS AGULLÓ;1.0;;False
Gernika;09/09/2016;Gernika;92994.0;resuelto_titulo_unico;GERNIKA;1994.0;;IÑAKI ELIZALDE;8.0;;False
Antes de la quema;07/06/2019;Antes de la quema;133518.0;resuelto_titulo_unico;Antes de la quema;2019.0;;FERNANDO COLOMO;1.0;;False
Mais ca vida;23/11/2018;Mais ca vida;84118.0;resuelto_titulo_unico;MÁIS CA VIDA;2018.0;;RUBÉN RIÓS;1.0;;False
Universo Montesinos, El;02/12/2022;Universo Montesinos;86220.0;resuelto_titulo_unico;El universo Montesinos;2022.0;;ÁLEX QUIROGA;1.0;;False
Todos los nombres de Dios;15/09/2023;Todos los nombres de Dios;145221.0;resuelto_titulo_unico;Todos los nombres de Dios;2023.0;;DANIEL CALPARSORO;1.0;;False
Fatum;28/04/2023;Fatum;142421.0;resuelto_anio_produccion_cercano;FATUM;2022.0;;JUAN GALIÑANES;2.0;;False
Me he hecho viral;11/10/2023;Me he hecho viral;42922.0;resuelto_titulo_unico;ME HE HECHO VIRAL;2022.0;;JORGE COIRA;1.0;;False
Alimañas;27/10/2023;Alimañas;158921.0;resuelto_fecha_estreno_exacta;Alimañas;2023.0;27/10/2023;PEP ANTON GÓMEZ;8.0;;False
Mi soledad tiene alas;25/08/2023;Mi soledad tiene alas;50222.0;resuelto_titulo_unico;Mi soledad tiene alas;2023.0;;MARIO CASAS;1.0;;False
Maestro que prometio el mar, El;10/11/2023;Maestro que prometio el mar;156920.0;resuelto_titulo_unico;El maestro que prometió el mar;2023.0;;PATRICIA FONT;1.0;;False
Niña de la comunion, La;10/02/2023;Niña de la comunion;133621.0;resuelto_titulo_unico;La niña de la comunión;2022.0;;VÍCTOR GARCÍA;1.0;;False
Como Dios manda;02/06/2023;Como Dios manda;156421.0;resuelto_titulo_unico;Como Dios manda;2022.0;;PAZ JIMÉNEZ DÍAZ;1.0;;False
Hotel de los lios. Garcia y Garcia 2, El;24/03/2023;Hotel de los lios. Garcia y Garcia 2;130222.0;resuelto_titulo_unico;El hotel de los líos. García y García 2;2023.0;;ANA MURUGARREN;1.0;;False
Navidad en sus manos, La;01/12/2023;Navidad en sus manos;43322.0;resuelto_titulo_unico;La Navidad en sus manos;2023.0;;JOAQUÍN MAZÓN;1.0;;False
Mari(dos);10/03/2023;Mari(dos);156120.0;resuelto_titulo_unico;Mari(dos);2022.0;;LUCÍA ALEMANY;2.0;;False
Momias;24/02/2023;Momias;178819.0;resuelto_titulo_unico;Momias;2021.0;;"J. J. GARCÍA GALOCHA ""GALO""";18.0;;False
Vacaciones de verano;06/07/2023;Vacaciones de verano;192322.0;resuelto_anio_produccion_cercano;VACACIONES DE VERANO;2023.0;;SANTIAGO SEGURA;8.0;;False
Val del Omar, poeta audiovisual;19/12/2022;Val del Omar, poeta audiovisual;142922.0;resuelto_titulo_unico;Val del Omar, poeta audiovisual;2022.0;;JESÚS PONCE;1.0;;False
Ocho Apellidos Marroquis;01/12/2023;Ocho Apellidos Marroquis;158720.0;resuelto_titulo_unico;OCHO APELLIDOS MARROQUÍS;2023.0;;ÁLVARO FERNÁNDEZ - ARMERO;1.0;;False
A Dios pongo por testigo;09/03/2022;A Dios pongo por testigo;170622.0;resuelto_titulo_unico;A DIOS PONGO POR TESTIGO;2022.0;;MANUEL NECTOR YAÑEZ;1.0;;False
Último Fracaso, El;02/11/2018;Último Fracaso;175718.0;resuelto_titulo_unico;El último fracaso;2018.0;;ANTONIO AGUILAR VICENTE;1.0;;False
Entre dos aguas;30/11/2018;Entre dos aguas;83915.0;resuelto_titulo_unico;Entre dos aguas;2018.0;;ISAKI LACUESTA;1.0;;False
Vida sense la Sara Amat, La;12/07/2019;Vida sense la Sara Amat;70219.0;resuelto_titulo_unico;La vida sense la Sara Amat;2019.0;;LAURA JOU;1.0;;False
Isosceles;13/11/2022;Isosceles;522.0;resuelto_titulo_unico;Isósceles;2022.0;;IGNACIO NACHO;1.0;;False
Voces de una ciudad;15/11/2022;Voces de una ciudad;227721.0;resuelto_titulo_unico;VOCES DE UNA CIUDAD;2021.0;;CURRO SÁNCHEZ VARELA;1.0;;False
A Escondidas;10/10/2014;A Escondidas;95908.0;resuelto_titulo_unico;A ESCONDIDAS;2014.0;;MIKEL RUEDA;2.0;;False
Voz de Thais, La;16/03/2022;Voz de Thais;181821.0;resuelto_titulo_unico;La voz de Thaïs;2021.0;;DAVID CASALS-ROMA;1.0;;False
Cigueña de Burgos, La;28/06/2022;Cigueña de Burgos;163521.0;resuelto_titulo_unico;La cigüeña de Burgos;2021.0;;JOANA CONILL AMELIVIA;1.0;;False
No tengas miedo;29/04/2011;No tengas miedo;180910.0;resuelto_titulo_unico;NO TENGAS MIEDO;2011.0;;MONTXO ARMENDÁRIZ;6.0;;False
Lalla Aicha;16/12/2022;Lalla Aicha;178017.0;resuelto_titulo_unico;LALLA AICHA;2020.0;;MOHAMED EL BADAOUI;1.0;;False
2012 La revolucion que no fue;18/06/2022;2012 La revolucion que no fue;23722.0;resuelto_titulo_unico;2012 LA REVOLUCIÓN QUE NO FUE;2022.0;;VICENTE PÉREZ HERRERO;1.0;;False
Querido Fotogramas;05/10/2018;Querido Fotogramas;57417.0;resuelto_titulo_unico;Querido fotogramas;2018.0;;SERGIO OSKMAN;1.0;;False
Campeonex;18/08/2023;Campeonex;164322.0;resuelto_titulo_unico;CAMPEONEX;2023.0;;JAVIER FESSER;1.0;;False
Cancion a una dama en la sombra;26/10/2022;Cancion a una dama en la sombra;97420.0;resuelto_titulo_unico;Canción a una dama en la sombra;2022.0;;CAROLINA ASTUDILLO MUÑOZ;1.0;;False
Camino incierto;03/06/2022;Camino incierto;186119.0;resuelto_titulo_unico;Camino incierto;2020.0;;PAU GARCÍA PÉREZ DE LARA;1.0;;False
Corsarios;15/05/2015;Corsarios;47011.0;resuelto_titulo_unico;CORSARIOS;2015.0;;ARTURO DUEÑAS HERRERO;10.0;;False
Piel en llamas, La;27/05/2022;Piel en llamas;181020.0;resuelto_titulo_unico;La piel en llamas;2021.0;;DAVID MARTÍN-PORRAS;1.0;;False
[REC] Terror sin pausa;28/10/2022;[REC] Terror sin pausa;146022.0;resuelto_titulo_unico;[REC] Terror sin pausa;2022.0;;DIEGO LÓPEZ-FERNÁNDEZ;1.0;;False
Para entrar a vivir;04/11/2022;Para entrar a vivir;185022.0;resuelto_anio_produccion_cercano;Para entrar a vivir;2022.0;;PABLO ARAGÜÉS;2.0;;False
Rezador, El;08/04/2022;Rezador;91217.0;resuelto_titulo_unico;EL REZADOR;2021.0;;TITO JARA H.;1.0;;False
Lo que nunca te dije pero debería haberte dicho;17/11/2022;Lo que nunca te dije pero debería haberte dicho;23922.0;resuelto_titulo_unico;Lo que nunca te dije pero debería haberte dicho;2022.0;;JUANJO CASTRO;1.0;;False
Pijamas Espaciales;01/07/2022;Pijamas Espaciales;232321.0;resuelto_titulo_unico;Pijamas espaciales;2021.0;;CLARA MARTÍNEZ-LÁZARO;1.0;;False
Relatos salvajes;17/10/2014;Relatos salvajes;15913.0;resuelto_titulo_unico;RELATOS SALVAJES;2014.0;;DAMIÁN SZIFRÓN;1.0;;False
Petricor;26/07/2022;Petricor;12122.0;resuelto_titulo_unico;PETRICOR;2022.0;;VICTORIA MORELL SALOM;1.0;;False
Pessoas;18/03/2022;Pessoas;69217.0;resuelto_titulo_unico;Pessoas;2020.0;;ARTURO DUEÑAS;1.0;;False
Metamorphosis;20/10/2022;Metamorphosis;66218.0;resuelto_anio_produccion_cercano;Metamorphosis;2019.0;;JUANFRAN JACINTO;3.0;;False
Critico, El;07/10/2022;Critico;156322.0;resuelto_titulo_unico;EL CRÍTICO;2022.0;;JUAN ZAVALA AIZPURUA;7.0;;False
Camino a Chicuelo;14/12/2022;Camino a Chicuelo;145922.0;resuelto_titulo_unico;CAMINO A CHICUELO;2022.0;;LUÍS GIBERT;1.0;;False
Cami de Siurana;14/12/2022;Cami de Siurana;201922.0;resuelto_titulo_unico;CAMÍ DE SIURANA;2022.0;;ORIOL FERRER;1.0;;False
Lugares a los que nunca hemos ido;23/05/2022;Lugares a los que nunca hemos ido;148622.0;resuelto_titulo_unico;LUGARES A LOS QUE NUNCA HEMOS IDO;2022.0;;ROBERTO PÉREZ TOLEDO;1.0;;False
Carnaval de lo invisible, El;12/05/2022;Carnaval de lo invisible;41922.0;resuelto_titulo_unico;EL CARNAVAL DE LO INVISIBLE;2022.0;;JAIME ROLDÁN;1.0;;False
Color del cielo, El;21/10/2022;Color del cielo;51821.0;resuelto_titulo_unico;El color del cielo;2022.0;;JOAN-MARC ZAPATA;1.0;;False
Robin Bank;23/09/2022;Robin Bank;61719.0;resuelto_titulo_unico;Robin Bank;2022.0;;ANNA GIRALT GRIS;1.0;;False
Devolvendo o golpe;13/05/2022;Devolvendo o golpe;231721.0;resuelto_titulo_unico;Devolvendo o golpe;2022.0;;CARLOS PRADO PAMPÍN;1.0;;False
El Bosco. El jardin de los sueños;09/06/2016;El Bosco. El jardin de los sueños;59915.0;resuelto_titulo_unico;El Bosco. El jardín de los sueños;2016.0;;JOSÉ LUIS LÓPEZ-LINARES;1.0;;False
Gesto;22/11/2022;Gesto;174122.0;resuelto_titulo_unico;GESTO;2022.0;;XUBAN INTXAUSTI;7.0;;False
Sueño del oro negro, El;25/04/2022;Sueño del oro negro;108119.0;resuelto_titulo_unico;El sueño del oro negro;2021.0;;MAGDA CALABRESE;1.0;;False
Secreto de Ibosim, El;21/10/2020;Secreto de Ibosim;177818.0;resuelto_titulo_unico;El secreto de Ibosim;2020.0;;MIGUEL ÁNGEL TOBÍAS;1.0;;False
918 gau;30/09/2022;918 gau;191118.0;resuelto_titulo_unico;918 GAU;2021.0;;ARANTZA SANTESTEBAN PÉREZ;1.0;;False
Oswald. El falsificador;30/09/2022;Oswald. El falsificador;107421.0;resuelto_titulo_unico;OSWALD. EL FALSIFICADOR;2022.0;;KIKE MAÍLLO;1.0;;False
Mancha negra, La;25/02/2022;Mancha negra;69806.0;resuelto_titulo_unico;La mancha negra;2020.0;;ENRIQUE GARCÍA;1.0;;False
Virgen roja, La;15/01/2022;Virgen roja;120724.0;resuelto_anio_produccion_cercano;La virgen roja;2024.0;;PAULA ORTIZ;2.0;;False
Matadero;09/12/2022;Matadero;62018.0;resuelto_anio_estreno_ficha;Matadero;2022.0;29/11/2022;SANTIAGO FILLOL;9.0;;False
Eles Transportan a Morte;13/05/2022;Eles Transportan a Morte;81018.0;resuelto_titulo_unico;Eles transportan a morte;2021.0;;SAMUEL M. DELGADO;1.0;;False
Caribe, todo incluido;12/08/2022;Caribe, todo incluido;84417.0;resuelto_titulo_unico;CARIBE, TODO INCLUIDO;2019.0;;MIGUEL GARCÍA DE LA CALERA;1.0;;False
Sesion Salvaje;13/12/2019;Sesion Salvaje;163519.0;resuelto_titulo_unico;Sesión Salvaje;2019.0;;PACO LIMÓN;1.0;;False
Beiras. Vivir 2 veces;04/02/2022;Beiras. Vivir 2 veces;181221.0;resuelto_titulo_unico;Beiras. Vivir 2 Veces;2021.0;;JORGE COIRA;1.0;;False
Tambien la lluvia;05/01/2011;Tambien la lluvia;173609.0;resuelto_titulo_unico;TAMBIÉN LA LLUVIA;2010.0;;ICIAR BOLLAÍN;1.0;;False
Urak Aske;10/03/2022;Urak Aske;98319.0;resuelto_titulo_unico;URAK ASKE;2022.0;;BEGO ZUBIA GALLASTEGI;1.0;;False
Barcelona blues;13/10/2022;Barcelona blues;195721.0;resuelto_titulo_unico;BARCELONA BLUES;2021.0;;ENRIQUE BARBERÁ PEREGRINA;1.0;;False
Mecanismo invisible, El;01/07/2022;Mecanismo invisible;92722.0;resuelto_titulo_unico;El mecanismo invisible;2022.0;;RUBÉN CASAS OCHÉ;1.0;;False
Matando el tiempo;28/10/2022;Matando el tiempo;148822.0;resuelto_titulo_unico;Matando el tiempo;2022.0;;NORBERTO RAMOS DEL VAL;1.0;;False
Me cuesta hablar de mi;03/03/2022;Me cuesta hablar de mi;59521.0;resuelto_titulo_unico;Me cuesta hablar de mí;2021.0;;CHEMA DE LA PEÑA;1.0;;False
12 Palabras;24/06/2022;12 Palabras;142121.0;resuelto_titulo_unico;12 palabras;2022.0;;JUAN A. ANGUITA;1.0;;False
Pena capital;17/09/2022;Pena capital;123022.0;resuelto_titulo_unico;Pena Capital;2022.0;;JORGE CEBRIAN;1.0;;False
Estos muros;09/04/2022;Estos muros;154721.0;resuelto_titulo_unico;ESTOS MUROS;2022.0;;ALBERTO PASCUAL RODRÍGUEZ;2.0;;False
Querian enterrarnos pero no sabian que eramos semillas;08/12/2022;Querian enterrarnos pero no sabian que eramos semillas;153122.0;resuelto_titulo_unico;QUERÍAN ENTERRARNOS PERO NO SABÍAN QUE ÉRAMOS SEMILLAS;2022.0;;RICHARD ZUBELZU;1.0;;False
Vida Chipen, La;27/05/2022;Vida Chipen;94219.0;resuelto_titulo_unico;La vida chipén;2021.0;;VANESA BENÍTEZ ZAMORA;1.0;;False
Olivo, El;06/05/2016;Olivo;21915.0;resuelto_anio_estreno_ficha;El Olivo;2016.0;03/05/2016;ICIAR BOLLAIN;9.0;;False
Un film dans les reves;11/02/2022;Un film dans les reves;166321.0;resuelto_titulo_unico;Un film dans les rêves;2021.0;;FRANCESC ALARCÓN;1.0;;False
Baila con el corazon;20/02/2022;Baila con el corazon;9120.0;resuelto_titulo_unico;Baila con el corazón;2020.0;;ALFONSO CHAVES LEÓN;1.0;;False
Primos;04/02/2011;Primos;106910.0;resuelto_anio_produccion_cercano;PRIMOS;2011.0;;DANIEL SÁNCHEZ ARÉVALO;12.0;;False
Cinema que no veiem, El;14/12/2022;Cinema que no veiem;175919.0;resuelto_titulo_unico;El cinema que no veiem;2020.0;;MARC FÀBREGAS;1.0;;False
Tirabeque, El;25/11/2022;Tirabeque;167022.0;resuelto_titulo_unico;EL TIRABEQUE;2022.0;;DARÍO AUTRÁN;1.0;;False
Vida mas larga, La;24/05/2022;Vida mas larga;188120.0;resuelto_titulo_unico;La vida más larga;2022.0;;DAVID VALERO;1.0;;False
Mario Camus segun el cine;26/10/2022;Mario Camus segun el cine;103421.0;resuelto_titulo_unico;MARIO CAMUS SEGUN EL CINE;2022.0;;SIGFRID MONLEÓN;1.0;;False
Luz con el tiempo dentro, La;06/03/2015;Luz con el tiempo dentro;51508.0;resuelto_titulo_unico;LUZ CON EL TIEMPO DENTRO, LA;2014.0;;ANTONIO GONZALO GARCÍA;1.0;;False
Estado impuro;05/01/2022;Estado impuro;197018.0;resuelto_titulo_unico;ESTADO IMPURO;2020.0;;ARTURO PRINS;1.0;;False
Odisea de Vasi, La;06/03/2022;Odisea de Vasi;41119.0;resuelto_titulo_unico;La odisea de Vasi;2020.0;;VASILEOS PAPATHEOCHARIS;1.0;;False
Escribir lo imposible;12/05/2022;Escribir lo imposible;183621.0;resuelto_titulo_unico;Escribir lo imposible;2021.0;;SIMONE G. SAIBENE;1.0;;False
Visita y un Jardín Secreto, La;25/11/2022;Visita y un Jardín Secreto;43216.0;resuelto_titulo_unico;La Visita y Un Jardín secreto;2021.0;;IRENE M. BORREGO;1.0;;False
9 Fugas;11/03/2022;9 Fugas;121819.0;resuelto_titulo_unico;9 Fugas;2021.0;;FON CORTIZO;1.0;;False
Buscando la pelicula (Verano 2020);29/07/2022;Buscando la pelicula (Verano 2020);54422.0;resuelto_titulo_unico;Buscando la película (verano 2020);2022.0;;ENRIQUE GARCÍA-VÁZQUEZ;1.0;;False
Persiguiendo el limite;09/06/2022;Persiguiendo el limite;39022.0;resuelto_titulo_unico;Persiguiendo el Límite;2022.0;;ESTHER DÍAZ;1.0;;False
Corazon de Europa, El;27/05/2022;Corazon de Europa;26122.0;resuelto_titulo_unico;El corazón de Europa;2022.0;;JUAN PINZÁS;1.0;;False
Verano 1993;30/06/2017;Verano 1993;48215.0;resuelto_titulo_unico;Verano 1993;2017.0;;CARLA SIMÓN;1.0;;False
Katmandu, un espejo en el cielo;03/02/2012;Katmandu, un espejo en el cielo;81510.0;resuelto_titulo_unico;KATMANDÚ, UN ESPEJO EN EL CIELO;2011.0;;ICIAR BOLLAIN;1.0;;False
Irati;24/02/2023;Irati;65019.0;resuelto_titulo_unico;Irati;2022.0;;PAUL URKIJO ALIJO;1.0;;False
Silla de Fernando, La;24/11/2006;Silla de Fernando;142106.0;resuelto_titulo_unico;silla de Fernando, La;2006.0;;LUIS ALEGRE;1.0;;False
Dantza;21/12/2018;Dantza;65415.0;resuelto_titulo_unico;Dantza;2018.0;;TELMO ESNAL ILLARRAMENDI;4.0;;False
Cartas mojadas;09/10/2020;Cartas mojadas;55417.0;resuelto_titulo_unico;Cartas mojadas;2020.0;;PAULA PALACIOS CASTAÑO;1.0;;False
Finlandia;10/11/2021;Finlandia;51119.0;resuelto_titulo_unico;Finlandia;2021.0;;HORACIO ALCALÁ;3.0;;False
Mendian Hil, Hirian Hil;12/03/2021;Mendian Hil, Hirian Hil;17021.0;resuelto_titulo_unico;Mendian Hil, Hirian Hil;2021.0;;IÑAKI PEÑA;1.0;;False
Zurbaran y sus doce hijos;06/11/2020;Zurbaran y sus doce hijos;159920.0;override_manual;;;;;;;False
Wojtyla. La Investigacion;14/08/2020;Wojtyla. La Investigacion;62420.0;override_manual;;;;;;;False
Eso que tu me das;30/09/2020;Eso que tu me das;146620.0;override_manual;;;;;;;False
¿Que hicimos mal?;10/12/2021;¿Que hicimos mal?;57016.0;override_manual;;;;;;;False
Album de posguerra;05/05/2021;Album de posguerra;95219.0;override_manual;;;;;;;False
Olvido y Leon;26/03/2021;Olvido y Leon;114718.0;override_manual;;;;;;;False
Antonio Machado. Los dias azules;04/12/2020;Antonio Machado. Los dias azules;120618.0;override_manual;;;;;;;False
Maria Solinha;26/11/2021;Maria Solinha;85219.0;override_manual;;;;;;;False
Negro Purpura;24/09/2021;Negro Purpura;60421.0;override_manual;;;;;;;False
Mia y Moi;21/05/2021;Mia y Moi;17721.0;override_manual;;;;;;;False
Cronica de una tormenta;30/04/2021;Cronica de una tormenta;50217.0;override_manual;;;;;;;False
Quien lo impide;22/10/2021;Quien lo impide;1517.0;override_manual;;;;;;;False
Destello bravio;18/06/2021;Destello bravio;64819.0;override_manual;;;;;;;False
Tierra Santa, El ultimo peregrino;21/05/2021;Tierra Santa, El ultimo peregrino;16021.0;override_manual;;;;;;;False
Espiritu sagrado;26/11/2021;Espiritu sagrado;83519.0;override_manual;;;;;;;False
100 dias con la Tata;29/12/2021;100 dias con la Tata;141920.0;override_manual;;;;;;;False
Un efecto optico;26/03/2021;Un efecto optico;53515.0;override_manual;;;;;;;False
Erase una vez en Euskadi;29/10/2021;Erase una vez en Euskadi;158719.0;override_manual;;;;;;;False
Medjugorje, la pelicula;01/10/2021;Medjugorje, la pelicula;155521.0;override_manual;;;;;;;False
España, la primera globalizacion;15/10/2021;España, la primera globalizacion;183321.0;override_manual;;;;;;;False
Mama o Papa;17/12/2021;Mama o Papa;53020.0;override_manual;;;;;;;False
Operacion Camaron;24/06/2021;Operacion Camaron;56519.0;override_manual;;;;;;;False
Traidores;26/03/2021;Traidores;77619.0;resuelto_anio_produccion_cercano;Traidores;2021.0;;JON VIAR;8.0;;False
Voz humana, La;21/10/2020;Voz humana;66820.0;resuelto_anio_produccion_cercano;La voz humana;2020.0;;PEDRO ALMODÓVAR;3.0;;False
Nur y el templo del dragon;02/06/2017;Nur y el templo del dragon;43412.0;resuelto_titulo_unico;Nur y el templo del dragón;2017.0;;JUANBA BERASATEGUI;1.0;;False
Rey de todo el mundo, El;12/11/2021;Rey de todo el mundo;29319.0;resuelto_titulo_unico;El rey de todo el mundo;2021.0;;CARLOS SAURA;1.0;;False
Urtzen;22/04/2021;Urtzen;147620.0;resuelto_titulo_unico;Urtzen;2020.0;;TELMO ESNAL;1.0;;False
Padre no hay mas que uno 2: La llegada de la suegra;29/07/2020;Padre no hay mas que uno 2: La llegada de la suegra;159119.0;resuelto_titulo_unico;Padre no hay más que uno 2: La llegada de la suegra;2020.0;;SANTIAGO SEGURA;1.0;;False
Primera mujer, La;10/12/2021;Primera mujer;95019.0;resuelto_titulo_unico;La primera mujer;2021.0;;MIQUEL EEK;4.0;;False
Enero;28/09/2020;Enero;153317.0;resuelto_titulo_unico;Enero;2018.0;;IONE ATENEA;16.0;;False
Carceller. El hombre que murio dos veces;18/11/2021;Carceller. El hombre que murio dos veces;205318.0;resuelto_titulo_unico;Carceller. El hombre que murió dos veces;2021.0;;RICARDO MACIÁN;1.0;;False
Ombligo;25/06/2021;Ombligo;13821.0;resuelto_titulo_unico;Ombligo;2021.0;;JOSE VAL BAL;2.0;;False
Invisibles;06/03/2020;Invisibles;59816.0;resuelto_anio_produccion_cercano;Invisibles;2019.0;;GRACIA QUEREJETA;20.0;;False
Astrid;27/02/2021;Astrid;195420.0;resuelto_anio_produccion_cercano;Astrid;2020.0;;MARC GALVER LACRUZ;5.0;;False
Sedimentos;05/11/2021;Sedimentos;105820.0;resuelto_titulo_unico;Sedimentos;2021.0;;ADRIÁN SILVESTRE;1.0;;False
Aczion;04/11/2021;Aczion;174321.0;resuelto_titulo_unico;Aczion;2021.0;;BRUNO MARTÍN OJEDA;1.0;;False
Lobster Soup;21/10/2020;Lobster Soup;113518.0;resuelto_titulo_unico;Lobster Soup;2020.0;;RAFA MOLÉS;1.0;;False
Viajante, La;02/07/2021;Viajante;112521.0;resuelto_titulo_unico;La viajante;2021.0;;MIGUEL MEJÍAS;8.0;;False
Padre no hay mas que uno;01/08/2019;Padre no hay mas que uno;180018.0;resuelto_anio_produccion_cercano;Padre no hay más que uno;2019.0;;SANTIAGO SEGURA;6.0;;False
Acordes de la memoria, Los;30/05/2021;Acordes de la memoria;142819.0;resuelto_titulo_unico;LOS ACORDES DE LA MEMORIA;2021.0;;FERNANDO VERA;1.0;;False
A este lado del mundo;25/09/2020;A este lado del mundo;23020.0;resuelto_titulo_unico;A este lado del mundo;2020.0;;DAVID TRUEBA;1.0;;False
Ultima primavera, La;31/03/2021;Ultima primavera;21405.0;resuelto_titulo_unico;ULTIMA PRIMAVERA, LA;2004.0;;CHARLES DANCE;4.0;;False
Victoria 2030;09/05/2021;Victoria 2030;54220.0;resuelto_titulo_unico;Victoria 2030;2021.0;;MANUEL SERRANO;1.0;;False
Ultima cena, La;10/12/2021;Ultima cena;26421.0;resuelto_fecha_estreno_exacta;LA ÚLTIMA CENA;2021.0;10/12/2021;MARÍA S. TORREGROSA;9.0;;False
Descubriendo a Jose Padilla;29/12/2020;Descubriendo a Jose Padilla;49116.0;resuelto_titulo_unico;Descubriendo a José Padilla;2020.0;;MARTA FIGUERAS;1.0;;False
Tristesse;29/01/2021;Tristesse;1421.0;resuelto_titulo_unico;Tristesse;2021.0;;EMILIO RUIZ BARRACHINA;3.0;;False
Magaluf Ghost Town;26/11/2021;Magaluf Ghost Town;86519.0;resuelto_titulo_unico;Magaluf Ghost Town;2021.0;;MIGUEL ÁNGEL BLANCA;1.0;;False
Callejeras;08/10/2021;Callejeras;19220.0;resuelto_titulo_unico;Callejeras;2021.0;;SILVIA MORENO;7.0;;False
A este lado de la carretera;03/12/2021;A este lado de la carretera;150017.0;resuelto_titulo_unico;A este lado de la carretera;2021.0;;JOSÉ ANTONIO HERGUETA;1.0;;False
Gallina Turuleca, La;01/01/2020;Gallina Turuleca;101817.0;resuelto_titulo_unico;La gallina Turuleca;2019.0;;EDUARDO GONDELL;1.0;;False
Periferia;09/06/2021;Periferia;56717.0;resuelto_titulo_unico;Perifèria;2019.0;;XAVIER ESTEBAN;1.0;;False
Arcadeología;29/07/2021;Arcadeología;40721.0;resuelto_titulo_unico;Arcadeología;2021.0;;MARIO-PAUL MARTÍNEZ;1.0;;False
Una luz en la oscuridad;22/01/2021;Una luz en la oscuridad;150917.0;resuelto_titulo_unico;Una luz en la oscuridad;2020.0;;JOSÉ MARÍA BORRELL BALSELLS;4.0;;False
Precio del progreso, El;16/10/2020;Precio del progreso;124318.0;resuelto_titulo_unico;El precio del progreso;2020.0;;VÍCTOR LUENGO;1.0;;False
Fantasia de juventud;04/12/2020;Fantasia de juventud;25321.0;resuelto_titulo_unico;FANTASÍA DE JUVENTUD;2021.0;;JAUME SUCARRATS;1.0;;False
Cuarto de Mona, El;19/11/2021;Cuarto de Mona;193821.0;resuelto_titulo_unico;El cuarto de Mona;2021.0;;DARÍO AUTRÁN;1.0;;False
A media voz;18/12/2020;A media voz;49318.0;resuelto_anio_produccion_cercano;A media voz;2019.0;;HEIDI VILLATE HASSAN;2.0;;False
Este amor es de otro planeta;31/03/2021;Este amor es de otro planeta;75818.0;resuelto_titulo_unico;Este amor es de otro planeta;2019.0;;DANIEL DIOSDADO;1.0;;False
Arte de volver, El;11/12/2020;Arte de volver;23420.0;resuelto_titulo_unico;El Arte de Volver;2020.0;;PEDRO COLLANTES;1.0;;False
¡Corten!;31/10/2021;¡Corten!;120021.0;resuelto_titulo_unico;¡Corten!;2021.0;;MARC FERRER;3.0;;False
Claret;24/09/2021;Claret;168820.0;resuelto_titulo_unico;CLARET;2020.0;;PABLO MORENO;4.0;;False
Sentimental;30/10/2020;Sentimental;177718.0;resuelto_titulo_unico;Sentimental;2020.0;;CESC GAY;9.0;;False
Non Dago Mikel?;26/02/2021;Non Dago Mikel?;5521.0;resuelto_titulo_unico;Non Dago Mikel?;2021.0;;AMAIA MERINO;1.0;;False
Inconveniente, El;18/12/2020;Inconveniente;61017.0;resuelto_titulo_unico;El Inconveniente;2020.0;;BERNABÉ RICO;2.0;;False
Sevillanas de Brooklyn;17/09/2021;Sevillanas de Brooklyn;178718.0;resuelto_titulo_unico;Sevillanas de Brooklyn;2020.0;;VICENTE VILLANUEVA;1.0;;False
Lodo, El;10/12/2021;Lodo;86919.0;resuelto_titulo_unico;EL LODO;2021.0;;IÑAKI SÁNCHEZ ARRIETA;8.0;;False
Sustituto, El;29/10/2021;Sustituto;156419.0;resuelto_anio_produccion_cercano;El sustituto;2020.0;;ÓSCAR AIBAR;4.0;;False
Con quién viajas;10/09/2021;Con quién viajas;3920.0;resuelto_titulo_unico;Con quién viajas;2021.0;;MARTÍN CUERVO;1.0;;False
Casa del caracol, La;11/06/2021;Casa del caracol;152819.0;resuelto_titulo_unico;La casa del caracol;2020.0;;MACARENA ASTORGA;1.0;;False
Amanece en Calcuta;16/04/2021;Amanece en Calcuta;29621.0;resuelto_titulo_unico;Amanece en Calcuta;2021.0;;JOSÉ MARÍA ZAVALA;1.0;;False
Agente Topo, El;18/03/2021;Agente Topo;207417.0;resuelto_titulo_unico;El Agente Topo;2020.0;;MAITE ALBERDI;1.0;;False
Verano que vivimos, El;04/12/2020;Verano que vivimos;145419.0;resuelto_titulo_unico;El verano que vivimos;2020.0;;CARLOS SEDES;1.0;;False
Donde caben dos;30/07/2021;Donde caben dos;157619.0;resuelto_titulo_unico;Donde caben dos;2020.0;;PACO CABALLERO;1.0;;False
Cuidado con lo que deseas;12/11/2021;Cuidado con lo que deseas;141621.0;resuelto_titulo_unico;Cuidado con lo que deseas;2021.0;;FERNANDO COLOMO;2.0;;False
Chavalas;03/09/2021;Chavalas;114618.0;resuelto_titulo_unico;Chavalas;2020.0;;CAROLINA RODRÍGUEZ COLÁS;1.0;;False
Cuñados;09/04/2021;Cuñados;84419.0;resuelto_anio_produccion_cercano;Cuñados;2021.0;;TOÑO LÓPEZ;4.0;;False
Poliamor para principiantes;21/05/2021;Poliamor para principiantes;68920.0;resuelto_titulo_unico;Poliamor para principiantes;2021.0;;FERNANDO COLOMO;1.0;;False
Tengamos la fiesta en Paz;03/12/2021;Tengamos la fiesta en Paz;135821.0;resuelto_titulo_unico;Tengamos la Fiesta en Paz;2021.0;;JUAN MANUEL COTELO;1.0;;False
Niñas, Las;04/09/2020;Niñas;51917.0;resuelto_titulo_unico;Las niñas;2019.0;;PILAR PALOMERO;16.0;;False
Pan de limón con semillas de amapola;12/11/2021;Pan de limón con semillas de amapola;155119.0;resuelto_titulo_unico;Pan de limón con semillas de amapola;2021.0;;BENITO ZAMBRANO;1.0;;False
Leyes de la frontera, Las;08/10/2021;Leyes de la frontera;143020.0;resuelto_titulo_unico;Las Leyes de la Frontera;2021.0;;DANIEL MONZÓN;1.0;;False
Descarrilados;20/08/2021;Descarrilados;158919.0;resuelto_titulo_unico;Descarrilados;2020.0;;FER GARCÍA-RUIZ;1.0;;False
Hasta el cielo;18/12/2020;Hasta el cielo;178918.0;resuelto_titulo_unico;Hasta el cielo;2020.0;;DANIEL CALPARSORO;2.0;;False
García y García;27/08/2021;García y García;158619.0;resuelto_titulo_unico;García y García;2020.0;;ANA MURUGARREN;2.0;;False
Familia perfecta, La;03/12/2021;Familia perfecta;157419.0;resuelto_titulo_unico;La familia perfecta;2021.0;;ARANTXA ECHEVARRÍA;2.0;;False
Madres paralelas;08/10/2021;Madres paralelas;151020.0;resuelto_titulo_unico;Madres paralelas;2021.0;;PEDRO ALMODÓVAR;1.0;;False
Maixabel;24/09/2021;Maixabel;157320.0;resuelto_titulo_unico;Maixabel;2021.0;;ICIAR BOLLAIN;1.0;;False
Dardara;18/03/2021;Dardara;114020.0;resuelto_titulo_unico;Dardara;2021.0;;MARINA LAMEIRO;1.0;;False
Boda de Rosa, La;21/08/2020;Boda de Rosa;138919.0;resuelto_titulo_unico;La boda de Rosa;2020.0;;ICIAR BOLLAIN;1.0;;False
Nora;03/09/2021;Nora;39919.0;resuelto_anio_estreno_ficha;Nora;2021.0;31/08/2021;LARA IZAGIRRE;15.0;;False
Club del paro, El;17/09/2021;Club del paro;38421.0;resuelto_titulo_unico;El club del paro;2021.0;;DAVID MARQUÉS;1.0;;False
7 Lagos, 7 Vidas;23/07/2021;7 Lagos, 7 Vidas;130921.0;resuelto_titulo_unico;7 lagos, 7 vidas;2021.0;;VÍCTOR ESCRIBANO;1.0;;False
Uno para todos;18/09/2020;Uno para todos;120318.0;resuelto_anio_produccion_cercano;Uno para todos;2019.0;;DAVID ILUNDAIN;13.0;;False
Gran Camino, El;25/06/2021;Gran Camino;129121.0;resuelto_titulo_unico;El Gran Camino;2021.0;;ALBA PROL CID;2.0;;False
Bienvenidos a España;18/06/2021;Bienvenidos a España;128318.0;resuelto_titulo_unico;Bienvenidos a España;2021.0;;JUAN ANTONIO MORENO;1.0;;False
Caminho Longe;22/01/2021;Caminho Longe;195520.0;resuelto_titulo_unico;Caminho Longe;2021.0;;JOSU MARTÍNEZ;1.0;;False
Surcos;28/05/2021;Surcos;173719.0;resuelto_anio_produccion_cercano;Surcos;2020.0;;JULIO MAZARICO;3.0;;False
Aita Mari;03/12/2021;Aita Mari;192221.0;resuelto_titulo_unico;Aita Mari;2021.0;;JAVI JULIO;1.0;;False
Fantasma de la Sauna, El;19/11/2021;Fantasma de la Sauna;155921.0;resuelto_titulo_unico;El Fantasma de la Sauna;2021.0;;LUIS NAVARRETE;1.0;;False
Historias lamentables;11/06/2021;Historias lamentables;152319.0;resuelto_titulo_unico;Historias lamentables;2020.0;;JAVIER FESSER;1.0;;False
Natura Bizia;16/04/2021;Natura Bizia;62917.0;resuelto_titulo_unico;Natura Bizia;2021.0;;LEXEIA LARRAÑAGA;1.0;;False
Quince;20/03/2021;Quince;26196.0;resuelto_titulo_unico;Quince;1997.0;;FRANCISCO. RODRÍGUEZ FERNÁNDEZ;24.0;;False
Karen;04/06/2021;Karen;64217.0;resuelto_titulo_unico;Karen;2019.0;;MARÍA PÉREZ SANZ;19.0;;False
My Mexican Bretzel;11/12/2020;My Mexican Bretzel;94620.0;resuelto_titulo_unico;My Mexican Bretzel;2020.0;;NURIA GIMÉNEZ;1.0;;False
Mr. Hand Solo;26/03/2021;Mr. Hand Solo;165919.0;resuelto_titulo_unico;MR. HAND SOLO;2020.0;;HÉCTOR ROMANCE;1.0;;False
Panteras;05/11/2021;Panteras;206318.0;resuelto_titulo_unico;Panteras;2021.0;;ANDONI CANELA URIZAR;5.0;;False
Año del descubrimiento, El;13/11/2020;Año del descubrimiento;60617.0;resuelto_titulo_unico;El año del descubrimiento;2019.0;;LUIS LÓPEZ CARRASCO;1.0;;False
Valentina;10/12/2021;Valentina;82819.0;resuelto_anio_produccion_cercano;Valentina;2021.0;;CHELO LOUREIRO;11.0;;False
Hombre muerto no sabe vivir;02/07/2021;Hombre muerto no sabe vivir;133321.0;resuelto_titulo_unico;Hombre muerto no sabe vivir;2021.0;;EZEKIEL MONTES;1.0;;False
Sueño de Sigena, El;09/11/2021;Sueño de Sigena;81419.0;resuelto_titulo_unico;El sueño de Sigena;2021.0;;JESÚS GARCÉS LAMBERT;1.0;;False
Consecuencias, Las;17/09/2021;Consecuencias;53318.0;resuelto_anio_estreno_ficha;Las consecuencias;2021.0;13/09/2021;CLAUDIA PINTO EMPERADOR;5.0;;False
Josefina;05/11/2021;Josefina;125718.0;resuelto_titulo_unico;Josefina;2021.0;;JAVIER MARCO;5.0;;False
Solo una vez;11/06/2021;Solo una vez;16720.0;resuelto_titulo_unico;Solo una vez;2021.0;;GUILLERMO RÍOS;7.0;;False
Año de la furia, El;28/05/2021;Año de la furia;122910.0;resuelto_titulo_unico;El año de la furia;2020.0;;RAFAEL RUSSO;1.0;;False
Akelarre;02/10/2020;Akelarre;123717.0;resuelto_anio_produccion_cercano;Akelarre;2020.0;;PABLO AGÜERO;5.0;;False
Vampira de Barcelona, La;04/12/2020;Vampira de Barcelona;106918.0;resuelto_titulo_unico;La vampira de Barcelona;2020.0;;LLUÍS DANÉS;1.0;;False
Ane;16/10/2020;Ane;68417.0;resuelto_titulo_unico;Ane;2018.0;;DAVID PÉREZ SAÑUDO;24.0;;False
Nieva en Benidorm;11/12/2020;Nieva en Benidorm;157519.0;resuelto_titulo_unico;Nieva en Benidorm;2020.0;;ISABEL COIXET;1.0;;False
Vida era eso, La;10/12/2021;Vida era eso;157911.0;resuelto_titulo_unico;La vida era eso;2020.0;;DAVID MARTÍN DE LOS SANTOS;1.0;;False
Ons;18/12/2020;Ons;82717.0;resuelto_titulo_unico;Ons;2020.0;;ALFONSO ZARAUZA;7.0;;False
75 dias;31/05/2021;75 dias;180521.0;resuelto_titulo_unico;75 días;2021.0;;M. A. ROMERO;1.0;;False
Trinchera infinita, La;31/10/2019;Trinchera infinita;88117.0;resuelto_titulo_unico;La trinchera infinita;2019.0;;JOSE MARI GOENAGA;1.0;;False
Posidonia;19/11/2021;Posidonia;43619.0;resuelto_titulo_unico;Posidonia;2021.0;;ADÁN ALIAGA;1.0;;False
Generacion silenciosa, La;10/09/2021;Generacion silenciosa;100421.0;resuelto_titulo_unico;La Generación Silenciosa;2021.0;;FERRÁN NAVARRO-BELTRÁN;1.0;;False
Tierra de leche y miel;31/07/2021;Tierra de leche y miel;89318.0;resuelto_titulo_unico;Tierra de leche y miel;2020.0;;HÉCTOR DOMÍNGUEZ-VIGUERA;1.0;;False
Zumiriki;02/10/2020;Zumiriki;149119.0;resuelto_titulo_unico;Zumiriki;2019.0;;OSKAR ALEGRÍA;1.0;;False
Buñuel en el laberinto de las tortugas;26/04/2019;Buñuel en el laberinto de las tortugas;66116.0;resuelto_titulo_unico;Buñuel en el laberinto de las tortugas;2019.0;;SALVADOR SIMÓ;2.0;;False
Mimosas;04/01/2017;Mimosas;196311.0;resuelto_anio_produccion_cercano;Mimosas;2016.0;;OLIVER LAXE;2.0;;False
Escritor de un pais sin librerias, El;11/12/2019;Escritor de un pais sin librerias;127019.0;resuelto_titulo_unico;El escritor de un país sin librerías;2019.0;;MARC SERENA;1.0;;False
Notas de soledad;05/11/2021;Notas de soledad;122621.0;resuelto_titulo_unico;Notas de soledad;2021.0;;NICOLÁS MUÑOZ AVIA;1.0;;False
Cancion sin nombre;02/10/2020;Cancion sin nombre;21415.0;resuelto_titulo_unico;Canción sin nombre;2018.0;;MELINA LEÓN;1.0;;False
A contracorriente;29/09/2021;A contracorriente;152421.0;resuelto_titulo_unico;A contracorriente;2021.0;;RICHARD ZUBELZU;3.0;;False
Isla de las mentiras, La;02/10/2020;Isla de las mentiras;35518.0;resuelto_titulo_unico;La isla de las mentiras;2020.0;;PAULA CONS;1.0;;False
Olvido esta lleno de memoria, El;09/04/2021;Olvido esta lleno de memoria;182823.0;resuelto_titulo_unico;EL OLVIDO ESTÁ LLENO DE MEMORIA;2023.0;;ISABEL MARTÍNEZ DE ARAGÓN;1.0;;False
Cholitas;24/01/2020;Cholitas;176818.0;resuelto_titulo_unico;Cholitas;2019.0;;PABLO IRABURU;1.0;;False
Colza, Lo Invisible;07/06/2021;Colza, Lo Invisible;128721.0;resuelto_titulo_unico;Colza, Lo Invisible;2021.0;;ALBERTO RULL;1.0;;False
¡Ni te me acerques!;13/11/2020;¡Ni te me acerques!;76420.0;resuelto_titulo_unico;¡Ni te me acerques!;2020.0;;NORBERTO RAMOS DEL VAL;1.0;;False
Covid-19, la historia de nuestros heroes;12/12/2021;Covid-19, la historia de nuestros heroes;34621.0;resuelto_titulo_unico;Covid-19, la historia de nuestros héroes;2021.0;;MIGUEL VIZCAÍNO PELLICER;1.0;;False
Donde acaba la memoria;04/09/2021;Donde acaba la memoria;173221.0;resuelto_titulo_unico;Donde acaba la memoria;2022.0;;PABLO ROMERO-FRESCO;1.0;;False
Cerro de los Dioses, El;30/10/2020;Cerro de los Dioses;58318.0;resuelto_titulo_unico;El cerro de los dioses;2019.0;;DANIEL M. CANEIRO;1.0;;False
Herederas;28/08/2021;Herederas;11121.0;resuelto_anio_estreno_ficha;HEREDERAS;2021.0;26/08/2021;CARLOS MARBÁN;6.0;;False
Dulce sabor del limon, El;06/12/2018;Dulce sabor del limon;86317.0;resuelto_titulo_unico;El dulce sabor del limón;2018.0;;DAVID AYMERICH;1.0;;False
Vampus Horror Tales;26/11/2020;Vampus Horror Tales;19920.0;resuelto_titulo_unico;Vampus Horror Tales;2020.0;;MANUEL MARTÍNEZ VELASCO;1.0;;False
Guerra oculta de Franco, La;25/02/2021;Guerra oculta de Franco;189820.0;resuelto_titulo_unico;La guerra oculta de Franco;2020.0;;JOSEP SERRA MATEU;1.0;;False
¿Puedes oirme?;02/10/2020;¿Puedes oirme?;22420.0;resuelto_titulo_unico;¿Puedes oírme?;2019.0;;PEDRO BALLESTEROS;2.0;;False
Amor en Polvo;24/07/2020;Amor en Polvo;86018.0;resuelto_titulo_unico;Amor en polvo;2019.0;;SUSO IMBERNÓN;1.0;;False
Presentimientos;24/01/2014;Presentimientos;80812.0;resuelto_titulo_unico;PRESENTIMIENTOS;2013.0;;SANTIAGO TABERNERO;1.0;;False
QueenCiañera, LA;12/11/2021;QueenCiañera;21621.0;resuelto_titulo_unico;La Queenciañera;2021.0;;PEDRO PEIRA;1.0;;False
Gran ola, La;24/03/2017;Gran ola;24617.0;resuelto_titulo_unico;La gran ola;2017.0;;FERNANDO ARROYO CASTILLA;2.0;;False
Explota explota;02/10/2020;Explota explota;150319.0;resuelto_titulo_unico;Explota Explota;2020.0;;NACHO ÁLVAREZ;1.0;;False
Ara Malikian: Una vida entre las cuerdas;24/10/2019;Ara Malikian: Una vida entre las cuerdas;45819.0;resuelto_titulo_unico;Ara Malikian: Una vida entre las cuerdas;2019.0;;NATA MORENO;1.0;;False
Vitoria, 3 de marzo;01/05/2019;Vitoria, 3 de marzo;73715.0;resuelto_titulo_unico;Vitoria, 3 de Marzo;2019.0;;VÍCTOR CABACO ORDÓÑEZ;1.0;;False
Juegos de familia;30/09/2016;Juegos de familia;30105.0;resuelto_titulo_unico;JUEGOS DE FAMILIA;2015.0;;BELÉN MACÍAS;1.0;;False
Muerte mas cruel, La;02/12/2021;Muerte mas cruel;129521.0;resuelto_titulo_unico;La muerte más cruel;2021.0;;BELÉN VERDUGO;1.0;;False
Andromeda Galaxy;13/08/2021;Andromeda Galaxy;163121.0;resuelto_titulo_unico;ANDROMEDA GALAXY;2020.0;;MORE RAÇA;1.0;;False
Dancing Beethoven;28/04/2017;Dancing Beethoven;207616.0;resuelto_titulo_unico;Dancing Beethoven;2016.0;;ARANTXA AGUIRRE CARBALLEIRA;1.0;;False
Una vez mas;23/10/2020;Una vez mas;60719.0;resuelto_anio_estreno_ficha;Una vez más;2020.0;10/10/2020;GUILLERMO ROJAS;6.0;;False
Idrissa, cronica de una muerte cualquiera;15/11/2019;Idrissa, cronica de una muerte cualquiera;28615.0;resuelto_titulo_unico;Idrissa, crónica de una muerte cualquiera;2019.0;;XAVIER ARTIGAS;1.0;;False
Jaulas;23/11/2018;Jaulas;73215.0;resuelto_titulo_unico;Jaulas;2018.0;;NICOLÁS PACHECO;1.0;;False
H0us3;27/09/2019;H0us3;193418.0;resuelto_titulo_unico;H0us3;2018.0;;MANOLO MUNGUÍA;1.0;;False
Ecos;21/11/2021;Ecos;173121.0;resuelto_anio_produccion_cercano;Ecos;2021.0;;TOMMY LLORENS;18.0;;False
Endless cinema;06/10/2021;Endless cinema;66318.0;resuelto_titulo_unico;Endless Cinema;2020.0;;LUCÍA TELLO DÍAZ;1.0;;False
Casa Emak Bakia, La;04/08/2021;Casa Emak Bakia;120313.0;resuelto_titulo_unico;CASA EMAK BAKIA, LA;2013.0;;OSKAR ALEGRÍA;1.0;;False
Dolor y gloria;22/03/2019;Dolor y gloria;85918.0;resuelto_titulo_unico;Dolor y Gloria;2019.0;;PEDRO ALMODÓVAR;1.0;;False
Ultimo arquero, El;24/07/2020;Ultimo arquero;177417.0;resuelto_titulo_unico;El último arquero;2020.0;;DÁCIL MANRIQUE DE LARA;1.0;;False
Virgen de Agosto, La;15/08/2019;Virgen de Agosto;92318.0;resuelto_titulo_unico;La virgen de agosto;2019.0;;JONÁS TRUEBA;1.0;;False
Oskara;27/05/2021;Oskara;9917.0;resuelto_titulo_unico;OSKARA;2017.0;;PABLO IRABURU ALLEGUE;1.0;;False
Yuli;14/12/2018;Yuli;91617.0;resuelto_titulo_unico;Yuli;2018.0;;ICIAR BOLLAIN;1.0;;False
Mascara de cristal, La;24/11/2021;Mascara de cristal;8908340.0;resuelto_titulo_unico;MASCARA DE CRISTAL, LA;2005.0;;DAVE MCKEAN;1.0;;False
Maria (y los demas);07/12/2016;Maria (y los demas);47712.0;resuelto_titulo_unico;María (y los demás);2016.0;;NELY REGUERA;1.0;;False
Todas las Mujeres;18/10/2013;Todas las Mujeres;106513.0;resuelto_titulo_unico;TODAS LAS MUJERES;2013.0;;MARIANO BARROSO;5.0;;False
Toc toc;06/10/2017;Toc toc;120016.0;resuelto_fecha_estreno_exacta;TOC TOC;2017.0;06/10/2017;VICENTE VILLANUEVA RIBES;7.0;;False
Calle del agua, La;27/10/2021;Calle del agua;63821.0;resuelto_titulo_unico;La calle del agua;2021.0;;CELIA VIADA CASO;1.0;;False
Corazon ardiente;21/02/2020;Corazon ardiente;136119.0;resuelto_titulo_unico;Corazón ardiente;2019.0;;ANTONIO CUADRI;2.0;;False
Mudar la piel;05/10/2018;Mudar la piel;85515.0;resuelto_titulo_unico;Mudar la piel;2018.0;;CRISTÓBAL FERNÁNDEZ FERNÁNDEZ;1.0;;False
Meseta;23/10/2020;Meseta;128118.0;resuelto_titulo_unico;Meseta;2019.0;;JUAN PALACIOS;3.0;;False
Chana, La;10/11/2017;Chana;30517.0;resuelto_titulo_unico;La Chana;2016.0;;LUCIJA STOJEVIC;4.0;;False
Noche, La;19/11/2021;Noche;55020.0;resuelto_titulo_unico;La noche;2021.0;;JOSÉ LUIS ACOSTA;32.0;;True
Malasaña 32;17/01/2020;Malasaña 32;129619.0;resuelto_titulo_unico;Malasaña 32;2020.0;;ALBERT PINTÓ;1.0;;False
Exodo climatico;10/04/2021;Exodo climatico;110718.0;resuelto_titulo_unico;Éxodo climático;2021.0;;DAVID MANUEL BAUTE GUTIÉRREZ;1.0;;False
Clown's Planet;01/10/2021;Clown's Planet;30021.0;resuelto_titulo_unico;Clown's Planet;2021.0;;HÉCTOR CARRÉ;1.0;;False
Misterio del Padre Pio, El;23/11/2018;Misterio del Padre Pio;191418.0;resuelto_titulo_unico;El misterio del Padre Pío;2018.0;;JOSÉ MARÍA ZAVALA;1.0;;False
Blanco en blanco;31/07/2020;Blanco en blanco;27614.0;resuelto_titulo_unico;Blanco en blanco;2019.0;;THEO COURT BUSTAMANTE;1.0;;False
Guerra mas larga, La;18/11/2021;Guerra mas larga;153722.0;resuelto_titulo_unico;LA GUERRA MÁS LARGA;2023.0;;JORGE RIVERA;1.0;;False
Platon;08/10/2021;Platon;100517.0;resuelto_titulo_unico;Platón;2018.0;;IVÁN LÓPEZ GONZÁLEZ;4.0;;False
Rehabilitacion total. Del chocolate al cupcake;21/10/2021;Rehabilitacion total. Del chocolate al cupcake;200921.0;resuelto_titulo_unico;Rehabilitación total. Del chocolate al cupcake;2021.0;;JUANJO CASTRO;1.0;;False
Desmontando armarios;03/12/2020;Desmontando armarios;163920.0;resuelto_titulo_unico;Desmontando armarios;2020.0;;RICHARD ZUBELZU;1.0;;False
Occidente;18/03/2021;Occidente;50213.0;resuelto_titulo_unico;Occidente;2020.0;;JORGE ACEBO;23.0;;False
Anatomia de un Dandy;20/11/2020;Anatomia de un Dandy;171420.0;resuelto_titulo_unico;Anatomía de un Dandy;2020.0;;CHARLIE ARNAIZ;1.0;;False
Loba parda, La;15/01/2021;Loba parda;46515.0;resuelto_titulo_unico;La loba parda;2019.0;;CRISTINA ORTEGA BLANCO;1.0;;False
Greco El, pintor de lo invisible;12/03/2019;Greco El, pintor de lo invisible;12993640.0;resuelto_titulo_unico;GRECO EL, PINTOR DE LO INVISIBLE;2014.0;;MIGUEL ANGEL TRUJILLO;1.0;;False
Piel de barro;30/08/2021;Piel de barro;136321.0;resuelto_titulo_unico;PIEL DE BARRO;2021.0;;LUÍS GIBERT;1.0;;False
Formentor, el mar de las palabras;04/06/2021;Formentor, el mar de las palabras;163719.0;resuelto_titulo_unico;FORMENTOR, EL MAR DE LAS PALABRAS;2020.0;;JOSÉ LUIS LÓPEZ-LINARES;1.0;;False
Godot;19/02/2021;Godot;169420.0;resuelto_fecha_estreno_exacta;Godot;2020.0;19/02/2021;FRANCISCO SÁNCHEZ;2.0;;False
Camagroga;15/09/2021;Camagroga;200017.0;resuelto_titulo_unico;Camagroga;2019.0;;ALFONSO AMADOR;1.0;;False
Sonic Fantasy;28/10/2021;Sonic Fantasy;193021.0;resuelto_titulo_unico;SONIC FANTASY;2021.0;;MARCOS CABOTÁ;1.0;;False
Hija de un ladron, La;29/11/2019;Hija de un ladron;54917.0;resuelto_titulo_unico;La hija de un ladrón;2019.0;;BELÉN FUNES GIMÉNEZ;1.0;;False
Dear Werner (Walking On Cinema);20/11/2020;Dear Werner (Walking On Cinema);145720.0;resuelto_titulo_unico;Dear Werner (Walking on Cinema);2020.0;;PABLO MAQUEDA;1.0;;False
Reboiras. Acción e corazon;14/08/2020;Reboiras. Acción e corazon;146920.0;resuelto_titulo_unico;Reboiras. Acción e corazón;2020.0;;ALBERTE MERA GARCÍA;1.0;;False
Lesa Humanitat;22/12/2017;Lesa Humanitat;198417.0;resuelto_titulo_unico;LESA HUMANITAT;2017.0;;FABIÁN DARÍO KRITZER CRUFERMANN;1.0;;False
Miss Futuro;22/11/2021;Miss Futuro;62321.0;resuelto_titulo_unico;MISS FUTURO;2022.0;;ANTONIO MORALES;1.0;;False
Entre perro y lobo;18/06/2021;Entre perro y lobo;52415.0;resuelto_titulo_unico;Entre perro y lobo;2019.0;;IRENE GUTIÉRREZ;2.0;;False
En attendant mai;06/05/2021;En attendant mai;74919.0;resuelto_titulo_unico;En attendant mai;2020.0;;MARC RECUENCO;1.0;;False
El que la lleva la entiende;29/03/2021;El que la lleva la entiende;110120.0;resuelto_titulo_unico;El que la lleva la entiende;2020.0;;ROCÍO MARTÍN;1.0;;False
Gora Automatikoa;17/12/2021;Gora Automatikoa;179121.0;resuelto_titulo_unico;Gora Automatikoa;2021.0;;DAVID GALÁN GALINDO;2.0;;False
Breathe;25/11/2021;Breathe;155120.0;resuelto_titulo_unico;Breathe;2020.0;;SUSANNA BARRANCO;5.0;;False
Buñuel, un cineasta surrealista;05/11/2021;Buñuel, un cineasta surrealista;136121.0;resuelto_titulo_unico;Buñuel, un cineasta surrealista;2021.0;;JAVIER ESPADA;1.0;;False
Pero que todos sepan que no he muerto;02/03/2018;Pero que todos sepan que no he muerto;21018.0;resuelto_titulo_unico;Pero que todos sepan que no he muerto;2017.0;;ANDREA WEISS;1.0;;False
Revolución bailando, La;12/11/2021;Revolución bailando;187021.0;resuelto_titulo_unico;La revolución bailando;2021.0;;ELI MARTÍN;1.0;;False
Murillo, el ultimo viaje;17/11/2017;Murillo, el ultimo viaje;196116.0;resuelto_titulo_unico;Murillo, el último viaje;2017.0;;JOSÉ MANUEL GÓMEZ VIDAL;1.0;;False
De quijotes y semillas;23/08/2021;De quijotes y semillas;40420.0;resuelto_titulo_unico;De Quijotes y semillas;2021.0;;PATXI URIZ;1.0;;False
Retrato de mujer blanca con pelo cano y arrugas;19/11/2021;Retrato de mujer blanca con pelo cano y arrugas;114518.0;resuelto_titulo_unico;Retrato de mujer blanca con pelo cano y arrugas;2021.0;;IVAN RUIZ FLORES;1.0;;False
Más allá de las estrellas. Fotografiando un agujero negro;10/05/2021;Más allá de las estrellas. Fotografiando un agujero negro;29821.0;resuelto_titulo_unico;Más allá de las estrellas. Fotografiando un agujero negro;2021.0;;GONZALO GURREA YSASI;1.0;;False
Hilo dorado, El;10/12/2021;Hilo dorado;201221.0;resuelto_titulo_unico;El hilo dorado;2021.0;;TOMÁS ACEITUNO;1.0;;False
Impuros;29/10/2021;Impuros;175621.0;resuelto_titulo_unico;Impuros;2021.0;;ALBERTO UTRERA;8.0;;False
Casi 40;29/06/2018;Casi 40;188817.0;resuelto_titulo_unico;Casi 40;2018.0;;DAVID TRUEBA;1.0;;False
Red de libertad;20/10/2017;Red de libertad;131517.0;resuelto_titulo_unico;RED DE LIBERTAD;2017.0;;PABLO MORENO HERNÁNDEZ;2.0;;False
Europeos, Los;20/11/2020;Europeos;52714.0;resuelto_anio_produccion_cercano;Los europeos;2020.0;;VÍCTOR GARCÍA LEÓN;6.0;;False
Historias del agua;12/01/2022;Historias del agua;3821.0;resuelto_titulo_unico;Historias del Agua;2021.0;;PACO ORTIZ;1.0;;False
Carceles bolleras;04/07/2019;Carceles bolleras;185018.0;resuelto_titulo_unico;Cárceles bolleras;2018.0;;CECILIA MONTAGUT;1.0;;False
Mancha negra, La;04/06/2021;Mancha negra;69806.0;resuelto_titulo_unico;La mancha negra;2020.0;;ENRIQUE GARCÍA;1.0;;False
Vaca mugiendo entre ruinas;18/06/2021;Vaca mugiendo entre ruinas;81819.0;resuelto_titulo_unico;Vaca mugiendo entre ruinas;2021.0;;RAMÓN LLUÍS BANDE GUERRA;1.0;;False
Confinados;19/11/2021;Confinados;63820.0;resuelto_titulo_unico;Confinados;2021.0;;MARTÍN G. RAMIS;4.0;;False
Fuerza de un barrio, La;21/05/2021;Fuerza de un barrio;58021.0;resuelto_titulo_unico;La fuerza de un barrio;2021.0;;JUANJO CASTRO;2.0;;False
Colores del porvenir, Los;19/11/2021;Colores del porvenir;194921.0;resuelto_titulo_unico;Los colores del porvenir;2021.0;;J.A. LÓPEZ ESPINOSA;1.0;;False
Once Upon a Place;10/04/2021;Once Upon a Place;144822.0;resuelto_titulo_unico;ONCE UPON A PLACE;2022.0;;CÈLIA NOVIS;1.0;;False
Habana en un Almendron, La;06/07/2021;Habana en un Almendron;123421.0;resuelto_titulo_unico;La Habana en un almendrón;2021.0;;PATRICIA DE LUNA;1.0;;False
Silencio de otros, El;16/11/2018;Silencio de otros;54216.0;resuelto_titulo_unico;El silencio de otros;2018.0;;ALMUDENA CARRACEDO;1.0;;False
Proximamente ultimos dias;27/08/2021;Proximamente ultimos dias;1621.0;resuelto_titulo_unico;Próximamente últimos días;2021.0;;MIQUEL EEK;1.0;;False
Video Blues;27/09/2020;Video Blues;85115.0;resuelto_titulo_unico;Video Blues;2018.0;;EMMA TUSELL;1.0;;False
Lua Vermella;30/10/2020;Lua Vermella;78515.0;resuelto_titulo_unico;Lúa vermella;2020.0;;LOIS PATIÑO;1.0;;False
Absolucion;02/06/2021;Absolucion;247724.0;resuelto_anio_produccion_cercano;ABSOLUCIÓN;2024.0;;HANS PETTER MOLAND;4.0;;False
Estandar;11/12/2020;Estandar;178919.0;resuelto_titulo_unico;Estándar;2020.0;;FERNANDO GONZÁLEZ GÓMEZ;3.0;;False
Palabras para un fin del mundo;13/11/2020;Palabras para un fin del mundo;88919.0;resuelto_titulo_unico;Palabras para un fin del mundo;2020.0;;MANUEL MENCHÓN;1.0;;False
Mi adorado Monster;20/11/2021;Mi adorado Monster;10921.0;resuelto_titulo_unico;Mi adorado Monster;2021.0;;VÍCTOR MATELLANO;1.0;;False
Ultimos de La Mejana, rebeldía y esperanza, Los;21/09/2020;Ultimos de La Mejana, rebeldía y esperanza;145017.0;resuelto_titulo_unico;Los últimos de La Mejana, rebeldía y esperanza;2020.0;;PATXI URIZ;1.0;;False
Escuchando Niño futuro;11/06/2021;Escuchando Niño futuro;29521.0;resuelto_titulo_unico;Escuchando Niño futuro;2021.0;;ANDRÉS DANIEL SÁINZ;1.0;;False
Chavela;16/06/2017;Chavela;109317.0;resuelto_titulo_unico;CHAVELA;2017.0;;DARESHA KYI;4.0;;False
15 horas;27/11/2021;15 horas;7820.0;resuelto_titulo_unico;15 Horas;2021.0;;JUDITH COLELL;2.0;;False
Odisea de los Giles, La;29/11/2019;Odisea de los Giles;174118.0;resuelto_titulo_unico;La Odisea de los Giles;2019.0;;SEBASTIÁN BORENSZTEIN;1.0;;False
Ego;01/12/2021;Ego;144420.0;resuelto_anio_estreno_ficha;EGO;2021.0;03/12/2021;ALFONSO CORTÉS-CAVANILLAS;15.0;;False
Abuelo Victor, El;27/04/2021;Abuelo Victor;3719.0;resuelto_titulo_unico;El abuelo Víctor;2019.0;;EMILIO JUAN RUIZ BARRACHINA;1.0;;False
Drogas, El;25/09/2020;Drogas;183217.0;resuelto_titulo_unico;El Drogas;2020.0;;NATXO LEUZA;10.0;;False
Hijas de Cynisca;29/11/2019;Hijas de Cynisca;22118.0;resuelto_titulo_unico;Hijas de Cynisca;2019.0;;BEATRIZ CARRETERO;1.0;;False
Asfixia, La;07/05/2021;Asfixia;65920.0;resuelto_anio_produccion_cercano;Asfixia;2020.0;;JOSÉ LUIS LÓPEZ;6.0;;False
Ley del embudo, La;23/07/2021;Ley del embudo;125621.0;resuelto_titulo_unico;La ley del embudo;2021.0;;ALFREDO CARRASCO;1.0;;False
Sin señas particulares;27/11/2020;Sin señas particulares;181720.0;resuelto_titulo_unico;Sin señas particulares;2020.0;;FERNANDA VALADEZ;1.0;;False
Sujetame el cubata;17/10/2025;Sujetame el cubata;31724.0;resuelto_titulo_unico;Sujétame el cubata;2025.0;;FERNANDO AYLLÓN;1.0;;False
20.000 Especies de abejas;21/04/2023;20.000 Especies de abejas;109221.0;resuelto_titulo_unico;20.000 especies de abejas;2023.0;;ESTIBALIZ URRESOLA SOLAGUREN;1.0;;False
De perdidos a Rio;04/08/2023;De perdidos a Rio;70320.0;resuelto_titulo_unico;De perdidos a Río;2023.0;;JOAQUÍN MAZÓN;3.0;;False
Third Week;28/06/2024;Third Week;21622.0;resuelto_titulo_unico;Third Week;2022.0;;JORDI TORRENT;1.0;;False
Saturno;04/10/2024;Saturno;34722.0;resuelto_titulo_unico;Saturno;2024.0;;DANIEL TORNERO;11.0;;False
Sembrando sueños;14/02/2024;Sembrando sueños;144223.0;resuelto_titulo_unico;Sembrando sueños;2023.0;;ALFONSO SÁNCHEZ;1.0;;False
Chaplin, espiritu gitano;13/12/2024;Chaplin, espiritu gitano;63220.0;resuelto_titulo_unico;CHAPLIN, ESPÍRITU GITANO;2024.0;;CARMEN CHAPLIN;1.0;;False
Amor platonico;13/06/2024;Amor platonico;68123.0;resuelto_titulo_unico;AMOR PLATÓNICO;2024.0;;VICENTE BONET;1.0;;False
Tr3s partes del espejo, Las;16/03/2024;Tr3s partes del espejo;208723.0;resuelto_titulo_unico;LAS TR3S PARTES DEL ESPEJO;2023.0;;LEVI STAR;1.0;;False
Mi hermano Ali;22/11/2024;Mi hermano Ali;55618.0;resuelto_titulo_unico;Mi hermano Ali;2023.0;;PAULA PALACIOS;1.0;;False
Tu no eres yo;13/12/2024;Tu no eres yo;114821.0;resuelto_titulo_unico;Tú no eres yo;2023.0;;MOISÉS ROMERA;1.0;;False
Manolo Kabezabolo;17/05/2024;Manolo Kabezabolo;161721.0;resuelto_titulo_unico;Manolo Kabezabolo;2023.0;;J. ALBERTO ANDRÉS LACASTA;1.0;;False
Un volcan habitado;13/06/2024;Un volcan habitado;11722.0;resuelto_titulo_unico;UN VOLCÁN HABITADO;2023.0;;JOSÉ VÍCTOR FUENTES;1.0;;False
En la alcoba del sultan;15/11/2024;En la alcoba del sultan;61419.0;resuelto_titulo_unico;En la alcoba del Sultán;2023.0;;JAVIER REBOLLO;1.0;;False
Exopia;09/11/2023;Exopia;26724.0;resuelto_titulo_unico;Exopia;2024.0;;ARITZ GOROSTIAGA ESKUBI;1.0;;False
Peleamos;23/02/2024;Peleamos;127723.0;resuelto_titulo_unico;Peleamos;2023.0;;NOEL GÁLVEZ;1.0;;False
Laberinto de sombras;10/05/2024;Laberinto de sombras;193920.0;resuelto_titulo_unico;Laberinto de Sombras;2023.0;;ALFREDO CONTRERAS;1.0;;False
Historia de pastores;25/10/2024;Historia de pastores;5022.0;resuelto_titulo_unico;Historia de pastores;2024.0;;JAIME PUERTAS CASTILLO;1.0;;False
Restos del pasar, Los;29/11/2024;Restos del pasar;49923.0;resuelto_titulo_unico;Los restos del pasar;2024.0;;LUIS (SOTO) MUÑOZ;1.0;;False
Un hombre sin miedo;07/06/2024;Un hombre sin miedo;153321.0;resuelto_titulo_unico;Un hombre sin miedo;2022.0;;JUAN LUIS DE NO;1.0;;False
Zona vacia, La;15/11/2024;Zona vacia;124918.0;resuelto_titulo_unico;La Zona Vacía;2024.0;;KURRO GONZÁLEZ;1.0;;False
Ullate. La danza de la vida;25/04/2024;Ullate. La danza de la vida;152720.0;resuelto_titulo_unico;Ullate. La danza de la vida;2023.0;;ELENA CID;1.0;;False
Montserrat, Integral 107;26/10/2024;Montserrat, Integral 107;52224.0;resuelto_titulo_unico;Montserrat, Integral 107;2024.0;;BIEL MACIÀ;1.0;;False
Hoy es todavia;12/04/2024;Hoy es todavia;58823.0;resuelto_titulo_unico;Hoy es todavía;2023.0;;CARMEN JIMÉNEZ;1.0;;False
Palacio Estilistas;12/01/2024;Palacio Estilistas;109822.0;resuelto_titulo_unico;PALACIO ESTILISTAS;2022.0;;MOISÉS MARTÍN;1.0;;False
Llobas;17/07/2024;Llobas;97522.0;resuelto_titulo_unico;Llobàs;2022.0;;PAU CALPE RUFAT;1.0;;False
Generaciones en un escenario (40 años de música en Valladolid);19/04/2024;Generaciones en un escenario (40 años de música en Valladolid);76523.0;resuelto_titulo_unico;Generaciones en un escenario (40 años de música en Valladolid);2023.0;;MIGUEL SAETA DE LA TORRE;1.0;;False
Rapa;22/03/2024;Rapa;24424.0;resuelto_titulo_unico;Rapa;2024.0;;ALEJANDRO ENRÍQUEZ;15.0;;False
Traineras, pasion por el remo;13/09/2024;Traineras, pasion por el remo;254323.0;resuelto_titulo_unico;Traineras, pasión por el remo;2023.0;;TELMO IRAGORRI;1.0;;False
Os reviento;13/09/2024;Os reviento;56223.0;resuelto_titulo_unico;Os reviento;2023.0;;KIKE NARCEA;1.0;;False
UnCancelled;08/03/2024;UnCancelled;18723.0;resuelto_titulo_unico;UNCANCELLED;2023.0;;LUKE EVE;1.0;;False
Mugaritz. Sin pan ni postre;27/09/2024;Mugaritz. Sin pan ni postre;188824.0;resuelto_titulo_unico;MUGARITZ. SIN PAN NI POSTRE;2024.0;;PACO PLAZA;1.0;;False
Nueva Tierra;06/09/2024;Nueva Tierra;162821.0;resuelto_titulo_unico;Nueva Tierra;2022.0;;MARIO PAGANO;3.0;;False
Cien libros juntas;27/07/2024;Cien libros juntas;14124.0;resuelto_titulo_unico;Cien libros juntas;2024.0;;MARGA MELIÀ;1.0;;False
Al margen;20/11/2024;Al margen;189924.0;resuelto_anio_produccion_cercano;AL MARGEN;2024.0;;EDUARDO CASANOVA;15.0;;False
¿Quien quiere casarse con un astronauta?;22/11/2024;¿Quien quiere casarse con un astronauta?;22820.0;resuelto_titulo_unico;¿Quién quiere casarse con un astronauta?;2024.0;;DAVID MATAMOROS MANTECA;1.0;;False
Five Days to Dance;21/11/2014;Five Days to Dance;120414.0;resuelto_titulo_unico;FIVE DAYS TO DANCE;2014.0;;RAFA MOLÉS;1.0;;False
Kostaldetik gertuko istorioak;02/08/2024;Kostaldetik gertuko istorioak;75824.0;resuelto_titulo_unico;KOSTALDETIK gertuko istorioak;2024.0;;IMANOL SISTIAGA;1.0;;False
Una casa en el pueblo;18/10/2024;Una casa en el pueblo;130523.0;resuelto_titulo_unico;Una casa en el pueblo;2023.0;;DOMINGO J. GONZÁLEZ;1.0;;False
Rebeladas;04/04/2024;Rebeladas;18118.0;resuelto_titulo_unico;REBELADAS;2023.0;;ANDREA GAUTIER;1.0;;False
Vida en una gota, La;26/11/2024;Vida en una gota;23624.0;resuelto_titulo_unico;LA VIDA EN UNA GOTA;2024.0;;PEDRO LENDÍNEZ;1.0;;False
Estigma del silencio, El;10/12/2024;Estigma del silencio;190824.0;resuelto_titulo_unico;EL ESTIGMA DEL SILENCIO;2024.0;;SERGIO HERNÁNDEZ;1.0;;False
Veronica;25/08/2017;Veronica;119216.0;resuelto_anio_produccion_cercano;Verónica;2017.0;;PACO PLAZA;11.0;;False
Primera mirada, La;14/06/2024;Primera mirada;127818.0;resuelto_titulo_unico;La primera mirada;2024.0;;LUIS E. PARÉS;1.0;;False
Aliento;17/12/2024;Aliento;247624.0;resuelto_anio_produccion_cercano;ALIENTO;2024.0;;EDUARDO MUÑOZ;19.0;;False
Piezas;15/11/2024;Piezas;167724.0;resuelto_titulo_unico;PIEZAS;2024.0;;PILAR ORDÓÑEZ;9.0;;False
Hate Songs;19/04/2024;Hate Songs;28223.0;resuelto_titulo_unico;Hate Songs;2023.0;;ALEJO LEVIS;1.0;;False
Parra, La;13/12/2024;Parra;89819.0;resuelto_titulo_unico;LA PARRA;2023.0;;ALBERTO GRACIA;13.0;;False
Gallo Rojo;20/12/2024;Gallo Rojo;154322.0;resuelto_titulo_unico;Gallo Rojo;2024.0;;ENRIQUE GARCÍA-VÁZQUEZ;1.0;;False
Golpe a golpe;24/05/2024;Golpe a golpe;125823.0;resuelto_anio_produccion_cercano;Golpe a Golpe;2023.0;;EMILIO RUIZ BARRACHINA;3.0;;False
Tonos mayores, Los;12/07/2024;Tonos mayores;150523.0;resuelto_titulo_unico;Los tonos mayores;2024.0;;INGRID POKROPEK;1.0;;False
Traginer de cancons, El;14/11/2024;Traginer de cancons;81224.0;resuelto_titulo_unico;EL TRAGINER DE CANÇONS;2024.0;;JULI SUÀREZ;1.0;;False
Sumario 3/94;05/12/2024;Sumario 3/94;106121.0;resuelto_titulo_unico;SUMARIO 3/94;2024.0;;ABEL GARCÍA ROURE;1.0;;False
Diario de mi sextorsion;11/10/2024;Diario de mi sextorsion;101420.0;resuelto_titulo_unico;Diario de Mi Sextorsión;2024.0;;PATRICIA FRANQUESA;1.0;;False
Pepi Fandango;06/09/2024;Pepi Fandango;98220.0;resuelto_titulo_unico;Pepi Fandango;2023.0;;LUCIJA STOJEVIC;1.0;;False
Voy a desaparecer;19/09/2024;Voy a desaparecer;103121.0;resuelto_titulo_unico;Voy a desaparecer;2024.0;;CORÉ RUIZ;1.0;;False
Waldo;15/11/2024;Waldo;215322.0;resuelto_titulo_unico;Waldo;2024.0;;CHARLIE ARNAIZ;9.0;;False
Intersex;27/04/2024;Intersex;57524.0;resuelto_titulo_unico;INTERSEX;2024.0;;TOMÁS ACEITUNO;1.0;;False
Reir, cantar, tal vez llorar;24/09/2024;Reir, cantar, tal vez llorar;214824.0;resuelto_titulo_unico;Reír, cantar, tal vez llorar;2024.0;;MARC FERRER;1.0;;False
Amantes astronautas, Los;17/11/2024;Amantes astronautas;96422.0;resuelto_titulo_unico;Los amantes astronautas;2024.0;;MARCO BERGER;1.0;;False
Vidas irrenovables;10/10/2024;Vidas irrenovables;181424.0;resuelto_titulo_unico;Vidas Irrenovables;2024.0;;FRANCISCO J. VAQUERO ROBUSTILLO;1.0;;False
Flying Hands;03/11/2024;Flying Hands;192622.0;resuelto_titulo_unico;FLYING HANDS;2023.0;;PAULA IGLESIAS;1.0;;False
Tu sangre;31/10/2024;Tu sangre;237623.0;resuelto_titulo_unico;Tu Sangre;2023.0;;GUILLERMO BARREIRA;7.0;;False
A Esmorga;21/11/2014;A Esmorga;71511.0;resuelto_titulo_unico;A ESMORGA;2014.0;;IGNACIO VILAR;1.0;;False
On the Go;28/06/2024;On the Go;108221.0;resuelto_anio_produccion_cercano;On the Go;2023.0;;MARÍA GISÈLE ROYO;16.0;;False
Orgullo Vieja;24/09/2024;Orgullo Vieja;249523.0;resuelto_titulo_unico;ORGULLO VIEJA;2023.0;;CHEMA RODRÍGUEZ;1.0;;False
Salve María;31/10/2024;Salve María;108422.0;resuelto_titulo_unico;Salve Maria;2024.0;;MAR COLL;2.0;;False
Williams, Los;31/10/2024;Williams;48523.0;resuelto_titulo_unico;LOS WILLIAMS;2024.0;;RAÚL DE LA FUENTE;11.0;;False
Por donde pasa el silencio;29/11/2024;Por donde pasa el silencio;104022.0;resuelto_anio_produccion_cercano;Por donde pasa el silencio;2024.0;;SANDRA ROMERO;2.0;;False
Desmontando a Lucia;29/11/2024;Desmontando a Lucia;249823.0;resuelto_titulo_unico;Desmontando a Lucía;2023.0;;ALBERTO UTRERA;1.0;;False
Reinas;06/09/2024;Reinas;93122.0;resuelto_anio_produccion_cercano;REINAS;2024.0;;KLAUDIA REYNICKE;14.0;;False
Alumbramiento;19/06/2024;Alumbramiento;54921.0;resuelto_anio_produccion_cercano;Alumbramiento;2023.0;;PAU TEIXIDOR;2.0;;False
Patria y vida: The Power of Music;18/10/2024;Patria y vida: The Power of Music;256623.0;resuelto_titulo_unico;Patria y vida: The Power of Music;2023.0;;BEATRIZ LUENGO;1.0;;False
Anatema;08/11/2024;Anatema;49622.0;resuelto_anio_produccion_cercano;Anatema;2024.0;;JIMINA SABADÚ;2.0;;False
Norberta;25/07/2024;Norberta;134222.0;resuelto_titulo_unico;Norberta;2024.0;;BELÉN LÓPEZ ALBERT;1.0;;False
As Neves;10/05/2024;As Neves;34022.0;resuelto_titulo_unico;As Neves;2023.0;;SONIA MÉNDEZ;1.0;;False
Chicas de la estacion, Las;22/11/2024;Chicas de la estacion;158821.0;resuelto_titulo_unico;Las chicas de la estación;2024.0;;JUANA MACÍAS;1.0;;False
Polvo seran;15/11/2024;Polvo seran;51921.0;resuelto_titulo_unico;Polvo serán;2024.0;;CARLOS MARQUÉS-MARCET;1.0;;False
Rita;25/10/2024;Rita;89620.0;resuelto_titulo_unico;Rita;2024.0;;PAZ VEGA;16.0;;False
Buscando a Coque;14/02/2024;Buscando a Coque;120022.0;resuelto_titulo_unico;Buscando a Coque;2023.0;;CÉSAR F. CALVILLO;1.0;;False
Un mal dia lo tiene cualquiera;26/01/2024;Un mal dia lo tiene cualquiera;50522.0;resuelto_anio_produccion_cercano;Un mal día lo tiene cualquiera;2023.0;;EVA HACHE;2.0;;False
Mamifera;26/04/2024;Mamifera;36122.0;resuelto_anio_estreno_ficha;Mamífera;2024.0;15/04/2024;LILIANA TORRES;2.0;;False
Abadesa, La;22/03/2024;Abadesa;61919.0;resuelto_titulo_unico;La abadesa;2024.0;;ANTONIO CHAVARRÍAS;1.0;;False
+Cuñados;19/04/2024;+Cuñados;50823.0;resuelto_titulo_unico;+Cuñados;2024.0;;LUIS AVILÉS BAQUERO;4.0;;False
Bus de la vida, El;03/07/2024;Bus de la vida;40422.0;resuelto_titulo_unico;El bus de la vida;2024.0;;IBON CORMENZANA;5.0;;False
Justicia Artificial;13/09/2024;Justicia Artificial;40722.0;resuelto_titulo_unico;Justicia artificial;2022.0;;SIMÓN CASAL;1.0;;False
Calladita;17/05/2024;Calladita;113921.0;resuelto_fecha_estreno_exacta;Calladita;2023.0;17/05/2024;MIGUEL FAUS;2.0;;False
Hotel Bitcoin;13/09/2024;Hotel Bitcoin;192423.0;resuelto_titulo_unico;HOTEL BITCOIN;2024.0;;MANUEL SANABRIA;1.0;;False
Verano en diciembre;08/11/2024;Verano en diciembre;167623.0;resuelto_titulo_unico;Verano en diciembre;2024.0;;CAROLINA ÁFRICA;1.0;;False
Yo no soy esa;31/10/2024;Yo no soy esa;134522.0;resuelto_titulo_unico;YO NO SOY ESA;2024.0;;MARÍA RIPOLL;1.0;;False
Tratamos demasiado bien a las mujeres;15/03/2024;Tratamos demasiado bien a las mujeres;135822.0;resuelto_titulo_unico;Tratamos demasiado bien a las mujeres;2023.0;;CLARA BILBAO;1.0;;False
Mala persona;03/07/2024;Mala persona;43422.0;resuelto_titulo_unico;Mala persona;2023.0;;FER GARCÍA-RUIZ;1.0;;False
Guitarra flamenca de Yerai Cortes, La;20/12/2024;Guitarra flamenca de Yerai Cortes;183424.0;resuelto_titulo_unico;La guitarra flamenca de Yerai Cortés;2024.0;;ANTÓN ÁLVAREZ;1.0;;False
Un lugar comun;14/08/2024;Un lugar comun;162122.0;resuelto_titulo_unico;Un lugar común;2023.0;;CELIA GIRALDO;1.0;;False
Mujer dormida, La;31/05/2024;Mujer dormida;89519.0;resuelto_titulo_unico;La mujer dormida;2023.0;;LAURA ALVEA;1.0;;False
Mis ganas ganan, la historia de Elena Huelva;05/04/2024;Mis ganas ganan, la historia de Elena Huelva;15624.0;resuelto_titulo_unico;Mis Ganas Ganan, la historia de Elena Huelva;2024.0;;JOSÉ LUIS HDEZ. ARANGO;1.0;;False
Un angel llamado Rebeca;26/04/2024;Un angel llamado Rebeca;16124.0;resuelto_titulo_unico;Un ángel llamado Rebeca;2024.0;;JOSÉ MARÍA ZAVALA;1.0;;False
Galeria de las colecciones reales: Patrimonio de todos, La;15/04/2024;Galeria de las colecciones reales: Patrimonio de todos;43524.0;resuelto_titulo_unico;La Galería de las Colecciones Reales: Patrimonio de Todos;2024.0;;PABLO IRABURU ALLEGUE;1.0;;False
Tivoli;21/06/2024;Tivoli;55723.0;resuelto_titulo_unico;Tivoli;2024.0;;SERGIO RODRIGO RUIZ;4.0;;False
Escanyapobres;29/11/2024;Escanyapobres;91919.0;resuelto_titulo_unico;Escanyapobres;2022.0;;IBAI ABAD;1.0;;False
Un dia cualquiera;12/04/2024;Un dia cualquiera;247023.0;resuelto_fecha_estreno_exacta;Un día cualquiera;2023.0;12/04/2024;JOSÉ TEXEIRA;8.0;;False
Rock Bottom;13/12/2024;Rock Bottom;56421.0;resuelto_titulo_unico;Rock Bottom;2024.0;;MARÍA TRÉNOR;1.0;;False
Caso Angelus, la fascinacion de Dalí, El;22/11/2024;Caso Angelus, la fascinacion de Dalí;163623.0;resuelto_titulo_unico;El caso Ángelus, la fascinación de Dalí;2024.0;;JOAN FRANK CHARANSONNET;1.0;;False
Ultimos pastores, Los;31/05/2024;Ultimos pastores;158521.0;resuelto_titulo_unico;Los últimos pastores;2024.0;;SAMU FUENTES;1.0;;False
Gigante de Es Vedrá y otras leyendas, El;08/11/2024;Gigante de Es Vedrá y otras leyendas;113721.0;resuelto_titulo_unico;EL GIGANTE DE ES VEDRÀ Y OTRAS LEYENDAS;2023.0;;HÉCTOR ESCANDELL;1.0;;False
Hojarasca, La;13/09/2024;Hojarasca;98119.0;resuelto_titulo_unico;LA HOJARASCA;2023.0;;MACU MACHÍN;1.0;;False
Bizkarsoro;12/01/2024;Bizkarsoro;12024.0;resuelto_titulo_unico;Bizkarsoro;2023.0;;JOSU MARTÍNEZ;1.0;;False
Fianza, La;05/12/2024;Fianza;233223.0;resuelto_anio_estreno_ficha;LA FIANZA;2023.0;17/11/2024;GONZALO PERDOMO - TAFUR;3.0;;False
Un sol radiant;17/05/2024;Un sol radiant;7523.0;resuelto_titulo_unico;Un sol radiant;2024.0;;MÓNICA CAMBRA DOMÍNGUEZ;1.0;;False
Robotia;07/06/2024;Robotia;88622.0;resuelto_titulo_unico;Robotia;2024.0;;DIEGO CAGIDE;1.0;;False
Aspirante, El;20/09/2024;Aspirante;98819.0;resuelto_anio_estreno_ficha;El aspirante;2024.0;19/09/2024;JUAN GAUTIER;3.0;;False
Amigo de todos, El;24/04/2024;Amigo de todos;220121.0;resuelto_titulo_unico;El amigo de todos;2023.0;;JOSÉ ANTONIO QUIRÓS;1.0;;False
Reina del convento, La;02/02/2024;Reina del convento;46223.0;resuelto_titulo_unico;La reina del convento;2023.0;;CARMEN PERONA CABRERA;1.0;;False
Prefiro condenarme;22/11/2024;Prefiro condenarme;137123.0;resuelto_titulo_unico;Prefiro condenarme;2024.0;;MARGARITA LEDO ANDIÓN;1.0;;False
Negu hurbilak;23/02/2024;Negu hurbilak;108022.0;resuelto_titulo_unico;Negu hurbilak;2023.0;;EKAIN ALBITE;1.0;;False
Dalia y el libro rojo;25/10/2024;Dalia y el libro rojo;44719.0;resuelto_titulo_unico;Dalia y el libro rojo;2024.0;;DAVID BISBANO;1.0;;False
7291;13/11/2024;7291;158624.0;resuelto_titulo_unico;7291;2024.0;;JUANJO CASTRO;1.0;;False
Valenciana;18/10/2024;Valenciana;63023.0;resuelto_titulo_unico;Valenciana;2023.0;;JORDI NÚÑEZ;17.0;;False
Terapia de parejas;14/02/2024;Terapia de parejas;113221.0;resuelto_titulo_unico;Terapia de Parejas;2024.0;;GAIZKA URRESTI;1.0;;False
Mariposas negras;13/12/2024;Mariposas negras;80220.0;resuelto_anio_produccion_cercano;MARIPOSAS NEGRAS;2024.0;;DAVID BAUTE;2.0;;False
Canigo 1883;17/01/2024;Canigo 1883;241523.0;resuelto_titulo_unico;CANIGÓ 1883;2023.0;;ALBERT NAUDÍN;1.0;;False
Solos en la noche;20/09/2024;Solos en la noche;99820.0;resuelto_titulo_unico;Solos en la noche;2024.0;;GUILLERMO ROJAS;2.0;;False
Blondi;03/07/2024;Blondi;104722.0;resuelto_titulo_unico;Blondi;2024.0;;DOLORES FONZI;5.0;;False
Slow;19/01/2024;Slow;22422.0;resuelto_titulo_unico;Slow;2023.0;;MARIJA KAVTARADZE;16.0;;False
Mientras seas tu;09/02/2024;Mientras seas tu;58423.0;resuelto_titulo_unico;Mientras seas tú;2023.0;;CLAUDIA PINTO EMPERADOR;1.0;;False
Un paseo por el Borne;25/07/2024;Un paseo por el Borne;101721.0;resuelto_titulo_unico;Un paseo por el Borne;2023.0;;NICK IGEA;1.0;;False
Red Horn;26/04/2024;Red Horn;188523.0;resuelto_titulo_unico;Red Horn;2023.0;;ALBERTO ADSUARA;2.0;;False
Fugida, La;15/05/2024;Fugida;61324.0;resuelto_titulo_unico;LA FUGIDA;2024.0;;JOSEP MORELL FEIXA;2.0;;False
Equipo Cronica. Arte de trinchera;04/05/2024;Equipo Cronica. Arte de trinchera;140423.0;resuelto_titulo_unico;Equipo Crónica. Arte de trinchera;2025.0;;RAFA SESA;1.0;;False
Votemos;12/06/2025;Votemos;141924.0;resuelto_titulo_unico;Votemos;2025.0;;SANTIAGO REQUEJO;1.0;;False
Karmele;10/10/2025;Karmele;161921.0;resuelto_titulo_unico;Karmele;2025.0;;ASIER ALTUNA IZA;1.0;;False
Afterburn;19/09/2025;Afterburn;61824.0;resuelto_titulo_unico;AFTERBURN;2024.0;;J.J. PERRY;2.0;;False
Abuela tremenda;01/01/2026;Abuela tremenda;197724.0;resuelto_titulo_unico;ABUELA TREMENDA;2025.0;;ANA VÁZQUEZ;1.0;;False
Solo Javier;12/09/2025;Solo Javier;252024.0;resuelto_titulo_unico;Solo Javier;2024.0;;JOSEPMARIA ANGLÈS;1.0;;False
Bajo un volcan;20/06/2025;Bajo un volcan;127724.0;resuelto_titulo_unico;Bajo un volcán;2024.0;;MARTÍN CUERVO;2.0;;False
Parenostre;16/04/2025;Parenostre;106321.0;resuelto_titulo_unico;Parenostre;2024.0;;MANUEL HUERGA;1.0;;False
Gaua;14/11/2025;Gaua;120523.0;resuelto_titulo_unico;GAUA;2025.0;;PAUL URKIJO ALIJO;2.0;;False
Heidi. El rescate del lince;22/08/2025;Heidi. El rescate del lince;51424.0;resuelto_titulo_unico;Heidi. El rescate del lince;2025.0;;TOBY SCHWARZ;1.0;;False
Reversion;07/11/2025;Reversion;234924.0;resuelto_titulo_unico;Reversión;2025.0;;JACOB SANTANA;1.0;;False
Huella del mal, La;04/04/2025;Huella del mal;176924.0;resuelto_titulo_unico;LA HUELLA DEL MAL;2025.0;;MANUEL RÍOS SAN MARTÍN;1.0;;False
Strangers: Capitulo 2;26/09/2025;Strangers: Capitulo 2;160322.0;resuelto_anio_produccion_cercano;STRANGERS: CAPÍTULO 2;2025.0;;RENNY HARLIN;2.0;;False
Tardes de soledad;07/03/2025;Tardes de soledad;73720.0;resuelto_titulo_unico;Tardes de soledad;2024.0;;ALBERT SERRA;1.0;;False
Buena letra, La;30/04/2025;Buena letra;48322.0;resuelto_titulo_unico;La buena letra;2024.0;;CELIA RICO CLAVELLINO;1.0;;False
Parecido a un asesinato;03/10/2025;Parecido a un asesinato;159620.0;resuelto_titulo_unico;Parecido a un asesinato;2024.0;;ANTONIO HERNÁNDEZ;1.0;;False
Aitas, Los;21/03/2025;Aitas;129922.0;resuelto_titulo_unico;Los aitas;2025.0;;BORJA COBEAGA;1.0;;False
Me has robado el corazon;05/12/2025;Me has robado el corazon;199124.0;resuelto_titulo_unico;Me has robado el corazón;2025.0;;CHUS GUTIÉRREZ;1.0;;False
Flores para Antonio;28/11/2025;Flores para Antonio;182924.0;resuelto_titulo_unico;Flores para Antonio;2025.0;;ISAKI LACUESTA;1.0;;False
Mala influencia;24/01/2025;Mala influencia;194423.0;resuelto_titulo_unico;Mala influencia;2024.0;;CHLOÉ WALLACE;2.0;;False
Una quinta portuguesa;09/05/2025;Una quinta portuguesa;82022.0;resuelto_titulo_unico;UNA QUINTA PORTUGUESA;2024.0;;AVELINA PRAT;1.0;;False
Sorda;04/04/2025;Sorda;136823.0;resuelto_anio_estreno_ficha;SORDA;2025.0;24/03/2025;EVA LIBERTAD;2.0;;False
Deuda, La;17/10/2025;Deuda;104522.0;resuelto_anio_produccion_cercano;La deuda;2025.0;;DANIEL GUZMÁN;23.0;;False
Maspalomas;26/09/2025;Maspalomas;191823.0;resuelto_titulo_unico;MASPALOMAS;2025.0;;JOSE MARI GOENAGA;4.0;;False
Cuerpos locos;31/10/2025;Cuerpos locos;198224.0;resuelto_titulo_unico;Cuerpos locos;2025.0;;ANA MURUGARREN;1.0;;False
Voy a pasarmelo mejor;18/07/2025;Voy a pasarmelo mejor;190923.0;resuelto_titulo_unico;Voy a pasármelo mejor;2025.0;;ANA DE ALVA;1.0;;False
Coartadas;28/11/2025;Coartadas;33425.0;resuelto_titulo_unico;COARTADAS;2025.0;;MARTÍN CUERVO;2.0;;False
Siempre es invierno;07/11/2025;Siempre es invierno;172024.0;resuelto_titulo_unico;Siempre es invierno;2025.0;;DAVID TRUEBA;1.0;;False
Campamento Garra de Oso;29/08/2025;Campamento Garra de Oso;154923.0;resuelto_titulo_unico;Campamento Garra de Oso;2025.0;;SÍLVIA QUER;1.0;;False
Descalzos;14/02/2025;Descalzos;173023.0;resuelto_titulo_unico;Descalzos;2024.0;;SANTOS BLANCO;6.0;;False
Ya no quedan junglas;26/09/2025;Ya no quedan junglas;30724.0;resuelto_titulo_unico;Ya no quedan junglas;2025.0;;LUIS GABRIEL BERISTÁIN;1.0;;False
Vieja Loca;10/10/2025;Vieja Loca;9624.0;resuelto_titulo_unico;VIEJA LOCA;2025.0;;MARTÍN MAUREGUI;1.0;;False
Te protegeran mis alas;14/11/2025;Te protegeran mis alas;207624.0;resuelto_titulo_unico;Te protegerán mis alas;2025.0;;ANTONIO CUADRI;1.0;;False
Itoiz Udako Sesioak;24/01/2025;Itoiz Udako Sesioak;105920.0;resuelto_titulo_unico;Itoiz Udako Sesioak;2024.0;;AINHOA ANDRAKA;1.0;;False
Lo que queda de ti;16/05/2025;Lo que queda de ti;58620.0;resuelto_titulo_unico;Lo que queda de ti;2023.0;;GALA GRACIA;1.0;;False
Maleficio (La regla de Osha);03/10/2025;Maleficio (La regla de Osha);172624.0;resuelto_titulo_unico;Maleficio (La regla de Osha);2025.0;;ÁNGEL GONZÁLEZ;1.0;;False
Virgenes;20/06/2025;Virgenes;184723.0;resuelto_titulo_unico;Vírgenes;2025.0;;ÁLVARO DÍAZ LORENZO;12.0;;False
Cariñena, vino del mar;19/06/2025;Cariñena, vino del mar;197023.0;resuelto_titulo_unico;Cariñena, vino del mar;2024.0;;JAVIER CALVO TORRECILLA;1.0;;False
San Simon;24/10/2025;San Simon;81717.0;resuelto_titulo_unico;San Simón;2024.0;;MIGUEL ÁNGEL DELGADO;2.0;;False
Jockey, El;30/05/2025;Jockey;81822.0;resuelto_anio_estreno_ficha;EL JOCKEY;2025.0;29/05/2025;LUIS ORTEGA;6.0;;False
Misericordia;21/03/2025;Misericordia;123723.0;resuelto_anio_produccion_cercano;MISERICORDIA;2024.0;;ALAIN GUIRAUDIE;5.0;;False
Tambien esto pasara;09/05/2025;Tambien esto pasara;190623.0;resuelto_titulo_unico;También esto pasará;2025.0;;MARÍA RIPOLL;1.0;;False
Mi unica familia (Hard Truths);28/02/2025;Mi unica familia (Hard Truths);53823.0;resuelto_titulo_unico;Mi única familia (Hard Truths);2024.0;;MIKE LEIGH;1.0;;False
Tesoro de Barracuda, El;26/09/2025;Tesoro de Barracuda;152921.0;resuelto_titulo_unico;EL TESORO DE BARRACUDA;2025.0;;ADRIÁN GARCÍA;1.0;;False
Coleccionista, La;22/08/2025;Coleccionista;85325.0;resuelto_anio_produccion_cercano;LA COLECCIONISTA;2025.0;;MANUEL SANABRIA;21.0;;False
Todos los lados de la cama;14/11/2025;Todos los lados de la cama;156924.0;resuelto_titulo_unico;Todos los lados de la cama;2025.0;;SAMANTHA LÓPEZ SPERANZA;1.0;;False
Antes de Nos;23/05/2025;Antes de Nos;136023.0;resuelto_titulo_unico;ANTES DE NÓS;2025.0;;ÁNGELES HUERTA;1.0;;False
Rondallas;01/01/2026;Rondallas;194023.0;resuelto_titulo_unico;RONDALLAS;2025.0;;DANIEL SÁNCHEZ ARÉVALO;1.0;;False
Desmontando un elefante;10/01/2025;Desmontando un elefante;44621.0;resuelto_titulo_unico;Desmontando un elefante;2023.0;;AITOR ECHEVERRÍA;1.0;;False
Ciudad sin sueño;21/11/2025;Ciudad sin sueño;121823.0;resuelto_titulo_unico;Ciudad sin sueño;2024.0;;GUILLERMO GALOE;1.0;;False
Singular;28/11/2025;Singular;91422.0;resuelto_titulo_unico;SINGULAR;2024.0;;ALBERTO GASTESI;12.0;;False
Delicias del jardín, Las;19/09/2025;Delicias del jardín;99022.0;resuelto_titulo_unico;Las delicias del jardín;2024.0;;FERNANDO COLOMO;1.0;;False
Mar i Cel;28/11/2025;Mar i Cel;259325.0;resuelto_titulo_unico;MAR I CEL;2025.0;;PAULÍ SUBIRÀ;3.0;;False
Fiebre de los ricos, La;24/01/2025;Fiebre de los ricos;141422.0;resuelto_titulo_unico;La fiebre de los ricos;2023.0;;GALDER GAZTELU-URRUTIA;1.0;;False
Tregua, La;10/10/2025;Tregua;111022.0;resuelto_anio_produccion_cercano;La tregua;2025.0;;MIGUEL ÁNGEL VIVAS MORENO;11.0;;False
Playa de Lobos;05/12/2025;Playa de Lobos;182024.0;resuelto_titulo_unico;Playa de lobos;2024.0;;JAVIER VEIGA;1.0;;False
Sigue mi voz;12/09/2025;Sigue mi voz;194223.0;resuelto_titulo_unico;SIGUE MI VOZ;2025.0;;INÉS PINTOR;1.0;;False
Hasta que me quede sin voz;17/10/2025;Hasta que me quede sin voz;218325.0;resuelto_titulo_unico;Hasta que me quede sin voz;2025.0;;LUCAS NOLLA;1.0;;False
Lo que aprendí de mi pingüino;05/09/2025;Lo que aprendí de mi pingüino;189323.0;resuelto_titulo_unico;LO QUE APRENDÍ DE MI PINGÜINO;2024.0;;PETER CATTANEO;1.0;;False
Buena suerte, La;06/06/2025;Buena suerte;190823.0;resuelto_titulo_unico;La buena suerte;2025.0;;GRACIA QUEREJETA;9.0;;False
Norbert;17/01/2025;Norbert;128511.0;resuelto_titulo_unico;Norbert;2024.0;;JOSÉ CORRAL LLORENTE;2.0;;False
Mi amiga Eva;19/09/2025;Mi amiga Eva;166523.0;resuelto_titulo_unico;Mi amiga Eva;2025.0;;CESC GAY;1.0;;False
Sospecha de Sofía, La;03/10/2025;Sospecha de Sofía;143921.0;resuelto_titulo_unico;La sospecha de Sofía;2025.0;;IMANOL URIBE;1.0;;False
Secreto del orfebre, El;28/02/2025;Secreto del orfebre;159724.0;resuelto_titulo_unico;El secreto del orfebre;2024.0;;OLGA OSORIO;1.0;;False
Tierras del cielo, Las;30/01/2024;Tierras del cielo;83821.0;resuelto_titulo_unico;Las tierras del cielo;2023.0;;PABLO GARCÍA CANGA;1.0;;False
Luz de Soledad;21/10/2016;Luz de Soledad;97315.0;resuelto_titulo_unico;LUZ DE SOLEDAD;2016.0;;PABLO MORENO HERNÁNDEZ;1.0;;False
Addictus;24/11/2024;Addictus;175523.0;resuelto_titulo_unico;ADDICTUS;2023.0;;DAVID ANDRADE;1.0;;False
Marilyn y las avispas;05/04/2024;Marilyn y las avispas;255123.0;resuelto_titulo_unico;Marilyn y las avispas;2023.0;;MIGUEL ÁNGEL CARO;1.0;;False
Matar a Dios;21/09/2018;Matar a Dios;35813.0;resuelto_titulo_unico;Matar a Dios;2018.0;;CAYE CASAS;1.0;;False
In Memoriam Biel;10/10/2024;In Memoriam Biel;61923.0;resuelto_titulo_unico;IN MEMORIAM BIEL;2023.0;;SANTIAGO SUÁREZ BALDRÍS;1.0;;False
Memorias de un cuerpo que arde;29/11/2024;Memorias de un cuerpo que arde;56820.0;resuelto_titulo_unico;Memorias de un cuerpo que arde;2024.0;;ANTONELLA SUDASASSI FURNISS;1.0;;False
Dormiamos, despertamos;15/05/2024;Dormiamos, despertamos;91612.0;resuelto_titulo_unico;DORMÍAMOS, DESPERTAMOS;2012.0;;ALFONSO DOMINGO;1.0;;False
Ayer no termina nunca;26/04/2013;Ayer no termina nunca;82512.0;resuelto_titulo_unico;AYER NO TERMINA NUNCA;2013.0;;ISABEL COIXET;1.0;;False
Sombra del tiburón, La;16/03/2024;Sombra del tiburón;28524.0;resuelto_titulo_unico;La sombra del tiburón;2024.0;;GONZALO LÓPEZ-GALLEGO;1.0;;False
Samuel: Hollywood vs Hollywood;18/04/2024;Samuel: Hollywood vs Hollywood;34123.0;resuelto_titulo_unico;SAMUEL: HOLLYWOOD VS HOLLYWOOD;2023.0;;JUAN ANTONIO TIRADO;1.0;;False
Hagase tu voluntad;03/09/2024;Hagase tu voluntad;114921.0;resuelto_titulo_unico;HÁGASE TU VOLUNTAD;2024.0;;ADRIÁN SILVESTRE;1.0;;False
Buscando a la Santa Compaña;27/10/2024;Buscando a la Santa Compaña;199624.0;resuelto_titulo_unico;Buscando a la Santa Compaña;2024.0;;FERNANDO CORTIZO;1.0;;False
Dorinico, como conseguir un sueño;15/07/2024;Dorinico, como conseguir un sueño;13223.0;resuelto_titulo_unico;DORINICO, CÓMO CONSEGUIR UN SUEÑO;2023.0;;RICARD PEITX;1.0;;False
Caparros. Las botas del entrenador;26/04/2024;Caparros. Las botas del entrenador;18324.0;resuelto_titulo_unico;Caparrós. Las botas del entrenador;2024.0;;ÁNGEL TIRADO;1.0;;False
Mamantula;03/06/2024;Mamantula;37122.0;resuelto_titulo_unico;Mamántula;2023.0;;ION DE SOSA;1.0;;False
Muerte en Amara;25/10/2024;Muerte en Amara;71324.0;resuelto_titulo_unico;Muerte en Amara;2024.0;;AITOR GONZÁLEZ DE LANGARICA;1.0;;False
Revolucion de las musas, La;12/12/2024;Revolucion de las musas;92920.0;resuelto_titulo_unico;La revolución de las musas;2025.0;;YAIZA DE LAMO;1.0;;False
Cuadro, El;08/11/2019;Cuadro;57116.0;resuelto_anio_produccion_cercano;El cuadro;2019.0;;ANDRÉS SANZ VICENTE;13.0;;False
Salvaxe, Salvaxe;02/10/2024;Salvaxe, Salvaxe;102620.0;resuelto_titulo_unico;Salvaxe, Salvaxe;2024.0;;EMILIO FONSECA MARTÍN;1.0;;False
Landrian;10/09/2024;Landrian;11523.0;resuelto_titulo_unico;LANDRIÁN;2024.0;;ERNESTO DARANAS SERRANO;1.0;;False
Homofobia de estado;16/06/2024;Homofobia de estado;53224.0;resuelto_titulo_unico;HOMOFOBIA DE ESTADO;2024.0;;RICHARD ZUBELZU;1.0;;False
Sueño del ladron, El;18/04/2024;Sueño del ladron;74823.0;resuelto_titulo_unico;EL SUEÑO DEL LADRÓN;2023.0;;EDUARDO DÍAZ;1.0;;False
Calle Ancha, Fin de Siglo;25/10/2024;Calle Ancha, Fin de Siglo;187224.0;resuelto_titulo_unico;Calle Ancha, Fin de Siglo;2024.0;;JORGE ARENILLAS;1.0;;False
Buscando a Nika;18/07/2024;Buscando a Nika;30123.0;resuelto_titulo_unico;Buscando a Nika;2023.0;;STANISLAV KAPRALOV;1.0;;False
Intocables de Carles Cases, Los;22/03/2024;Intocables de Carles Cases;150421.0;resuelto_titulo_unico;Los intocables de Carles Cases;2024.0;;MATÍAS BOERO LUTZ;1.0;;False
Reflejos en una habitacion;27/09/2024;Reflejos en una habitacion;88222.0;resuelto_titulo_unico;Reflejos en una habitación;2024.0;;CERES MACHADO;1.0;;False
Revolucion Bitcoin;22/07/2024;Revolucion Bitcoin;123624.0;resuelto_titulo_unico;Revolución Bitcoin;2024.0;;JUAN PABLO MEJÍA CAICEDO;1.0;;False
Bofi;21/09/2024;Bofi;188624.0;resuelto_titulo_unico;BOFI;2024.0;;SENÉN FERNÁNDEZ;1.0;;False
Pequeños amores, Los;08/03/2024;Pequeños amores;73620.0;resuelto_titulo_unico;Los pequeños amores;2022.0;;CELIA RICO CLAVELLINO;1.0;;False
Cuando los amos duermen;29/11/2024;Cuando los amos duermen;133822.0;resuelto_titulo_unico;Cuando los amos duermen;2023.0;;SANTIAGO ALVARADO ILARRI;1.0;;False
No puedo vivir sin ti;01/08/2024;No puedo vivir sin ti;200623.0;resuelto_anio_produccion_cercano;NO PUEDO VIVIR SIN TI;2024.0;;SANTIAGO REQUEJO;2.0;;False
Muertimer, Los;14/08/2025;Muertimer;218124.0;resuelto_titulo_unico;Los Muértimer;2025.0;;ÁLVARO FERNÁNDEZ - ARMERO;1.0;;False
Mikaela;31/01/2025;Mikaela;167923.0;resuelto_titulo_unico;MIKAELA;2024.0;;DANIEL CALPARSORO;1.0;;False
Tierra de nadie;28/03/2025;Tierra de nadie;182923.0;resuelto_anio_produccion_cercano;Tierra de nadie;2024.0;;ALBERT PINTÓ;10.0;;False
Romeria;05/09/2025;Romeria;159323.0;resuelto_anio_produccion_cercano;Romería;2025.0;;CARLA SIMÓN;10.0;;False
Sin Cobertura;22/08/2025;Sin Cobertura;160124.0;resuelto_titulo_unico;Sin cobertura;2025.0;;MAR OLID;1.0;;False
Un funeral de locos;11/04/2025;Un funeral de locos;129124.0;resuelto_titulo_unico;UN FUNERAL DE LOCOS;2025.0;;MANUEL GÓMEZ PEREIRA;1.0;;False
Casoplon, El;16/04/2025;Casoplon;166823.0;resuelto_titulo_unico;El casoplón;2025.0;;JOAQUÍN MAZÓN;1.0;;False
Domingos, Los;24/10/2025;Domingos;196624.0;resuelto_titulo_unico;Los domingos;2025.0;;ALAUDA RUIZ DE AZÚA;7.0;;False
Cautivo, El;12/09/2025;Cautivo;153523.0;resuelto_titulo_unico;El cautivo;2025.0;;ALEJANDRO AMENÁBAR;21.0;;False
Padre no hay mas que uno 5;26/06/2025;Padre no hay mas que uno 5;170524.0;resuelto_titulo_unico;PADRE NO HAY MÁS QUE UNO 5;2025.0;;SANTIAGO SEGURA (EL DE LAS CUATRO ANTERIORES);1.0;;False
Loreak;31/10/2014;Loreak;47912.0;resuelto_titulo_unico;LOREAK;2014.0;;JOSÉ MARI GOENAGA;1.0;;False
Vivir dos veces;06/09/2019;Vivir dos veces;172918.0;resuelto_titulo_unico;Vivir dos veces;2019.0;;MARÍA RIPOLL JULIA;1.0;;False
Steven quiere conocerte;18/12/2024;Steven quiere conocerte;224723.0;resuelto_titulo_unico;STEVEN QUIERE CONOCERTE;2023.0;;SILVIA MORENO;1.0;;False
Miradas del cine español;04/09/2024;Miradas del cine español;75324.0;resuelto_titulo_unico;Miradas del cine español;2024.0;;ENRIQUE IZNAOLA;1.0;;False
Sagrada familia, La;19/03/2024;Sagrada familia;11106.0;resuelto_titulo_unico;SAGRADA FAMILIA, LA;;;MARIA VIADIMIROVA;2.0;;False
Viaje al cuarto de una madre;05/10/2018;Viaje al cuarto de una madre;46016.0;resuelto_titulo_unico;Viaje al cuarto de una madre;2017.0;;CELIA RICO CLAVELLINO;1.0;;False
Federico Mayor Zaragoza: Recuerdos del porvenir;08/05/2024;Federico Mayor Zaragoza: Recuerdos del porvenir;11224.0;resuelto_titulo_unico;FEDERICO MAYOR ZARAGOZA: RECUERDOS DEL PORVENIR;2024.0;;SHOLEH HEJAZI;1.0;;False
Umbracle;30/05/2024;Umbracle;99908.0;resuelto_titulo_unico;UMBRACLE;1972.0;;PERE PORTABELLA;1.0;;False
Manuel Machado o la edad de la poesia;23/08/2024;Manuel Machado o la edad de la poesia;171424.0;resuelto_titulo_unico;Manuel Machado o la edad de la poesía;2024.0;;MIGUEL ÁNGEL H. ARANGO;1.0;;False
Mayor regalo, El;09/11/2018;Mayor regalo;124817.0;resuelto_titulo_unico;El mayor regalo;2018.0;;JUAN MANUEL COTELO;1.0;;False
Home dels nassos, L';19/01/2024;Home dels nassos, L';109321.0;override_manual;;;;;;;False
Team Heretics, una historia de talentos;09/12/2024;Team Heretics, una historia de talentos;226623.0;resuelto_titulo_unico;Team Heretics, una historia de talentos;2023.0;;CARMEN LÓPEZ VELASCO;1.0;;False
Poderes de Lolo, Los;30/09/2024;Poderes de Lolo;189124.0;resuelto_titulo_unico;LOS PODERES DE LOLO;2024.0;;ITZIAR BERNAOLA;1.0;;False
Santa fiesta;27/05/2016;Santa fiesta;82916.0;resuelto_titulo_unico;Santa Fiesta;2016.0;;MIGUEL ÁNGEL ROLLAN JIMÉNEZ;3.0;;False
Codigo Marcos;28/10/2024;Codigo Marcos;107222.0;resuelto_titulo_unico;Código Marcos;2024.0;;LIENA CID;1.0;;False
Erlauntza-Enjambre;06/11/2020;Erlauntza-Enjambre;88720.0;resuelto_titulo_unico;Erlauntza-Enjambre;2020.0;;MIREIA GABILONDO;1.0;;False
Thi Mai, rumbo a Vietnam;12/01/2018;Thi Mai, rumbo a Vietnam;119516.0;resuelto_titulo_unico;Thi Mai, rumbo a Vietnam;2017.0;;MARÍA JESÚS PATRICIA FERREIRA MAÑÁ;1.0;;False
En Granada es posible;13/11/2015;En Granada es posible;59613.0;resuelto_titulo_unico;EN GRANADA ES POSIBLE;2015.0;;CRISTINA MARTÍN BARCELONA;3.0;;False
No somos marionetas;09/12/2024;No somos marionetas;241323.0;resuelto_titulo_unico;NO SOMOS MARIONETAS;2023.0;;JULIO ESPINOSA;1.0;;False
Saben aquell;01/11/2023;Saben aquell;135722.0;resuelto_titulo_unico;SABEN AQUELL;2023.0;;DAVID TRUEBA;1.0;;False
Raqa;22/11/2024;Raqa;158723.0;resuelto_titulo_unico;Raqa;2024.0;;GERARDO HERRERO;1.0;;False
Llanto, El;25/10/2024;Llanto;148721.0;resuelto_titulo_unico;EL LLANTO;2023.0;;PEDRO MARTÍN-CALERO;17.0;;False
Viejos;17/03/2023;Viejos;117721.0;resuelto_titulo_unico;Viejos;2022.0;;RAÚL CEREZO;19.0;;False
Satisfaction: sexo sin tapujos;13/06/2023;Satisfaction: sexo sin tapujos;110623.0;resuelto_titulo_unico;SATISFACTION: SEXO SIN TAPUJOS;2023.0;;JACQUES FLETCHER;1.0;;False
Pecera, La;26/05/2023;Pecera;48419.0;resuelto_anio_produccion_cercano;La Pecera;2023.0;;GLORIMAR MARRERO SÁNCHEZ;4.0;;False
Camino de la suerte;20/10/2023;Camino de la suerte;6923.0;resuelto_titulo_unico;Camino de la suerte;2023.0;;JORGE ALONSO;1.0;;False
Cuanto me queda;20/12/2023;Cuanto me queda;154722.0;resuelto_titulo_unico;Cuánto me queda;2022.0;;CAROLINA BASSECOURT;1.0;;False
Liuben;06/07/2023;Liuben;67119.0;resuelto_titulo_unico;Liuben;2021.0;;VENCI D. KOSTOV;1.0;;False
Mujeres olvidadas;09/06/2023;Mujeres olvidadas;81319.0;resuelto_anio_produccion_cercano;Mujeres olvidadas;2023.0;;J. ECHEVERRIA-TORRES;2.0;;False
Alteritats;13/06/2023;Alteritats;96020.0;resuelto_titulo_unico;Alteritats;2023.0;;ALBA CROS PELLISÉ;1.0;;False
Literato;24/11/2023;Literato;51623.0;resuelto_titulo_unico;LITERATO;2023.0;;CARLOS NAVARRO;1.0;;False
Paradoja de Antares, La;27/06/2023;Paradoja de Antares;131721.0;resuelto_titulo_unico;La paradoja de Antares;2022.0;;LUIS TINOCO;1.0;;False
Mestra, La;01/11/2023;Mestra;157523.0;resuelto_titulo_unico;La mestra;2023.0;;SERGI PITARCH GARRIDO;3.0;;False
Vida de Brianeitor, La;11/10/2023;Vida de Brianeitor;72323.0;resuelto_titulo_unico;LA VIDA DE BRIANEITOR;2023.0;;ÁLVARO LONGORIA;1.0;;False
Bailar la locura;18/01/2023;Bailar la locura;144322.0;resuelto_titulo_unico;Bailar la locura;2022.0;;MAIOL VIRGILI;1.0;;False
Tregua(s);22/09/2023;Tregua(s);178723.0;resuelto_titulo_unico;Tregua(s);2023.0;;MARIO HERNÁNDEZ;1.0;;False
A los libros y a las mujeres canto;21/04/2023;A los libros y a las mujeres canto;122518.0;resuelto_titulo_unico;A los libros y a las mujeres canto;2022.0;;MARÍA ELORZA;1.0;;False
Sueño de la sultana, El;17/11/2023;Sueño de la sultana;92618.0;resuelto_titulo_unico;EL SUEÑO DE LA SULTANA;2023.0;;ISABEL HERGUERA;1.0;;False
1212. La batalla de Las Navas de Tolosa;02/11/2023;1212. La batalla de Las Navas de Tolosa;199523.0;resuelto_titulo_unico;1212. LA BATALLA DE LAS NAVAS DE TOLOSA;2023.0;;SANTIAGO MAZARRO;1.0;;False
Un dia Lobo Lopez;21/03/2023;Un dia Lobo Lopez;11923.0;resuelto_titulo_unico;Un día Lobo López;2023.0;;ALEJANDRO G. SALGADO;1.0;;False
Mala familia, La;05/05/2023;Mala familia;88319.0;resuelto_titulo_unico;La Mala Familia;2022.0;;NACHO A. VILLAR;1.0;;False
Slasher;12/05/2023;Slasher;13923.0;resuelto_fecha_estreno_exacta;Slasher;2023.0;12/05/2023;ALBERTO ARMAS;2.0;;False
Tiempo de Zarzuela;10/10/2023;Tiempo de Zarzuela;170219.0;resuelto_titulo_unico;TIEMPO DE ZARZUELA;2023.0;;CRISTINA OTERO ROTH;1.0;;False
Singla, La;10/11/2023;Singla;95519.0;resuelto_titulo_unico;LA SINGLA;2023.0;;PALOMA ZAPATA;3.0;;False
Caso Padilla, El;02/06/2023;Caso Padilla;132722.0;resuelto_titulo_unico;El caso Padilla;2022.0;;PAVEL GIROUD;1.0;;False
Secundarias;17/11/2023;Secundarias;155323.0;resuelto_titulo_unico;Secundarias;2023.0;;ARTURO DUEÑAS;2.0;;False
Parir;10/10/2023;Parir;105721.0;resuelto_titulo_unico;PARIR;2023.0;;CLAUDIA REIG;1.0;;False
Bosque Salvaje de Pardomino, El;04/05/2023;Bosque Salvaje de Pardomino;53623.0;resuelto_titulo_unico;El Bosque Salvaje de Pardomino;2023.0;;CARLOS RODRÍGUEZ;1.0;;False
Desmadre incluido;22/09/2023;Desmadre incluido;215122.0;resuelto_titulo_unico;DESMADRE INCLUIDO;2022.0;;MIGUEL MARTÍ;1.0;;False
Saldos, Los;09/06/2023;Saldos;150519.0;resuelto_titulo_unico;Los saldos;2022.0;;RAÚL CAPDEVILA;1.0;;False
Una noche con Adela;01/12/2023;Una noche con Adela;218221.0;resuelto_titulo_unico;Una noche con Adela;2022.0;;HUGO RUIZ;1.0;;False
Luis Cernuda, el habitante del olvido;26/10/2023;Luis Cernuda, el habitante del olvido;25823.0;resuelto_titulo_unico;Luis Cernuda, el habitante del olvido;2023.0;;ADOLFO DUFOUR ANDIA;1.0;;False
Capitan Carver;24/01/2023;Capitan Carver;101718.0;resuelto_titulo_unico;Capitán Carver;2020.0;;EVGENY YABLOKOV;1.0;;False
Terenci: La fabulación infinita;15/09/2023;Terenci: La fabulación infinita;25623.0;resuelto_titulo_unico;TERENCI: LA FABULACIÓN INFINITA;2023.0;;MARTA LALLANA;1.0;;False
Kené;27/10/2023;Kené;169422.0;resuelto_titulo_unico;Kené;2022.0;;VICENTE PÉREZ HERRERO;1.0;;False
Yo tenia una vida;24/11/2023;Yo tenia una vida;104621.0;resuelto_titulo_unico;Yo tenía una vida;2023.0;;OCTAVIO GUERRA;1.0;;False
Run Baby Run;24/11/2023;Run Baby Run;149323.0;resuelto_titulo_unico;RUN BABY RUN;2023.0;;TONI ANDÚJAR;1.0;;False
Living Kultur;01/06/2023;Living Kultur;17421.0;resuelto_titulo_unico;Living Kultur;2021.0;;MARGA GUTIÉRREZ DÍEZ;1.0;;False
Teoria dels cossos;24/11/2023;Teoria dels cossos;231023.0;resuelto_anio_produccion_cercano;Teoria dels cossos;2023.0;;JR ARMADÀS;2.0;;False
Clara Campoamor, un voto para despertar;19/02/2023;Clara Campoamor, un voto para despertar;93321.0;resuelto_titulo_unico;Clara Campoamor, un voto para despertar;2023.0;;RAFAEL ALCÁZAR;1.0;;False
Quatre Raons;07/06/2023;Quatre Raons;70223.0;resuelto_titulo_unico;QUATRE RAONS;2023.0;;PEDRO PÉREZ-ROSADO;1.0;;False
Persona (no) humana;17/02/2023;Persona (no) humana;113619.0;resuelto_titulo_unico;PERSONA (no) HUMANA;2021.0;;RAFAEL G. SÁNCHEZ;1.0;;False
Importancia de llamarse Ernesto y la gilipollez de llamarse Eric, La;10/11/2023;Importancia de llamarse Ernesto y la gilipollez de llamarse Eric;112421.0;resuelto_titulo_unico;La importancia de llamarse Ernesto y la gilipollez de llamarse Eric;2023.0;;CÉSAR MARTÍNEZ HERRADA;1.0;;False
No, no quiero;24/11/2023;No, no quiero;178922.0;resuelto_titulo_unico;No, no quiero;2023.0;;BELÉN SANTOS;3.0;;False
Isosceles;03/03/2023;Isosceles;522.0;resuelto_titulo_unico;Isósceles;2022.0;;IGNACIO NACHO;1.0;;False
Un largo viaje;10/11/2023;Un largo viaje;94920.0;resuelto_titulo_unico;Un largo viaje;2022.0;;VÍCTOR NORES;2.0;;False
Madre no hay mas que una;20/10/2023;Madre no hay mas que una;155623.0;resuelto_titulo_unico;Madre no hay más que una;2023.0;;JESÚS GARCÍA;2.0;;False
Toda una vida;26/05/2023;Toda una vida;182520.0;resuelto_anio_estreno_ficha;Toda una vida;2023.0;07/05/2023;MARTA ROMERO;7.0;;False
Caballeros de Santiago, Los;14/06/2023;Caballeros de Santiago;102020.0;resuelto_titulo_unico;LOS CABALLEROS DE SANTIAGO;2023.0;;ANA L. MARTÍN;1.0;;False
Memoria Escondida, La;23/06/2023;Memoria Escondida;212021.0;resuelto_titulo_unico;La memoria escondida;2022.0;;JOSÉ LUIS PECHARROMÁN;1.0;;False
Gleich;10/11/2023;Gleich;88520.0;resuelto_titulo_unico;Gleich;2022.0;;JENIFFER CASTAÑEDA GARCÍA;1.0;;False
Benito Perez Buñuel;24/03/2023;Benito Perez Buñuel;180319.0;resuelto_titulo_unico;Benito Pérez Buñuel;2022.0;;LUIS ROCA;1.0;;False
Semilla del son;10/11/2023;Semilla del son;56219.0;resuelto_titulo_unico;Semilla del son;2022.0;;JUANMA BETANCORT;1.0;;False
Rioja, la tierra de los mil vinos;10/11/2023;Rioja, la tierra de los mil vinos;166522.0;resuelto_titulo_unico;Rioja, la tierra de los mil vinos;2023.0;;JOSÉ LUIS LÓPEZ-LINARES;1.0;;False
Hafreiat;19/05/2023;Hafreiat;119518.0;resuelto_titulo_unico;Hafreiat;2022.0;;ALEX SARDÀ;1.0;;False
Muyeres;16/12/2023;Muyeres;99520.0;resuelto_titulo_unico;Muyeres;2023.0;;MARTA LALLANA;1.0;;False
Hay una puerta ahi;01/11/2023;Hay una puerta ahi;155523.0;resuelto_titulo_unico;Hay una puerta ahí;2023.0;;JUAN PONCE DE LEÓN;1.0;;False
Ultima noche de Sandra M., La;15/12/2023;Ultima noche de Sandra M.;107522.0;resuelto_titulo_unico;La última noche de Sandra M.;2022.0;;BORJA DE LA VEGA;1.0;;False
Menina Casilda;13/04/2023;Menina Casilda;15422.0;resuelto_titulo_unico;Menina Casilda;2022.0;;ÉRIC DU BELLAY;1.0;;False
Marco Polo;01/09/2023;Marco Polo;138122.0;resuelto_anio_produccion_cercano;Marco Polo;2022.0;;PABLO RIESGO;20.0;;False
Bull Run;26/04/2024;Bull Run;195421.0;resuelto_titulo_unico;Bull Run;2023.0;;ANA RAMÓN RUBIO;2.0;;False
21 Paraiso;21/11/2023;21 Paraiso;29923.0;resuelto_titulo_unico;21 Paraíso;2023.0;;NÉSTOR RUIZ MEDINA;1.0;;False
Embrujo de Quijat, El;06/11/2023;Embrujo de Quijat;81605.0;resuelto_titulo_unico;EL EMBRUJO DE QUIJAT;2022.0;;CHUMILLA-CARBAJOSA;1.0;;False
En temporada baja;14/04/2023;En temporada baja;192821.0;resuelto_titulo_unico;En temporada baja;2022.0;;DAVID MARQUÉS;1.0;;False
Ruta salvatge;17/11/2023;Ruta salvatge;45723.0;resuelto_titulo_unico;Ruta salvatge;2023.0;;RECHA BATALLE, MARC;1.0;;False
Buenas compañías, Las;05/05/2023;Buenas compañías;138521.0;resuelto_titulo_unico;LAS BUENAS COMPAÑÍAS;2023.0;;SILVIA MUNT;1.0;;False
Sirvienta, La;24/03/2023;Sirvienta;13023.0;resuelto_titulo_unico;La sirvienta;2023.0;;PABLO MORENO;2.0;;False
Que nadie duerma;17/11/2023;Que nadie duerma;81820.0;resuelto_anio_produccion_cercano;QUE NADIE DUERMA;2023.0;;ANTONIO MÉNDEZ ESPARZA;2.0;;False
Empieza el baile;05/04/2023;Empieza el baile;77920.0;resuelto_titulo_unico;Empieza el baile;2022.0;;MARINA SERESESKY;1.0;;False
Asedio;05/05/2023;Asedio;159320.0;resuelto_titulo_unico;Asedio;2022.0;;MIGUEL ÁNGEL VIVAS;5.0;;False
Voz del Sol, La;22/09/2023;Voz del Sol;92222.0;resuelto_titulo_unico;LA VOZ DEL SOL;2022.0;;CAROL POLAKOFF;1.0;;False
Hombre del saco, El;11/08/2023;Hombre del saco;43522.0;resuelto_anio_produccion_cercano;El Hombre del Saco;2022.0;;ÁNGEL GÓMEZ;3.0;;False
Ternura, La;29/09/2023;Ternura;144521.0;resuelto_anio_produccion_cercano;LA TERNURA;2023.0;;VICENTE VILLANUEVA;10.0;;False
Creatura;08/09/2023;Creatura;106521.0;resuelto_titulo_unico;CREATURA;2023.0;;ELENA MARTÍN GIMENO;2.0;;False
Una vida no tan simple;23/06/2023;Una vida no tan simple;113018.0;resuelto_titulo_unico;Una vida no tan simple;2022.0;;FÉLIX VISCARRET;1.0;;False
Lobo Feroz;27/01/2023;Lobo Feroz;57620.0;resuelto_titulo_unico;Lobo Feroz;2021.0;;GUSTAVO HERNÁNDEZ;2.0;;False
Bajo terapia;17/03/2023;Bajo terapia;204721.0;resuelto_titulo_unico;Bajo terapia;2023.0;;GERARDO HERRERO;1.0;;False
Extraña forma de vida;26/05/2023;Extraña forma de vida;219922.0;resuelto_titulo_unico;Extraña forma de vida;2022.0;;PEDRO ALMODÓVAR;1.0;;False
Matria;24/03/2023;Matria;104120.0;resuelto_anio_produccion_cercano;Matria;2023.0;;ÁLVARO GAGO;3.0;;False
Robot Dreams;06/12/2023;Robot Dreams;66120.0;resuelto_titulo_unico;Robot Dreams;2023.0;;PABLO BERGER;1.0;;False
¡Salta!;01/09/2023;¡Salta!;160520.0;resuelto_titulo_unico;¡Salta!;2023.0;;OLGA OSORIO;24.0;;False
Cielo no puede esperar, El;24/02/2023;Cielo no puede esperar;225722.0;resuelto_titulo_unico;EL CIELO NO PUEDE ESPERAR;2022.0;;JOSÉ MARÍA ZAVALA;3.0;;False
Contadora de Peliculas, La;27/10/2023;Contadora de Peliculas;154219.0;resuelto_titulo_unico;La contadora de películas;2022.0;;LONE SCHERFIG;1.0;;False
Buenos modales, Los;28/04/2023;Buenos modales;159520.0;resuelto_titulo_unico;Los buenos modales;2022.0;;MARTA DÍAZ DE LOPE DÍAZ MARTÍN;1.0;;False
Chicas estan bien, Las;25/08/2023;Chicas estan bien;105421.0;resuelto_titulo_unico;Las chicas están bien;2023.0;;ITSASO ARANA;1.0;;False
Verano en rojo;08/09/2023;Verano en rojo;49722.0;resuelto_titulo_unico;VERANO EN ROJO;2023.0;;BELÉN MACÍAS;1.0;;False
O Corno;11/10/2023;O Corno;28421.0;resuelto_titulo_unico;O CORNO;2023.0;;JAIONE CAMBORDA;1.0;;False
Esta ambicion desmedida;26/10/2023;Esta ambicion desmedida;183523.0;resuelto_titulo_unico;Esta ambición desmedida;2023.0;;CRIS TRENAS;1.0;;False
Cerrar los ojos;29/09/2023;Cerrar los ojos;124422.0;resuelto_titulo_unico;Cerrar los ojos;2023.0;;VÍCTOR ERICE;1.0;;False
Chinas;06/10/2023;Chinas;155721.0;resuelto_titulo_unico;CHINAS;2023.0;;ARANTXA ECHEVARRÍA;5.0;;False
Te estoy amando locamente;06/07/2023;Te estoy amando locamente;158121.0;resuelto_titulo_unico;Te estoy amando locamente;2023.0;;ALEJANDRO MARÍN;1.0;;False
Mi otro Jon;20/10/2023;Mi otro Jon;133322.0;resuelto_titulo_unico;Mi otro Jon;2023.0;;PACO ARANGO;1.0;;False
Fred que Crema, El;20/01/2023;Fred que Crema;81019.0;resuelto_titulo_unico;EL FRED QUE CREMA;2022.0;;SANTI TRULLENQUE;1.0;;False
Novia de America, La;17/02/2023;Novia de America;91320.0;resuelto_titulo_unico;LA NOVIA DE AMÉRICA;2023.0;;ALFONSO ALBACETE;1.0;;False
Ermita, La;17/11/2023;Ermita;50022.0;resuelto_titulo_unico;LA ERMITA;2023.0;;CARLOTA PEREDA;13.0;;False
Momonsters la pelicula;06/12/2023;Momonsters la pelicula;197623.0;resuelto_titulo_unico;MOMONSTERS LA PELÍCULA;2023.0;;JAVIER MARTÍNEZ;1.0;;False
Mesita del comedor, La;30/11/2023;Mesita del comedor;89422.0;resuelto_titulo_unico;La mesita del comedor;2022.0;;CAYE CASAS;1.0;;False
Bidasoa 2018-2023;20/10/2023;Bidasoa 2018-2023;17623.0;resuelto_titulo_unico;Bidasoa 2018-2023;2023.0;;FERMÍN MUGURUZA;1.0;;False
Unicornios;30/06/2023;Unicornios;22925.0;resuelto_titulo_unico;UNICORNIOS;;;MICHELA ANDREOZZI;2.0;;False
Notas sobre un verano;01/09/2023;Notas sobre un verano;137420.0;resuelto_titulo_unico;Notas sobre un verano;2023.0;;DIEGO LLORENTE;1.0;;False
Matar cangrejos;26/05/2023;Matar cangrejos;99019.0;resuelto_titulo_unico;Matar cangrejos;2023.0;;OMAR AL ABDUL RAZZAK MARTÍNEZ;1.0;;False
Hermano Caballo;08/06/2023;Hermano Caballo;80420.0;resuelto_titulo_unico;Hermano Caballo;2023.0;;MARCEL BARRENA;1.0;;False
Fantastico caso del Golem, El;16/06/2023;Fantastico caso del Golem;54821.0;resuelto_titulo_unico;El fantástico caso del Golem;2023.0;;BURNIN´ PERCEBES;1.0;;False
Paredes hablan, Las;03/02/2023;Paredes hablan;93820.0;resuelto_titulo_unico;Las paredes hablan;2022.0;;CARLOS SAURA;1.0;;False
Fortaleza, La;23/06/2023;Fortaleza;55415.0;resuelto_anio_produccion_cercano;La fortaleza;2022.0;;CHIQUI CARABANTE;19.0;;False
Mamacruz;27/10/2023;Mamacruz;60220.0;resuelto_titulo_unico;Mamacruz;2023.0;;PATRICIA ORTEGA;1.0;;False
Tierra de nuestras madres;20/07/2023;Tierra de nuestras madres;84319.0;resuelto_titulo_unico;Tierra de nuestras madres;2023.0;;LIZ LOBATO;1.0;;False
Latido del Cielo, El;17/11/2023;Latido del Cielo;197223.0;resuelto_titulo_unico;EL LATIDO DEL CIELO;2023.0;;JOSÉ MARÍA ZAVALA;1.0;;False
Sica;19/05/2023;Sica;90020.0;resuelto_titulo_unico;Sica;2022.0;;CARLA SUBIRANA;15.0;;False
Kepler Sexto B;16/06/2023;Kepler Sexto B;143221.0;resuelto_titulo_unico;Kepler sexto B;2022.0;;ALEJANDRO SUÁREZ LOZANO;1.0;;False
Ultimas Voluntades;30/06/2023;Ultimas Voluntades;104821.0;resuelto_titulo_unico;ÚLTIMAS VOLUNTADES;2022.0;;JOAQUÍN CARMONA HIDALGO;1.0;;False
Cuco, El;15/09/2023;Cuco;147420.0;resuelto_titulo_unico;El cuco;2022.0;;MAR TARGARONA;4.0;;False
Sobre todo de noche;01/12/2023;Sobre todo de noche;93420.0;resuelto_titulo_unico;SOBRE TODO DE NOCHE;2023.0;;VÍCTOR IRIARTE;1.0;;False
Iberia, naturaleza infinita;17/03/2023;Iberia, naturaleza infinita;27123.0;resuelto_titulo_unico;Iberia, naturaleza infinita;2023.0;;ARTURO MENOR;1.0;;False
Alguien que cuide de mi;28/04/2023;Alguien que cuide de mi;157521.0;resuelto_titulo_unico;ALGUIEN QUE CUIDE DE MÍ;2023.0;;ELVIRA LINDO;1.0;;False
Manzana de Oro, La;01/09/2023;Manzana de Oro;144321.0;resuelto_titulo_unico;La manzana de oro;2022.0;;JAIME CHÁVARRI;4.0;;False
Erase una vez en Canarias;22/09/2023;Erase una vez en Canarias;193922.0;resuelto_titulo_unico;Érase una vez en Canarias;2022.0;;ARMANDO RAVELO;1.0;;False
Samsara;20/12/2023;Samsara;93920.0;resuelto_anio_produccion_cercano;Samsara;2023.0;;LOIS PATIÑO;2.0;;False
Si todas las puertas se cierran;14/04/2023;Si todas las puertas se cierran;91222.0;resuelto_titulo_unico;Si todas las puertas se cierran;2022.0;;ANTONIO CUADRI;1.0;;False
Secaderos;02/06/2023;Secaderos;57418.0;resuelto_titulo_unico;Secaderos;2022.0;;ROCÍO MESA;2.0;;False
Amor de Andrea, El;24/11/2023;Amor de Andrea;155421.0;resuelto_titulo_unico;El amor de Andrea;2023.0;;MANUEL MARTÍN CUENCA;1.0;;False
Esperando a Dalí;14/07/2023;Esperando a Dalí;184010.0;resuelto_titulo_unico;Esperando a Dalí;2022.0;;DAVID PUJOL RUSIÑOL;1.0;;False
Amigos hasta la muerte;22/09/2023;Amigos hasta la muerte;140922.0;resuelto_anio_produccion_cercano;Amigos hasta la muerte;2022.0;;JAVIER VEIGA;2.0;;False
Loli Tormenta;31/03/2023;Loli Tormenta;158920.0;resuelto_titulo_unico;LOLI TORMENTA;2023.0;;AGUSTÍ VILLARONGA;1.0;;False
Delfines de plata;28/07/2023;Delfines de plata;179618.0;resuelto_titulo_unico;Delfines de plata;2023.0;;JAVIER ELORRIETA;1.0;;False
Dulce sabor del éxito, El;15/11/2023;Dulce sabor del éxito;40221.0;resuelto_titulo_unico;El Dulce Sabor del Éxito;2022.0;;CARLOS TEJEDA;1.0;;False
My Way Out;31/03/2023;My Way Out;197221.0;resuelto_titulo_unico;My Way Out;2022.0;;IZASKUN ARANDIA;2.0;;False
Balas y Katanas;26/05/2023;Balas y Katanas;186920.0;resuelto_titulo_unico;Balas y katanas;2022.0;;NACHO SERAPIO;1.0;;False
Desentierro, El;16/11/2018;Desentierro;89011.0;resuelto_titulo_unico;El desentierro;2018.0;;NACHO RUIPÉREZ;1.0;;False
A chat movie;15/12/2023;A chat movie;182720.0;resuelto_titulo_unico;A Chat Movie;2021.0;;ALEJANDRO SANTAELLA VERA;1.0;;False
O Apostolo;31/10/2012;O Apostolo;86608.0;resuelto_titulo_unico;O APÓSTOLO;2012.0;;FERNANDO CORTIZO;1.0;;False
Maniobra de Heimlich, La;27/11/2015;Maniobra de Heimlich;7513.0;resuelto_titulo_unico;MANIOBRA DE HEIMLICH, LA;2015.0;;MANOLO VÁZQUEZ RAMOS;1.0;;False
Goya 3 de mayo;22/09/2023;Goya 3 de mayo;89721.0;resuelto_titulo_unico;Goya 3 de Mayo;2022.0;;CARLOS SAURA;1.0;;False
Pacto de silencio: El Nani y la mafia policial;06/11/2023;Pacto de silencio: El Nani y la mafia policial;150223.0;resuelto_titulo_unico;PACTO DE SILENCIO: EL NANI Y LA MAFIA POLICIAL;2023.0;;CÉSAR VALLEJO;1.0;;False
Os reviento;22/11/2023;Os reviento;56223.0;resuelto_titulo_unico;Os reviento;2023.0;;KIKE NARCEA;1.0;;False
Un dia mas con vida;26/10/2018;Un dia mas con vida;157510.0;resuelto_titulo_unico;Un día más con vida;2017.0;;DAMIAN NENOW;1.0;;False
Carlos Edmundo de Ory, el juego y la palabra;02/10/2023;Carlos Edmundo de Ory, el juego y la palabra;179923.0;resuelto_titulo_unico;CARLOS EDMUNDO DE ORY, EL JUEGO Y LA PALABRA;2023.0;;JOSÉ LUIS HDEZ. ARANGO;1.0;;False
Vivir sin país. El exilio Rohingya;04/01/2023;Vivir sin país. El exilio Rohingya;102421.0;resuelto_titulo_unico;Vivir sin país. El exilio Rohingya;2021.0;;ALBERTO MARTOS;1.0;;False
Longa noite;05/12/2019;Longa noite;137919.0;resuelto_titulo_unico;Longa noite;2019.0;;ELOY ENCISO CACHAFEIRO;2.0;;False
Y todos arderan;02/06/2023;Y todos arderan;191021.0;resuelto_titulo_unico;Y Todos Arderán;2021.0;;DAVID HEBRERO;1.0;;False
522. Un gato, un chino y mi padre;05/07/2019;522. Un gato, un chino y mi padre;78215.0;resuelto_titulo_unico;522. Un gato, un chino y mi padre;2019.0;;PACO R. BAÑOS;1.0;;False
Peleamos;14/11/2023;Peleamos;127723.0;resuelto_titulo_unico;Peleamos;2023.0;;NOEL GÁLVEZ;1.0;;False
8 Años;20/01/2023;8 Años;191421.0;resuelto_titulo_unico;8 AÑOS;2021.0;;J D ALCÁZAR;2.0;;False
Mientras dure la guerra;27/09/2019;Mientras dure la guerra;147217.0;resuelto_titulo_unico;Mientras dure la guerra;2019.0;;ALEJANDRO AMENÁBAR;1.0;;False
Antier noche;25/11/2023;Antier noche;65519.0;resuelto_titulo_unico;Antier Noche;2022.0;;ALBERTO MARTÍN MENACHO;1.0;;False
Otro lado de la realidad, El;15/09/2023;Otro lado de la realidad;95821.0;resuelto_titulo_unico;EL OTRO LADO DE LA REALIDAD;2022.0;;GONZALO GARCÍA PELAYO;1.0;;False
Sembrando sueños;28/11/2023;Sembrando sueños;144223.0;resuelto_titulo_unico;Sembrando sueños;2023.0;;ALFONSO SÁNCHEZ;1.0;;False
Errementari (El herrero y el diablo);02/03/2018;Errementari (El herrero y el diablo);61115.0;resuelto_titulo_unico;Errementari (El herrero y el diablo);2018.0;;PAUL URKIJO;1.0;;False
Rey de La Habana, El;16/10/2015;Rey de La Habana;22113.0;resuelto_titulo_unico;REY DE LA HABANA, EL;2015.0;;AGUSTÍ VILLARONGA;1.0;;False
Bajo la sombra de la cruz gamada;21/04/2023;Bajo la sombra de la cruz gamada;65423.0;resuelto_titulo_unico;BAJO LA SOMBRA DE LA CRUZ GAMADA;2023.0;;XAVIER VILA FONOLLEDA;1.0;;False
España al descubierto;17/11/2023;España al descubierto;208423.0;resuelto_titulo_unico;España al descubierto;2023.0;;MARCOS BARRIOS;1.0;;False
Domingo Domingo;23/07/2023;Domingo Domingo;22022.0;resuelto_titulo_unico;Domingo domingo;2022.0;;LAURA GARCÍA ANDREU;3.0;;False
Derrota, La;19/10/2023;Derrota;222421.0;resuelto_titulo_unico;LA DERROTA;2023.0;;CARLOS NAVARRO;16.0;;False
Precio del oro, El;11/05/2023;Precio del oro;221722.0;resuelto_titulo_unico;EL PRECIO DEL ORO;2022.0;;LUCÍA CASAÑ;1.0;;False
Odradek;02/06/2023;Odradek;114520.0;resuelto_titulo_unico;ODRADEK;2022.0;;JULIO SUÁREZ MAIRELES;1.0;;False
Así se rodó Carne quebrada;26/09/2023;Así se rodó Carne quebrada;231321.0;resuelto_titulo_unico;Así se rodó carne quebrada;2021.0;;GONZALO GARCÍA PELAYO;1.0;;False
Besos negros;27/10/2023;Besos negros;51121.0;resuelto_titulo_unico;Besos Negros;2022.0;;ALEJANDRO NARANJO;1.0;;False
Cristianos;25/10/2023;Cristianos;162923.0;resuelto_titulo_unico;CRISTIANOS;2023.0;;FERNANDO DE HARO;8.0;;False
Pieles;09/06/2017;Pieles;75715.0;resuelto_anio_produccion_cercano;Pieles;2016.0;;EDUARDO CASANOVA;5.0;;False
Disco, Ibiza, Locomia;17/05/2024;Disco, Ibiza, Locomia;40922.0;resuelto_titulo_unico;DISCO, IBIZA, LOCOMÍA;2023.0;;KIKE MAÍLLO;1.0;;False
Matusalen;05/04/2024;Matusalen;135622.0;resuelto_titulo_unico;Matusalén;2023.0;;DAVID GALÁN GALINDO;1.0;;False
Por tus muertos;08/03/2024;Por tus muertos;119718.0;resuelto_titulo_unico;Por tus muertos;2023.0;;SAYAGO AYUSO;1.0;;False
Caida libre;17/05/2024;Caida libre;50122.0;resuelto_anio_produccion_cercano;Caída libre;2023.0;;LAURA JOU;2.0;;False
Amanece en Samana;08/11/2024;Amanece en Samana;176423.0;resuelto_titulo_unico;AMANECE EN SAMANÁ;2024.0;;RAFA CORTÉS;1.0;;False
Segundo premio;24/05/2024;Segundo premio;138421.0;resuelto_titulo_unico;Segundo Premio;2024.0;;ISAKI LACUESTA;1.0;;False
SuperKlaus;05/12/2024;SuperKlaus;51720.0;resuelto_titulo_unico;SuperKlaus;2024.0;;STEVEN MAJAURY;1.0;;False
Volvereis;30/08/2024;Volvereis;59423.0;resuelto_titulo_unico;Volveréis;2024.0;;JONÁS TRUEBA;1.0;;False
Joia: Bad Gyal, La;24/10/2024;Joia: Bad Gyal;52324.0;resuelto_titulo_unico;LA JOIA: BAD GYAL;2024.0;;DAVID CAMARERO;1.0;;False
Puntos suspensivos;20/09/2024;Puntos suspensivos;108522.0;resuelto_titulo_unico;Puntos suspensivos;2024.0;;DAVID MARQUÉS;1.0;;False
Sin instrucciones;25/12/2024;Sin instrucciones;193423.0;resuelto_titulo_unico;Sin instrucciones;2024.0;;MARINA SERESESKY;1.0;;False
Estrella azul, La;23/02/2024;Estrella azul;51019.0;resuelto_titulo_unico;La estrella azul;2023.0;;JAVIER MACIPE;2.0;;False
Destellos, Los;04/10/2024;Destellos;49822.0;resuelto_titulo_unico;Los destellos;2024.0;;PILAR PALOMERO;6.0;;False
Trinta Lumes;08/02/2019;Trinta Lumes;69513.0;resuelto_titulo_unico;Trinta Lumes;2018.0;;DIANA TOUCEDO CRESPO;1.0;;False
Un lio de millones;20/12/2024;Un lio de millones;193723.0;resuelto_titulo_unico;Un lío de millones;2024.0;;SUSAN BÉJAR;1.0;;False
Políticamente incorrectos;23/02/2024;Políticamente incorrectos;150123.0;resuelto_titulo_unico;Políticamente incorrectos;2023.0;;ARANTXA ECHEVARRÍA;1.0;;False
¿Quién es quien?;05/12/2024;¿Quién es quien?;167223.0;resuelto_fecha_estreno_exacta;¿Quién es quién?;2024.0;05/12/2024;MARTÍN CUERVO;3.0;;False
Virgen roja, La;27/09/2024;Virgen roja;120724.0;resuelto_anio_produccion_cercano;La virgen roja;2024.0;;PAULA ORTIZ;2.0;;False
Soy Nevenka;27/09/2024;Soy Nevenka;166923.0;resuelto_titulo_unico;Soy Nevenka;2024.0;;ICIAR BOLLAIN;1.0;;False
Cuerpo escombro;09/08/2024;Cuerpo escombro;167023.0;resuelto_titulo_unico;Cuerpo escombro;2024.0;;CURRO VELÁZQUEZ;1.0;;False
Valle de sombras;12/01/2024;Valle de sombras;136122.0;resuelto_anio_produccion_cercano;VALLE DE SOMBRAS;2023.0;;SALVADOR CALVO;4.0;;False
Pideme lo que quieras;29/11/2024;Pideme lo que quieras;193023.0;resuelto_titulo_unico;Pídeme lo que quieras;2024.0;;LUCÍA ALEMANY;1.0;;False
Menudas piezas;12/04/2024;Menudas piezas;123023.0;resuelto_titulo_unico;MENUDAS PIEZAS;2023.0;;NACHO G. VELILLA;1.0;;False
Familia Beneton, La;22/03/2024;Familia Beneton;155123.0;resuelto_titulo_unico;La familia Benetón;2023.0;;JOAQUÍN MAZÓN;2.0;;False
Odio el verano;23/08/2024;Odio el verano;50722.0;resuelto_titulo_unico;Odio el verano;2023.0;;FER GARCÍA-RUIZ;1.0;;False
Buffalo Kids;14/08/2024;Buffalo Kids;134122.0;resuelto_titulo_unico;Buffalo Kids;2024.0;;PEDRO SOLÍS;1.0;;False
Infiltrada, La;11/10/2024;Infiltrada;194123.0;resuelto_titulo_unico;La infiltrada;2024.0;;ARANTXA ECHEVARRÍA;3.0;;False
Padre no hay mas que uno 4;17/07/2024;Padre no hay mas que uno 4;188423.0;resuelto_titulo_unico;Padre no hay más que uno 4;2024.0;;SANTIAGO SEGURA;1.0;;False
Al otro barrio;05/12/2024;Al otro barrio;50422.0;resuelto_titulo_unico;Al otro barrio;2024.0;;MAR OLID;1.0;;False
Quien te cantara;26/10/2018;Quien te cantara;10717.0;resuelto_titulo_unico;Quién te cantará;2018.0;;CARLOS VERMUT;1.0;;False
Dejen de prohibir que no alcanzo a desobedecer todo;30/09/2023;Dejen de prohibir que no alcanzo a desobedecer todo;230221.0;resuelto_titulo_unico;DEJEN DE PROHIBIR QUE NO ALCANZO A DESOBEDECER TODO;2021.0;;GONZALO GARCÍA-PELAYO;1.0;;False
Estafa del amor, La;14/11/2023;Estafa del amor;88020.0;resuelto_titulo_unico;LA ESTAFA DEL AMOR;2024.0;;VIRGINIA GARCÍA DEL PINO;1.0;;False
Entre montañas;12/04/2023;Entre montañas;175922.0;resuelto_titulo_unico;ENTRE MONTAÑAS;2022.0;;UNAI CANELA;1.0;;False
Magical Girl;17/10/2014;Magical Girl;40513.0;resuelto_titulo_unico;MAGICAL GIRL;2014.0;;CARLOS VERMUT (CARLOS LÓPEZ DEL REY);2.0;;False
Tetuan;06/10/2023;Tetuan;102221.0;resuelto_titulo_unico;Tetuán;2023.0;;IRATXE FRESNEDA;2.0;;False
Estols;29/09/2023;Estols;187722.0;resuelto_titulo_unico;Estols;2022.0;;XAVIER PÉREZ;1.0;;False
Remember My Name;24/11/2023;Remember My Name;54621.0;resuelto_titulo_unico;Remember my name;2023.0;;ELENA MARÍA MOLINA MERINO;2.0;;False
Joven Paulo Coelho, El;23/12/2016;Joven Paulo Coelho;193616.0;resuelto_titulo_unico;JOVEN PAULO COELHO, EL;2014.0;;DANIEL AUGUSTO;1.0;;False
Beach House;27/07/2023;Beach House;92220.0;resuelto_titulo_unico;Beach House;2021.0;;HÈCTOR HERNÁNDEZ VICENS;1.0;;False
Codon es un maquina;09/12/2023;Codon es un maquina;223123.0;resuelto_titulo_unico;Codón es un máquina;2023.0;;NORBERTO RAMOS DEL VAL;1.0;;False
Una rosa para Soler;22/10/2023;Una rosa para Soler;111415.0;resuelto_titulo_unico;UNA ROSA PARA SOLER;2015.0;;ARANTXA AGUIRRE CARBALLEIRA;1.0;;False
Cabeza y corazon;01/12/2023;Cabeza y corazon;78915.0;resuelto_titulo_unico;Cabeza y corazón;2022.0;;AINHOA ANDRAKA;1.0;;False
Batalla del viento, La;12/05/2023;Batalla del viento;59123.0;resuelto_titulo_unico;La batalla del viento;2023.0;;RICHARD ZUBELZU;1.0;;False
Un cielo impasible;20/01/2023;Un cielo impasible;205522.0;resuelto_titulo_unico;Un cielo impasible;2021.0;;DAVID VARELA;1.0;;False
Cancion perdida;06/05/2023;Cancion perdida;80907.0;resuelto_titulo_unico;CANCIÓN PERDIDA;2022.0;;NACHO SIRERA;1.0;;False
Inmotep;21/04/2023;Inmotep;3822.0;resuelto_titulo_unico;Inmotep;2022.0;;JULIÁN GÉNISSON;1.0;;False
Ultima Lidia, La;12/05/2023;Ultima Lidia;36022.0;resuelto_titulo_unico;La última lidia;2022.0;;TOMÁS OCAÑA;1.0;;False
Mision a Marte;29/09/2023;Mision a Marte;11623.0;resuelto_anio_produccion_cercano;Misión a Marte;2023.0;;AMAT VALLMAJOR DEL POZO;3.0;;False
Ganado o Desierto;18/10/2023;Ganado o Desierto;31323.0;resuelto_titulo_unico;Ganado o desierto;2023.0;;FRANCISCO VAQUERO;1.0;;False
Novelda-Japon;10/05/2023;Novelda-Japon;67818.0;resuelto_titulo_unico;NOVELDA-JAPÓN;2022.0;;ALFREDO NAVARRO;1.0;;False
Soy una buena persona;24/03/2023;Soy una buena persona;24123.0;resuelto_titulo_unico;Soy una buena persona;2023.0;;NORBERTO RAMOS DEL VAL;1.0;;False
Shooting for Mirza;24/02/2023;Shooting for Mirza;52318.0;resuelto_titulo_unico;Shooting for Mirza;2022.0;;JUAN GAUTIER;1.0;;False
People Fuck You Know;17/11/2023;People Fuck You Know;212823.0;resuelto_titulo_unico;PEOPLE FUCK YOU KNOW;2023.0;;JUANDA LÓPEZ;1.0;;False
5 dias con Eva;17/03/2023;5 dias con Eva;7723.0;resuelto_titulo_unico;5 DÍAS CON EVA;2023.0;;ANTONIO CADENAS VIDAL;1.0;;False
Caballos mueren al amanecer, Los;14/03/2023;Caballos mueren al amanecer;146218.0;resuelto_titulo_unico;Los caballos mueren al amanecer;2023.0;;IONE ATENEA;1.0;;False
Sol del Sur. El viaje de Mario Diaz;13/11/2023;Sol del Sur. El viaje de Mario Diaz;182623.0;resuelto_titulo_unico;SOL DEL SUR. EL VIAJE DE MARIO DÍAZ;2023.0;;ANA BELÉN GUTIÉRREZ;1.0;;False
Mundo es suyo, El;22/06/2018;Mundo es suyo;84115.0;resuelto_titulo_unico;El mundo es suyo;2017.0;;ALFONSO SÁNCHEZ;1.0;;False
Viento Sur;14/07/2023;Viento Sur;63617.0;resuelto_titulo_unico;Viento Sur;2023.0;;ÁLVARO GARCÍA-CAPELO;5.0;;False
Bisbal;12/10/2023;Bisbal;183223.0;resuelto_titulo_unico;BISBAL;2023.0;;ALEXIS MORANTE;3.0;;False
Efecto Darma, El;15/09/2023;Efecto Darma;164621.0;resuelto_titulo_unico;El Efecto Darma;2022.0;;J. L. ROJAS;1.0;;False
Stockholm;08/11/2013;Stockholm;178611.0;resuelto_titulo_unico;STOCKHOLM;2013.0;;RODRIGO SOROGOYEN;4.0;;False
Estacion Rocafort;06/09/2024;Estacion Rocafort;178722.0;resuelto_titulo_unico;Estación Rocafort;2024.0;;LUIS PRIETO;1.0;;False
Reina de España, La;25/11/2016;Reina de España;6316.0;resuelto_titulo_unico;La Reina de España;2016.0;;FERNANDO TRUEBA;3.0;;False
Black is Beltza;05/10/2018;Black is Beltza;59215.0;resuelto_titulo_unico;Black is beltza;2018.0;;FERMÍN MUGURUZA;2.0;;False
Crack cero, El;04/10/2019;Crack cero;176418.0;resuelto_titulo_unico;El crack cero;2019.0;;JOSÉ LUIS GARCI;1.0;;False
Dreamers, la pelicula;18/01/2023;Dreamers, la pelicula;179419.0;resuelto_titulo_unico;DREAMERS, LA PELÍCULA;2022.0;;ESTHER YAÑEZ;1.0;;False
Red Ponzan, La;09/03/2023;Red Ponzan;194222.0;resuelto_titulo_unico;LA RED PONZÁN;2023.0;;ISMAEL GUTIÉRREZ RUIZ;1.0;;False
Arte de la luz y la sombra, El;03/11/2023;Arte de la luz y la sombra;161523.0;resuelto_titulo_unico;El arte de la luz y la sombra;2023.0;;MIGUEL HERRERO HERRERO;1.0;;False
Conversaciones sobre el odio;20/10/2023;Conversaciones sobre el odio;121219.0;resuelto_titulo_unico;Conversaciones sobre el odio;2023.0;;VERA FOGWILL;1.0;;False
Siete Jereles;03/03/2023;Siete Jereles;33522.0;resuelto_titulo_unico;Siete Jereles;2022.0;;GONZALO GARCÍA-PELAYO;1.0;;False
Sonoma (Le film, pas le spectacle);13/09/2023;Sonoma (Le film, pas le spectacle);147323.0;resuelto_titulo_unico;SONOMA (LE FILM, PAS LE SPECTACLE);2023.0;;ALBERT PONS CABANES;1.0;;False
Dias de la noche, Los;07/06/2023;Dias de la noche;41522.0;resuelto_titulo_unico;Los días de la noche;2023.0;;ÁNGEL PUADO;2.0;;False
Mujeres sin censura;21/12/2022;Mujeres sin censura;94420.0;resuelto_titulo_unico;Mujeres sin censura;2022.0;;EVA VIZCARRA;1.0;;False
Kapo, El;07/05/2023;Kapo;768051.0;resuelto_titulo_unico;KAPO;1960.0;;GILLO PONTECORVO;4.0;;False
Carbon;29/12/2023;Carbon;28823.0;resuelto_anio_produccion_cercano;CARBÓN;2023.0;;ION BORS;15.0;;False
Oblideu Tosquelles!;22/12/2023;Oblideu Tosquelles!;234523.0;resuelto_titulo_unico;OBLIDEU TOSQUELLES!;2023.0;;ENRIC MIRÓ;1.0;;False
Mi cabeza me hace trampas;23/06/2023;Mi cabeza me hace trampas;145823.0;resuelto_titulo_unico;Mi cabeza me hace trampas;2023.0;;JOSÉ CABANACH;1.0;;False
Frente al silencio;05/11/2023;Frente al silencio;159222.0;resuelto_titulo_unico;FRENTE AL SILENCIO;2022.0;;EMILIO RUIZ BARRACHINA;1.0;;False
Hazlo por mi;09/05/2023;Hazlo por mi;119222.0;resuelto_anio_produccion_cercano;Hazlo por mí;2022.0;;ÁLVARO DE LA HOZ;4.0;;False
Sueños y pan;25/07/2023;Sueños y pan;162723.0;resuelto_titulo_unico;SUEÑOS Y PAN;2023.0;;LUIS (SOTO) MUÑOZ;1.0;;False
Afterwater;06/10/2023;Afterwater;60119.0;resuelto_titulo_unico;Afterwater;2022.0;;DANE KOMLJEN;1.0;;False
Violeta no coge el ascensor;14/09/2023;Violeta no coge el ascensor;11422.0;resuelto_titulo_unico;Violeta no coge el ascensor;2022.0;;MAMEN DÍAZ;1.0;;False
Dolor impune;05/11/2023;Dolor impune;152623.0;resuelto_titulo_unico;Dolor Impune;2023.0;;GABRIEL CHICANO;1.0;;False
Fueron los días;18/12/2023;Fueron los días;233623.0;resuelto_titulo_unico;Fueron los días;2023.0;;BERNABÉ BULNES;2.0;;False
Licantropia;18/12/2023;Licantropia;189623.0;resuelto_titulo_unico;Licantropía;2023.0;;NIEVES GÓMEZ;1.0;;False
Hija de todas las rabias, La;21/04/2023;Hija de todas las rabias;55223.0;resuelto_titulo_unico;La hija de todas las rabias;2021.0;;LAURA BAUMEISTER;1.0;;False
Quijote en Nueva York;05/12/2023;Quijote en Nueva York;212522.0;resuelto_titulo_unico;Quijote en Nueva York;2022.0;;JORGE SEBASTIÁN PEÑA MARTÍN;1.0;;False
Diamond Flash;13/04/2023;Diamond Flash;54612.0;resuelto_titulo_unico;DIAMOND FLASH;2012.0;;CARLOS VERMUT;1.0;;False
Carne roja (Conducta animal);28/05/2018;Carne roja (Conducta animal);51017.0;resuelto_titulo_unico;CARNE ROJA (CONDUCTA ANIMAL);2023.0;;MIGUEL ROMERO;1.0;;False
Julia y Fernando, una historia de vida;15/01/2023;Julia y Fernando, una historia de vida;147522.0;resuelto_titulo_unico;Julia y Fernando, una historia de vida;2022.0;;LUIS MANCHA;1.0;;False
Absolución de Juan Alfredo Amil;15/12/2023;Absolución de Juan Alfredo Amil;41823.0;resuelto_titulo_unico;Absolución de Juan Alfredo Amil;2023.0;;JUAN ALFREDO AMIL;1.0;;False
Fernanda y Bernarda;21/11/2023;Fernanda y Bernarda;184023.0;resuelto_titulo_unico;FERNANDA Y BERNARDA;2023.0;;ROCÍO MARTÍN;1.0;;False
Feudo;14/12/2023;Feudo;30923.0;resuelto_titulo_unico;FEUDO;2023.0;;JAVI BARÓN;1.0;;False
L'Edat Imminent;13/12/2024;L'Edat Imminent;7823.0;override_manual;;;;;;;False
