"pelicula_id";"icaa_id";"tmdb_id";"titulo";"titulo_icaa";"fecha_estreno";"anio";"recaudacion_total";"espectadores_total";"subvenciones_total"
1;"";"";"091, policia al habla (1960) (re)";"";"2025-05-16";2025;42.0;12;""
2;100317;"";"Todos lo saben";"TODOS LO SABEN";"2018-09-14";2022;83.0;18;280000.0
3;100421;"";"Generacion silenciosa, La";"LA GENERACIÓN SILENCIOSA";"2021-09-10";2021;129.0;35;0.0
4;100517;"";"Platon";"PLATÓN";"2021-10-08";2021;237.0;60;0.0
5;100820;"";"Agua";"AGUA";"2022-02-11";2022;2296.0;357;0.0
6;100878;"";"Verdad sobre el caso Savolta, La (1979) (re)";"VERDAD SOBRE EL CASO SAVOLTA, LA";"2024-03-18";2024;9.0;2;0.0
7;100920;"";"Amores brujos";"AMORES BRUJOS";"2025-06-12";2025;2149.0;364;0.0
8;101120;"";"Foreign Song, A";"A FOREIGN SONG";"2025-04-25";2025;552.0;100;50000.0
9;101222;"";"Furgo, La";"LA FURGO";"2025-06-20";2025;28408.0;4513;0.0
10;101420;"";"Diario de mi sextorsion";"DIARIO DE MI SEXTORSIÓN";"2024-10-11";2024;1700.0;266;140250.0
11;101489;"";"Ay, Carmela (1990) (re)";"AY, CARMELA!";"2022-11-13";2022;50.0;7;0.0
12;101522;"";"Eloy de la Iglesia, adicto al cine";"ELOY DE LA IGLESIA, ADICTO AL CINE";"2025-12-25";2025;4413.0;677;0.0
13;101692;"";"Belle Epoque (1992) (re)";"BELLE EPOQUE";"2024-03-05";2024;262.0;75;0.0
14;101718;"";"Capitan Carver";"CAPITÁN CARVER";"2023-01-24";2023;2792.0;422;0.0
15;101721;"";"Un paseo por el Borne";"UN PASEO POR EL BORNE";"2024-07-25";2024;14606.0;2636;0.0
16;101817;"";"Gallina Turuleca, La";"LA GALLINA TURULECA";"2020-01-01";2021;3242.0;771;280000.0
17;101820;"";"Fauna";"FAUNA";"2023-11-10";2023;371.0;75;119000.0
18;102020;"";"Caballeros de Santiago, Los";"LOS CABALLEROS DE SANTIAGO";"2023-06-14";2023;2017.0;504;0.0
19;102022;"";"Nena";"NENA";"2025-10-27";2025;502.0;207;0.0
20;102120;"";"Escape Room: La pelicula";"ESCAPE ROOM LA PEL·LÍCULA";"2022-03-11";2022;180557.0;27699;0.0
21;1022;"";"Patriarcado, el organismo nocivo";"PATRIARCADO EL ORGANISMO NOCIVO";"2022-03-17";2022;1222.0;181;0.0
22;10222;"";"Juana la Lorca";"JUANA LA LORCA";"2022-05-13";2022;7771.0;1424;0.0
23;102221;"";"Tetuan";"TETUÁN";"2023-10-06";2023;534.0;131;45900.0
24;102421;"";"Vivir sin país. El exilio Rohingya";"VIVIR SIN PAÍS. EL EXILIO ROHINGYA";"2023-01-04";2023;82.0;14;0.0
25;102521;"";"Ojos del futuro, Los";"LOS OJOS DEL FUTURO";"2025-11-11";2025;198.0;43;0.0
26;102613;"";"Marsella";"MARSELLA";"2014-07-18";2025;120.0;30;979884.95
27;102620;"";"Salvaxe, Salvaxe";"SALVAXE, SALVAXE";"2024-10-02";2024;4266.0;709;119615.0
28;102720;"";"Fin de fiesta";"FIN DE FIESTA";"2025-01-31";2025;27668.0;4685;1000000.0
29;102820;"";"Erasmus en Gaza";"ERASMUS A GAZA";"2022-05-12";2022;14.0;24;0.0
30;102920;"";"Human Hibernation, The";"THE HUMAN HIBERNATION";"2025-01-10";2025;6450.0;1195;80056.0
31;102980;"";"Deprisa, deprisa (1981) (re)";"DEPRISA, DEPRISA";"2021-02-25";2021;575.0;249;0.0
32;103096;"";"Rompiendo las olas (1996) (re)";"ROMPIENDO LAS OLAS";"2022-07-02";2022;3686.0;687;0.0
33;103118;"";"Tres";"TRES";"2021-11-05";2021;21841.0;3845;450000.0
34;103120;"";"Maternal, La";"LA MATERNAL";"2022-11-18";2022;217170.0;38561;800000.0
35;103121;"";"Voy a desaparecer";"VOY A DESAPARECER";"2024-09-19";2024;2028.0;382;0.0
36;103320;"";"Esplendor y caida: The Garlic Phantoms";"ESPLENDOR Y CAÍDA. THE GARLIC PHANTOMS";"2022-04-05";2022;726.0;119;0.0
37;103421;"";"Mario Camus segun el cine";"MARIO CAMUS SEGUN EL CINE";"2022-10-26";2022;574.0;109;0.0
38;103521;"";"Vilas y sus dobles";"VILAS Y SUS DOBLES";"2022-06-03";2022;263.0;49;0.0
39;103721;"";"Nina";"NINA";"2024-05-10";2024;115545.0;20480;680000.0
40;103817;"";"Hombre que lo queria ver todo, El";"EL HOMBRE QUE QUERÍA VERLO TODO";"2021-03-25";2021;1414.0;276;0.0
41;103920;"";"Velazquez, el poder y el arte";"VELÁZQUEZ, EL PODER Y EL ARTE";"2022-11-11";2022;15548.0;2475;0.0
42;104022;"";"Por donde pasa el silencio";"POR DONDE PASA EL SILENCIO";"2024-11-29";2024;51838.0;9198;800000.0
43;104120;"";"Matria";"MATRIA";"2023-03-24";2023;227721.0;40896;425000.0
44;104221;"";"Mujeres Calvas";"MUJERES CALVAS";"2025-03-06";2025;7536.0;1189;0.0
45;104499;"";"Comunidad, La (2000) (re) 25 Aniversario";"LA COMUNIDAD";"2025-08-21";2025;40744.0;6816;901518.16
46;104522;"";"Deuda, La";"LA DEUDA";"2025-10-17";2025;729774.0;122365;800000.0
47;104620;"";"Hondaela, abismo marino";"HONDALEA ABISMO MARINO";"2021-10-28";2021;1271.0;231;0.0
48;104621;"";"Yo tenia una vida";"YO TENÍA UNA VIDA";"2023-11-24";2023;1713.0;400;94312.88
49;104721;"";"Muy lejos";"MOLT LLUNY";"2025-04-11";2025;421795.0;64385;783735.81
50;104722;"";"Blondi";"BLONDI";"2024-07-03";2024;29573.0;5346;0.0
51;104817;"";"Rendir los machos";"RENDIR LOS MACHOS";"2022-06-17";2022;3256.0;777;265100.52
52;104821;"";"Ultimas Voluntades";"ÚLTIMAS VOLUNTADES";"2023-06-30";2023;33835.0;5848;0.0
53;104897;"";"A los que aman (1998) (re)";"A LOS QUE AMAN";"2024-04-23";2024;340.0;78;8454.12
54;105110;"";"Antonio Vega: Tu voz entre otras mil";"ANTONIO VEGA. TU VOZ ENTRE OTRAS MIL";"2014-05-15";2024;1246.0;136;180000.0
55;105121;"";"Techo amarillo, El";"EL TECHO AMARILLO";"2022-12-16";2022;27273.0;4781;107125.0
56;105122;"";"Pequeños Calvarios";"PEQUEÑOS CALVARIOS";"2025-10-24";2025;11356.0;1965;280250.0
57;10522;"";"Fusilados";"FUSILADOS";"2022-05-10";2022;614.0;189;0.0
58;105321;"";"Casa Bloc, rehabilitación de una idea";"CASA BLOC, REHABILITACIÓ D´UNA IDEA";"2024-04-18";2024;457.0;81;29275.64
59;105322;"";"Un baño propio";"UN BANY PROPI";"2025-03-07";2025;6688.0;1221;0.0
60;105421;"";"Chicas estan bien, Las";"LAS CHICAS ESTÁN BIEN";"2023-08-25";2023;342107.0;58326;172425.0
61;105721;"";"Parir";"PARIR";"2023-10-10";2023;11033.0;1830;0.0
62;105820;"";"Sedimentos";"SEDIMENTOS";"2021-11-05";2021;1633.0;364;55462.5
63;105920;"";"Itoiz Udako Sesioak";"ITOIZ UDAKO SESIOAK";"2025-01-24";2025;47884.0;8427;165750.0
64;106121;"";"Sumario 3/94";"SUMARIO 3/94";"2024-12-05";2024;1831.0;257;51000.0
65;106222;"";"Marisma, La";"LA MARISMA";"2025-05-23";2025;1566.0;266;0.0
66;106321;"";"Parenostre";"PARENOSTRE";"2025-04-16";2025;232860.0;33088;958916.0
67;106418;"";"Maragall i la Lluna";"MARAGALL Y LA LUNA";"2021-01-29";2021;13175.0;2212;0.0
68;106420;"";"Inocentes, Los";"LOS INOCENTES. LA PELÍCULA.";"2021-03-12";2021;3504.0;726;0.0
69;106422;"";"Goerlich: El arquitecto que soño su ciudad";"GOERLICH: L’ARQUITECTE QUE SOMIÀ LA SEAUA CIUTAT";"2023-04-25";2023;4856.0;1014;0.0
70;106513;"";"Todas las Mujeres";"TODAS LAS MUJERES";"2013-10-18";2021;78.0;33;0.0
71;106518;"";"Sis dies corrents";"SEIS DÍAS CORRIENTES";"2021-12-03";2021;168290.0;25920;232000.0
72;106521;"";"Creatura";"CREATURA";"2023-09-08";2023;224672.0;38475;800000.0
73;106910;"";"Primos";"PRIMOS";"2011-02-04";2022;890.0;178;2045474.06
74;106918;"";"Vampira de Barcelona, La";"LA VAMPIRA DE BARCELONA";"2020-12-04";2021;42140.0;6291;0.0
75;10717;"";"Quien te cantara";"QUIÉN TE CANTARÁ";"2018-10-26";2023;157.0;32;683941.27
76;107222;"";"Codigo Marcos";"CÓDIGO MARCOS";"2024-10-28";2024;6505.0;1033;123250.0
77;107300;"";"Tuno negro (2001) (re)";"TUNO NEGRO";"2025-10-25";2025;752.0;105;921983.16
78;107421;"";"Oswald. El falsificador";"OSWALD. EL FALSIFICADOR";"2022-09-30";2022;2211.0;396;255000.0
79;107522;"";"Ultima noche de Sandra M., La";"LA ÚLTIMA NOCHE DE SANDRA M.";"2023-12-15";2023;3024.0;531;0.0
80;107621;"";"Olivia y el terremoto invisible";"L´OLÍVIA I EL TERRATRÈMOL INVISIBLE";"2025-11-21";2025;27358.0;4569;800000.0
81;107918;"";"Inocencia, La";"LA INOCENCIA";"2020-01-10";2021;186.0;77;0.0
82;108022;"";"Negu hurbilak";"NEGU HURBILAK";"2024-02-23";2024;18337.0;3054;0.0
83;108119;"";"Sueño del oro negro, El";"EL SUEÑO DEL ORO NEGRO";"2022-04-25";2022;1810.0;355;0.0
84;108221;"";"On the Go";"ON THE GO";"2024-06-28";2024;6729.0;1240;0.0
85;108421;"";"Aqui y ahora, vida";"AQUÍ Y AHORA, VIDA";"2022-03-15";2022;11110.0;2327;0.0
86;108422;"";"Salve María";"SALVE MARIA";"2024-10-31";2024;53392.0;10908;680000.0
87;108518;"";"Rosalinda";"ROSALINDA";"2020-12-11";2021;14.0;2;0.0
88;108522;"";"Puntos suspensivos";"PUNTOS SUSPENSIVOS";"2024-09-20";2024;523599.0;85302;945117.0
89;10921;"";"Mi adorado Monster";"MI ADORADO MONSTER";"2021-11-20";2021;1421.0;226;0.0
90;109221;"";"20.000 Especies de abejas";"20.000 ESPECIES DE ABEJAS";"2023-04-21";2023;1030848.0;180484;680000.0
91;109317;"";"Chavela";"CHAVELA";"2017-06-16";2021;534.0;90;0.0
92;109321;"";"Home dels nassos, L'";"L´HOME DELS NASSOS";"2024-01-19";2024;18597.0;3001;419403.0
93;109723;"";"Nato 0. El origen del mal";"NATO 0";"2023-06-09";2023;2449.0;463;0.0
94;109822;"";"Palacio Estilistas";"PALACIO ESTILISTAS";"2024-01-12";2024;5310.0;751;0.0
95;109905;"";"Volver (re:2021)";"VOLVER";"2021-10-06";2021;420.0;114;1068978.21
96;110018;"";"Jeanette: Soy Rebelde";"SOY REBELDE";"2024-10-18";2024;2113.0;322;97349.6
97;110021;"";"Furia, La";"LA FURIA";"2025-03-28";2025;43309.0;7193;573725.0
98;110120;"";"El que la lleva la entiende";"EL QUE LA LLEVA LA ENTIENDE";"2021-03-29";2021;636.0;150;0.0
99;110321;"";"Els encantats (Los encantados)";"ELS ENCANTATS";"2023-06-02";2023;122432.0;19626;631125.0
100;110623;"";"Satisfaction: sexo sin tapujos";"SATISFACTION: SEXO SIN TAPUJOS";"2023-06-13";2023;3442.0;604;0.0
101;110718;"";"Exodo climatico";"ÉXODO CLIMÁTICO";"2021-04-10";2021;106.0;41;0.0
102;110803;"";"7º Dia, El (2004) (re)";"EL 7º DÍA";"2025-04-30";2025;191.0;49;837042.49
103;111022;"";"Tregua, La";"LA TREGUA";"2025-10-10";2025;133129.0;19558;0.0
104;11106;"";"Sagrada familia, La";"SAGRADA FAMILIA, LA";"2024-03-19";2024;15.0;3;0.0
105;11121;"";"Herederas";"HEREDERAS";"2021-08-28";2021;293.0;60;0.0
106;11122;"";"Limonov";"LIMÓNOV";"2025-02-21";2025;4857.0;736;0.0
107;111321;"";"Emilio Prados, cazador de nubes";"EMILIO PRADOS, CAZADOR DE NUBES";"2022-04-27";2022;81.0;15;0.0
108;111415;"";"Una rosa para Soler";"UNA ROSA PARA SOLER";"2023-10-22";2023;639.0;133;0.0
109;111800;"";"Intacto (2001) (re)";"INTACTO";"2022-09-07";2022;10.0;3;882871.79
110;111905;"";"Laberinto del Fauno, El (2006) (re)";"EL LABERINTO DEL FAUNO";"2020-07-10";2021;42.0;12;1000000.0
111;111921;"";"Casa en llamas";"CASA EN FLAMES";"2024-06-28";2024;3092309.0;461153;900000.0
112;112122;"";"Mas cinco";"MÁS CINCO";"2025-03-28";2025;9790.0;1406;0.0
113;112222;"";"Art d'alçada";"ART D´ALÇADA";"2024-03-12";2024;1194.0;238;0.0
114;11224;"";"Federico Mayor Zaragoza: Recuerdos del porvenir";"FEDERICO MAYOR ZARAGOZA: RECUERDOS DEL PORVENIR";"2024-05-08";2024;35.0;6;0.0
115;112421;"";"Importancia de llamarse Ernesto y la gilipollez de llamarse Eric, La";"LA IMPORTANCIA DE LLAMARSE ERNESTO Y LA GILIPOLLEZ DE LLAMARSE ERIC";"2023-11-10";2023;1945.0;388;0.0
116;112521;"";"Viajante, La";"LA VIAJANTE";"2021-07-02";2021;1636.0;296;0.0
117;112918;"";"Francesca y el amor";"FRANCESCA I L´AMOR";"2022-10-14";2022;1338.0;181;136000.0
118;113018;"";"Una vida no tan simple";"UNA VIDA NO TAN SIMPLE";"2023-06-23";2023;209120.0;34268;400000.0
119;113023;"";"Ultimos romanticos, Los";"AZKEN ERROMANTIKOAK/LOS ÚLTIMOS ROMÁNTICOS";"2024-11-15";2024;53777.0;10012;1200000.0
120;113118;"";"Duo";"DÚO";"2022-09-09";2022;7824.0;1404;122220.0
121;113221;"";"Terapia de parejas";"TERAPIA DE PAREJAS";"2024-02-14";2024;21369.0;3838;0.0
122;113518;"";"Lobster Soup";"LOBSTER SOUP";"2020-10-21";2021;1633.0;273;0.0
123;113619;"";"Persona (no) humana";"PERSONA (NO) HUMANA";"2023-02-17";2023;1845.0;274;0.0
124;113721;"";"Gigante de Es Vedrá y otras leyendas, El";"EL GIGANTE DE ES VEDRÀ Y OTRAS LEYENDAS";"2024-11-08";2024;11216.0;1997;0.0
125;11391;"";"Maestro de esgrima, El (1992) (re)";"MAESTRO DE ESGRIMA, EL";"2022-10-22";2022;143.0;41;0.0
126;113921;"";"Calladita";"CALLADITA";"2024-05-17";2024;121476.0;20970;0.0
127;114020;"";"Dardara";"DARDARA";"2021-03-18";2021;66846.0;12226;0.0
128;11422;"";"Violeta no coge el ascensor";"VIOLETA NO COGE EL ASCENSOR";"2023-09-14";2023;284.0;52;0.0
129;114421;"";"Cartas perdidas, Las (La carcel y el exilio de las mujeres republicanas)";"LAS CARTAS PERDIDAS (LA CÁRCEL Y EL EXILIO DE LAS MUJERES REPUBLICANAS)";"2022-05-13";2022;27517.0;4640;0.0
130;114518;"";"Retrato de mujer blanca con pelo cano y arrugas";"RETRATO DE MUJER BLANCA CON PELO CANO Y ARRUGAS";"2021-11-19";2021;821.0;135;120000.0
131;114520;"";"Odradek";"ODRADEK";"2023-06-02";2023;148.0;24;0.0
132;114618;"";"Chavalas";"CHAVALAS";"2021-09-03";2021;244691.0;42586;0.0
133;114718;"";"Olvido y Leon";"OLVIDO Y LEÓN";"2021-03-26";2021;4562.0;835;400000.0
134;114821;"";"Tu no eres yo";"TÚ NO ERES YO";"2024-12-13";2024;3591.0;621;0.0
135;114921;"";"Hagase tu voluntad";"HÁGASE TU VOLUNTAD";"2024-09-03";2024;373.0;116;140236.4
136;115102;"";"Dias de futbol (2003) (re)";"DÍAS DE FÚTBOL";"2023-06-08";2023;609.0;101;922774.14
137;115222;"";"Libres";"LIBRES DUC IN ALTUM";"2023-04-21";2023;572816.0;87129;0.0
138;11523;"";"Landrian";"LANDRIÁN";"2024-09-10";2024;502.0;82;0.0
139;115621;"";"Paco Rabanne. Una vida fuera del patron";"PACO RABANNE, UNA VIDA FUERA DEL PATRÓN";"2025-04-03";2025;722.0;186;201819.0
140;115718;"";"Héroes. Silencio y Rock & Roll";"HÉROES. SILENCIO Y ROCK AND ROLL";"2021-04-22";2021;3900.0;569;0.0
141;115723;"";"Decorado";"DECORADO";"2025-10-24";2025;9959.0;1758;800000.0
142;115823;"";"Extraño rio";"ESTRANY RIU";"2025-10-03";2025;68716.0;11216;755000.0
143;116018;"";"Piedad, La";"LA PIEDAD";"2023-01-13";2023;18675.0;2945;317570.33
144;116121;"";"Procura da estrela, A";"Á PROCURA DA ESTRELA";"2024-01-15";2024;354.0;61;0.0
145;116124;"";"Cupido confuso";"CUPIDO CONFUSO";"2025-03-14";2025;946.0;137;0.0
146;11621;"";"Nos queda la noche";"NOS QUEDA LA NOCHE (UN VIAJE AL QUERER VIVIR)";"2021-03-19";2021;630.0;126;0.0
147;11622;"";"Mucha mierda";"MUCHA MIERDA";"2025-02-07";2025;2145.0;325;175750.0
148;11623;"";"Mision a Marte";"MISIÓN A MARTE";"2023-09-29";2023;824.0;165;0.0
149;11722;"";"Un volcan habitado";"UN VOLCÁN HABITADO";"2024-06-13";2024;4061.0;713;0.0
150;11725;"";"Menor de los hermanos, El";"EL MENOR DE LOS HERMANOS";"2025-03-13";2025;18405.0;4437;0.0
151;117721;"";"Viejos";"VIEJOS";"2023-03-17";2023;3349.0;584;0.0
152;117918;"";"McCurry, la busqueda del color";"MCCURRY - THE PURSUIT OF COLOR";"2022-06-03";2022;5132.0;847;221027.2
153;"";1288250;"117";"";"2025-06-12";2025;199.0;34;""
154;118750;"";"Ciudad quemada, La (1976) (re)";"CIUDAD QUEMADA, LA";"2024-02-29";2024;273.0;65;0.0
155;118920;"";"Amanece";"AMANECE";"2023-11-17";2023;4840.0;951;0.0
156;119216;"";"Veronica";"VERÓNICA";"2017-08-25";2024;946.0;158;980000.0
157;119222;"";"Hazlo por mi";"HAZLO POR MÍ";"2023-05-09";2023;271.0;127;0.0
158;11923;"";"Un dia Lobo Lopez";"UN DÍA LOBO LÓPEZ";"2023-03-21";2023;6511.0;1264;0.0
159;119422;"";"Entre dos amaneceres";"ENTRE DOS AMANECERES";"2022-07-15";2022;3586.0;619;0.0
160;119516;"";"Thi Mai, rumbo a Vietnam";"THI MAI, RUMBO A VIETNAM";"2018-01-12";2024;159.0;64;520097.76
161;119518;"";"Hafreiat";"HAFREIAT";"2023-05-19";2023;2437.0;414;0.0
162;119718;"";"Por tus muertos";"POR TUS MUERTOS";"2024-03-08";2024;271489.0;41059;0.0
163;119821;"";"Mujeres de sal, hombres de humo";"MUJERES DE SAL HOMBRES DE HUMO";"2021-06-24";2021;878.0;209;0.0
164;119918;"";"Constructores de la Alhambra, Los";"LOS CONSTRUCTORES DE LA ALHAMBRA";"2022-11-25";2022;76647.0;12891;0.0
165;120016;"";"Toc toc";"TOC TOC";"2017-10-06";2021;78.0;39;882000.0
166;120021;"";"¡Corten!";"¡CORTEN!";"2021-10-31";2021;4565.0;798;0.0
167;120022;"";"Buscando a Coque";"BUSCANDO A COQUE";"2024-02-14";2024;79896.0;13241;969900.0
168;12024;"";"Bizkarsoro";"BIZKARSORO";"2024-01-12";2024;10521.0;2077;0.0
169;120307;"";"Camino";"CAMINO";"2008-10-17";2022;448.0;112;1027876.2
170;120313;"";"Casa Emak Bakia, La";"LA CASA EMAK BAKIA";"2021-08-04";2021;326.0;59;0.0
171;120318;"";"Uno para todos";"UNO PARA TODOS";"2020-09-18";2021;6290.0;1207;425000.0
172;120414;"";"Five Days to Dance";"FIVE DAYS TO DANCE";"2014-11-21";2024;763.0;214;0.0
173;120418;"";"Caleta Palace";"CALETA PALACE. REVOLUCIÓN Y TRAGEDIA EN LA CIUDAD DEL PARAÍSO";"2023-11-24";2023;10190.0;1868;0.0
174;120423;"";"Isla de los faisanes, La";"FAISAIEN IRLA. LA ISLA DE LOS FAISANES";"2025-04-25";2025;90364.0;15302;1200000.0
175;120523;"";"Gaua";"GAUA";"2025-11-14";2025;240044.0;39376;1000000.0
176;120618;"";"Antonio Machado. Los dias azules";"ANTONIO MACHADO. LOS DÍAS AZULES";"2020-12-04";2021;5643.0;1326;0.0
177;120724;"";"Virgen roja, La";"LA VIRGEN ROJA";"2022-01-15";2022;1310543.0;220454;0.0
178;121219;"";"Conversaciones sobre el odio";"CONVERSACIONES SOBRE EL ODIO";"2023-10-20";2023;206.0;36;0.0
179;12122;"";"Petricor";"PETRICOR";"2022-07-26";2022;2287.0;634;0.0
180;121624;"";"Dolores Ibarruri. Pasionaria";"DOLORES IBÁRRURI. PASIONARIA";"2025-10-03";2025;20765.0;3508;0.0
181;121718;"";"Maniobra de la tortuga, La";"LA MANIOBRA DE LA TORTUGA";"2022-05-13";2022;84312.0;14347;498529.87
182;121819;"";"9 Fugas";"9 FUGAS";"2022-03-11";2022;716.0;128;0.0
183;121823;"";"Ciudad sin sueño";"CIUDAD SIN SUEÑO";"2025-11-21";2025;113470.0;18945;600000.0
184;122318;"";"Plan, El";"EL PLAN";"2020-02-21";2021;554.0;116;283644.0
185;122518;"";"A los libros y a las mujeres canto";"A LOS LIBROS Y A LAS MUJERES CANTO";"2023-04-21";2023;6222.0;1155;0.0
186;122621;"";"Notas de soledad";"NOTAS DE SOLEDAD";"2021-11-05";2021;149.0;22;0.0
187;122818;"";"Mi vacio y yo";"MI VACÍO Y YO";"2022-09-09";2022;5687.0;1014;80000.0
188;122910;"";"Año de la furia, El";"EL AÑO DE LA FURIA";"2021-05-28";2021;30233.0;5368;500000.0
189;123018;"";"Viaje a alguna parte";"VIAJE A ALGUNA PARTE";"2022-02-11";2022;4459.0;872;318754.67
190;123022;"";"Pena capital";"PENA CAPITAL";"2022-09-17";2022;427.0;57;0.0
191;123023;"";"Menudas piezas";"MENUDAS PIEZAS";"2024-04-12";2024;2546827.0;387581;1200000.0
192;123122;"";"Poemes Sagrera";"POÈMES";"2023-05-26";2023;432.0;90;0.0
193;123393;"";"Tierra y libertad (1995) (re)";"TIERRA Y LIBERTAD";"2023-05-10";2023;639.0;109;0.0
194;123421;"";"Habana en un Almendron, La";"LA HABANA EN UN ALMENDRÓN";"2021-07-06";2021;280.0;81;0.0
195;123503;"";"Mar adentro (2004) (re)";"MAR ADENTRO";"2024-03-08";2024;112.0;32;1047419.96
196;123518;"";"Tolyatti Adrift";"TOLYATTI A LA DERIVA";"2022-10-28";2022;3289.0;613;40000.0
197;123624;"";"Revolucion Bitcoin";"REVOLUCIÓN BITCOIN";"2024-07-22";2024;622.0;94;0.0
198;123717;"";"Akelarre";"AKELARRE";"2020-10-02";2021;37103.0;6725;192441.84
199;123723;"";"Misericordia";"MISERICORDIA";"2025-03-21";2025;70863.0;11766;0.0
200;123918;"";"Upon Entry (La llegada)";"UPON ENTRY";"2023-06-16";2023;115465.0;19586;0.0
201;124017;"";"Eugenio";"EUGENIO";"2018-10-04";2021;16.0;3;0.0
202;124318;"";"Precio del progreso, El";"EL PRECIO DEL PROGRESO";"2020-10-16";2021;2155.0;311;0.0
203;124422;"";"Cerrar los ojos";"CERRAR LOS OJOS";"2023-09-29";2023;464024.0;86870;1000000.0
204;124622;"";"Arasindia";"ARASINDIA";"2025-10-23";2025;175.0;38;0.0
205;124702;"";"Te doy mis ojos (2003) (re)";"TE DOY MIS OJOS";"2024-09-26";2024;58.0;11;942244.8
206;124718;"";"Un blues para Teheran";"UN BLUES PER A TEHERAN";"2021-07-02";2021;6812.0;1315;72000.0
207;124817;"";"Mayor regalo, El";"EL MAYOR REGALO";"2018-11-09";2024;54.0;9;0.0
208;124824;"";"Chica Quinqui";"CHICA QUINQUI";"2025-09-26";2025;2191.0;322;0.0
209;124918;"";"Zona vacia, La";"LA ZONA VACÍA";"2024-11-15";2024;4471.0;631;0.0
210;125123;"";"Sleeper, The. El Caravaggio perdido";"THE SLEEPER. EL CARAVAGGIO PERDIDO";"2025-05-13";2025;28412.0;4485;228000.0
211;125621;"";"Ley del embudo, La";"LA LEY DEL EMBUDO";"2021-07-23";2021;414.0;64;0.0
212;125718;"";"Josefina";"JOSEFINA";"2021-11-05";2021;27152.0;4967;450000.0
213;125823;"";"Golpe a golpe";"GOLPE A GOLPE";"2024-05-24";2024;1414.0;224;0.0
214;126114;"";"Bikes";"BIKES THE MOVIE";"2019-04-18";2021;5.0;5;0.0
215;126125;"";"Todos somos Gaza";"TODOS SOMOS GAZA";"2025-12-31";2025;70.0;10;256500.0
216;126723;"";"Frontera";"FRONTERA";"2025-12-12";2025;340872.0;54143;1200000.0
217;127008;"";"CELDA 211";"CELDA 211";"2009-11-06";2025;311.0;74;1019250.0
218;127019;"";"Escritor de un pais sin librerias, El";"EL ESCRITOR DE UN PAÍS SIN LIBRERÍAS";"2019-12-11";2021;139.0;31;0.0
219;127204;"";"Ivan Z";"IVÁN Z";"2025-11-29";2025;45.0;9;7565.22
220;127222;"";"Volver a vivir (1968) (re)";"VOLVER A VIVIR";"2025-01-13";2025;147.0;75;0.0
221;127723;"";"Peleamos";"PELEAMOS";"2023-11-14";2023;4068.0;745;0.0
222;127724;"";"Bajo un volcan";"BAJO UN VOLCÁN";"2025-06-20";2025;217875.0;32544;0.0
223;127818;"";"Primera mirada, La";"LA PRIMERA MIRADA";"2024-06-14";2024;1078.0;176;64000.0
224;128004;"";"Vida secreta de las palabras, La (2005) (re)";"LA VIDA SECRETA DE LAS PALABRAS";"2024-05-07";2024;283.0;62;1019284.82
225;128118;"";"Meseta";"MESETA";"2020-10-23";2021;288.0;75;0.0
226;128222;"";"Libelulas";"LIBÉLULAS";"2022-09-16";2022;10664.0;1925;0.0
227;128318;"";"Bienvenidos a España";"BIENVENIDOS A ESPAÑA";"2021-06-18";2021;7265.0;1249;94396.5
228;128511;"";"Norbert";"NORBERT";"2025-01-17";2025;102696.0;16549;450000.0
229;128519;"";"Amor en su lugar, El";"LOVE GETS A ROOM";"2021-12-03";2021;344499.0;54792;0.0
230;128520;"";"A las mujeres de España, Maria Lejarraga";"A LAS MUJERES DE ESPAÑA. MARÍA LEJÁRRAGA";"2022-03-11";2022;10076.0;2115;0.0
231;128522;"";"Correo, El";"EL CORREO";"2024-01-19";2024;1643553.0;245738;1000000.0
232;128616;"";"Dehesa, el bosque del lince iberico";"DEHESA: EL BOSQUE DEL LINCE IBÉRICO";"2020-10-09";2021;570.0;116;441096.32
233;128706;"";"REC";"REC";"2007-11-23";2022;2839.0;373;935846.53
234;128721;"";"Colza, Lo Invisible";"COLZA, LO INVISIBLE";"2021-06-07";2021;167.0;46;0.0
235;129121;"";"Gran Camino, El";"EL GRAN CAMINO";"2021-06-25";2021;5821.0;1026;0.0
236;129124;"";"Un funeral de locos";"UN FUNERAL DE LOCOS";"2025-04-11";2025;3024460.0;437336;1000000.0
237;129521;"";"Muerte mas cruel, La";"LA MUERTE MÁS CRUEL";"2021-12-02";2021;120.0;15;0.0
238;129619;"";"Malasaña 32";"MALASAÑA 32";"2020-01-17";2021;102.0;17;700000.0
239;129622;"";"¿Es el enemigo? La película de Gila";"¿ES EL ENEMIGO?";"2024-12-13";2024;290858.0;48528;1200000.0
240;129922;"";"Aitas, Los";"LOS AITAS";"2025-03-21";2025;478044.0;75469;1200000.0
241;129923;"";"Guadalupe, Madre de la Humanidad";"GUADALUPE: MADRE DE LA HUMANIDAD";"2024-03-01";2024;93130.0;13330;0.0
242;12993640;"";"Greco El, pintor de lo invisible";"GRECO EL, PINTOR DE LO INVISIBLE";"2019-03-12";2021;752.0;129;0.0
243;130222;"";"Hotel de los lios. Garcia y Garcia 2, El";"EL HOTEL DE LOS LÍOS. GARCÍA Y GARCÍA 2";"2023-03-24";2023;2229338.0;363814;1000000.0
244;13023;"";"Sirvienta, La";"LA SIRVIENTA";"2023-03-24";2023;104611.0;17992;0.0
245;13024;"";"Lluc, una cronica de la pasteleria";"LLUC, A PASTRY CHRONICLE";"2025-05-27";2025;2546.0;314;0.0
246;130522;"";"200% Wolf. Pequeño Gran Lobo";"200 % WOLF: PEQUEÑO GRAN LOBO";"2025-12-05";2025;109701.0;19246;0.0
247;130523;"";"Una casa en el pueblo";"UNA CASA EN EL PUEBLO";"2024-10-18";2024;818.0;142;0.0
248;130921;"";"7 Lagos, 7 Vidas";"7 LAGOS, 7 VIDAS";"2021-07-23";2021;5772.0;1023;0.0
249;13099;"";"Capitanes de abril (2000) (re)";"CAPITANES DE ABRIL";"2024-05-07";2024;274.0;47;477256.31
250;131123;"";"Miguel Velázquez. El Catedrático Del Ring";"MIGUEL VELÁZQUEZ, EL CATEDRÁTICO DEL RING";"2025-05-30";2025;172.0;34;0.0
251;131221;"";"Perderlo todo";"PERDERLO TODO";"2022-06-10";2022;175.0;26;0.0
252;131517;"";"Red de libertad";"RED DE LIBERTAD";"2017-10-20";2021;470.0;82;0.0
253;131524;"";"Requiem for a Tribe";"EL ÚLTIMO CANTO NÓMADA";"2025-05-16";2025;334.0;133;0.0
254;131721;"";"Paradoja de Antares, La";"LA PARADOJA DE ANTARES";"2022-11-13";2022;5087.0;1020;0.0
255;13223;"";"Dorinico, como conseguir un sueño";"DORINICO, CÓMO CONSEGUIR UN SUEÑO";"2024-07-15";2024;195.0;129;0.0
256;132722;"";"Caso Padilla, El";"EL CASO PADILLA";"2023-06-02";2023;7342.0;1223;0.0
257;132724;"";"Lurdes Iriondo, ez gera alferrik pasako";"LURDES IRIONDO, EZ GERA ALFERRIK PASAKO";"2025-11-14";2025;2880.0;439;0.0
258;132918;"";"Madre";"MADRE";"2019-11-15";2022;423.0;101;960000.0
259;13321;"";"Volta. 100 años de ciclismo";"VOLTA";"2021-03-20";2021;16.0;3;0.0
260;133321;"";"Hombre muerto no sabe vivir";"HOMBRE MUERTO NO SABE VIVIR";"2021-07-02";2021;19226.0;3275;0.0
261;133322;"";"Mi otro Jon";"MI OTRO JON";"2023-10-20";2023;619448.0;97995;0.0
262;133518;"";"Antes de la quema";"ANTES DE LA QUEMA";"2019-06-07";2022;55.0;11;0.0
263;133621;"";"Niña de la comunion, La";"LA NIÑA DE LA COMUNIÓN";"2023-02-10";2023;1440754.0;217150;1000000.0
264;133724;"";"Poeta del corazon, El";"EL POETA DEL CORAZÓN";"2025-07-07";2025;1042.0;184;0.0
265;133822;"";"Cuando los amos duermen";"CUANDO LOS AMOS DUERMEN";"2024-11-29";2024;185.0;32;0.0
266;133910;"";"Handia";"HANDIA";"2017-10-20";2025;54.0;28;980000.0
267;133921;"";"Todos quieren ser el proximo Weismann";"TODOS QUIEREN SER EL PRÓXIMO WEISMANN";"2021-07-05";2021;29.0;6;0.0
268;134122;"";"Buffalo Kids";"BUFFALO KIDS";"2024-08-14";2024;5235536.0;838929;1400000.0
269;134222;"";"Norberta";"NORBERTA";"2024-07-25";2024;57344.0;9526;1000000.0
270;134322;"";"Un Amor";"UN AMOR";"2023-11-10";2023;855315.0;139572;1000000.0
271;134422;"";"Subsuelo";"SUBSUELO";"2025-11-07";2025;22101.0;3828;939108.0
272;134522;"";"Yo no soy esa";"YO NO SOY ESA";"2024-10-31";2024;138779.0;26763;1000000.0
273;134621;"";"Sombra, La";"LA SOMBRA";"2021-06-25";2021;1897.0;381;0.0
274;134622;"";"Tras el verano";"TRAS EL VERANO";"2025-05-16";2025;24862.0;4520;1000000.0
275;134819;"";"Rifkin's Festival";"RIFKIN´S FESTIVAL";"2020-10-02";2021;240.0;52;0.0
276;135020;"";"Entre la vida y la muerte";"ENTRE LA VIDA Y LA MUERTE";"2022-07-14";2022;144726.0;24215;0.0
277;135221;"";"Balearic";"BALEARIC";"2025-12-12";2025;9288.0;1436;420000.0
278;13524;"";"Pequeño peon, El";"EL PETIT PEÓ";"2025-06-17";2025;2437.0;495;0.0
279;135325;"";"Coquito con mortadella";"COQUITO CON MORTADELLA";"2025-05-17";2025;595.0;344;0.0
280;135517;"";"Unicorn Wars";"UNICORN WARS";"2022-10-21";2022;27092.0;4831;800000.0
281;135622;"";"Matusalen";"MATUSALÉN";"2024-04-05";2024;262519.0;41187;0.0
282;135721;"";"Luz de Aisha, La";"LA LLUM DE L´AISHA";"2025-04-11";2025;32957.0;5879;1000000.0
283;135722;"";"Saben aquell";"SABEN AQUELL";"2023-11-01";2023;935863.0;147503;1200000.0
284;135821;"";"Tengamos la fiesta en Paz";"TENGAMOS LA FIESTA EN PAZ";"2021-12-03";2021;329579.0;55421;0.0
285;135822;"";"Tratamos demasiado bien a las mujeres";"TRATAMOS DEMASIADO BIEN A LAS MUJERES";"2024-03-15";2024;162683.0;26724;0.0
286;136022;"";"Marco";"MARCO";"2024-11-08";2024;1284239.0;212741;1000000.0
287;136023;"";"Antes de Nos";"ANTES DE NÓS";"2025-05-23";2025;98198.0;18456;0.0
288;136118;"";"Viaje mas largo, El";"EL VIAJE MÁS LARGO";"2022-09-28";2022;106.0;34;160000.0
289;136119;"";"Corazon ardiente";"CORAZÓN ARDIENTE";"2020-02-21";2021;636.0;89;0.0
290;136121;"";"Buñuel, un cineasta surrealista";"BUÑUEL, UN CINEASTA SURREALISTA";"2021-11-05";2021;674.0;113;0.0
291;136122;"";"Valle de sombras";"VALLE DE SOMBRAS";"2024-01-12";2024;1673128.0;255190;1200000.0
292;136321;"";"Piel de barro";"PIEL DE BARRO";"2021-08-30";2021;530.0;86;0.0
293;136610;"";"Mundo es nuestro, El";"MUNDO ES NUESTRO, EL";"2012-06-22";2021;1250.0;331;0.0
294;13677;"";"Tigres de papel (1977) (re)";"TIGRES DE PAPEL";"2025-06-04";2025;32.0;9;0.0
295;136823;"";"Sorda";"SORDA";"2025-04-04";2025;719643.0;118455;800000.0
296;137121;"";"Sin ti no puedo";"SIN TI NO PUEDO";"2022-06-03";2022;37806.0;6368;869935.5
297;137123;"";"Prefiro condenarme";"PREFIRO CONDENARME";"2024-11-22";2024;18361.0;3332;97555.5
298;137420;"";"Notas sobre un verano";"NOTAS SOBRE UN VERANO";"2023-09-01";2023;17893.0;3085;0.0
299;137623;"";"Aro berria";"ARO BERRIA";"2025-12-12";2025;25345.0;4087;800000.0
300;137821;"";"Funcion, La";"LA FUNCIÓN";"2024-04-08";2024;1674.0;302;0.0
301;137919;"";"Longa noite";"LONGA NOITE";"2019-12-05";2023;83.0;17;0.0
302;137921;"";"Con los años que me quedan";"CON LOS AÑOS QUE ME QUEDAN";"2022-12-09";2022;2772.0;464;882593.6
303;138122;"";"Marco Polo";"MARCO POLO";"2023-09-01";2023;2644.0;396;0.0
304;13821;"";"Ombligo";"OMBLIGO";"2021-06-25";2021;1371.0;273;0.0
305;138421;"";"Segundo premio";"SEGUNDO PREMIO";"2024-05-24";2024;342014.0;59373;700000.0
306;138521;"";"Buenas compañías, Las";"LAS BUENAS COMPAÑÍAS";"2023-05-05";2023;104053.0;19808;663700.0
307;138910;"";"Fenomenos, Los (2014) (re)";"FENOMENOS, LOS";"2025-05-06";2025;341.0;84;500000.0
308;138919;"";"Boda de Rosa, La";"LA BODA DE ROSA";"2020-08-21";2021;60231.0;10362;700000.0
309;139022;"";"Ariel";"ARIEL";"2025-12-24";2025;9977.0;1618;0.0
310;13923;"";"Slasher";"SLASHER";"2023-05-12";2023;7292.0;1198;0.0
311;139419;"";"Venus";"VENUS";"2023-02-17";2023;4514.0;683;0.0
312;139421;"";"Todos lo hacen";"TODOS LO HACEN";"2022-12-28";2022;83276.0;14754;0.0
313;140423;"";"Equipo Cronica. Arte de trinchera";"EQUIPO CRÓNICA. ARTE DE TRINCHERA";"2024-05-04";2024;3141.0;868;81636.16
314;140922;"";"Amigos hasta la muerte";"AMIGOS HASTA LA MUERTE";"2023-09-22";2023;57997.0;10470;0.0
315;141023;"";"Ultimo arrebato, El";"EL ÚLTIMO ARREBATO";"2025-11-16";2025;494.0;81;0.0
316;141123;"";"Todo lo que no se";"TODO LO QUE NO SÉ";"2025-04-25";2025;7667.0;1272;760000.0
317;141223;"";"Invasio dels barbars, La Tierra a la vista/";"LA INVASIÓ DELS BÀRBARS";"2025-11-06";2025;136272.0;21774;0.0
318;14124;"";"Cien libros juntas";"CIEN LIBROS JUNTAS";"2024-07-27";2024;14134.0;2725;0.0
319;141422;"";"Fiebre de los ricos, La";"LA FIEBRE DE LOS RICOS";"2025-01-24";2025;125821.0;20159;1151508.19
320;1415;"";"Barcelona, noche de invierno";"BARCELONA, NIT D´HIVERN";"2015-12-04";2023;486.0;100;143061.17
321;141621;"";"Cuidado con lo que deseas";"CUIDADO CON LO QUE DESEAS";"2021-11-12";2021;221009.0;38621;993766.3
322;141920;"";"100 dias con la Tata";"100 DÍAS CON LA TATA";"2021-12-29";2021;134040.0;21597;0.0
323;141924;"";"Votemos";"VOTEMOS";"2025-06-12";2025;195581.0;31712;758828.08
324;1421;"";"Tristesse";"TRISTESSE";"2021-01-29";2021;1816.0;302;0.0
325;142106;"";"Silla de Fernando, La";"LA SILLA DE FERNANDO";"2006-11-24";2021;46.0;12;0.0
326;142121;"";"12 Palabras";"12 PALABRAS";"2022-06-24";2022;419.0;71;0.0
327;142225;"";"Solo en Groenlandia";"SOLO EN GROENLANDIA";"2025-07-17";2025;567.0;93;0.0
328;1424;"";"Las armas no borraran tu sonrisa";"LAS ARMAS NUNCA BORRARÁN TU SONRISA";"2024-01-25";2024;7586.0;1234;0.0
329;142421;"";"Fatum";"FATUM";"2023-04-28";2023;966465.0;162798;400000.0
330;142721;"";"Malencolía";"MALENCOLÍA";"2022-03-25";2022;10178.0;1801;0.0
331;142819;"";"Acordes de la memoria, Los";"LOS ACORDES DE LA MEMORIA";"2021-05-30";2021;3174.0;616;0.0
332;142922;"";"Val del Omar, poeta audiovisual";"VAL DEL OMAR, POETA AUDIOVISUAL";"2022-12-19";2022;338.0;53;0.0
333;143020;"";"Leyes de la frontera, Las";"LAS LEYES DE LA FRONTERA";"2021-10-08";2021;666582.0;107097;840000.0
334;143120;"";"Luminoso espacio salvaje";"LUMINOSO ESPACIO SALVAJE";"2025-06-16";2025;1008.0;142;83362.05
335;143221;"";"Kepler Sexto B";"KEPLER SEXTO B";"2023-06-16";2023;13966.0;2455;454727.53
336;143223;"";"Jone, a veces";"JONE, BATZUETAN";"2025-09-12";2025;113011.0;19767;0.0
337;143421;"";"Juego de las llaves, El";"EL JUEGO DE LAS LLAVES";"2022-04-13";2022;1007123.0;169561;0.0
338;143608;"";"Secreto de sus ojos, El (2009) (re)";"EL SECRETO DE SUS OJOS";"2025-11-26";2025;57.0;29;1035000.0
339;143722;"";"Paralelo 35 50";"PARALELO 35 50";"2022-11-08";2022;86.0;16;0.0
340;143921;"";"Sospecha de Sofía, La";"LA SOSPECHA DE SOFÍA";"2025-10-03";2025;977770.0;150433;1200000.0
341;144019;"";"Abuela, La";"LA ABUELA";"2022-01-28";2022;1818352.0;287214;500000.0
342;144223;"";"Sembrando sueños";"SEMBRANDO SUEÑOS";"2023-11-28";2023;3076.0;653;0.0
343;144321;"";"Manzana de Oro, La";"LA MANZANA DE ORO";"2023-09-01";2023;39748.0;7004;699900.0
344;144322;"";"Bailar la locura";"BAILAR LA LOCURA";"2023-01-18";2023;5680.0;892;0.0
345;144323;"";"Divino tesoro";"DIVINO TESORO";"2025-02-13";2025;248.0;43;0.0
346;144420;"";"Ego";"EGO";"2021-12-01";2021;575.0;100;0.0
347;144423;"";"47, El";"EL 47";"2024-09-06";2024;4000965.0;628775;0.0
348;144519;"";"Cima, La";"LA CIMA";"2022-03-25";2022;64360.0;10353;0.0
349;144521;"";"Ternura, La";"LA TERNURA";"2023-09-29";2023;185613.0;39737;900000.0
350;144522;"";"Radioaficionado, El";"EL RADIOAFICIONADO";"2022-09-02";2022;4547.0;808;0.0
351;144721;"";"Salto, El";"EL SALTO";"2024-04-12";2024;76177.0;13665;700000.0
352;144723;"";"Escape";"ESCAPE";"2024-10-31";2024;663652.0;119735;0.0
353;144822;"";"Once Upon a Place";"ONCE UPON A PLACE";"2021-04-10";2021;561.0;84;0.0
354;145017;"";"Ultimos de La Mejana, rebeldía y esperanza, Los";"LOS ÚLTIMOS DE LA MEJANA, REBELDÍA Y ESPERANZA";"2020-09-21";2021;329.0;59;0.0
355;145021;"";"Doñana, donde el agua es sagrada";"DOÑANA DONDE EL AGUA ES SAGRADA";"2025-05-30";2025;30263.0;6040;492539.03
356;145026;"";"Chemsex: Un viaje al interior";"CHEMSEX. UN VIAJE AL INTERIOR";"2025-11-14";2025;567.0;324;0.0
357;14506;"";"Mataharis (2007) (re)";"MATAHARIS";"2024-09-19";2024;371.0;71;982278.03
358;145221;"";"Todos los nombres de Dios";"TODOS LOS NOMBRES DE DIOS";"2023-09-15";2023;961860.0;168672;700000.0
359;145419;"";"Verano que vivimos, El";"EL VERANO QUE VIVIMOS";"2020-12-04";2021;166605.0;27017;672200.0
360;145421;"";"Isla perdida (Haunted Heart)";"HAUNTED HEART (ISLA PERDIDA)";"2024-08-23";2024;252902.0;41896;700000.0
361;145624;"";"Pendaripen";"PENDARIPEN";"2025-11-19";2025;136.0;53;0.0
362;145714;"";"Nacido en Gaza";"2014, NACIDO EN GAZA";"2014-12-12";2024;1091.0;183;0.0
363;145720;"";"Dear Werner (Walking On Cinema)";"DEAR WERNER (WALKING ON CINEMA)";"2020-11-20";2021;551.0;95;0.0
364;145823;"";"Mi cabeza me hace trampas";"MI CABEZA ME HACE TRAMPAS";"2023-06-23";2023;267.0;51;0.0
365;145922;"";"Camino a Chicuelo";"CAMINO A CHICUELO";"2022-12-14";2022;1673.0;246;0.0
366;146022;"";"[REC] Terror sin pausa";"[REC] TERROR SIN PAUSA";"2022-10-28";2022;963.0;157;0.0
367;146218;"";"Caballos mueren al amanecer, Los";"LOS CABALLOS MUEREN AL AMANECER";"2023-03-14";2023;1142.0;204;0.0
368;146319;"";"Todas las lunas (Ilargi Guztiak)";"ILARGI GUZTIAK. TODAS LAS LUNAS";"2021-05-14";2021;32401.0;5902;690900.0
369;146419;"";"Labordeta, un hombre sin más";"LABORDETA UN HOMBRE SIN MÁS";"2022-09-23";2022;155416.0;29788;0.0
370;146424;"";"Almudena";"ALMUDENA";"2025-05-16";2025;35162.0;5800;191159.0
371;146620;"";"Eso que tu me das";"ESO QUE TÚ ME DAS";"2020-09-30";2021;3977.0;608;0.0
372;146724;"";"Solo pienso en ti";"SOLO PIENSO EN TI";"2025-11-28";2025;3917.0;734;0.0
373;146920;"";"Reboiras. Acción e corazon";"REBOIRAS. ACCIÓN E CORAZÓN";"2020-08-14";2021;576.0;117;0.0
374;147020;"";"Anunciaron tormenta";"ANUNCIARON TORMENTA";"2021-04-10";2021;44.0;20;0.0
375;14715;"";"Noche que mi madre mato a mi padre, La";"LA NOCHE QUE MI MADRE MATÓ A MI PADRE";"2016-04-29";2025;715.0;143;367144.37
376;147217;"";"Mientras dure la guerra";"MIENTRAS DURE LA GUERRA";"2019-09-27";2023;95.0;19;280000.0
377;147222;"";"Sintiendolo mucho";"SINTIÉNDOLO MUCHO";"2022-11-17";2022;590301.0;95740;0.0
378;147323;"";"Sonoma (Le film, pas le spectacle)";"SONOMA (LE FILM, PAS LE SPECTACLE)";"2023-09-13";2023;448.0;69;0.0
379;147420;"";"Cuco, El";"EL CUCO";"2023-09-15";2023;34543.0;5951;940160.39
380;147516;"";"Baby";"BABY";"2020-12-18";2021;2437.0;421;266050.0
381;147519;"";"No somos nada";"NO SOMOS NADA";"2022-01-28";2022;52595.0;8162;97130.35
382;147522;"";"Julia y Fernando, una historia de vida";"JULIA Y FERNANDO, UNA HISTORIA DE VIDA";"2023-01-15";2023;392.0;126;0.0
383;147523;"";"Johnny Puff. Misión Secreta";"JOHNNY PUFF. MISIÓN SECRETA.";"2024-04-05";2024;38456.0;6314;0.0
384;147620;"";"Urtzen";"URTZEN";"2021-04-22";2021;2446.0;497;0.0
385;147823;"";"Tierra baja";"TIERRA BAJA";"2025-01-31";2025;30418.0;5552;0.0
386;147921;"";"Tormento (1974) (re)";"TORMENTO";"2022-10-20";2022;60.0;17;0.0
387;148025;"";"En un lugar de la mente";"EN UN LUGAR DE LA MENTE";"2025-07-31";2025;3128.0;798;0.0
388;148419;"";"Cover, El";"EL COVER";"2021-07-23";2021;73310.0;12513;958024.89
389;148622;"";"Lugares a los que nunca hemos ido";"LUGARES A LOS QUE NUNCA HEMOS IDO";"2022-05-23";2022;914.0;171;0.0
390;148719;"";"Hil-Kanpaiak (Campanadas a muerto)";"HIL KANPAIAK";"2020-11-20";2021;583.0;106;0.0
391;148720;"";"Refugio, El";"EL REFUGIO";"2021-11-26";2021;180640.0;30404;480000.0
392;148721;"";"Llanto, El";"EL LLANTO";"2024-10-25";2024;200196.0;32568;1000000.0
393;1488;"";"Amanece, que no es poco (1989) (re)";"AMANECE, QUE NO ES POCO";"2023-03-23";2023;2165.0;405;0.0
394;148822;"";"Matando el tiempo";"MATANDO EL TIEMPO";"2022-10-28";2022;398.0;67;0.0
395;148922;"";"Ramdel, memorias de un musico invisible";"RAMDEL MEMORIAS DE UN MUSICO INVISIBLE";"2022-10-16";2022;67.0;10;0.0
396;149020;"";"Amigo";"AMIGO";"2020-11-09";2021;372.0;75;0.0
397;149024;"";"Queer Me";"QUEER ME";"2025-12-12";2025;1049.0;149;0.0
398;149119;"";"Zumiriki";"ZUMIRIKI";"2020-10-02";2021;563.0;116;0.0
399;149222;"";"Cemento";"CEMENTO";"2025-07-07";2025;47.0;9;0.0
400;149323;"";"Run Baby Run";"RUN BABY RUN";"2023-11-24";2023;1398.0;198;0.0
401;149620;"";"Billy";"BILLY";"2021-09-17";2021;3953.0;732;0.0
402;150017;"";"A este lado de la carretera";"A ESTE LADO DE LA CARRETERA";"2021-12-03";2021;1961.0;378;0.0
403;150123;"";"Políticamente incorrectos";"POLÍTICAMENTE INCORRECTOS";"2024-02-23";2024;1074029.0;162820;1200000.0
404;150221;"";"Sola";"SOLA";"2023-05-19";2023;718.0;132;0.0
405;150223;"";"Pacto de silencio: El Nani y la mafia policial";"PACTO DE SILENCIO: EL NANI Y LA MAFIA POLICIAL";"2023-11-06";2023;66.0;11;0.0
406;150319;"";"Explota explota";"EXPLOTA EXPLOTA";"2020-10-02";2021;233.0;100;700000.0
407;150320;"";"Amalia en otoño";"AMALIA EN EL OTOÑO";"2020-11-20";2021;674.0;115;0.0
408;150421;"";"Intocables de Carles Cases, Los";"LOS INTOCABLES DE CARLES CASES";"2024-03-22";2024;613.0;95;0.0
409;150519;"";"Saldos, Los";"LOS SALDOS";"2023-06-09";2023;3257.0;578;0.0
410;150523;"";"Tonos mayores, Los";"LOS TONOS MAYORES";"2024-07-12";2024;1584.0;305;0.0
411;15080;"";"Pepi, Luci, Bom y otras chicas del monton (1980) (re)";"PEPI, LUCY, BOM, Y OTRAS CHICAS DEL MONTON";"2023-06-08";2023;577.0;188;0.0
412;150917;"";"Una luz en la oscuridad";"UNA LUZ EN LA OSCURIDAD";"2021-01-22";2021;2128.0;392;0.0
413;151020;"";"Madres paralelas";"MADRES PARALELAS";"2021-10-08";2021;2682300.0;435846;480000.0
414;151522;"";"SinEl";"SINÉL";"2025-01-10";2025;2071.0;292;0.0
415;1517;"";"Quien lo impide";"QUIÉN LO IMPIDE";"2021-10-22";2021;17768.0;3064;22972.0
416;152120;"";"Camera Cafe";"CAMERA CAFÉ, LA PELÍCULA";"2022-03-25";2022;703215.0;112593;480000.0
417;152217;"";"Salvar el arbol (Zutik!)";"SALVAR EL ÁRBOL";"2021-10-22";2021;6876.0;1743;425000.0
418;152221;"";"Juan Marine. Un siglo de cine";"JUAN MARINÉ, UN SIGLO DE CINE";"2023-11-22";2023;569.0;161;0.0
419;152319;"";"Historias lamentables";"HISTORIAS LAMENTABLES";"2021-06-11";2021;10262.0;1851;700000.0
420;152320;"";"No mires a los ojos";"NO MIRES A LOS OJOS";"2022-11-04";2022;318974.0;51433;720580.0
421;152420;"";"Teresa";"TERESA";"2023-11-24";2023;189777.0;31152;1000000.0
422;152421;"";"A contracorriente";"A CONTRACORRIENTE";"2021-09-29";2021;156.0;52;0.0
423;152520;"";"Historias para no contar";"HISTORIAS PARA NO CONTAR";"2022-11-25";2022;921380.0;142685;784587.23
424;152623;"";"Dolor impune";"DOLOR IMPUNE";"2023-11-05";2023;298.0;46;0.0
425;152624;"";"Idilia";"IDILIA";"2025-07-28";2025;1590.0;343;0.0
426;152720;"";"Ullate. La danza de la vida";"ULLATE. LA DANZA DE LA VIDA";"2024-04-25";2024;7322.0;1173;0.0
427;152819;"";"Casa del caracol, La";"LA CASA DEL CARACOL";"2021-06-11";2021;127149.0;20673;488820.88
428;152921;"";"Tesoro de Barracuda, El";"EL TESORO DE BARRACUDA";"2025-09-26";2025;80920.0;12664;800000.0
429;153122;"";"Querian enterrarnos pero no sabian que eramos semillas";"QUERÍAN ENTERRARNOS PERO NO SABÍAN QUE ÉRAMOS SEMILLAS";"2022-12-08";2022;434.0;101;0.0
430;153317;"";"Enero";"ENERO";"2020-09-28";2021;1132.0;221;0.0
431;153321;"";"Un hombre sin miedo";"UN HOMBRE SIN MIEDO";"2024-06-07";2024;4465.0;815;0.0
432;153523;"";"Cautivo, El";"EL CAUTIVO";"2025-09-12";2025;5284665.0;792007;1200000.0
433;153722;"";"Guerra mas larga, La";"LA GUERRA MÁS LARGA";"2021-11-18";2021;381.0;80;0.0
434;154119;"";"Piel del tambor, La";"LA PIEL DEL TAMBOR";"2022-10-21";2022;439645.0;70043;195169.44
435;154219;"";"Contadora de Peliculas, La";"LA CONTADORA DE PELÍCULAS";"2023-10-27";2023;271054.0;46330;1000000.0
436;15422;"";"Menina Casilda";"MENINA CASILDA";"2023-04-13";2023;2581.0;399;0.0
437;154322;"";"Gallo Rojo";"GALLO ROJO";"2024-12-20";2024;2671.0;417;0.0
438;154622;"";"Awards. Beyond the limits of hairdressing";"AWARDS, BEYOND THE LIMITS OF HAIRDRESSING";"2024-01-15";2024;2778.0;441;0.0
439;154721;"";"Estos muros";"ESTOS MUROS";"2022-04-09";2022;433.0;89;0.0
440;154722;"";"Cuanto me queda";"CUÁNTO ME QUEDA";"2023-12-20";2023;4240.0;749;0.0
441;154817;"";"Ojos Negros";"OJOS NEGROS";"2019-07-19";2025;66.0;22;0.0
442;154919;"";"Hija, La";"LA HIJA";"2021-11-26";2021;244501.0;41831;700000.0
443;154922;"";"Mallorca, la isla madre";"MALLORCA, L'ILLA MARE";"2022-11-11";2022;341.0;117;0.0
444;154923;"";"Campamento Garra de Oso";"CAMPAMENTO GARRA DE OSO";"2025-08-29";2025;193467.0;31665;1200000.0
445;155119;"";"Pan de limón con semillas de amapola";"PAN DE LIMÓN CON SEMILLAS DE AMAPOLA";"2021-11-12";2021;647438.0;110682;200000.0
446;155120;"";"Breathe";"BREATHE";"2021-11-25";2021;671.0;102;0.0
447;155123;"";"Familia Beneton, La";"LA FAMILIA BENETÓN";"2024-03-22";2024;4067728.0;622534;0.0
448;155323;"";"Secundarias";"SECUNDARIAS";"2023-11-17";2023;11980.0;2077;0.0
449;155421;"";"Amor de Andrea, El";"EL AMOR DE ANDREA";"2023-11-24";2023;52701.0;9484;973400.0
450;155422;"";"Rider";"RIDER";"2025-06-13";2025;9890.0;1623;0.0
451;155521;"";"Medjugorje, la pelicula";"MEDJUGORJE, LA PELÍCULA";"2021-10-01";2021;311472.0;48409;0.0
452;155523;"";"Hay una puerta ahi";"HAY UNA PUERTA AHÍ";"2023-11-01";2023;2505.0;420;0.0
453;155619;"";"Armugan, el ultimo acabador";"ARMUGÁN-EL ÚLTIMO ACABADOR";"2021-05-07";2021;2881.0;519;0.0
454;155620;"";"Llenos de gracia";"LLENOS DE GRACIA";"2022-06-24";2022;1334575.0;228368;934346.9
455;155623;"";"Madre no hay mas que una";"MADRE NO HAY MÁS QUE UNA";"2023-10-20";2023;10513.0;1632;0.0
456;155721;"";"Chinas";"CHINAS";"2023-10-06";2023;481497.0;78841;400000.0
457;155822;"";"Aníbal, el arquitecto de Sevilla";"ANÍBAL. EL ARQUITECTO DE SEVILLA";"2023-11-24";2023;18563.0;3615;0.0
458;155921;"";"Fantasma de la Sauna, El";"EL FANTASMA DE LA SAUNA";"2021-11-19";2021;10049.0;1611;0.0
459;156120;"";"Mari(dos)";"MARI(DOS)";"2023-03-10";2023;4067952.0;622196;560000.0
460;15622;"";"Carmen, muerte por un sueño";"CARMEN. MUERTE POR UN SUEÑO";"2022-03-24";2022;887.0;186;0.0
461;15624;"";"Mis ganas ganan, la historia de Elena Huelva";"MIS GANAS GANAN, LA HISTORIA DE ELENA HUELVA";"2024-04-05";2024;37487.0;5529;0.0
462;156320;"";"Vida padre, La";"LA VIDA PADRE";"2022-09-16";2022;2058585.0;361177;480000.0
463;156322;"";"Critico, El";"EL CRÍTICO";"2022-10-07";2022;1321.0;227;0.0
464;156419;"";"Sustituto, El";"EL SUSTITUTO";"2021-10-29";2021;125658.0;20968;500000.0
465;156420;"";"Tadeo Jones 3. La tabla esmeralda";"TADEO JONES 3. LA TABLA ESMERALDA";"2022-08-26";2022;11817683.0;2034957;840000.0
466;156421;"";"Como Dios manda";"COMO DIOS MANDA";"2023-06-02";2023;2133322.0;332437;1000000.0
467;156620;"";"Modelo 77";"MODELO 77";"2022-09-23";2022;2144454.0;392572;1400000.0
468;156621;"";"Herejes, Los";"LOS HEREJES";"2025-01-25";2025;389.0;57;0.0
469;156920;"";"Maestro que prometio el mar, El";"EL MAESTRO QUE PROMETIÓ EL MAR";"2023-11-10";2023;1739685.0;292921;700000.0
470;156924;"";"Todos los lados de la cama";"TODOS LOS LADOS DE LA CAMA";"2025-11-14";2025;896327.0;133813;1000000.0
471;157220;"";"42 Segundos";"42 SEGUNDOS";"2022-09-02";2022;1024604.0;167058;701725.02
472;157320;"";"Maixabel";"MAIXABEL";"2021-09-24";2021;2896856.0;527286;840000.0
473;157419;"";"Familia perfecta, La";"LA FAMILIA PERFECTA";"2021-12-03";2021;1337236.0;207851;200000.0
474;157420;"";"A todo tren. Destino Asturias";"¡A TODO TREN! DESTINO ASTURIAS";"2021-07-08";2021;8494016.0;1500959;480000.0
475;157510;"";"Un dia mas con vida";"UN DÍA MÁS CON VIDA";"2018-10-26";2023;77.0;22;335975.0
476;157519;"";"Nieva en Benidorm";"NIEVA EN BENIDORM";"2020-12-11";2021;52568.0;9071;181200.0
477;157521;"";"Alguien que cuide de mi";"ALGUIEN QUE CUIDE DE MÍ";"2023-04-28";2023;38870.0;6570;400000.0
478;157523;"";"Mestra, La";"LA MESTRA";"2023-11-01";2023;5157.0;699;0.0
479;157619;"";"Donde caben dos";"DONDE CABEN DOS";"2021-07-30";2021;216301.0;35779;200000.0
480;157620;"";"Cuarto pasajero, El";"EL CUARTO PASAJERO";"2022-10-28";2022;4380892.0;676605;840000.0
481;157621;"";"Padre no hay mas que uno 3";"PADRE NO HAY MÁS QUE UNO 3";"2022-07-14";2022;15607000.0;2707090;560000.0
482;157722;"";"Fracasados";"FRACASADOS, LA BÚSQUEDA DEL SKVADER";"2022-11-18";2022;315.0;60;0.0
483;157724;"";"Topuria: Matador";"TOPURIA MATADOR";"2024-09-19";2024;510267.0;73040;0.0
484;157821;"";"Circulo, El";"EL CÍRCULO";"2021-09-08";2021;622.0;112;0.0
485;157911;"";"Vida era eso, La";"LA VIDA ERA ESO";"2021-12-10";2021;86112.0;15108;227210.31
486;158022;"";"Colon ADN, su verdadero origen";"COLÓN ADN. SU VERDADERO ORIGEN.";"2024-10-12";2024;159.0;23;0.0
487;158121;"";"Te estoy amando locamente";"TE ESTOY AMANDO LOCAMENTE";"2023-07-06";2023;555686.0;92320;397284.44
488;158217;"";"Lo que arde";"O QUE ARDE";"2019-10-11";2021;1369.0;231;103654.1
489;158224;"";"Montañas en armonia";"MONTAÑAS EN ARMONÍA";"2025-06-14";2025;215.0;31;0.0
490;158320;"";"Jefa, La";"LA JEFA";"2022-04-29";2022;22429.0;4451;0.0
491;158321;"";"Venus";"VENUS";"2022-12-02";2022;601237.0;88845;908198.31
492;158322;"";"13 Exorcismos";"13 EXORCISMOS";"2022-11-04";2022;1049287.0;159899;0.0
493;158423;"";"Ruido";"RUIDO";"2025-11-28";2025;3274.0;596;598000.0
494;158519;"";"Voces";"VOCES";"2020-07-24";2022;95.0;19;656787.16
495;158520;"";"Un novio para mi mujer";"UN NOVIO PARA MI MUJER";"2022-07-22";2022;489401.0;80100;828000.0
496;158521;"";"Ultimos pastores, Los";"LOS ÚLTIMOS PASTORES";"2024-05-31";2024;9636.0;1930;0.0
497;158525;"";"Sacar pecho";"SACAR PECHO";"2025-07-28";2025;3737.0;595;0.0
498;158619;"";"García y García";"GARCÍA Y GARCÍA";"2021-08-27";2021;1025363.0;176181;200000.0
499;158621;"";"A todo tren 2";"A TODO TREN 2";"2022-12-02";2022;5896806.0;966932;980000.0
500;158624;"";"7291";"7291";"2024-11-13";2024;24648.0;3694;0.0
501;158625;"";"Corazon Franjiverde";"CORAZÓN FRANJIVERDE";"2025-12-26";2025;9137.0;1168;0.0
502;158719;"";"Erase una vez en Euskadi";"ÉRASE UNA VEZ EN EUSKADI";"2021-10-29";2021;80730.0;14243;200000.0
503;158720;"";"Ocho Apellidos Marroquis";"OCHO APELLIDOS MARROQUÍS";"2023-12-01";2023;13078381.0;1922591;1100000.0
504;158723;"";"Raqa";"RAQA";"2024-11-22";2024;195922.0;33398;1200000.0
505;158821;"";"Chicas de la estacion, Las";"LAS CHICAS DE LA ESTACIÓN";"2024-11-22";2024;71401.0;12360;1000000.0
506;158919;"";"Descarrilados";"DESCARRILADOS";"2021-08-20";2021;992023.0;171107;200000.0
507;158920;"";"Loli Tormenta";"LOLI TORMENTA";"2023-03-31";2023;71618.0;12040;700000.0
508;158921;"";"Alimañas";"ALIMAÑAS";"2023-10-27";2023;1347083.0;208043;681111.29
509;159020;"";"Buen patron, El";"EL BUEN PATRÓN";"2021-10-15";2021;4283239.0;680061;1400000.0
510;159119;"";"Padre no hay mas que uno 2: La llegada de la suegra";"PADRE NO HAY MÁS QUE UNO 2: LA LLEGADA DE LA SUEGRA";"2020-07-29";2021;2439.0;622;695000.0
511;159120;"";"Vaya vacaciones";"¡VAYA VACACIONES!";"2023-04-21";2023;4804010.0;803702;1000000.0
512;159123;"";"Sirat, trance en el desierto";"SIRAT";"2025-06-06";2025;2899613.0;438644;1200000.0
513;15913;"";"Relatos salvajes";"RELATOS SALVAJES";"2014-10-17";2022;1422.0;201;460000.0
514;159222;"";"Frente al silencio";"FRENTE AL SILENCIO";"2023-11-05";2023;442.0;147;0.0
515;15924;"";"Ciento volando";"CIENTO VOLANDO";"2025-01-10";2025;15925.0;2470;0.0
516;159319;"";"Veneciafrenia";"VENECIAFRENIA";"2022-04-22";2022;440228.0;80107;500000.0
517;159320;"";"Asedio";"ASEDIO";"2023-05-05";2023;126364.0;23118;1000000.0
518;159323;"";"Romeria";"ROMERÍA";"2025-09-05";2025;1783277.0;276083;1200000.0
519;159420;"";"Mama no enRedes";"MAMÁ NO ENREDES";"2022-07-01";2022;119742.0;20217;840000.0
520;159520;"";"Buenos modales, Los";"LOS BUENOS MODALES";"2023-04-28";2023;279491.0;46109;900000.0
521;159610;"";"Dead Slow Ahead (2015) (re)";"DEAD SLOW AHEAD";"2022-10-28";2022;56.0;14;35000.0
522;159620;"";"Parecido a un asesinato";"PARECIDO A UN ASESINATO";"2025-10-03";2025;438951.0;68524;0.0
523;159720;"";"Voy a pasarmelo bien";"VOY A PASÁRMELO BIEN";"2022-08-12";2022;2097084.0;360315;1400000.0
524;159721;"";"Favor, El";"EL FAVOR";"2023-11-10";2023;617558.0;100544;700000.0
525;159724;"";"Secreto del orfebre, El";"EL SECRETO DEL ORFEBRE";"2025-02-28";2025;1122589.0;169651;1000000.0
526;159820;"";"Casa entre los cactus, La";"LA CASA ENTRE LOS CACTUS";"2022-09-16";2022;61213.0;10205;840000.0
527;159920;"";"Zurbaran y sus doce hijos";"ZURBARÁN Y SUS DOCE HIJOS";"2020-11-06";2021;3939.0;700;0.0
528;159950;"";"Pim, pam, pum... ¡Fuego! (1975) (re)";"PIM, PAM, PUM... FUEGO";"2022-10-20";2022;25.0;7;0.0
529;160020;"";"Heroes de barrio";"HÉROES DE BARRIO";"2022-07-29";2022;504736.0;90769;700000.0
530;160124;"";"Sin Cobertura";"SIN COBERTURA";"2025-08-22";2025;2925496.0;454350;1000000.0
531;16021;"";"Tierra Santa, El ultimo peregrino";"TIERRA SANTA, EL ÚLTIMO PEREGRINO";"2021-05-21";2021;20684.0;3428;0.0
532;160220;"";"Renglones torcidos de Dios, Los";"LOS RENGLONES TORCIDOS DE DIOS";"2022-10-06";2022;5727334.0;908182;0.0
533;160321;"";"L'ultim salt";"L´ÙLTIM SALT";"2022-09-14";2022;1293.0;262;0.0
534;160322;"";"Strangers: Capitulo 2";"STRANGERS: CAPÍTULO 2";"2025-09-26";2025;335027.0;49946;0.0
535;160520;"";"¡Salta!";"¡SALTA!";"2023-09-01";2023;232628.0;39413;400000.0
536;160620;"";"Espera, La";"LA ESPERA";"2023-12-15";2023;26688.0;4222;0.0
537;160621;"";"Maquis, el silencio";"MAQUIS, EL SILENCIO (CODA)";"2021-12-10";2021;2599.0;376;0.0
538;16119;"";"Rol & Rol";"ROL & ROL";"2020-09-09";2021;69.0;23;0.0
539;161223;"";"Jaume Cabre: La musica de las palabras";"JAUME CABRÉ, LA MÚSICA DE LES PARAULES";"2025-02-04";2025;2718.0;522;0.0
540;16124;"";"Un angel llamado Rebeca";"UN ÁNGEL LLAMADO REBECA";"2024-04-26";2024;33570.0;5261;0.0
541;161320;"";"Spitsbergen, el guardian del Artico";"SPITSBERGEN, O GARDIÁN DO ÁRTICO";"2021-04-08";2021;176.0;68;0.0
542;161523;"";"Arte de la luz y la sombra, El";"EL ARTE DE LA LUZ Y LA SOMBRA";"2023-11-03";2023;187.0;26;0.0
543;161721;"";"Manolo Kabezabolo";"MANOLO KABEZABOLO";"2024-05-17";2024;3518.0;625;0.0
544;161921;"";"Karmele";"KARMELE";"2025-10-10";2025;202625.0;35652;0.0
545;162019;"";"Disforia";"DISFORIA";"2025-11-08";2025;147.0;41;0.0
546;1621;"";"Proximamente ultimos dias";"PRÓXIMAMENTE ÚLTIMOS DÍAS";"2021-08-27";2021;297.0;70;0.0
547;162122;"";"Un lugar comun";"UN LUGAR COMÚN";"2024-08-14";2024;44038.0;8087;0.0
548;162723;"";"Sueños y pan";"SUEÑOS Y PAN";"2023-07-25";2023;1112.0;367;0.0
549;162821;"";"Nueva Tierra";"NUEVA TIERRA";"2024-09-06";2024;2082.0;363;0.0
550;162923;"";"Cristianos";"CRISTIANOS";"2023-10-25";2023;9.0;2;0.0
551;163022;"";"Heroes del Central Park";"HÉROES DE CENTRAL PARK";"2024-08-30";2024;340257.0;56367;0.0
552;163121;"";"Andromeda Galaxy";"ANDROMEDA GALAXY";"2021-08-13";2021;50.0;10;0.0
553;16315;"";"Subterraneos, Los";"SUBTERRANEAN";"2021-05-07";2021;1020.0;153;0.0
554;163219;"";"Eroski Paraiso";"EROSKI-PARAÍSO";"2019-12-13";2021;346.0;82;0.0
555;163519;"";"Sesion Salvaje";"SESIÓN SALVAJE";"2019-12-13";2021;46.0;22;0.0
556;163521;"";"Cigueña de Burgos, La";"LA CIGÜEÑA DE BURGOS";"2022-06-28";2022;19.0;4;0.0
557;163622;"";"Ciudad de la Selva. Fuxidos y guerrilleros en los montes de Casaio";"CIUDAD DE LA SELVA - FUXIDOS Y GUERRILLEROS EN LOS MONTES DE CASAIO";"2022-09-20";2022;5202.0;1097;0.0
558;163623;"";"Caso Angelus, la fascinacion de Dalí, El";"EL CASO ÁNGELUS, LA FASCINACIÓN DE DALÍ";"2024-11-22";2024;8415.0;1271;0.0
559;163719;"";"Formentor, el mar de las palabras";"FORMENTOR, EL MAR DE LAS PALABRAS";"2021-06-04";2021;532.0;103;0.0
560;163721;"";"Transicion, La. De la dictadura a la democracia";"LA TRANSICIÓN, DE LA DICTADURA A LA DEMOCRACIA";"2021-10-15";2021;177.0;37;0.0
561;163920;"";"Desmontando armarios";"DESMONTANDO ARMARIOS";"2020-12-03";2021;456.0;92;0.0
562;164322;"";"Campeonex";"CAMPEONEX";"2023-08-18";2023;11897476.0;1977915;1200000.0
563;164621;"";"Efecto Darma, El";"EL EFECTO DARMA";"2023-09-15";2023;1203.0;204;0.0
564;164816;"";"Llamada, La";"LA LLAMADA";"2017-09-29";2022;952.0;157;506176.62
565;165520;"";"Josep";"JOSEP";"2020-12-04";2021;32122.0;5030;0.0
566;165722;"";"Amiga de mi amiga, La";"LA AMIGA DE MI AMIGA";"2023-02-03";2022;15981.0;2847;0.0
567;165919;"";"Mr. Hand Solo";"MR. HAND SOLO";"2021-03-26";2021;3792.0;567;0.0
568;166321;"";"Un film dans les reves";"UN FILM DANS LES RÊVES";"2022-02-11";2022;471.0;66;0.0
569;166522;"";"Rioja, la tierra de los mil vinos";"RIOJA, LA TIERRA DE LOS MIL VINOS";"2023-11-10";2023;2436.0;465;0.0
570;166523;"";"Mi amiga Eva";"MI AMIGA EVA";"2025-09-19";2025;931571.0;145213;1200000.0
571;166821;"";"Restoration, The";"THE RESTORATION";"2024-09-22";2024;84.0;20;0.0
572;166823;"";"Casoplon, El";"EL CASOPLÓN";"2025-04-16";2025;3311753.0;489967;0.0
573;166917;"";"PierPaolo";"PIERPAOLO";"2021-08-20";2021;7.0;1;0.0
574;166923;"";"Soy Nevenka";"SOY NEVENKA";"2024-09-27";2024;1415282.0;237694;1200000.0
575;167022;"";"Tirabeque, El";"EL TIRABEQUE";"2022-11-25";2022;948.0;169;0.0
576;167023;"";"Cuerpo escombro";"CUERPO ESCOMBRO";"2024-08-09";2024;1499556.0;239215;1182000.0
577;167122;"";"Arte de los analfabetos, El";"EL ARTE DE LOS ANALFABETOS";"2025-02-24";2025;421.0;74;0.0
578;167123;"";"Beato. El origen del Xacobeo";"BEATO, EL ORIGEN DEL XACOBEO";"2023-11-09";2023;794.0;148;0.0
579;16720;"";"Solo una vez";"SOLO UNA VEZ";"2021-06-11";2021;26301.0;4800;0.0
580;167223;"";"¿Quién es quien?";"¿QUIÉN ES QUIÉN?";"2024-12-05";2024;1334144.0;205512;1000000.0
581;16723;"";"De todos lados un poco";"DE TODOS LADOS UN POCO";"2025-05-15";2025;1262.0;229;0.0
582;167623;"";"Verano en diciembre";"VERANO EN DICIEMBRE";"2024-11-08";2024;139077.0;24896;1100000.0
583;167724;"";"Piezas";"PIEZAS";"2024-11-15";2024;1340.0;273;0.0
584;167821;"";"Sabater d'Ordis, El";"EL SABATER D´ORDIS";"2022-12-09";2022;410.0;71;0.0
585;16787;"";"Mujeres al borde de un ataque de nervios (1988) (re)";"MUJERES AL BORDE DE UN ATAQUE DE NERVIOS";"2022-09-17";2022;1005.0;186;10096.75
586;167923;"";"Mikaela";"MIKAELA";"2025-01-31";2025;1552358.0;232516;1200000.0
587;168523;"";"Valencia, t'estime";"VALENCIA T´ESTIME";"2024-06-07";2024;15757.0;2624;0.0
588;168722;"";"Grup Natural";"GRUP NATURAL";"2025-05-23";2025;6680.0;1029;0.0
589;168820;"";"Claret";"CLARET";"2021-09-24";2021;70630.0;14347;0.0
590;168823;"";"Talento, El";"EL TALENTO";"2025-09-05";2025;122528.0;19162;0.0
591;16917;"";"Desenterrando Sad Hill";"SAD HILL UNEARTHED";"2018-10-19";2022;1134.0;270;0.0
592;169420;"";"Godot";"GODOT";"2021-02-19";2021;535.0;125;0.0
593;169422;"";"Kené";"KENÉ";"2023-10-27";2023;1261.0;213;0.0
594;169721;"";"Test, El";"EL TEST";"2022-09-02";2022;760807.0;122813;0.0
595;170117;"";"Crossroads: Paco Roca";"CROSSROADS, PACO ROCA Y SEGURIDAD SOCIAL EN LA ENCRUCIJADA";"2017-11-01";2023;245.0;75;0.0
596;17021;"";"Mendian Hil, Hirian Hil";"MENDIAN HIL, HIRIAN HIL";"2021-03-12";2021;3034.0;568;0.0
597;170219;"";"Tiempo de Zarzuela";"TIEMPO DE ZARZUELA";"2023-10-10";2023;9909.0;1592;0.0
598;170317;"";"Filoxenia. El rapto de Europa";"FILOXENIA, EL RAPTO DE EUROPA";"2021-11-18";2021;51.0;15;0.0
599;170524;"";"Padre no hay mas que uno 5";"PADRE NO HAY MÁS QUE UNO 5";"2025-06-26";2025;13406008.0;2043434;0.0
600;170622;"";"A Dios pongo por testigo";"A DIOS PONGO POR TESTIGO";"2022-03-09";2022;1021.0;253;0.0
601;17093;"";"Cosas que nunca te dije (1996) (re)";"COSAS QUE NUNCA TE DIJE";"2024-04-23";2024;593.0;135;8437.5
602;171420;"";"Anatomia de un Dandy";"ANATOMÍA DE UN DANDY";"2020-11-20";2021;465.0;80;0.0
603;171424;"";"Manuel Machado o la edad de la poesia";"MANUEL MACHADO O LA EDAD DE LA POESÍA";"2024-08-23";2024;50.0;8;0.0
604;171520;"";"Pasajera, La";"LA PASAJERA";"2022-02-18";2022;6622.0;1096;0.0
605;171721;"";"Sacar a la luz. La memoria de las artistas rapadas";"SACAR A LA LUZ. LA MEMORIA DE LAS RAPADAS";"2021-11-05";2021;1421.0;612;0.0
606;172024;"";"Siempre es invierno";"SIEMPRE ES INVIERNO";"2025-11-07";2025;877595.0;138313;1000000.0
607;172224;"";"Fanantenana";"FANANTENANA";"2024-11-21";2025;1354.0;450;0.0
608;172624;"";"Maleficio (La regla de Osha)";"MALEFICIO (LA REGLA DE OSHA)";"2025-10-03";2025;55399.0;8409;0.0
609;172918;"";"Vivir dos veces";"VIVIR DOS VECES";"2019-09-06";2024;318.0;71;700000.0
610;173019;"";"Jacinto";"JACINTO";"2022-10-07";2022;6989.0;1269;0.0
611;173023;"";"Descalzos";"DESCALZOS";"2025-02-14";2025;190884.0;26271;0.0
612;173121;"";"Ecos";"ECOS";"2021-11-21";2021;58.0;10;0.0
613;173221;"";"Donde acaba la memoria";"DONDE ACABA LA MEMORIA";"2021-09-04";2021;5199.0;1218;0.0
614;173609;"";"Tambien la lluvia";"TAMBIÉN LA LLUVIA";"2011-01-05";2022;872.0;220;1500000.0
615;173719;"";"Surcos";"SURCOS";"2021-05-28";2021;7699.0;1484;0.0
616;17375;"";"Quien puede matar a un niño (1976) (re)";"QUIEN PUEDE MATAR A UN NIÑO?";"2022-06-13";2022;898.0;288;0.0
617;174118;"";"Odisea de los Giles, La";"LA ODISEA DE LOS GILES";"2019-11-29";2021;367.0;72;0.0
618;174121;"";"Voiceless. El genocidio silenciado";"VOICELESS, EL GENOCIDIO SILENCIADO";"2021-11-13";2021;744.0;109;0.0
619;174122;"";"Gesto";"GESTO";"2022-11-22";2022;1981.0;511;0.0
620;17421;"";"Living Kultur";"LIVING KULTUR";"2023-06-01";2023;1418.0;585;0.0
621;174321;"";"Aczion";"ACZION";"2021-11-04";2021;1491.0;173;0.0
622;174424;"";"Unfixing, The";"THE UNFIXING";"2025-11-11";2025;205.0;62;0.0
623;174720;"";"Vida por delante, La (1958) (re)";"LA VIDA POR DELANTE";"2021-09-16";2021;486.0;135;0.0
624;17480;"";"Guerra de los niños, La (1980) (re)";"GUERRA DE LOS NIÑOS, LA";"2022-05-27";2022;1408.0;257;0.0
625;175318;"";"Inspector Sun y la maldición de la viuda negra";"INSPECTOR SUN Y LA MALDICIÓN DE LA VIUDA NEGRA";"2022-12-28";2022;255663.0;45194;200000.0
626;175523;"";"Addictus";"ADDICTUS";"2024-11-24";2024;241.0;35;0.0
627;175621;"";"Impuros";"IMPUROS";"2021-10-29";2021;602.0;115;0.0
628;175711;"";"Leonora Carrington. El juego surrealista";"LEONORA CARRINGTON Y EL JUEGO SURREALISTA";"2023-05-12";2023;6753.0;1140;10984.15
629;175718;"";"Último Fracaso, El";"EL ÚLTIMO FRACASO";"2018-11-02";2022;6.0;1;0.0
630;175723;"";"Septiembre";"SEPTIEMBRE";"2023-10-06";2023;280.0;184;0.0
631;175919;"";"Cinema que no veiem, El";"EL CINEMA QUE NO VEIEM";"2022-12-14";2022;497.0;71;0.0
632;175922;"";"Entre montañas";"ENTRE MONTAÑAS";"2023-04-12";2023;475.0;95;0.0
633;175923;"";"Arnasa betean. A pulmón";"A PULMÓN, MUJERES CINEASTAS";"2023-11-09";2023;1682.0;301;0.0
634;175924;"";"Parque, El";"EL PARQUE";"2024-12-12";2024;6557.0;1657;0.0
635;17623;"";"Bidasoa 2018-2023";"BIDASOA 2018-2023";"2023-10-20";2023;16424.0;3014;0.0
636;176418;"";"Crack cero, El";"EL CRACK CERO";"2019-10-04";2023;175.0;50;630021.16
637;176423;"";"Amanece en Samana";"AMANECE EN SAMANÁ";"2024-11-08";2024;320249.0;51185;1000000.0
638;176521;"";"Mama, quiero ser futbolista profesional";"MAMÁ QUIERO SER FUTBOLISTA PROFESIONAL";"2022-06-24";2022;690.0;138;0.0
639;17662;"";"Atraco a las tres (1962) (re)";"ATRACO A LAS TRES";"2025-11-19";2025;522.0;106;0.0
640;176818;"";"Cholitas";"CHOLITAS";"2020-01-24";2021;165.0;55;0.0
641;176924;"";"Huella del mal, La";"LA HUELLA DEL MAL";"2025-04-04";2025;309144.0;46951;0.0
642;17721;"";"Mia y Moi";"MÍA Y MOI";"2021-05-21";2021;10069.0;1839;0.0
643;17723;"";"Hogar, El";"EL HOGAR";"2023-03-03";2023;2261.0;280;0.0
644;177324;"";"Luger";"LUGER";"2026-01-17";2025;2876.0;425;0.0
645;177417;"";"Ultimo arquero, El";"EL ÚLTIMO ARQUERO";"2020-07-24";2021;62.0;39;42000.0
646;177620;"";"Nacion";"NACIÓN";"2021-03-26";2021;18215.0;3487;0.0
647;177718;"";"Sentimental";"SENTIMENTAL";"2020-10-30";2021;69584.0;10795;700000.0
648;177818;"";"Secreto de Ibosim, El";"EL SECRETO DE IBOSIM";"2020-10-21";2022;1850.0;185;0.0
649;178009;"";"Way, The";"THE WAY";"2010-11-19";2022;549.0;160;0.0
650;178017;"";"Lalla Aicha";"LALLA AICHA";"2022-12-16";2022;28.0;4;0.0
651;178124;"";"Book, The";"THE BOOK";"2024-11-08";2024;9601.0;1536;0.0
652;178611;"";"Stockholm";"STOCKHOLM";"2013-11-08";2023;820.0;136;20466.87
653;178618;"";"No mataras";"NO MATARÁS";"2020-10-16";2021;15106.0;2488;991200.0
654;178624;"";"High club, The";"THE HIGH CLUB (LA PELÍCULA)";"2025-09-10";2025;497.0;71;0.0
655;178718;"";"Sevillanas de Brooklyn";"SEVILLANAS DE BROOKLYN";"2021-09-17";2021;109508.0;20167;108803.04
656;178722;"";"Estacion Rocafort";"ESTACIÓN ROCAFORT";"2024-09-06";2024;195979.0;29215;0.0
657;178723;"";"Tregua(s)";"TREGUA(S)";"2023-09-22";2023;5787.0;1043;0.0
658;17878;"";"Nos va la marcha (1979) (re)";"NOS VA LA MARCHA";"2025-06-04";2025;63.0;18;0.0
659;178818;"";"Jaula";"JAULA";"2022-09-09";2022;184039.0;29701;500000.0
660;178819;"";"Momias";"MOMIAS";"2023-02-24";2023;5917502.0;961635;840000.0
661;178918;"";"Hasta el cielo";"HASTA EL CIELO";"2020-12-18";2021;1021719.0;156723;200000.0
662;178919;"";"Estandar";"ESTÁNDAR";"2020-12-11";2021;314.0;57;0.0
663;178922;"";"No, no quiero";"NO, NO QUIERO";"2023-11-24";2023;1872.0;450;0.0
664;179121;"";"Gora Automatikoa";"GORA AUTOMATIKOA";"2021-12-17";2021;1557.0;266;0.0
665;179124;"";"Fragmentos";"FRAGMENTOS";"2025-12-12";2025;29683.0;4404;0.0
666;179218;"";"Adú";"ADÚ";"2020-01-31";2021;19857.0;3390;200000.0
667;179319;"";"Amame";"ÁMAME";"2022-04-01";2022;10190.0;1701;0.0
668;179418;"";"Canallas";"CANALLAS";"2022-04-01";2022;865252.0;136976;500000.0
669;179419;"";"Dreamers, la pelicula";"DREAMERS, LA PELÍCULA";"2023-01-18";2023;175.0;39;0.0
670;179618;"";"Delfines de plata";"DELFINES DE PLATA";"2023-07-28";2023;34053.0;5780;0.0
671;179718;"";"Comensal, El";"EL COMENSAL";"2022-05-27";2022;45291.0;7825;840000.0
672;179819;"";"Mendiak 1976";"MENDIAK 1976";"2021-12-04";2022;18695.0;3331;0.0
673;179923;"";"Carlos Edmundo de Ory, el juego y la palabra";"CARLOS EDMUNDO DE ORY, EL JUEGO Y LA PALABRA";"2023-10-02";2023;79.0;20;0.0
674;180018;"";"Padre no hay mas que uno";"PADRE NO HAY MÁS QUE UNO";"2019-08-01";2021;1655.0;248;200000.0
675;180023;"";"Historias";"HISTORIAS";"2024-05-24";2024;30316.0;5439;0.0
676;180219;"";"Renacidos: El padre Pío cambió sus vidas";"RENACIDOS. EL PADRE PÍO CAMBIÓ SUS VIDAS";"2019-11-15";2021;63.0;7;0.0
677;180319;"";"Benito Perez Buñuel";"BENITO PÉREZ BUÑUEL";"2022-11-06";2022;2224.0;963;0.0
678;180521;"";"75 dias";"75 DÍAS";"2021-05-31";2021;67770.0;11807;0.0
679;180910;"";"No tengas miedo";"NO TENGAS MIEDO";"2011-04-29";2022;21.0;5;1281057.1
680;181020;"";"Piel en llamas, La";"LA PIEL EN LLAMAS";"2022-05-27";2022;1040.0;174;0.0
681;18118;"";"Rebeladas";"REBELADAS";"2024-04-04";2024;844.0;152;32735.04
682;181221;"";"Beiras. Vivir 2 veces";"BEIRAS. VIVIR 2 VECES";"2022-02-04";2022;896.0;142;0.0
683;181424;"";"Vidas irrenovables";"VIDAS IRRENOVABLES";"2024-10-10";2024;14894.0;2657;0.0
684;181620;"";"Cuanto vale una ballena";"¿CUÁNTO VALE UNA BALLENA?";"2021-11-05";2021;25.0;5;0.0
685;181720;"";"Sin señas particulares";"SIN SEÑAS PARTICULARES";"2020-11-27";2021;971.0;277;0.0
686;181821;"";"Voz de Thais, La";"LA VOZ DE THAÏS";"2022-03-16";2022;18.0;6;0.0
687;18194;"";"Dia de la bestia, El (1995) (4k re)";"EL DÍA DE LA BESTIA";"2021-10-15";2021;10827.0;2002;0.0
688;182024;"";"Playa de Lobos";"PLAYA DE LOBOS";"2025-12-05";2025;134062.0;20008;0.0
689;182520;"";"Toda una vida";"TODA UNA VIDA";"2023-05-26";2023;2021.0;361;124312.5
690;182621;"";"Ultima cinta desde Bosnia, La";"L´ÚLTIMA CINTA DES DE BÒSNIA";"2021-11-06";2021;128.0;26;0.0
691;182623;"";"Sol del Sur. El viaje de Mario Diaz";"SOL DEL SUR. EL VIAJE DE MARIO DÍAZ";"2023-11-13";2023;1466.0;272;0.0
692;182720;"";"A chat movie";"A CHAT MOVIE";"2023-12-15";2023;144.0;24;0.0
693;182823;"";"Olvido esta lleno de memoria, El";"EL OLVIDO ESTÁ LLENO DE MEMORIA";"2021-04-09";2021;162.0;81;0.0
694;182923;"";"Tierra de nadie";"TIERRA DE NADIE";"2025-03-28";2025;1581015.0;236597;1200000.0
695;182924;"";"Flores para Antonio";"FLORES PARA ANTONIO";"2025-11-28";2025;633741.0;95821;820000.0
696;183017;"";"Secreto del doctor Grinberg, El";"EL SECRETO DEL DR. GRINBERG";"2022-09-06";2022;493.0;92;0.0
697;183217;"";"Drogas, El";"EL DROGAS";"2020-09-25";2021;395.0;92;0.0
698;183223;"";"Bisbal";"BISBAL";"2023-10-12";2023;1200.0;150;0.0
699;183224;"";"Bala, La";"LA BALA";"2025-11-21";2025;23909.0;4030;0.0
700;18324;"";"Caparros. Las botas del entrenador";"CAPARRÓS. LAS BOTAS DEL ENTRENADOR";"2024-04-26";2024;390.0;60;0.0
701;183321;"";"España, la primera globalizacion";"ESPAÑA, LA PRIMERA GLOBALIZACIÓN";"2021-10-15";2021;299650.0;46644;0.0
702;183417;"";"Mejor verano de mi vida, El";"EL MEJOR VERANO DE MI VIDA";"2018-07-12";2021;14.0;6;0.0
703;183421;"";"Niño gato, El";"EL NIÑO GATO";"2022-01-20";2022;145.0;29;0.0
704;183424;"";"Guitarra flamenca de Yerai Cortes, La";"LA GUITARRA FLAMENCA DE YERAI CORTÉS";"2024-12-20";2024;446426.0;65165;0.0
705;183523;"";"Esta ambicion desmedida";"ESTA AMBICIÓN DESMEDIDA";"2023-10-26";2023;448485.0;66954;0.0
706;183621;"";"Escribir lo imposible";"ESCRIBIR LO IMPOSIBLE";"2022-05-12";2022;689.0;117;0.0
707;18399;"";"Noviembre (2003) (re)";"NOVIEMBRE";"2025-02-06";2025;510.0;102;868356.09
708;184010;"";"Esperando a Dalí";"ESPERANDO A DALÍ";"2023-07-14";2023;53344.0;8828;0.0
709;184023;"";"Fernanda y Bernarda";"FERNANDA Y BERNARDA";"2023-11-21";2023;929.0;158;0.0
710;184223;"";"Golpes";"GOLPES";"2025-12-05";2025;689219.0;105870;1200000.0
711;184723;"";"Virgenes";"VÍRGENES";"2025-06-20";2025;55495.0;8704;1000000.0
712;185018;"";"Carceles bolleras";"CÁRCELES BOLLERAS";"2019-07-04";2021;355.0;101;0.0
713;185022;"";"Para entrar a vivir";"PARA ENTRAR A VIVIR";"2022-11-04";2022;1003.0;173;0.0
714;185120;"";"Tiempos futuros";"TIEMPOS FUTUROS";"2025-06-28";2025;23.0;3;0.0
715;185620;"";"Corriente, La. Ibiza Blue";"LA CORRIENTE";"2023-06-16";2023;1011.0;215;0.0
716;185716;"";"Puenting";"PUENTING";"2021-12-09";2021;41.0;12;0.0
717;185822;"";"L'eternitat";"L´ETERNITAT";"2023-03-17";2023;507.0;96;0.0
718;186119;"";"Camino incierto";"CAMINO INCIERTO";"2022-06-03";2022;344.0;44;0.0
719;186120;"";"Club del pino solitario, El";"TERREMOTO, EL DOCUMENTAL";"2021-06-10";2021;2600.0;451;0.0
720;186219;"";"Stormy Night, A";"A STORMY NIGHT";"2020-12-18";2021;119.0;22;0.0
721;186224;"";"Diario de un lobero";"DIARIO DE UN LOBERO, DIEZ AÑOS CON LOS LOBOS";"2025-05-30";2025;1406.0;271;0.0
722;186516;"";"Beso de Dios, El";"EL BESO DE DIOS";"2022-04-22";2022;88529.0;14280;0.0
723;186920;"";"Balas y Katanas";"BALAS Y KATANAS";"2023-05-26";2023;1206.0;169;0.0
724;187021;"";"Revolución bailando, La";"LA REVOLUCIÓN BAILANDO";"2021-11-12";2021;722.0;114;0.0
725;187223;"";"Ilusion de verano";"ILUSIÓN DE VERANO";"2025-03-06";2025;1759.0;338;0.0
726;187224;"";"Calle Ancha, Fin de Siglo";"CALLE ANCHA, FIN DE SIGLO";"2024-10-25";2024;548.0;74;0.0
727;18723;"";"UnCancelled";"UNCANCELLED";"2024-03-08";2024;2687.0;399;0.0
728;187521;"";"Mironins. La pelicula";"MIRONINS, LA PEL-LÍCULA";"2021-12-03";2021;2861.0;614;0.0
729;18760;"";"Viridiana (1961) (re)";"VIRIDIANA";"2023-04-10";2023;1066.0;285;0.0
730;187722;"";"Estols";"ESTOLS";"2023-09-29";2023;511.0;126;0.0
731;187820;"";"Golondrinas";"GOLONDRINAS";"2022-11-25";2022;12495.0;2148;0.0
732;188020;"";"Mama, ahora mando yo";"MAMA, AHORA MANDO YO";"2025-07-30";2025;16.0;4;0.0
733;188120;"";"Vida mas larga, La";"LA VIDA MÁS LARGA";"2022-05-24";2022;648.0;282;0.0
734;188323;"";"Minateda. Un tesoro a pleno sol";"MINATEDA. UN TESORO A PLENO SOL";"2025-11-15";2025;3555.0;866;0.0
735;188419;"";"Terra de telers (Memoria de telares 2020)";"TERRA DE TELERS";"2020-12-11";2021;2792.0;516;0.0
736;188423;"";"Padre no hay mas que uno 4";"PADRE NO HAY MÁS QUE UNO 4";"2024-07-17";2024;13442979.0;2179045;0.0
737;188523;"";"Red Horn";"RED HORN";"2024-04-26";2024;659.0;85;0.0
738;188624;"";"Bofi";"BOFI";"2024-09-21";2024;462.0;68;0.0
739;18875;"";"Cria cuervos (1976) (re)";"CRIA CUERVOS";"2022-12-13";2022;880.0;215;0.0
740;188817;"";"Casi 40";"CASI 40";"2018-06-29";2021;47.0;22;0.0
741;188824;"";"Mugaritz. Sin pan ni postre";"MUGARITZ. SIN PAN NI POSTRE";"2024-09-27";2024;2238.0;356;0.0
742;18908;"";"Agora (2009) (re)";"ÁGORA";"2024-03-08";2024;925.0;185;96000.0
743;189124;"";"Poderes de Lolo, Los";"LOS PODERES DE LOLO";"2024-09-30";2024;82.0;112;0.0
744;189221;"";"Mal de caña";"MAL DE CAÑA";"2022-04-10";2022;168.0;24;0.0
745;189323;"";"Lo que aprendí de mi pingüino";"LO QUE APRENDÍ DE MI PINGÜINO";"2025-09-05";2025;161354.0;25914;0.0
746;189623;"";"Licantropia";"LICANTROPÍA";"2023-12-18";2023;348.0;58;0.0
747;189724;"";"Ella en mil pedazos";"ELLA EN MIL PEDAZOS";"2025-11-14";2025;1098.0;161;0.0
748;189820;"";"Guerra oculta de Franco, La";"LA GUERRA OCULTA DE FRANCO";"2021-02-25";2021;203.0;38;0.0
749;189924;"";"Al margen";"AL MARGEN";"2024-11-20";2024;746.0;171;0.0
750;190024;"";"Esto no es Hollywood";"ESTO NO ES HOLLYWOOD";"2025-03-07";2025;1055.0;200;0.0
751;19016;"";"Second Act of Elliott Murphy, The";"THE SECOND ACT OF ELLIOTT MURPHY";"2015-11-01";2025;738.0;124;0.0
752;19024;"";"Miss Carbon";"MISS CARBÓN";"2025-06-12";2025;22303.0;3677;0.0
753;190623;"";"Tambien esto pasara";"TAMBIÉN ESTO PASARÁ";"2025-05-09";2025;77019.0;12348;1000000.0
754;19082;"";"Sur, El (1983) (re)";"SUR, EL";"2022-11-02";2022;14510.0;2806;0.0
755;190823;"";"Buena suerte, La";"LA BUENA SUERTE";"2025-06-06";2025;175187.0;27208;1200000.0
756;190824;"";"Estigma del silencio, El";"EL ESTIGMA DEL SILENCIO";"2024-12-10";2024;1392.0;227;0.0
757;190923;"";"Voy a pasarmelo mejor";"VOY A PASÁRMELO MEJOR";"2025-07-18";2025;822109.0;126975;1000000.0
758;190924;"";"Enarak";"ENARAK";"2025-06-21";2025;253.0;62;0.0
759;191021;"";"Y todos arderan";"Y TODOS ARDERÁN";"2023-06-02";2023;87.0;16;0.0
760;191023;"";"Heavies Tiernos";"HEAVIES TENDRES";"2023-12-22";2023;594.0;100;0.0
761;191024;"";"Confesiones Chin Chin";"CONFESIONES";"2024-11-18";2024;357.0;84;0.0
762;191118;"";"918 gau";"918 GAU";"2022-09-30";2022;3471.0;699;76500.0
763;191418;"";"Misterio del Padre Pio, El";"EL MISTERIO DEL PADRE PÍO";"2018-11-23";2021;114.0;18;0.0
764;191420;"";"Fin de viaje, Sahara";"FIN DE VIAJE SAHARA";"2024-11-01";2024;1412.0;383;0.0
765;191421;"";"8 Años";"8 AÑOS";"2023-01-20";2023;89.0;17;0.0
766;191523;"";"Wolfgang (Extraordinario)";"WOLFGANG";"2025-03-14";2025;3974083.0;597938;1200000.0
767;191823;"";"Maspalomas";"MASPALOMAS";"2025-09-26";2025;734954.0;122890;1200000.0
768;19220;"";"Callejeras";"CALLEJERAS";"2021-10-08";2021;2223.0;444;0.0
769;192221;"";"Aita Mari";"AITA MARI";"2021-12-03";2021;10777.0;2094;0.0
770;192222;"";"10 de marzo";"10 DE MARZO";"2022-11-24";2022;6299.0;1116;0.0
771;192322;"";"Vacaciones de verano";"VACACIONES DE VERANO";"2023-07-06";2023;7418543.0;1245825;0.0
772;192423;"";"Hotel Bitcoin";"HOTEL BITCOIN";"2024-09-13";2024;119532.0;19704;900323.0
773;1925;"";"Maria la Portuguesa";"MARÍA LA PORTUGUESA";"2025-04-08";2025;1295.0;294;0.0
774;192523;"";"Futbolisimos 2 y el misterio del tesoro pirata, Los";"LOS FUTBOLÍSIMOS 2 - EL MISTERIO DEL TESORO PIRATA";"2025-08-08";2025;636712.0;102883;1000000.0
775;192622;"";"Flying Hands";"FLYING HANDS";"2024-11-03";2024;2045.0;409;0.0
776;192821;"";"En temporada baja";"EN TEMPORADA BAJA";"2022-10-23";2022;16094.0;3003;0.0
777;192923;"";"Tigres, Los";"LOS TIGRES";"2025-10-31";2025;1227314.0;211688;1200000.0
778;193021;"";"Sonic Fantasy";"SONIC FANTASY";"2021-10-28";2021;684.0;238;0.0
779;193023;"";"Pideme lo que quieras";"PÍDEME LO QUE QUIERAS";"2024-11-29";2024;2096738.0;302814;1200000.0
780;193123;"";"Irresponsables, Las";"LES IRRESPONSABLES";"2025-07-24";2025;134775.0;21384;1200000.0
781;193316;"";"D'Artacan y los tres mosqueperros";"D´ARTACÁN Y LOS TRES MOSQUEPERROS";"2021-08-18";2021;1185576.0;217991;0.0
782;193418;"";"H0us3";"H0US3";"2019-09-27";2021;55.0;26;0.0
783;193423;"";"Sin instrucciones";"SIN INSTRUCCIONES";"2024-12-25";2024;1289413.0;187165;1200000.0
784;193616;"";"Joven Paulo Coelho, El";"JOVEN PAULO COELHO, EL";"2016-12-23";2023;524.0;89;0.0
785;193723;"";"Un lio de millones";"UN LÍO DE MILLONES";"2024-12-20";2024;943277.0;137346;1200000.0
786;193821;"";"Cuarto de Mona, El";"EL CUARTO DE MONA";"2021-11-19";2021;5125.0;874;0.0
787;193823;"";"Cena, La";"LA CENA";"2025-10-17";2025;3606931.0;587645;1000000.0
788;193920;"";"Laberinto de sombras";"LABERINTO DE SOMBRAS";"2024-05-10";2024;4115.0;666;0.0
789;193921;"";"Sin libertad 20 años después";"SIN LIBERTAD, 20 AÑOS DESPUÉS";"2023-10-24";2023;230.0;71;0.0
790;193922;"";"Erase una vez en Canarias";"ÉRASE UNA VEZ EN CANARIAS";"2023-09-22";2023;40626.0;7786;0.0
791;194023;"";"Rondallas";"RONDALLAS";"2026-01-01";2025;4739.0;759;1200000.0
792;194123;"";"Infiltrada, La";"LA INFILTRADA";"2024-10-11";2024;9691340.0;1518504;1200000.0
793;19419;"";"Mujer ilegal, La";"LA DONA IL·LEGAL";"2020-12-11";2021;8351.0;1666;0.0
794;194222;"";"Red Ponzan, La";"LA RED PONZÁN";"2023-03-09";2023;553.0;202;0.0
795;194223;"";"Sigue mi voz";"SIGUE MI VOZ";"2025-09-12";2025;138443.0;20662;1200000.0
796;194423;"";"Mala influencia";"MALA INFLUENCIA";"2025-01-24";2025;647170.0;95043;1200000.0
797;194810;"";"Psiconautas: Los niños olvidados";"PSICONAUTAS. LOS NIÑOS OLVIDADOS";"2017-02-24";2022;81.0;24;210480.0
798;194921;"";"Colores del porvenir, Los";"LOS COLORES DEL PORVENIR";"2021-11-19";2021;268.0;35;0.0
799;1950;"";"Campanadas a medianoche (1965) (re)";"CAMPANADAS A MEDIANOCHE";"2025-05-17";2025;741.0;162;0.0
800;195324;"";"Adios Madrid";"ADIÓS MADRID";"2025-01-17";2025;1649.0;256;0.0
801;195420;"";"Astrid";"ASTRID";"2021-02-27";2021;1471.0;242;0.0
802;195421;"";"Bull Run";"BULL RUN";"2024-04-26";2023;4220.0;827;0.0
803;195520;"";"Caminho Longe";"CAMINHO LONGE";"2021-01-22";2021;7034.0;1162;0.0
804;195721;"";"Barcelona blues";"BARCELONA BLUES";"2022-10-13";2022;364.0;60;0.0
805;196116;"";"Murillo, el ultimo viaje";"MURILLO, EL ÚLTIMO VIAJE";"2017-11-17";2021;2011.0;342;0.0
806;196311;"";"Mimosas";"MIMOSAS";"2017-01-04";2021;1143.0;189;221089.29
807;196624;"";"Domingos, Los";"LOS DOMINGOS";"2025-10-24";2025;3946830.0;628500;1000000.0
808;197018;"";"Estado impuro";"ESTADO IMPURO";"2022-01-05";2022;616.0;101;0.0
809;197023;"";"Cariñena, vino del mar";"CARIÑENA, VINO DEL MAR";"2025-06-19";2025;66619.0;11055;0.0
810;197122;"";"Pantalla andina, La";"LA PANTALLA ANDINA";"2022-11-29";2022;65.0;13;0.0
811;197219;"";"Sin Limite";"BLINDFOLD";"2021-12-03";2021;648.0;98;0.0
812;197221;"";"My Way Out";"MY WAY OUT";"2023-03-31";2023;1216.0;216;0.0
813;197223;"";"Latido del Cielo, El";"EL LATIDO DEL CIELO";"2023-11-17";2023;30525.0;4714;0.0
814;197322;"";"Invasion";"INVASIÓN";"2024-06-28";2024;2515.0;435;0.0
815;197323;"";"Papeles";"PAPELES";"2025-12-05";2025;10411.0;1678;0.0
816;197623;"";"Momonsters la pelicula";"MOMONSTERS LA PELÍCULA";"2023-12-06";2023;73570.0;12025;0.0
817;197723;"";"Controversia de Valladolid. El amanecer de los Derechos Humanos, La";"LA CONTROVERSIA DE VALLADOLID: EL AMANECER DE LOS DERECHOS HUMANOS";"2024-04-15";2024;16288.0;2368;0.0
818;197724;"";"Abuela tremenda";"ABUELA TREMENDA";"2026-01-01";2025;9153.0;1283;1000000.0
819;198224;"";"Cuerpos locos";"CUERPOS LOCOS";"2025-10-31";2025;744254.0;127776;1000000.0
820;198417;"";"Lesa Humanitat";"LESA HUMANITAT";"2017-12-22";2021;449.0;85;0.0
821;198823;"";"Caballos";"CABALLOS";"2023-11-23";2023;25674.0;4068;0.0
822;198921;"";"Jusqu'ici, tout va";"JUSQU´ICI, TOUT VA";"2022-07-30";2022;269.0;138;0.0
823;199124;"";"Me has robado el corazon";"ME HAS ROBADO EL CORAZÓN";"2025-12-05";2025;531074.0;75353;1000000.0
824;19920;"";"Vampus Horror Tales";"VAMPUS HORROR TALES";"2020-11-26";2021;200.0;26;0.0
825;199523;"";"1212. La batalla de Las Navas de Tolosa";"1212. LA BATALLA DE LAS NAVAS DE TOLOSA";"2023-11-02";2023;6492.0;993;0.0
826;199624;"";"Buscando a la Santa Compaña";"BUSCANDO A LA SANTA COMPAÑA";"2024-10-27";2024;382.0;56;0.0
827;"";751542;"2 Años, 4 Meses (2 Urte, 4 Hilabete)";"";"2020-09-04";2021;42.0;14;""
828;200017;"";"Camagroga";"CAMAGROGA";"2021-09-15";2021;544.0;136;0.0
829;2002;"";"Tiempo de tormenta (2003) (re)";"TIEMPO DE TORMENTA";"2022-10-22";2022;38.0;11;709805.66
830;200525;"";"Soñando futbol";"SOÑANDO FÚTBOL";"2025-05-14";2025;1453.0;252;0.0
831;200623;"";"No puedo vivir sin ti";"NO PUEDO VIVIR SIN TI";"2024-08-01";2024;182.0;28;0.0
832;200921;"";"Rehabilitacion total. Del chocolate al cupcake";"REHABILITACIÓN TOTAL. DEL CHOCOLATE AL CUPCAKE";"2021-10-21";2021;240.0;48;0.0
833;201221;"";"Hilo dorado, El";"EL HILO DORADO";"2021-12-10";2021;997.0;371;0.0
834;201824;"";"Aullar";"AULLAR";"2025-11-21";2025;8215.0;1732;0.0
835;201922;"";"Cami de Siurana";"CAMÍ DE SIURANA";"2022-12-14";2022;1387.0;212;0.0
836;202150;"";"Calabuch (1956) (re)";"CALABUCH";"2021-04-28";2021;523.0;125;0.0
837;20224;"";"Habitacion de al lado, La";"LA HABITACIÓN DE AL LADO (THE ROOM NEXT DOOR)";"2024-10-18";2024;2441627.0;397754;900000.0
838;202323;"";"Joan Bennassar - Raons Humanes";"JOAN BENNÀSSAR - RAONS HUMANES";"2024-07-20";2024;4451.0;786;0.0
839;202550;"";"Ultimo cuple, El (1957) (re)";"ULTIMO CUPLE EL";"2025-09-06";2025;24.0;5;0.0
840;202618;"";"A diente de perro";"A DIENTE DE PERRO";"2022-07-01";2022;7826.0;1345;0.0
841;2026240;"";"Del rosa al amarillo (1963) (re)";"DEL ROSA AL AMARILLO";"2025-11-13";2025;254.0;71;0.0
842;203625;"";"Prohibido ganar Eurovision";"PROHIBIDO GANAR EUROVISIÓN";"2025-07-28";2025;754.0;164;0.0
843;204421;"";"Parasceve, retrato de una Semana Santa";"PARASCEVE, RETRATO DE UNA SEMANA SANTA";"2022-02-25";2022;42916.0;7214;0.0
844;204721;"";"Bajo terapia";"BAJO TERAPIA";"2023-03-17";2023;219570.0;35799;0.0
845;204919;"";"Cercle en l'Aigua, Un";"UN CERCLE EN L´AIGUA";"2020-11-06";2021;311.0;53;0.0
846;2050;"";"Por un puñado de dolares (1964) (re)";"POR UN PUÑADO DE DOLARES";"2023-04-04";2023;2670.0;496;0.0
847;205318;"";"Carceller. El hombre que murio dos veces";"CARCELLER. EL HOMBRE QUE MURIÓ DOS VECES";"2021-11-18";2021;1292.0;180;0.0
848;205522;"";"Un cielo impasible";"UN CIELO IMPASIBLE";"2023-01-20";2023;706.0;154;0.0
849;205821;"";"Si Talia fuera ciega";"SI TALÍA FUERA CIEGA";"2022-07-25";2022;244.0;110;0.0
850;20619;"";"Herencia";"HERENCIA";"2021-05-14";2021;1282.0;224;0.0
851;206318;"";"Panteras";"PANTERAS";"2021-11-05";2021;16444.0;2929;123476.86
852;206950;"";"Isidro, el labrador (1963) (re)";"ISIDRO EL LABRADOR";"2022-05-01";2022;36.0;10;0.0
853;207022;"";"Altea, la casa de la mar";"ALTEA LA CASA DE LA MAR";"2024-05-06";2024;168.0;89;0.0
854;207417;"";"Agente Topo, El";"EL AGENTE TOPO";"2021-03-18";2021;159789.0;27653;0.0
855;207522;"";"Hispanoamerica. Canto a la vida y esperanza";"HISPANOAMÉRICA, CANTO DE VIDA Y ESPERANZA";"2024-04-12";2024;478359.0;64378;0.0
856;207616;"";"Dancing Beethoven";"DANCING BEETHOVEN";"2017-04-28";2021;52.0;12;0.0
857;207623;"";"Padres";"PADRES";"2025-02-21";2025;2850.0;619;0.0
858;207624;"";"Te protegeran mis alas";"TE PROTEGERÁN MIS ALAS";"2025-11-14";2025;45314.0;9353;0.0
859;208122;"";"Tacones sobre ruedas";"TACONES SOBRE RUEDAS";"2022-12-16";2022;831.0;114;0.0
860;208217;"";"U-topos (no-lugar). La utopia guarani-jesuitica";"U-TOPOS. NO LUGAR. LA UTOPÍA GUARANI-JESUÍTICA";"2022-04-12";2022;415.0;67;0.0
861;208423;"";"España al descubierto";"ESPAÑA AL DESCUBIERTO";"2023-11-17";2023;132.0;44;0.0
862;208723;"";"Tr3s partes del espejo, Las";"LAS TR3S PARTES DEL ESPEJO";"2024-03-16";2024;3445.0;682;0.0
863;208910;"";"Imposible, Lo";"LO IMPOSIBLE";"2012-10-11";2023;7000.0;886;1179732.53
864;209122;"";"Set de Dau Arnau";"SET DE DAU. ARNAU";"2023-04-20";2023;678.0;107;0.0
865;20922;"";"Mundo es vuestro, El";"EL MUNDO ES VUESTRO";"2022-03-18";2022;295530.0;50076;0.0
866;209521;"";"Parias de la Tierra";"PARIAS DE LA TIERRA";"2022-02-17";2022;5022.0;1055;0.0
867;209722;"";"Ley de Sodoma, La";"LA LEY DE SODOMA";"2025-12-05";2025;1645.0;240;0.0
868;210021;"";"Olvidados, Los";"LOS OLVIDADOS";"2022-06-30";2022;511.0;293;0.0
869;21018;"";"Pero que todos sepan que no he muerto";"PERO QUE TODOS SEPAN QUE NO HE MUERTO";"2018-03-02";2021;702.0;137;0.0
870;210250;"";"Mi tio Jacinto (1956) (re)";"MI TIO JACINTO";"2022-10-19";2022;61.0;18;0.0
871;210423;"";"Despues de la derrota";"DESPUÉS DE LA DERROTA";"2025-06-10";2025;111.0;17;0.0
872;210621;"";"Tequila, Sexo, Drogas y rock & roll";"TEQUILA. SEXO, DROGAS Y ROCK & ROLL";"2022-11-25";2022;4812.0;782;0.0
873;210624;"";"Binu, historia de dos estrellas";"BINU: HISTÒRIA DE DUES ESTRELLES";"2024-05-07";2024;980.0;153;0.0
874;210750;"";"Cebo, El (1958) (re)";"CEBO EL";"2025-10-20";2025;247.0;133;0.0
875;211224;"";"Lucia en la telaraña 5.669 dias";"LUCIA EN LA TELARAÑA 5.669 DIAS";"2025-09-16";2025;63.0;9;0.0
876;211624;"";"Jose Maria Yturralde";"JOSÉ MARÍA YTURRALDE. PINTURA Y CIENCIA";"2025-10-16";2025;696.0;147;0.0
877;212021;"";"Memoria Escondida, La";"LA MEMORIA ESCONDIDA";"2023-06-23";2023;2195.0;537;0.0
878;2121;"";"Pico Reja";"PICO REJA";"2022-06-17";2022;6995.0;1254;0.0
879;212522;"";"Quijote en Nueva York";"QUIJOTE EN NUEVA YORK";"2023-12-05";2023;364.0;373;0.0
880;212823;"";"People Fuck You Know";"PEOPLE FUCK YOU KNOW";"2023-11-17";2023;1036.0;174;0.0
881;212922;"";"Canciller, el templo del rock";"CANCILLER, EL TEMPLO DEL ROCK";"2025-12-30";2025;816.0;118;0.0
882;213025;"";"Paquillo Fernandez. Una vida en marcha";"PAQUILLO FERNÁNDEZ, UNA VIDA EN MARCHA.";"2025-11-21";2025;5.0;1;0.0
883;21405;"";"Ultima primavera, La";"ULTIMA PRIMAVERA, LA";"2021-03-31";2021;3803.0;670;0.0
884;214122;"";"Quan no acaba la nit (Cuando la noche no termina)";"QUAN NO ACABA LA NIT";"2023-10-27";2023;8989.0;1485;0.0
885;21415;"";"Cancion sin nombre";"CANCIÓN SIN NOMBRE";"2020-10-02";2021;153.0;24;29668.17
886;21424;"";"Te separas mucho";"TE SEPARAS MUCHO";"2025-04-24";2025;1249.0;305;0.0
887;214824;"";"Reir, cantar, tal vez llorar";"REÍR, CANTAR, TAL VEZ LLORAR";"2024-09-24";2024;1866.0;357;0.0
888;214850;"";"Violetera, La (1958)";"VIOLETERA LA";"2025-09-20";2025;5.0;1;0.0
889;215122;"";"Desmadre incluido";"DESMADRE INCLUIDO";"2023-09-22";2023;8517.0;1424;0.0
890;215322;"";"Waldo";"WALDO";"2024-11-15";2024;2131.0;372;0.0
891;215623;"";"Hybris";"HYBRIS";"2025-09-26";2025;872.0;133;0.0
892;216022;"";"Centaures de la nit";"CENTAURES DE LA NIT";"2025-05-16";2025;6862.0;1165;0.0
893;216025;"";"Del susurro del tiempo";"DEL SUSURRO DEL TIEMPO";"2025-10-16";2025;3092.0;471;0.0
894;21620;"";"Competencia Oficial";"COMPETENCIA OFICIAL";"2022-02-25";2022;733288.0;117824;0.0
895;21621;"";"QueenCiañera, LA";"LA QUEENCIAÑERA";"2021-11-12";2021;356.0;73;0.0
896;21622;"";"Third Week";"THIRD WEEK";"2024-06-28";2024;2758.0;503;0.0
897;216222;"";"Noches de Tefía, Las (Capítulo 1 y 2)";"LAS NOCHES DE TEFÍA";"2023-06-22";2023;2532.0;389;0.0
898;21713;"";"Novia, La";"LA NOVIA";"2015-12-11";2021;3509.0;591;293041.67
899;217411;"";"Sacromonte, los sabios de la tribu";"SACROMONTE. LOS SABIOS DE LA TRIBU";"2023-05-28";2023;193.0;35;38835.85
900;217521;"";"Extremadura, paraiso natural de Europa";"EXTREMADURA PARAÍSO NATURAL DE EUROPA";"2022-09-11";2022;7844.0;1460;0.0
901;218124;"";"Muertimer, Los";"LOS MUÉRTIMER";"2025-08-14";2025;1415112.0;222876;0.0
902;218210;"";"Fenix 11-23";"FENIX 11·23";"2012-11-09";2025;255.0;56;637616.63
903;218221;"";"Una noche con Adela";"UNA NOCHE CON ADELA";"2023-12-01";2023;3230.0;544;0.0
904;218325;"";"Hasta que me quede sin voz";"HASTA QUE ME QUEDE SIN VOZ";"2025-10-17";2025;142402.0;19536;0.0
905;219021;"";"Jorge. Una travesía de Coque Malla";"JORGE, UNA TRAVESÍA DE COQUE MALLA";"2023-01-20";2023;6758.0;996;0.0
906;219116;"";"Singled (Out)";"SINGLED [OUT]";"2018-06-14";2021;520.0;89;0.0
907;21915;"";"Olivo, El";"EL OLIVO";"2016-05-06";2022;461.0;97;750000.0
908;2195;"";"Flor de mi secreto, La (re)";"FLOR DE MI SECRETO, LA";"2021-10-05";2021;286.0;53;17838.7
909;219550;"";"Placido (1961) (re)";"PLACIDO";"2018-12-03";2021;2694.0;612;0.0
910;219922;"";"Extraña forma de vida";"EXTRAÑA FORMA DE VIDA";"2023-05-26";2023;224385.0;48511;0.0
911;220121;"";"Amigo de todos, El";"EL AMIGO DE TODOS";"2024-04-24";2024;13714.0;2463;0.0
912;220124;"";"Warhol-Vijande: Mas que pistolas, cuchillos y cruces";"WARHOL - VIJANDE: MÁS QUE PISTOLAS, CUCHILLOS Y CRUCES";"2025-10-31";2025;3552.0;605;0.0
913;22022;"";"Domingo Domingo";"DOMINGO DOMINGO";"2023-07-23";2023;3542.0;712;42500.0
914;220650;"";"Revoltosa, La (1963) (re)";"REVOLTOSA LA";"2024-06-13";2024;94.0;27;0.0
915;220721;"";"Soy Cloe, existo";"SOY CLOE EXISTO";"2024-10-25";2024;273.0;135;0.0
916;22113;"";"Rey de La Habana, El";"EL REY DE LA HABANA";"2015-10-16";2023;122.0;31;61272.78
917;22118;"";"Hijas de Cynisca";"HIJAS DE CYNISCA";"2019-11-29";2021;399.0;59;0.0
918;221325;"";"Vicente Romero. Testigo de la historia";"VICENTE ROMERO - TESTIGO DE LA HISTORIA";"2025-11-04";2025;14.0;4;0.0
919;221722;"";"Precio del oro, El";"EL PRECIO DEL ORO";"2023-05-11";2023;144.0;69;0.0
920;222023;"";"Aire";"AIRE";"2024-05-10";2024;973.0;137;0.0
921;222421;"";"Derrota, La";"LA DERROTA";"2023-10-19";2023;557.0;102;0.0
922;222925;"";"Exp. 95/36 Columna Minera";"EXP. 95/36 COLUMNA MINERA";"2025-12-11";2025;1532.0;310;0.0
923;223116;"";"Dragonkeeper: Guardiana de dragones";"DRAGONKEEPER";"2024-04-19";2024;1963401.0;297849;840000.0
924;223123;"";"Codon es un maquina";"CODÓN ES UN MÁQUINA";"2023-12-09";2023;1380.0;272;0.0
925;22321;"";"Libertad";"LIBERTAD";"2021-03-26";2021;34540.0;5867;0.0
926;223525;"";"Sangre, sudor y alegria";"SANGRE, SUDOR Y ALEGRÍA";"2025-12-03";2025;72.0;13;0.0
927;223823;"";"Cuatro paredes";"CUATRO PAREDES";"2025-06-06";2025;10220.0;1885;0.0
928;224021;"";"De interes general (Un barrio por un parque)";"DE INTERÉS GENERAL. (UN BARRIO POR UN PARQUE)";"2022-02-03";2022;9637.0;1612;0.0
929;22420;"";"¿Puedes oirme?";"¿PUEDES OÍRME?";"2020-10-02";2021;262.0;50;0.0
930;22422;"";"Slow";"SLOW";"2024-01-19";2024;30924.0;5292;124583.99
931;224225;"";"David Delfin. Muestra tu herida";"DAVID DELFIN. MUESTRA TU HERIDA";"2025-11-03";2025;81.0;26;0.0
932;224521;"";"Culpa";"CULPA";"2022-05-06";2022;1376.0;202;0.0
933;224621;"";"Juego, El";"EL JUEGO";"2023-09-01";2023;1389.0;233;0.0
934;224721;"";"Contigo, contigo, y sin mí";"CONTIGO, CONTIGO Y SIN MÍ";"2023-11-09";2023;3258.0;642;0.0
935;224723;"";"Steven quiere conocerte";"STEVEN QUIERE CONOCERTE";"2024-12-18";2024;15.0;3;0.0
936;225025;"";"Aldeas perdidas, Las";"LAS ALDEAS PERDIDAS";"2025-12-18";2025;413.0;83;0.0
937;225222;"";"Canto de las manos, El";"EL CANTO DE LAS MANOS";"2025-12-12";2025;2116.0;332;0.0
938;225424;"";"Senda del pecado, La";"LA SENDA DEL PECADO";"2025-05-15";2025;16223.0;2307;0.0
939;225722;"";"Cielo no puede esperar, El";"EL CIELO NO PUEDE ESPERAR";"2023-02-24";2023;239020.0;38511;0.0
940;226123;"";"Fandango";"FANDANGO";"2025-06-20";2025;1482.0;287;0.0
941;22615;"";"Doctrina: el pecado original y la reinsercion";"DOCTRINA EL PECAT ORIGINAL I LA REINSERCIO";"2018-05-11";2021;84.0;21;0.0
942;226323;"";"Splendid Hotel. Rimbaud en Africa";"SPLENDID HOTEL";"2023-12-15";2023;483.0;81;0.0
943;226623;"";"Team Heretics, una historia de talentos";"TEAM HERETICS, UNA HISTORIA DE TALENTOS";"2024-12-09";2024;61.0;13;0.0
944;227321;"";"Lincessa. Los silencios del bosque";"LINCESSA, LOS SILENCIOS DEL BOSQUE";"2023-04-21";2023;2394.0;489;0.0
945;227421;"";"Madre ven";"MADRE VEN, LA PELÍCULA";"2022-11-25";2022;37817.0;5737;0.0
946;227721;"";"Voces de una ciudad";"VOCES DE UNA CIUDAD";"2022-11-15";2022;13.0;2;0.0
947;22820;"";"¿Quien quiere casarse con un astronauta?";"¿QUIÉN QUIERE CASARSE CON UN ASTRONAUTA?";"2024-11-22";2024;8794.0;1560;796205.18
948;22821;"";"Nannys Night, The";"THE NANNY'S NIGHT";"2022-08-25";2022;71.0;11;0.0
949;228223;"";"Poder del silencio, El";"EL PODER DEL SILENCIO";"2025-09-17";2025;165.0;51;0.0
950;228721;"";"19";"19";"2023-03-31";2023;212.0;35;0.0
951;228921;"";"Corazon de Padre";"CORAZÓN DE PADRE";"2022-03-18";2022;86664.0;13241;0.0
952;22895;"";"Tesis (1996) (re)";"TESIS";"2025-09-07";2025;4060.0;616;0.0
953;229121;"";"Petra de San Jose";"PETRA DE SAN JOSÉ";"2022-02-04";2022;75777.0;12848;0.0
954;22925;"";"Unicornios";"UNICORNIOS";"2023-06-30";2023;17226.0;2889;0.0
955;229550;"";"Ciudad perdida, La (1955) (re)";"CIUDAD PERDIDA";"2025-06-25";2025;53.0;16;0.0
956;23020;"";"A este lado del mundo";"A ESTE LADO DEL MUNDO";"2020-09-25";2021;4091.0;1035;0.0
957;230221;"";"Dejen de prohibir que no alcanzo a desobedecer todo";"DEJEN DE PROHIBIR QUE NO ALCANZO A DESOBEDECER TODO";"2023-09-30";2023;164.0;37;0.0
958;23025;"";"Mercenario";"MERCENARIO";"2025-04-01";2025;93.0;16;0.0
959;231023;"";"Teoria dels cossos";"TEORIA DELS COSSOS";"2023-11-24";2023;1894.0;329;0.0
960;23120;"";"Panda contra Aliens";"PANDA VS. ALIENS";"2023-09-08";2023;4583.0;774;0.0
961;231321;"";"Así se rodó Carne quebrada";"ASÍ SE RODÓ CARNE QUEBRADA";"2023-09-26";2023;20.0;4;0.0
962;231621;"";"Anwar (Lleno de luz)";"ANWAR";"2022-11-25";2022;2565.0;462;0.0
963;231721;"";"Devolvendo o golpe";"DEVOLVENDO O GOLPE";"2022-05-13";2022;1694.0;300;0.0
964;232321;"";"Pijamas Espaciales";"PIJAMAS ESPACIALES";"2022-07-01";2022;1204.0;204;0.0
965;233221;"";"Juanito";"JUANITO";"2022-06-03";2022;1098.0;206;0.0
966;233223;"";"Fianza, La";"LA FIANZA";"2024-12-05";2024;11749.0;1936;0.0
967;23324;"";"Diaz Hierro, el cronista de Huelva";"DÍAZ HIERRO, EL CRONISTA DE HUELVA";"2025-01-27";2025;33.0;5;0.0
968;233623;"";"Fueron los días";"FUERON LOS DÍAS";"2023-12-18";2023;322.0;53;0.0
969;233723;"";"Todos lo sabian";"TODOS LO SABÍAN";"2025-03-13";2025;12288.0;2125;0.0
970;233724;"";"Enemigos";"ENEMIGOS";"2025-05-09";2025;175129.0;28423;0.0
971;23420;"";"Arte de volver, El";"EL ARTE DE VOLVER";"2020-12-11";2021;3729.0;605;0.0
972;234330;"";"Malvaloca (1942) (re)";"MALVALOCA";"2024-04-17";2024;14.0;4;0.0
973;234523;"";"Oblideu Tosquelles!";"OBLIDEU TOSQUELLES!";"2023-12-22";2023;1376.0;251;0.0
974;234624;"";"Atin Aya. Retrato del silencio";"ATIN AYA. RETRATO DEL SILENCIO";"2025-03-07";2025;3360.0;625;0.0
975;234924;"";"Reversion";"REVERSIÓN";"2025-11-07";2025;301605.0;46700;0.0
976;23624;"";"Vida en una gota, La";"LA VIDA EN UNA GOTA";"2024-11-26";2024;1402.0;388;0.0
977;23722;"";"2012 La revolucion que no fue";"2012 LA REVOLUCIÓN QUE NO FUE";"2022-06-18";2022;31.0;5;0.0
978;237623;"";"Tu sangre";"TU SANGRE";"2024-10-31";2024;1376.0;249;0.0
979;238023;"";"From My Cold Dead Hands";"FROM MY COLD DEAD HANDS";"2025-01-17";2025;864.0;113;0.0
980;238650;"";"Ventolera (1962) (re)";"VENTOLERA";"2024-04-18";2024;25.0;7;0.0
981;238723;"";"Musical de los 80 a los 90, El";"EL MUSICAL DE LOS 80S 90S LA PELÍCULA";"2024-08-14";2024;16472.0;2107;0.0
982;238825;"";"Dios lo ve";"DIOS LO VE";"2025-11-13";2025;3895.0;575;0.0
983;23918;"";"Lur y Amets";"LUR ETA AMETS";"2020-02-07";2021;36.0;10;0.0
984;23922;"";"Lo que nunca te dije pero debería haberte dicho";"LO QUE NUNCA TE DIJE PERO DEBERÍA HABERTE DICHO";"2022-11-17";2022;1274.0;211;0.0
985;240925;"";"Noche del terror, La";"LA NOCHE DEL TERROR";"2025-10-28";2025;15135.0;3041;0.0
986;24123;"";"Soy una buena persona";"SOY UNA BUENA PERSONA";"2023-03-24";2023;1019.0;188;0.0
987;241323;"";"No somos marionetas";"NO SOMOS MARIONETAS";"2024-12-09";2024;24.0;4;0.0
988;241325;"";"Heridos";"HERIDOS";"2025-11-07";2025;27139.0;3795;0.0
989;241523;"";"Canigo 1883";"CANIGÓ 1883";"2024-01-17";2024;27319.0;4205;0.0
990;241850;"";"Cochecito. El (1960) (re)";"COCHECITO EL";"2021-10-07";2021;151.0;25;0.0
991;24224;"";"Historias de Halloween";"HISTORIAS DE HALLOWEEN";"2025-11-14";2025;1118.0;162;0.0
992;244124;"";"Objeto de estudio";"OBJETO DE ESTUDIO";"2024-10-04";2025;1390.0;226;0.0
993;24422;"";"Alemania";"ALEMANIA";"2024-02-09";2024;2885.0;509;72861.15
994;24424;"";"Rapa";"RAPA";"2024-03-22";2024;5767.0;1065;0.0
995;244424;"";"Luna";"LUNA";"2025-04-07";2025;229.0;50;0.0
996;244523;"";"Molino, El";"EL MOLINO";"2025-12-03";2025;318.0;82;0.0
997;24617;"";"Gran ola, La";"LA GRAN OLA";"2017-03-24";2021;227.0;49;0.0
998;246524;"";"Generacion docentes";"GENERACIÓN DOCENTES";"2025-04-29";2025;65.0;8;0.0
999;247023;"";"Un dia cualquiera";"UN DÍA CUALQUIERA";"2024-04-12";2024;7971.0;1320;0.0
1000;247624;"";"Aliento";"ALIENTO";"2024-12-17";2024;1150.0;230;0.0
1001;2476440;"";"Amor brujo, El (1986) (re)";"AMOR BRUJO, EL";"2023-04-23";2023;71.0;18;0.0
1002;247724;"";"Absolucion";"ABSOLUCIÓN";"2021-06-02";2021;425.0;121;0.0
1003;247725;"";"Llueve sobre Babel";"LLUEVE SOBRE BABEL";"2025-11-11";2025;460.0;120;0.0
1004;247824;"";"Ramon y Ramon";"RAMÓN Y RAMÓN";"2025-06-27";2025;11143.0;1869;0.0
1005;24821;"";"Pasion, segun Pep Amores, La";"LA PASSIÓ SEGONS PEP AMORES";"2021-10-01";2021;1599.0;228;0.0
1006;248750;"";"Muerte de un ciclista (1955) (re)";"MUERTE DE UN CICLISTA LA";"2023-12-29";2024;700.0;153;0.0
1007;249523;"";"Orgullo Vieja";"ORGULLO VIEJA";"2024-09-24";2024;6982.0;1073;0.0
1008;249750;"";"Calle Mayor (1956) (re)";"CALLE MAYOR";"2022-10-06";2022;91.0;33;0.0
1009;249823;"";"Desmontando a Lucia";"DESMONTANDO A LUCÍA";"2024-11-29";2024;49358.0;8413;0.0
1010;250430;"";"Reina mora, La (1955) (re)";"REINA MORA, LA";"2024-04-17";2024;7.0;2;0.0
1011;25114;"";"Boton de Nacar, El";"EL BOTÓN DE NÁCAR";"2016-02-12";2022;171.0;29;0.0
1012;251524;"";"Sau: la memoria sumergida";"SAU: LA MEMÒRIA SUBMERGIDA";"2024-11-20";2024;153.0;31;0.0
1013;252024;"";"Solo Javier";"SOLO JAVIER";"2025-09-12";2025;212923.0;26577;0.0
1014;252125;"";"Barcelona, mon amour";"BARCELONA MON AMOUR";"2025-11-28";2025;2750.0;407;0.0
1015;25222;"";"Reyes contra Santa";"REYES CONTRA SANTA";"2022-11-18";2022;580826.0;100083;1200000.0
1016;25321;"";"Fantasia de juventud";"FANTASÍA DE JUVENTUD";"2020-12-04";2021;2330.0;606;0.0
1017;254323;"";"Traineras, pasion por el remo";"TRAINERAS, PASIÓN POR EL REMO";"2024-09-13";2024;6236.0;1015;0.0
1018;255123;"";"Marilyn y las avispas";"MARILYN Y LAS AVISPAS";"2024-04-05";2024;241.0;38;0.0
1019;255424;"";"Quien llorara por mi";"QUIÉN LLORARÁ POR MÍ";"2025-11-21";2025;918.0;202;0.0
1020;25622;"";"A la cara";"A LA CARA";"2026-05-15";2025;57.0;9;760000.0
1021;25623;"";"Terenci: La fabulación infinita";"TERENCI: LA FABULACIÓN INFINITA";"2023-09-15";2023;1244.0;209;0.0
1022;256230;"";"Maria Fernanda, la jerezana (1947) (re)";"MARÍA FERNANDA, ""LA JEREZANA""";"2022-03-28";2022;115.0;21;0.0
1023;25624;"";"8";"8";"2025-03-21";2025;54400.0;9175;0.0
1024;256525;"";"Un dia con Peter Hujar";"UN DÍA CON PETER HUJAR";"2025-12-01";2025;260.0;34;0.0
1025;256623;"";"Patria y vida: The Power of Music";"PATRIA Y VIDA: THE POWER OF MUSIC";"2024-10-18";2024;52750.0;7446;0.0
1026;256724;"";"Entre mareas";"ENTRE MAREAS";"2025-06-12";2025;4039.0;625;0.0
1027;257725;"";"En silencio. La resiliencia de Isco Alarcon";"EN SILENCIO. LA RESILIENCIA DE ISCO ALARCÓN";"2025-11-21";2025;16803.0;2550;0.0
1028;257824;"";"Yo estuve en Las Vegas 2";"YO ESTUVE EN LAS VEGAS 2";"2025-11-08";2025;25534.0;4355;0.0
1029;25823;"";"Luis Cernuda, el habitante del olvido";"LUIS CERNUDA, EL HABITANTE DEL OLVIDO";"2023-10-26";2023;2943.0;531;0.0
1030;258424;"";"Valientes";"VALIENTES";"2025-02-27";2025;922.0;155;0.0
1031;259325;"";"Mar i Cel";"MAR I CEL";"2025-11-28";2025;120800.0;18134;0.0
1032;259450;"";"Palomos, Los (1964) (re)";"PALOMOS, LOS";"2021-09-16";2021;418.0;107;0.0
1033;259630;"";"Torre de los siete jorobados, La (1944) (re)";"TORRE DE LOS SIETE JOROBADOS, LA";"2025-05-01";2025;643.0;145;0.0
1034;26022;"";"Tierra de Amira, La";"LA TIERRA DE AMIRA";"2025-12-05";2025;9875.0;1701;0.0
1035;26122;"";"Corazon de Europa, El";"EL CORAZÓN DE EUROPA";"2022-05-27";2022;739.0;130;0.0
1036;261224;"";"Una historia, una cancion";"UNA HISTORIA, UNA CANCION";"2025-03-10";2025;15.0;5;0.0
1037;26196;"";"Quince";"QUINCE";"2021-03-20";2021;10434.0;2034;0.0
1038;262024;"";"Noah";"NOAH";"2025-02-13";2025;5472.0;910;0.0
1039;262224;"";"Camino negro";"CAMINO NEGRO";"2025-03-20";2025;3445.0;580;0.0
1040;262450;"";"Verbena de la Paloma, La (1963) (re)";"VERBENA DE LA PALOMA LA";"2024-06-12";2024;56.0;16;0.0
1041;263324;"";"A lo loco";"A LO LOCO";"2025-05-16";2025;11.0;20;0.0
1042;263924;"";"Sumak kawsay. El buen vivir";"SUMAK KAWSAY. EL BUEN VIVIR";"2025-07-18";2025;339.0;47;0.0
1043;264024;"";"Omega Wants to Dance";"OMEGA WANTS TO DANCE";"2025-12-06";2025;165.0;23;0.0
1044;26421;"";"Ultima cena, La";"LA ÚLTIMA CENA";"2021-12-10";2021;1796.0;291;0.0
1045;266424;"";"Uno equis dos";"UNO EQUIS DOS";"2025-08-08";2025;10795.0;1769;0.0
1046;26724;"";"Exopia";"EXOPIA";"2023-11-09";2024;3974.0;683;0.0
1047;2674340;"";"Laguna negra, La (1952) (re)";"LAGUNA NEGRA, LA";"2025-05-07";2025;105.0;30;0.0
1048;270225;"";"Esas cosas pasan";"ESAS COSAS PASAN";"2025-01-09";2025;641.0;109;0.0
1049;27123;"";"Iberia, naturaleza infinita";"IBERIA, NATURALEZA INFINITA";"2023-03-17";2023;40141.0;7251;0.0
1050;2722140;"";"Sufre mamon (1987) (re)";"SUFRE MAMON";"2022-09-08";2022;1225.0;164;0.0
1051;2725;"";"Concha Robles. El precio de la libertad";"CONCHA ROBLES. EL PRECIO DE LA LIBERTAD.";"2025-11-21";2025;25.0;5;0.0
1052;27297;"";"Abre los ojos (1997) (re)";"ABRE LOS OJOS";"2025-10-02";2025;218.0;33;0.0
1053;27595;"";"Tren de sombras (1997) (re)";"TREN DE SOMBRAS";"2024-04-30";2024;394.0;130;0.0
1054;27614;"";"Blanco en blanco";"BLANCO EN BLANCO";"2020-07-31";2021;291.0;64;184375.0
1055;276424;"";"Capitolio contra Capitolio";"CAPITOLIO CONTRA CAPITOLIO: EL AUGE DE LA EXTREMA DERECHA";"2025-07-04";2025;819.0;178;0.0
1056;27825;"";"Emiliana Gat-alana";"EMILIANA GAT-ALANA";"2025-08-29";2025;294.0;37;0.0
1057;280224;"";"Santiago Sierra. The Finger in the Wound";"SANTIAGO SIERRA, THE FINGER IN THE WOUND";"2025-12-17";2025;639.0;94;0.0
1058;28122;"";"Cel de Plom, Un";"UN CEL DE PLOM";"2023-04-28";2023;105285.0;17348;0.0
1059;28223;"";"Hate Songs";"HATE SONGS";"2024-04-19";2024;1290.0;772;0.0
1060;28297;"";"Solas (1999) (re)";"SOLAS";"2022-11-22";2022;2084.0;493;0.0
1061;28391;"";"Leyenda de Balthasar el castrado, La (1996) (re)";"LEYENDA DE BALTHASAR EL CASTRADO, LA";"2025-10-23";2025;11.0;5;0.0
1062;28421;"";"O Corno";"O CORNO";"2023-10-11";2023;395570.0;67159;350000.0
1063;28521;"";"Rave Culture -a new era-";"RAVE CULTURE – A NEW ERA –";"2025-12-12";2025;4035.0;550;0.0
1064;28524;"";"Sombra del tiburón, La";"LA SOMBRA DEL TIBURÓN";"2024-03-16";2024;338.0;82;0.0
1065;285950;"";"Esa pareja feliz (1951) (re)";"ESA PAREJA FELIZ";"2021-04-14";2021;696.0;219;0.0
1066;28615;"";"Idrissa, cronica de una muerte cualquiera";"IDRISSA, CRÓNICA DE UNA MUERTE CUALQUIERA";"2019-11-15";2021;53.0;9;73646.6
1067;28723;"";"Memoria del cine: una película sobre Fernando Méndez-Leite, La";"LA MEMORIA DEL CINE, UNA PELÍCULA SOBRE FERNANDO MÉNDEZ-LEITE";"2023-11-10";2023;854.0;190;0.0
1068;28823;"";"Carbon";"CARBÓN";"2023-12-29";2023;966.0;185;0.0
1069;28921;"";"Villa del Seis, La";"LA VILLA DEL SEIS";"2025-10-24";2025;471.0;69;0.0
1070;292650;"";"Alma de Dios (1941) (re)";"ALMA DE DIOS";"2024-06-12";2024;42.0;12;0.0
1071;29319;"";"Rey de todo el mundo, El";"EL REY DE TODO EL MUNDO";"2021-11-12";2021;2487.0;420;0.0
1072;29322;"";"Mitologia de barrio";"MITOLOGÍA DE BARRIO";"2025-01-16";2025;1404.0;268;76000.0
1073;293350;"";"Mariquilla Terremoto (1939) (re)";"MARIQUILLA TERREMOTO";"2024-04-20";2024;52.0;15;0.0
1074;29483;"";"Santos inocentes, Los (1984) (re)";"SANTOS INOCENTES, LOS";"2020-10-15";2021;1376.0;255;0.0
1075;29521;"";"Escuchando Niño futuro";"ESCUCHANDO NIÑO FUTURO";"2021-06-11";2021;336.0;48;0.0
1076;29620;"";"Girasoles silvestres";"GIRASOLES SILVESTRES";"2022-10-14";2022;180089.0;30796;497617.3
1077;29621;"";"Amanece en Calcuta";"AMANECE EN CALCUTA";"2021-04-16";2021;131270.0;21847;0.0
1078;29821;"";"Más allá de las estrellas. Fotografiando un agujero negro";"MÁS ALLÁ DE LAS ESTRELLAS. FOTOGRAFIANDO UN AGUJERO NEGRO";"2021-05-10";2021;829.0;137;0.0
1079;29923;"";"21 Paraiso";"21 PARAÍSO";"2023-11-21";2023;1969.0;398;0.0
1080;29925;"";"Ala Negra ""El Angel de la Encarnacion""";"ALA NEGRA "" EL ÁNGEL DE LA ENCARNACIÓN""";"2025-04-24";2025;557.0;92;0.0
1081;30020;"";"Ama";"AMA";"2021-07-16";2021;22486.0;3902;0.0
1082;30021;"";"Clown's Planet";"CLOWN'S PLANET";"2021-10-01";2021;114.0;19;0.0
1083;300950;"";"Erase una vez... (1950) (re)";"ERASE UNA VEZ";"2022-12-16";2022;347.0;66;0.0
1084;30105;"";"Juegos de familia";"JUEGOS DE FAMILIA";"2016-09-30";2021;120.0;30;237119.25
1085;30123;"";"Buscando a Nika";"BUSCANDO A NIKA";"2024-07-18";2024;552.0;86;0.0
1086;30224;"";"Cuento del lobo, El";"EL CUENTO DEL LOBO";"2025-05-16";2025;8953.0;1625;0.0
1087;3024;"";"Magnificent Stranger, The";"THE MAGNIFICENT STRANGER";"2025-10-13";2025;64.0;11;0.0
1088;30325;"";"Tres adioses";"TRES ADIOSES";"2026-02-06";2025;1186.0;329;650000.0
1089;30424;"";"Julio Camba. El hombre que no queria ser nada";"JULIO CAMBA. EL HOMBRE QUE NO QUERÍA SER NADA";"2025-02-28";2025;111.0;33;0.0
1090;30517;"";"Chana, La";"LA CHANA";"2017-11-10";2021;93.0;31;0.0
1091;305250;"";"Muerte tenia un precio, La (1965) (re)";"MUERTE TENIA UN PRECIO LA";"2025-09-28";2025;461.0;60;0.0
1092;306850;"";"Caza, La (1966) (re)";"CAZA LA";"2023-03-10";2023;289.0;64;0.0
1093;30720;"";"Ciudad activa, La";"LA CIUDAD ACTIVA";"2022-05-11";2022;112.0;61;0.0
1094;30723;"";"Quinografía";"QUINOGRAFÍA";"2025-06-19";2025;6710.0;1044;28500.0
1095;30724;"";"Ya no quedan junglas";"YA NO QUEDAN JUNGLAS";"2025-09-26";2025;183152.0;28152;1000000.0
1096;307550;"";"Extraño viaje, El (1964)";"EXTRAÑO VIAJE, EL";"2021-10-22";2021;1836.0;449;0.0
1097;30822;"";"Cádiz-Madriz";"CÁDIZ - MADRIZ";"2023-09-12";2023;348.0;99;0.0
1098;30923;"";"Feudo";"FEUDO";"2023-12-14";2023;271.0;51;0.0
1099;31023;"";"Erreplika";"ERREPLIKA";"2025-05-09";2025;3002.0;446;0.0
1100;311650;"";"Doña Francisquita (1952) (re)";"DOÑA FRANCISQUITA";"2024-06-13";2024;98.0;28;0.0
1101;31212;"";"Guadalquivir";"GUADALQUIVIR";"2013-12-13";2025;9.0;2;200283.71
1102;31322;"";"Miocardio";"MIOCARDIO";"2025-01-24";2025;25918.0;4205;0.0
1103;31323;"";"Ganado o Desierto";"GANADO O DESIERTO";"2023-10-18";2023;2876.0;452;0.0
1104;31424;"";"Popel";"POPEL";"2025-11-07";2025;6537.0;1058;0.0
1105;31582;"";"Entre tinieblas (re)";"ENTRE TINIEBLAS";"2021-10-04";2021;140.0;27;0.0
1106;31724;"";"Sujetame el cubata";"SUJÉTAME EL CUBATA";"2025-10-17";2025;38229.0;6039;0.0
1107;31809;"";"Fotografo de Mauthausen, El";"EL FOTÓGRAFO DE MAUTHAUSEN";"2018-10-26";2021;7.0;1;280000.0
1108;31922;"";"Marsellesa de los borrachos, La";"LA MARSELLESA DELS BORRATXOS";"2025-02-14";2025;12225.0;2102;157250.0
1109;31994;"";"Buena estrella, La (1997) (re)";"BUENA ESTRELLA, LA";"2024-10-16";2024;256.0;86;0.0
1110;323650;"";"Algo amargo en la boca (1969) (re)";"ALGO AMARGO EN LA BOCA";"2025-10-01";2025;116.0;33;0.0
1111;324;"";"Mil leyendas, un grial";"MIL LEYENDAS, UN GRIAL";"2025-06-23";2025;2522.0;451;0.0
1112;324125;"";"Aquel ultimo tiburon";"AQUEL ÚLTIMO TIBURÓN";"2025-11-15";2025;126.0;33;0.0
1113;"";"";"33 años de oscuridad";"";"2022-05-23";2022;237.0;99;""
1114;33122;"";"Tu madre o la mia: guerra de suegras";"TU MADRE O LA MÍA";"2024-08-02";2024;103816.0;18163;1000000.0
1115;33422;"";"Mi ilustrisimo amigo";"MI ILUSTRÍSIMO AMIGO";"2025-10-10";2025;15461.0;2693;0.0
1116;33425;"";"Coartadas";"COARTADAS";"2025-11-28";2025;827576.0;124798;0.0
1117;33522;"";"Siete Jereles";"SIETE JERELES";"2023-03-03";2023;238.0;43;96581.25
1118;336750;"";"Bosque del lobo, El (1970) (re)";"BOSQUE DEL LOBO EL";"2022-10-19";2022;42.0;13;0.0
1119;33725;"";"Gran redada gitana. Historia de un genocidio";"GRAN REDADA GITANA : HISTORIA DE UN GENOCIDIO";"2025-04-03";2025;313.0;344;0.0
1120;33826;"";"Mi querida señorita (1972) (re)";"MI QUERIDA SEÑORITA";"2023-03-10";2023;105.0;30;0.0
1121;3391;"";"Sol del membrillo, El (1992) (re)";"SOL DEL MEMBRILLO, EL";"2022-12-16";2022;50.0;11;0.0
1122;33920;"";"Un cielo tan turbio";"SO FOUL A SKY (UN CIELO TAN TURBIO)";"2022-03-25";2022;993.0;157;0.0
1123;34020;"";"Maria Casares, la mujer que vivio mil vidas";"MARÍA CASARES: LA MUJER QUE VIVIÓ MIL VIDAS";"2023-03-10";2023;2877.0;638;85000.0
1124;34022;"";"As Neves";"AS NEVES";"2024-05-10";2024;69545.0;12506;605784.8
1125;34123;"";"Samuel: Hollywood vs Hollywood";"SAMUEL: HOLLYWOOD VS HOLLYWOOD";"2024-04-18";2024;359.0;55;0.0
1126;34217;"";"Despertar de las Hormigas, El";"EL DESPERTAR DE LAS HORMIGAS";"2019-08-02";2021;42.0;44;21564.8
1127;34420;"";"Erase una vez en el Caribe";"ÉRASE UNA VEZ EN EL CARIBE";"2024-04-18";2024;59.0;8;0.0
1128;34492;"";"Cienaga, La (2001) (re)";"CIENAGA";"2024-06-25";2024;161.0;53;0.0
1129;34581;"";"Colmena, La (1982) (re)";"COLMENA, LA";"2022-09-08";2022;252.0;53;0.0
1130;34621;"";"Covid-19, la historia de nuestros heroes";"COVID-19, LA HISTORIA DE NUESTROS HÉROES";"2021-12-12";2021;174.0;33;0.0
1131;34623;"";"Hada";"HADA";"2025-08-29";2025;3656.0;540;0.0
1132;34719;"";"Passion";"PASSION";"2022-06-25";2022;432.0;78;0.0
1133;34722;"";"Saturno";"SATURNO";"2024-10-04";2024;3113.0;532;55016.25
1134;34723;"";"Itsasoak pizten gaitu (Somos mar)";"ITSASOAK PIZTEN GAITU";"2024-05-11";2024;285.0;20;0.0
1135;35019;"";"Tara, La";"LA TARA";"2024-09-27";2024;188.0;34;87465.0
1136;35320;"";"Cuerpo abierto (O Corpo Aberto)";"O CORPO ABERTO / CUERPO ABIERTO";"2022-12-09";2022;22098.0;4080;595000.0
1137;35323;"";"¿Capaz o Incapaz?";"CAPAZ O INCAPAZ?";"2023-06-06";2023;335.0;70;0.0
1138;353251;"";"Un hombre llamado Flor de Otoño (1978) (re)";"UN HOMBRE LLAMADO FLOR DE OTOÑO";"2022-10-21";2022;231.0;66;0.0
1139;35417;"";"Dias que vendran, Los (Els dies que vindran)";"ELS DIES QUE VINDRAN";"2019-06-28";2023;31.0;7;260139.6
1140;35518;"";"Isla de las mentiras, La";"LA ISLA DE LAS MENTIRAS";"2020-10-02";2021;520.0;117;400000.0
1141;35722;"";"Siete dias en mayo";"SIETE DÍAS EN MAYO";"2025-01-31";2025;8522.0;1344;0.0
1142;35813;"";"Matar a Dios";"MATAR A DIOS";"2018-09-21";2024;252.0;63;0.0
1143;35922;"";"Metodo Farrer, El";"EL MÈTODE FARRER";"2024-08-30";2024;7982.0;1632;0.0
1144;36022;"";"Ultima Lidia, La";"LA ÚLTIMA LIDIA";"2023-05-12";2023;777.0;174;0.0
1145;36122;"";"Mamifera";"MAMÍFERA";"2024-04-26";2024;90538.0;14296;658750.0
1146;361550;"";"Ana y los lobos (1973) (re)";"ANA Y LOS LOBOS";"2023-02-28";2023;97.0;18;0.0
1147;3619;"";"Vivo";"VIVO";"2021-04-09";2021;249100.0;38836;0.0
1148;36295;"";"Memorias del angel caido (1997) (re)";"MEMORIAS DEL ANGEL CAIDO";"2022-09-07";2022;122.0;35;0.0
1149;36422;"";"Beckett y el rinoceronte blanco";"BECKETT Y EL RINOCERONTE BLANCO";"2025-09-03";2025;46.0;13;0.0
1150;364450;"";"No es bueno que el hombre este solo (1973) (re)";"NO ES BUENO QUE EL HOMBRE ESTE SO";"2022-10-19";2022;28.0;8;0.0
1151;36922;"";"Morente & Barcelona";"MORENTE & BARCELONA";"2025-05-15";2025;99.0;33;0.0
1152;37109;"";"Bi Anai (Dos Hermanos)";"BI ANAI (DOS HERMANOS)";"2011-11-11";2022;104.0;18;250000.0
1153;37122;"";"Mamantula";"MAMÁNTULA";"2024-06-03";2024;435.0;92;62989.42
1154;3719;"";"Abuelo Victor, El";"EL ABUELO VÍCTOR";"2021-04-27";2021;391.0;72;0.0
1155;37318;"";"Bella";"BELLA";"2025-11-28";2025;1062.0;195;425000.0
1156;37422;"";"Olvido";"OLVIDO";"2023-06-29";2023;37743.0;6570;0.0
1157;37519;"";"Sinjar";"SINJAR";"2022-07-01";2022;7389.0;1379;283220.0
1158;37622;"";"Festa, La";"LA FESTA";"2025-06-12";2025;2877.0;939;0.0
1159;37723;"";"Rugir de las Llamas, El";"EL RUGIR DE LAS LLAMAS";"2025-05-21";2025;1777.0;349;117878.0
1160;3821;"";"Historias del agua";"HISTORIAS DEL AGUA";"2022-01-12";2021;439.0;73;0.0
1161;3822;"";"Inmotep";"INMOTEP";"2023-04-21";2023;459.0;72;0.0
1162;38421;"";"Club del paro, El";"EL CLUB DEL PARO";"2021-09-17";2021;53224.0;9456;0.0
1163;38625;"";"Danza de la polvora, La";"LA DANZA DE LA PÓLVORA";"2025-05-10";2025;4026.0;639;0.0
1164;38707;"";"Habitacion de Fermat, La (2007) (re)";"HABITACION DE FERMAT, LA";"2025-11-14";2025;249.0;83;819196.62
1165;38715;"";"Una mujer fantastica";"UNA MUJER FANTÁSTICA";"2017-10-12";2021;215.0;50;0.0
1166;39022;"";"Persiguiendo el limite";"PERSIGUIENDO EL LÍMITE";"2022-06-09";2022;737.0;267;0.0
1167;39025;"";"Lorca en la Habana";"LORCA EN LA HABANA";"2025-11-21";2025;1007.0;220;0.0
1168;3920;"";"Con quién viajas";"CON QUIÉN VIAJAS";"2021-09-10";2021;125764.0;22373;0.0
1169;39424;"";"Donde vamos a vivir. Mujeres contra el desahucio";"DÓNDE VAMOS A VIVIR";"2024-11-12";2024;507.0;102;0.0
1170;39621;"";"Esther Ferrer: hilos de tiempo";"ESTHER FERRER. DIÁLOGOS INTERRUMPIDOS";"2021-11-26";2021;77.0;10;0.0
1171;39719;"";"Vasil";"VASIL";"2022-11-04";2022;244689.0;42414;450000.0
1172;39823;"";"Bandera, La";"LA BANDERA";"2024-06-14";2024;11069.0;1858;0.0
1173;39919;"";"Nora";"NORA";"2021-09-03";2021;57461.0;11224;0.0
1174;401751;"";"Bilbao (1978) (re)";"BILBAO";"2024-04-30";2024;91.0;26;0.0
1175;4021;"";"Cante Jondo, Granada 1922";"CANTE JONDO. GRANADA 1922";"2023-02-02";2023;7297.0;1890;0.0
1176;40221;"";"Dulce sabor del éxito, El";"EL DULCE SABOR DEL ÉXITO";"2023-11-15";2023;1230.0;213;0.0
1177;40420;"";"De quijotes y semillas";"DE QUIJOTES Y SEMILLAS";"2021-08-23";2021;814.0;169;0.0
1178;40422;"";"Bus de la vida, El";"EL BUS DE LA VIDA";"2024-07-03";2024;116193.0;19675;1000000.0
1179;40513;"";"Magical Girl";"MAGICAL GIRL";"2014-10-17";2023;475.0;99;82088.63
1180;405851;"";"Escopeta nacional, La (1978)";"ESCOPETA NACIONAL, LA";"2021-06-18";2021;6982.0;1310;0.0
1181;40721;"";"Arcadeología";"ARCADEOLOGÍA";"2021-07-29";2021;2107.0;344;0.0
1182;40722;"";"Justicia Artificial";"JUSTICIA ARTIFICIAL";"2024-09-13";2024;118641.0;19560;1000000.0
1183;40922;"";"Disco, Ibiza, Locomia";"DISCO, IBIZA, LOCOMÍA";"2024-05-17";2024;238123.0;38233;1196400.0
1184;41119;"";"Odisea de Vasi, La";"LA ODISEA DE VASI";"2022-03-06";2022;639.0;97;0.0
1185;41298;"";"Lengua de las mariposas, La (1999) (re)";"LENGUA DE LAS MARIPOSAS, LA";"2024-03-16";2024;833.0;154;0.0
1186;41420;"";"As bestas";"AS BESTAS";"2022-11-11";2022;6803140.0;1068425;1000000.0
1187;41519;"";"Way Down";"WAY DOWN";"2021-11-12";2021;6183758.0;972993;700000.0
1188;41522;"";"Dias de la noche, Los";"LOS DÍAS DE LA NOCHE";"2023-06-07";2023;235.0;47;0.0
1189;41624;"";"Aurora";"AURORA";"2025-03-07";2025;1185.0;212;0.0
1190;41823;"";"Absolución de Juan Alfredo Amil";"ABSOLUCIÓN DE JUAN ALFREDO AMIL";"2023-12-15";2023;522.0;87;0.0
1191;41915;"";"Tierra firme";"TIERRA FIRME";"2017-11-24";2025;110.0;22;365150.52
1192;41922;"";"Carnaval de lo invisible, El";"EL CARNAVAL DE LO INVISIBLE";"2022-05-12";2022;1410.0;294;0.0
1193;42019;"";"Tros";"TROS";"2022-02-25";2022;30842.0;4989;0.0
1194;42024;"";"Zinzindurrunkarratz";"ZINZINDURRUNKARRATZ";"2024-11-29";2025;776.0;161;0.0
1195;42318;"";"Explotando el Eden, lle-a-Vache";"EXPLOTANDO EL EDÉN; ÎLE-À-VACHE";"2023-09-14";2023;831.0;187;0.0
1196;42394;"";"Historias del Kronen (1995) (re)";"HISTORIAS DEL KRONEN";"2024-07-26";2024;320.0;80;0.0
1197;42712;"";"Nadie quiere la noche";"NADIE QUIERE LA NOCHE (NOBODY WANTS THE NIGHT)";"2015-11-27";2024;426.0;91;1205689.64
1198;42722;"";"Home e o can, O";"O HOME E O CAN";"2022-09-28";2022;13978.0;2479;0.0
1199;42818;"";"Hanna y los monstruos";"HANNA I ELS MONSTRES";"2023-04-21";2023;51827.0;9070;425000.0
1200;42922;"";"Me he hecho viral";"ME HE HECHO VIRAL";"2023-10-11";2023;1101997.0;172426;1000000.0
1201;430051;"";"Escalofrio (1978) (re)";"ESCALOFRIO";"2023-04-29";2023;86.0;16;0.0
1202;43112;"";"Serrat y Sabina: El Simbolo y el Cuate";"SERRAT & SABINA, EL SÍMBOLO Y EL CUATE";"2013-09-27";2021;803.0;153;0.0
1203;43120;"";"Sugar Island";"SUGAR ISLAND";"2025-03-21";2025;1676.0;367;80043.89
1204;43122;"";"Hamburgo";"HAMBURGO";"2025-05-30";2025;26907.0;5913;1000000.0
1205;43216;"";"Visita y un Jardín Secreto, La";"LA VISITA Y UN JARDÍN SECRETO";"2022-11-25";2022;1372.0;234;77000.0
1206;43320;"";"Faro";"FARO";"2024-01-26";2024;25333.0;4280;840000.0
1207;43322;"";"Navidad en sus manos, La";"LA NAVIDAD EN SUS MANOS";"2023-12-01";2023;4028239.0;632111;1000000.0
1208;43350;"";"Prima Angelica, La (1973) (re)";"PRIMA ANGELICA, LA";"2023-02-14";2023;68.0;13;0.0
1209;43412;"";"Nur y el templo del dragon";"NUR Y EL TEMPLO DEL DRAGÓN";"2017-06-02";2021;2618.0;1676;302833.3
1210;43421;"";"Alma anciana";"MBAH JHIWO / ALMA ANCIANA";"2022-05-27";2022;316.0;48;0.0
1211;43422;"";"Mala persona";"MALA PERSONA";"2024-07-03";2024;165464.0;28732;967412.0
1212;43522;"";"Hombre del saco, El";"EL HOMBRE DEL SACO";"2023-08-11";2023;149549.0;24217;0.0
1213;43524;"";"Galeria de las colecciones reales: Patrimonio de todos, La";"LA GALERÍA DE LAS COLECCIONES REALES: PATRIMONIO DE TODOS";"2024-04-15";2024;7022.0;1226;0.0
1214;43619;"";"Posidonia";"POSIDONIA";"2021-11-19";2021;958.0;247;0.0
1215;4371740;"";"Gato montes, El (1935) (re)";"GATO MONTES, EL";"2025-06-24";2025;42.0;16;0.0
1216;44112;"";"10,000 KM";"10.000 KM";"2014-05-15";2023;206.0;69;0.0
1217;44396;"";"Mas alla del jardin (1996) (re)";"MAS ALLA DEL JARDIN";"2022-10-21";2022;31.0;9;0.0
1218;44493;"";"Todos a la carcel (1993) (re)";"TODOS A LA CARCEL";"2020-12-09";2021;208.0;49;0.0
1219;44522;"";"Teneis que venir a verla";"TENÉIS QUE VENIR A VERLA";"2022-06-17";2022;62039.0;10576;0.0
1220;44621;"";"Desmontando un elefante";"DESMONTANDO UN ELEFANTE";"2025-01-10";2025;113411.0;18512;709133.0
1221;44719;"";"Dalia y el libro rojo";"DALIA Y EL LIBRO ROJO";"2024-10-25";2024;19411.0;3293;300000.0
1222;44808;"";"Voces en imagenes";"VOCES EN IMAGENES";"2025-08-22";2025;107.0;27;0.0
1223;45119;"";"Cero.5, A";"A CERO.5";"2023-03-24";2023;622.0;95;0.0
1224;45124;"";"Antonio, el bailarin de España";"ANTONIO, EL BAILARÍN DE ESPAÑA";"2025-11-25";2025;908.0;183;0.0
1225;4523;"";"Kantauri";"KANTAURI";"2025-04-04";2025;5902.0;1067;0.0
1226;45293;"";"Techo del mundo, El (1994) (re)";"TECHO DEL MUNDO, EL";"2023-03-21";2023;580.0;117;0.0
1227;45325;"";"Un cabo suelto";"UN CABO SUELTO";"2025-10-17";2025;4815.0;834;0.0
1228;45520;"";"Agua, El";"EL AGUA";"2022-11-04";2022;102186.0;18066;111500.0
1229;45522;"";"Kepa Junkera Berpiztu / Kepa Junkera Renacer";"KEPA JUNKERA BERPIZTU (RENACER)";"2022-12-02";2022;11818.0;1998;0.0
1230;45723;"";"Ruta salvatge";"RUTA SALVATGE";"2023-11-17";2023;14081.0;2339;0.0
1231;45819;"";"Ara Malikian: Una vida entre las cuerdas";"ARA MALIKIAN: UNA VIDA ENTRE LAS CUERDAS";"2019-10-24";2021;1260.0;214;0.0
1232;45920;"";"Mr. Nadie";"MR. NADIE";"2025-08-14";2025;12505.0;2097;0.0
1233;46016;"";"Viaje al cuarto de una madre";"VIAJE AL CUARTO DE UNA MADRE";"2018-10-05";2024;80.0;16;343770.0
1234;46223;"";"Reina del convento, La";"LA REINA DEL CONVENTO";"2024-02-02";2024;15603.0;2829;0.0
1235;46515;"";"Loba parda, La";"LA LOBA PARDA";"2021-01-15";2021;471.0;121;12871.04
1236;46524;"";"Bartolome Bermejo: El despertar de un genio";"BARTOLOMÉ BERMEJO. EL DESPERTAR DE UN GENIO";"2024-09-20";2024;8458.0;1415;0.0
1237;46817;"";"Campeones";"CAMPEONES";"2018-04-06";2021;318.0;53;980000.0
1238;46921;"";"Carga, La";"LA CARGA";"2024-07-25";2024;1176.0;216;0.0
1239;47011;"";"Corsarios";"CORSARIOS";"2015-05-15";2022;344.0;64;0.0
1240;47095;"";"Se quien eres (2000) (re)";"SÉ QUIÉN ERES";"2025-07-14";2025;145.0;33;666808.66
1241;47119;"";"Pa'tras, ni pa'tomar impulso";"PA TRÁS NI PA TOMAR IMPULSO";"2020-11-27";2021;560.0;107;0.0
1242;47321;"";"Estimada Sara";"OH DEAR SARA";"2022-11-03";2022;784.0;130;0.0
1243;47515;"";"Lucas";"LUCAS";"2021-06-25";2021;6661.0;1320;0.0
1244;47521;"";"Planeta, El";"EL PLANETA";"2021-11-28";2021;116.0;19;0.0
1245;47695;"";"Perdona bonita, pero Lucas me queria a mi (1997) (re)";"PERDONA BONITA PERO LUCAS ME QUERIA A MI";"2024-07-10";2024;375.0;52;10269.04
1246;47712;"";"Maria (y los demas)";"MARÍA (Y LOS DEMÁS)";"2016-12-07";2021;205.0;66;325362.59
1247;47912;"";"Loreak";"LOREAK";"2014-10-31";2024;5.0;2;359000.0
1248;48104;"";"Llaves de la independencia, Las";"LAS LLAVES DE LA INDEPENDENCIA";"2005-01-14";2025;60.0;17;681811.44
1249;48215;"";"Verano 1993";"VERANO 1993";"2017-06-30";2022;1828.0;425;290268.5
1250;48322;"";"Buena letra, La";"LA BUENA LETRA";"2025-04-30";2025;423539.0;69030;1000000.0
1251;48419;"";"Pecera, La";"LA PECERA";"2023-05-26";2023;4300.0;824;66842.0
1252;48423;"";"Julia";"JULIA";"2023-09-14";2023;2600.0;400;0.0
1253;48523;"";"Williams, Los";"LOS WILLIAMS";"2024-10-31";2024;44844.0;8241;190000.0
1254;48623;"";"Cielo de los animales, El";"EL CIELO DE LOS ANIMALES";"2025-05-09";2025;9868.0;1659;0.0
1255;48822;"";"Quietud en la tormenta,";"LA QUIETUD EN LA TORMENTA";"2023-05-12";2023;24447.0;4709;0.0
1256;49019;"";"Malnazidos";"MALNAZIDOS";"2022-03-11";2022;1075486.0;170240;991930.0
1257;49116;"";"Descubriendo a Jose Padilla";"DESCUBRIENDO A JOSÉ PADILLA";"2020-12-29";2021;1974.0;351;43065.0
1258;49318;"";"A media voz";"A MEDIA VOZ";"2020-12-18";2021;1748.0;306;20400.0
1259;49622;"";"Anatema";"ANATEMA";"2024-11-08";2024;54475.0;8203;1000000.0
1260;49722;"";"Verano en rojo";"VERANO EN ROJO";"2023-09-08";2023;384908.0;64690;1000000.0
1261;49725;"";"Pizarro is God";"PIZARRO IS GOD";"2025-12-12";2025;2737.0;236;0.0
1262;49822;"";"Destellos, Los";"LOS DESTELLOS";"2024-10-04";2024;585214.0;99617;1000000.0
1263;49923;"";"Restos del pasar, Los";"LOS RESTOS DEL PASAR";"2024-11-29";2024;5555.0;1067;0.0
1264;50022;"";"Ermita, La";"LA ERMITA";"2023-11-17";2023;75963.0;12359;1200000.0
1265;50122;"";"Caida libre";"CAÍDA LIBRE";"2024-05-17";2024;288220.0;46522;995400.0
1266;50213;"";"Occidente";"OCCIDENTE";"2021-03-18";2021;460.0;75;0.0
1267;50217;"";"Cronica de una tormenta";"CRÓNICA DE UNA TORMENTA";"2021-04-30";2021;16554.0;3202;353760.0
1268;5022;"";"Historia de pastores";"HISTORIA DE PASTORES";"2024-10-25";2024;4162.0;830;0.0
1269;50222;"";"Mi soledad tiene alas";"MI SOLEDAD TIENE ALAS";"2023-08-25";2023;1375535.0;221975;1000000.0
1270;50417;"";"Proxeneta. paso corto, mala leche.";"EL PROXENETA, PASO CORTO, MALA LECHE";"2018-10-26";2021;592.0;170;64211.89
1271;50422;"";"Al otro barrio";"AL OTRO BARRIO";"2024-12-05";2024;1075950.0;159999;1000000.0
1272;50522;"";"Un mal dia lo tiene cualquiera";"UN MAL DÍA LO TIENE CUALQUIERA";"2024-01-26";2024;85836.0;13650;1000000.0
1273;50722;"";"Odio el verano";"ODIO EL VERANO";"2024-08-23";2024;5211711.0;818275;1000000.0
1274;50822;"";"Bodegon con fantasmas";"BODEGÓN CON FANTASMAS";"2025-02-07";2025;37928.0;6404;675000.0
1275;50823;"";"+Cuñados";"+CUÑADOS";"2024-04-19";2024;108472.0;17066;0.0
1276;50920;"";"Tin&Tina";"TIN & TINA";"2023-03-31";2023;103392.0;15578;840000.0
1277;51017;"";"Carne roja (Conducta animal)";"CARNE ROJA (CONDUCTA ANIMAL)";"2018-05-28";2023;383.0;84;0.0
1278;51019;"";"Estrella azul, La";"LA ESTRELLA AZUL";"2024-02-23";2024;572997.0;93885;386100.0
1279;51022;"";"Te veo en mis ojos";"TE VEO EN MIS OJOS";"2025-11-21";2025;198.0;30;0.0
1280;51119;"";"Finlandia";"FINLANDIA";"2021-11-10";2021;8311.0;1342;0.0
1281;51121;"";"Besos negros";"BESOS NEGROS";"2023-10-27";2023;12.0;2;0.0
1282;51123;"";"No estas loca";"NO ESTAS LOCA";"2025-11-13";2025;5732.0;1034;0.0
1283;51221;"";"Orquesta armada, Una";"UNA ORQUESTA ARMADA";"2022-06-04";2022;70.0;18;0.0
1284;51424;"";"Heidi. El rescate del lince";"HEIDI. EL RESCATE DEL LINCE";"2025-08-22";2025;284104.0;46612;0.0
1285;51508;"";"Luz con el tiempo dentro, La";"LUZ CON EL TIEMPO DENTRO, LA";"2015-03-06";2022;580.0;139;0.0
1286;51623;"";"Literato";"LITERATO";"2023-11-24";2023;5321.0;960;0.0
1287;51713;"";"Grieta, La";"LA GRIETA";"2017-12-12";2025;247.0;59;0.0
1288;51720;"";"SuperKlaus";"SUPERKLAUS";"2024-12-05";2024;384516.0;68197;1000000.0
1289;51821;"";"Color del cielo, El";"EL COLOR DEL CIELO";"2022-10-21";2022;1580.0;271;0.0
1290;51917;"";"Niñas, Las";"LAS NIÑAS";"2020-09-04";2021;383592.0;66959;284099.44
1291;51921;"";"Polvo seran";"POLVO SERÁN";"2024-11-15";2024;77953.0;13424;680000.0
1292;52018;"";"Contando ovejas";"CONTANDO OVEJAS";"2022-04-13";2022;6378.0;1058;339882.2
1293;52024;"";"Stay Homas. La banda que no deberia existir";"STAY HOMAS. LA BANDA QUE NO HAURIA D´EXISTIR";"2024-11-15";2025;17.0;4;0.0
1294;521251;"";"Cuentos eroticos (1980) (re)";"CUENTOS EROTICOS";"2025-06-05";2025;70.0;20;0.0
1295;522;"";"Isosceles";"ISÓSCELES";"2022-11-13";2022;1920.0;439;0.0
1296;52218;"";"Bandido";"BANDIDO";"2022-02-18";2022;710.0;128;0.0
1297;52224;"";"Montserrat, Integral 107";"MONTSERRAT, INTEGRAL 107";"2024-10-26";2024;7123.0;1175;0.0
1298;52318;"";"Shooting for Mirza";"SHOOTING FOR MIRZA";"2023-02-24";2023;1022.0;205;73631.88
1299;52324;"";"Joia: Bad Gyal, La";"LA JOIA: BAD GYAL";"2024-10-24";2024;440623.0;51860;0.0
1300;52415;"";"Entre perro y lobo";"ENTRE PERRO Y LOBO";"2021-06-18";2021;632.0;123;60371.0
1301;52515;"";"Reconquista, La";"LA RECONQUISTA";"2016-09-30";2025;75.0;15;17179.5
1302;526651;"";"Fieles sirvientes, Los (1980) (re)";"FIELES SIRVIENTES, LOS";"2025-10-23";2025;20.0;9;0.0
1303;52714;"";"Europeos, Los";"LOS EUROPEOS";"2020-11-20";2021;564.0;117;1000000.0
1304;52917;"";"Banda, La";"LA BANDA";"2019-06-21";2023;10.0;5;278160.0
1305;53017;"";"Camaron: Flamenco y Revolucion";"CAMARÓN. FLAMENCO Y REVOLUCIÓN";"2018-06-01";2021;190.0;38;0.0
1306;53020;"";"Mama o Papa";"MAMÁ O PAPÁ";"2021-12-17";2021;3771743.0;607386;0.0
1307;53224;"";"Homofobia de estado";"HOMOFOBIA DE ESTADO";"2024-06-16";2024;519.0;97;0.0
1308;53318;"";"Consecuencias, Las";"LAS CONSECUENCIAS";"2021-09-17";2021;24975.0;4472;0.0
1309;53421;"";"Miralles";"MIRALLES";"2025-07-30";2025;2834.0;518;128647.5
1310;53515;"";"Un efecto optico";"UN EFECTO ÓPTICO";"2021-03-26";2021;37543.0;6105;0.0
1311;53623;"";"Bosque Salvaje de Pardomino, El";"EL BOSQUE SALVAJE DE PARDOMINO";"2023-05-04";2023;9448.0;1654;0.0
1312;53823;"";"Mi unica familia (Hard Truths)";"MI ÚNICA FAMILIA (HARD TRUTHS)";"2025-02-28";2025;78252.0;12949;0.0
1313;54216;"";"Silencio de otros, El";"EL SILENCIO DE OTROS";"2018-11-16";2021;685.0;153;0.0
1314;54220;"";"Victoria 2030";"VICTORIA 2030";"2021-05-09";2021;1707.0;387;0.0
1315;54319;"";"Escuerzo, El";"EL ESCUERZO";"2025-07-23";2025;32.0;7;0.0
1316;54413;"";"En tierra extraña";"EN TIERRA EXTRAÑA";"2022-02-23";2022;265.0;62;0.0
1317;54422;"";"Buscando la pelicula (Verano 2020)";"BUSCANDO LA PELÍCULA (VERANO 2020)";"2022-07-29";2022;718.0;119;0.0
1318;545051;"";"Mas alla del terror (1980) (re)";"MAS ALLA DEL TERROR";"2023-04-22";2023;137.0;27;0.0
1319;54521;"";"Algo salvaje. La historia de Bambino";"ALGO SALVAJE. BAMBINO";"2021-11-19";2021;5480.0;1111;0.0
1320;54612;"";"Diamond Flash";"DIAMOND FLASH";"2023-04-13";2023;382.0;44;0.0
1321;54619;"";"37 grados";"37 GRADOS";"2020-09-10";2021;30.0;6;0.0
1322;54621;"";"Remember My Name";"REMEMBER MY NAME";"2023-11-24";2023;669.0;118;0.0
1323;54821;"";"Fantastico caso del Golem, El";"EL FANTÁSTICO CASO DEL GOLEM";"2023-06-16";2023;21874.0;3734;636388.14
1324;54917;"";"Hija de un ladron, La";"LA HIJA DE UN LADRÓN";"2019-11-29";2021;601.0;122;324771.02
1325;54921;"";"Alumbramiento";"ALUMBRAMIENTO";"2024-06-19";2024;50890.0;8479;596224.0
1326;55020;"";"Noche, La";"LA NOCHE";"2021-11-19";2021;369.0;83;0.0
1327;55122;"";"Verano infinito";"VERANO INFINITO";"2025-03-07";2025;480.0;80;0.0
1328;5521;"";"Non Dago Mikel?";"NON DAGO MIKEL?";"2021-02-26";2021;82958.0;15061;0.0
1329;55212;"";"Hijo del acordeonista, El (Soinujolearen semea)";"SOINUJOLEAREN SEMEA";"2019-04-12";2022;187.0;83;338980.0
1330;55222;"";"Valle del Concavenator, El";"EL VALLE DE CONCAVENATOR";"2023-02-24";2023;572.0;103;0.0
1331;55223;"";"Hija de todas las rabias, La";"LA HIJA DE TODAS LAS RABIAS";"2023-04-21";2023;359.0;70;0.0
1332;55321;"";"Mitad de Ana, La";"LA MITAD DE ANA";"2025-01-10";2025;38371.0;6216;800000.0
1333;55415;"";"Fortaleza, La";"LA FORTALEZA";"2023-06-23";2023;26933.0;4508;360000.0
1334;55417;"";"Cartas mojadas";"CARTAS MOJADAS";"2020-10-09";2021;3532.0;734;110996.92
1335;5548540;"";"Jueves, milagro, Los (1957) (re)";"JUEVES MILAGRO, LOS";"2021-05-06";2021;551.0;131;0.0
1336;55618;"";"Mi hermano Ali";"MI HERMANO ALI";"2024-11-22";2024;5104.0;1140;115200.0
1337;55720;"";"En otro lugar";"EN OTRO LUGAR";"2022-05-27";2022;34485.0;5851;0.0
1338;55723;"";"Tivoli";"TIVOLI";"2024-06-21";2024;7125.0;1229;0.0
1339;56219;"";"Semilla del son";"SEMILLA DEL SON";"2023-11-10";2023;2558.0;397;0.0
1340;56221;"";"Soñando con leones";"SONHAR COM LEÕES";"2025-11-14";2025;3309.0;684;0.0
1341;56223;"";"Os reviento";"OS REVIENTO";"2023-11-22";2023;6078.0;996;0.0
1342;5623;"";"Anqa";"ANQA";"2025-04-22";2025;196.0;49;0.0
1343;56414;"";"Libreria, La";"THE BOOKSHOP (LA LIBRERÍA)";"2017-11-10";2021;2164.0;547;661119.6
1344;56421;"";"Rock Bottom";"ROCK BOTTOM";"2024-12-13";2024;9671.0;1529;800000.0
1345;56519;"";"Operacion Camaron";"OPERACIÓN CAMARÓN";"2021-06-24";2021;3522415.0;597700;1000000.0
1346;56521;"";"¡Caigan las rosas blancas!";"¡CAIGAN LAS ROSAS BLANCAS!";"2025-04-11";2025;1188.0;214;80430.85
1347;56595;"";"Hola, ¿Estas sola? (1995)";"HOLA, ¿ESTAS SOLA?";"2022-01-12";2022;668.0;126;0.0
1348;56717;"";"Periferia";"PERIFÈRIA";"2021-06-09";2021;2067.0;327;13920.0
1349;56819;"";"Llegaron de noche";"LLEGARON DE NOCHE";"2022-03-25";2022;182074.0;31647;500000.0
1350;56820;"";"Memorias de un cuerpo que arde";"MEMORIAS DE UN CUERPO QUE ARDE";"2024-11-29";2024;3844.0;731;0.0
1351;57016;"";"¿Que hicimos mal?";"¿QUÉ HICIMOS MAL?";"2021-12-10";2021;4518.0;744;285047.89
1352;5702;"";"Mi vida sin mí (2003) (re)";"MI VIDA SIN MÍ";"2023-11-20";2023;3287.0;370;946778.4
1353;57116;"";"Cuadro, El";"EL CUADRO";"2019-11-08";2024;488.0;104;48742.42
1354;573651;"";"Vuelo de la cigueña, El";"VUELO DE LA CIGUEÑA, EL";"2025-11-26";2025;28.0;21;0.0
1355;57417;"";"Querido Fotogramas";"QUERIDO FOTOGRAMAS";"2018-10-05";2022;32.0;9;0.0
1356;57418;"";"Secaderos";"SECADEROS";"2023-06-02";2023;50021.0;11289;425000.0
1357;57518;"";"Eden";"EDÉN";"2022-10-28";2022;5984.0;1011;0.0
1358;57524;"";"Intersex";"INTERSEX";"2024-04-27";2024;1832.0;345;0.0
1359;57550;"";"Celedonio y yo somos asi (1977) (re)";"CELEDONIO Y YO SOMOS ASI";"2024-10-17";2024;28.0;10;0.0
1360;57620;"";"Lobo Feroz";"LOBO FEROZ";"2023-01-27";2023;216346.0;35929;818277.35
1361;57821;"";"Cerdita";"CERDITA";"2022-10-14";2022;387374.0;64143;895000.0
1362;57822;"";"Tortuga, Los";"LOS TORTUGA";"2025-05-23";2025;120279.0;21978;1000000.0
1363;58021;"";"Fuerza de un barrio, La";"LA FUERZA DE UN BARRIO";"2021-05-21";2021;264.0;52;0.0
1364;58116;"";"Demas dias, Los";"LOS DEMÁS DÍAS";"2017-11-17";2022;324.0;54;86355.0
1365;58224;"";"Novias Del Sur, Las";"LAS NOVIAS DEL SUR";"2025-01-10";2025;7473.0;1490;0.0
1366;58318;"";"Cerro de los Dioses, El";"EL CERRO DE LOS DIOSES";"2020-10-30";2021;228.0;44;0.0
1367;58420;"";"De Caperucita a Loba";"DE CAPERUCITA A LOBA EN SOLO SEIS TÍOS";"2023-04-05";2023;127570.0;20668;480000.0
1368;58423;"";"Mientras seas tu";"MIENTRAS SEAS TÚ";"2024-02-09";2024;31080.0;5629;140000.0
1369;58620;"";"Lo que queda de ti";"LO QUE QUEDA DE TI";"2025-05-16";2025;55022.0;9765;476629.0
1370;58723;"";"Velintonia 3";"VELINTONIA 3";"2025-10-25";2025;1037.0;229;77900.0
1371;58821;"";"Llegada del hijo, La";"LA LLEGADA DEL HIJO";"2025-05-09";2025;13863.0;2393;231649.79
1372;58822;"";"Salvajes, el cuento del lobo";"SALVAJES";"2022-05-06";2022;20912.0;3896;0.0
1373;58823;"";"Hoy es todavia";"HOY ES TODAVÍA";"2024-04-12";2024;5265.0;1062;0.0
1374;59021;"";"Respira, mama";"RESPIRA MAMA";"2024-06-07";2024;751.0;152;0.0
1375;59123;"";"Batalla del viento, La";"LA BATALLA DEL VIENTO";"2023-05-12";2023;706.0;145;0.0
1376;59215;"";"Black is Beltza";"BLACK IS BELTZA";"2018-10-05";2023;418.0;110;0.0
1377;592551;"";"Patrimonio nacional (1981) (re)";"PATRIMONIO NACIONAL";"2021-05-02";2021;387.0;133;0.0
1378;59323;"";"Marina unplugged";"MARINA, UNPLUGGED";"2024-12-07";2025;184.0;33;0.0
1379;59397;"";"Milagro de P. Tinto, El (1998) (re)";"MILAGRO DE P. TINTO, EL";"2023-11-23";2023;121.0;33;0.0
1380;59423;"";"Volvereis";"VOLVERÉIS";"2024-08-30";2024;424586.0;69739;365750.0
1381;594651;"";"Crack, El (1981) (re)";"CRACK, EL";"2024-11-18";2024;410.0;115;0.0
1382;59521;"";"Me cuesta hablar de mi";"ME CUESTA HABLAR DE MÍ";"2022-03-03";2022;442.0;93;0.0
1383;59523;"";"Luis Gordillo. Manual de instrucciones";"LUIS GORDILLO. MANUAL DE INSTRUCCIONES";"2025-11-20";2025;4.0;1;0.0
1384;59613;"";"En Granada es posible";"EN GRANADA ES POSIBLE";"2015-11-13";2024;162.0;35;0.0
1385;59816;"";"Invisibles";"INVISIBLES";"2020-03-06";2021;1389.0;409;217600.0
1386;59915;"";"El Bosco. El jardin de los sueños";"EL BOSCO. EL JARDÍN DE LOS SUEÑOS";"2016-06-09";2022;2705.0;444;89324.38
1387;59918;"";"Demonios de barro, Los";"OS DEMOS DE BARRO (LOS DEMONIOS DE BARRO)";"2022-11-18";2022;897.0;399;317680.0
1388;60014;"";"Migas de pan";"MIGAS DE PAN";"2016-12-07";2022;175.0;33;313950.0
1389;60119;"";"Afterwater";"AFTERWATER";"2023-10-06";2023;280.0;53;0.0
1390;60217;"";"Nacida niña";"NACIDA NIÑA";"2025-12-17";2025;48.0;7;42336.0
1391;60219;"";"Mediterraneo";"MEDITERRÁNEO";"2021-10-01";2021;497976.0;82290;200000.0
1392;60220;"";"Mamacruz";"MAMACRUZ";"2023-10-27";2023;28500.0;4749;700000.0
1393;60221;"";"Viaje de Julieta, El";"EL VIAJE DE JULIETA";"2022-08-26";2022;97.0;17;0.0
1394;602351;"";"Crimen de Cuenca, El (1980)";"CRIMEN DE CUENCA, EL";"2021-10-25";2021;386.0;90;0.0
1395;60421;"";"Negro Purpura";"NEGRO PÚRPURA";"2021-09-24";2021;9066.0;1782;0.0
1396;60520;"";"Alegria";"ALEGRÍA";"2021-12-10";2021;19321.0;3497;480000.0
1397;60598;"";"Flores de otro mundo";"FLORES DE OTRO MUNDO";"1999-05-28";2022;279.0;64;2420.38
1398;60617;"";"Año del descubrimiento, El";"EL AÑO DEL DESCUBRIMIENTO";"2020-11-13";2021;16660.0;2920;62315.4
1399;60719;"";"Una vez mas";"UNA VEZ MÁS";"2020-10-23";2021;53.0;68;0.0
1400;60724;"";"De la Luz y Las Sombras";"DE LA LUZ Y DE LAS SOMBRAS";"2025-05-06";2025;1312.0;212;0.0
1401;60821;"";"Morlaix";"MORLAIX";"2025-03-14";2025;24141.0;4126;153000.0
1402;61017;"";"Inconveniente, El";"EL INCONVENIENTE";"2020-12-18";2021;108614.0;19058;319771.07
1403;61115;"";"Errementari (El herrero y el diablo)";"ERREMENTARI (EL HERRERO Y EL DIABLO)";"2018-03-02";2023;195.0;140;595000.0
1404;61316;"";"Amor y la muerte, El. Historia de Enrique Granados";"EL AMOR Y LA MUERTE. HISTORIA DE ENRIQUE GRANADOS";"2018-11-09";2021;32.0;8;48077.8
1405;61323;"";"Esmorza amb mi";"ESMORZA AMB MI";"2025-06-12";2025;27515.0;4240;650000.0
1406;61324;"";"Fugida, La";"LA FUGIDA";"2024-05-15";2024;633.0;119;0.0
1407;61419;"";"En la alcoba del sultan";"EN LA ALCOBA DEL SULTÁN";"2024-11-15";2024;4093.0;816;160017.6
1408;61523;"";"Mario";"MARIO";"2025-10-10";2025;15245.0;2666;0.0
1409;61623;"";"Jesucristo Flamenco";"JESUCRISTO FLAMENCO, EL DOCUMENTAL";"2025-12-28";2025;23.0;5;0.0
1410;61719;"";"Robin Bank";"ROBIN BANK";"2022-09-23";2022;1756.0;317;0.0
1411;61819;"";"Voluntaria, La";"LA VOLUNTARIA";"2022-06-09";2022;110964.0;18718;391000.0
1412;61824;"";"Afterburn";"AFTERBURN";"2025-09-19";2025;204739.0;31233;0.0
1413;61919;"";"Abadesa, La";"LA ABADESA";"2024-03-22";2024;95145.0;15093;1000000.0
1414;61923;"";"In Memoriam Biel";"IN MEMORIAM BIEL";"2024-10-10";2024;290.0;51;49400.0
1415;62018;"";"Matadero";"MATADERO";"2022-12-09";2022;3417.0;616;84908.2
1416;62216;"";"Olea... ¡Más alto!";"OLEA...MÁS ALTO!!";"2020-11-06";2022;49.0;23;24479.01
1417;6225;"";"Cosa en la niebla, La";"LA COSA EN LA NIEBLA";"2025-11-09";2025;216.0;51;0.0
1418;62316;"";"Carmen y Lola";"CARMEN Y LOLA";"2018-09-07";2022;259.0;91;205945.82
1419;62321;"";"Miss Futuro";"MISS FUTURO";"2021-11-22";2021;583.0;70;0.0
1420;62420;"";"Wojtyla. La Investigacion";"WOJTYLA. LA INVESTIGACIÓN";"2020-08-14";2021;4219.0;704;0.0
1421;62725;"";"Ellas en la ciudad";"ELLAS EN LA CIUDAD";"2025-05-20";2025;480.0;133;0.0
1422;62917;"";"Natura Bizia";"NATURA BIZIA";"2021-04-16";2021;10280.0;1891;0.0
1423;63023;"";"Valenciana";"VALENCIANA";"2024-10-18";2024;21362.0;3583;0.0
1424;6316;"";"Reina de España, La";"LA REINA DE ESPAÑA";"2016-11-25";2023;451.0;154;692673.21
1425;6319;"";"Hasta que la boda nos separe";"HASTA QUE LA BODA NOS SEPARE";"2020-02-14";2021;31.0;10;0.0
1426;63217;"";"Kuartk valley";"KUARTK VALLEY";"2021-11-04";2021;606.0;98;61430.0
1427;63220;"";"Chaplin, espiritu gitano";"CHAPLIN, ESPÍRITU GITANO";"2024-12-13";2024;3505.0;600;250000.0
1428;63321;"";"Emilia";"EMILIA";"2022-11-11";2022;11212.0;2102;0.0
1429;63520;"";"Terra negra, La";"LA TERRA NEGRA";"2025-08-29";2025;30037.0;5259;446250.0
1430;63523;"";"Orrit, Los";"ELS ORRIT";"2023-05-25";2023;1060.0;165;0.0
1431;63617;"";"Viento Sur";"VIENTO SUR";"2023-07-14";2023;1180.0;182;0.0
1432;63620;"";"Xey una historia de película, Los";"LOS XEY, UNA HISTORIA DE PELÍCULA";"2022-11-04";2022;3369.0;524;0.0
1433;63820;"";"Confinados";"CONFINADOS";"2021-11-19";2021;263.0;38;0.0
1434;63821;"";"Calle del agua, La";"LA CALLE DEL AGUA";"2021-10-27";2021;82.0;39;0.0
1435;6385540;"";"Emilia, parada y fonda (1976) (re)";"EMILIA PARADA Y FONDA";"2025-11-04";2025;130.0;44;0.0
1436;64217;"";"Karen";"KAREN";"2021-06-04";2021;10905.0;1999;44477.1
1437;64221;"";"En los margenes";"EN LOS MÁRGENES";"2022-10-07";2022;1099014.0;177045;1000000.0
1438;64225;"";"Renovables forzosas";"RENOVABLES FORZOSAS";"2025-06-01";2025;692.0;107;0.0
1439;64819;"";"Destello bravio";"DESTELLO BRAVÍO";"2021-06-18";2021;19983.0;3297;0.0
1440;64919;"";"Dispararon al pianista";"DISPARARON AL PIANISTA (THEY SHOT THE PIANO PLAYER)";"2023-10-06";2023;157110.0;25829;500000.0
1441;65019;"";"Irati";"IRATI";"2023-02-24";2023;957338.0;157666;838800.0
1442;65216;"";"Ofrenda, La (Ofrena, L')";"L´OFRENA";"2020-09-18";2021;330.0;88;277425.0
1443;65225;"";"Giro final";"GIRO FINAL";"2025-05-16";2025;571.0;90;0.0
1444;65415;"";"Dantza";"DANTZA";"2018-12-21";2021;50.0;11;183750.0
1445;65423;"";"Bajo la sombra de la cruz gamada";"BAJO LA SOMBRA DE LA CRUZ GAMADA";"2023-04-21";2023;131.0;29;0.0
1446;65425;"";"Gure Hitzak";"GURE HITZAK";"2025-06-05";2025;357.0;78;0.0
1447;65519;"";"Antier noche";"ANTIER NOCHE";"2023-11-25";2023;105.0;34;0.0
1448;65625;"";"Alma, un sueño musical";"ALMA, UN SUEÑO MUSICAL";"2025-05-16";2025;1472.0;232;0.0
1449;65716;"";"Elcano y Magallanes. La primera vuelta al mundo";"ELCANO Y MAGALLANES, LA PRIMERA VUELTA AL MUNDO";"2019-07-05";2021;852.0;249;342500.0
1450;65920;"";"Asfixia, La";"ASFIXIA";"2021-05-07";2021;412.0;87;0.0
1451;66116;"";"Buñuel en el laberinto de las tortugas";"BUÑUEL EN EL LABERINTO DE LAS TORTUGAS";"2019-04-26";2021;156.0;31;343750.0
1452;66119;"";"Dues nits d'ahir, Les (Las dos noches de ayer)";"LES DUES NITS D´AHIR";"2021-03-12";2021;11697.0;1951;0.0
1453;66120;"";"Robot Dreams";"ROBOT DREAMS";"2023-12-06";2023;481388.0;78963;840000.0
1454;66218;"";"Metamorphosis";"METAMORPHOSIS";"2022-10-20";2022;1428.0;210;24400.0
1455;66318;"";"Endless cinema";"ENDLESS CINEMA";"2021-10-06";2021;58.0;18;0.0
1456;66320;"";"Pajaros";"PÁJAROS";"2024-04-05";2024;506978.0;83593;700000.0
1457;66398;"";"Todo sobre mi madre (1999) (re)";"TODO SOBRE MI MADRE";"2023-10-21";2023;626.0;416;15843.17
1458;66820;"";"Voz humana, La";"LA VOZ HUMANA";"2020-10-21";2021;3492.0;777;0.0
1459;6703;"";"Platillos volantes (2003) (re)";"PLATILLOS VOLANTES";"2022-09-06";2022;3.0;1;681268.24
1460;67119;"";"Liuben";"LIUBEN";"2023-07-06";2023;4156.0;721;0.0
1461;67315;"";"Peter Plan";"PETER PLAN";"2022-03-24";2022;140.0;31;0.0
1462;67503;"";"Maquinista, El (2004) (re)";"EL MAQUINISTA";"2025-04-29";2025;110.0;56;995549.81
1463;67720;"";"Imatge permanent, La";"LA IMAGEN PERMANENTE";"2023-11-17";2023;12430.0;2211;480000.0
1464;67721;"";"Cecilia Bartolome. Tan lejos, tan cerca";"CECILIA BARTOLOMÉ, TAN LLUNY TAN A PROP";"2025-05-11";2025;100.0;86;0.0
1465;67818;"";"Novelda-Japon";"NOVELDA-JAPÓN";"2023-05-10";2023;963.0;181;0.0
1466;67825;"";"Tres hombres no pueden ocultarse bajo la tapa de un puchero";"TRES HOMBRES NO PUEDEN OCULTARSE BAJO LA TAPA DE UN PUCHERO";"2025-09-22";2025;1620.0;281;0.0
1467;67920;"";"Una ballena";"UNA BALLENA";"2025-03-28";2025;15267.0;2869;680000.0
1468;68020;"";"Renaceres";"RENACERES";"2020-12-18";2021;28.0;7;0.0
1469;68119;"";"Matrioskas, las niñas de la guerra";"MATRIOSKAS, LAS NIÑAS DE LA GUERRA";"2022-09-12";2022;2984.0;562;0.0
1470;68123;"";"Amor platonico";"AMOR PLATÓNICO";"2024-06-13";2024;2986.0;461;0.0
1471;6817;"";"Fantasia";"FANTASIA";"2021-11-26";2021;1707.0;300;0.0
1472;68217;"";"Negros, Los";"LOS NEGROS";"2022-03-25";2022;13787.0;2371;0.0
1473;68417;"";"Ane";"ANE";"2020-10-16";2021;50495.0;9228;16446.8
1474;68716;"";"Auteretrato";"AUTERRETRATO";"2019-09-13";2021;838.0;175;71100.0
1475;68920;"";"Poliamor para principiantes";"POLIAMOR PARA PRINCIPIANTES";"2021-05-21";2021;272517.0;45292;1142609.2
1476;69119;"";"Hanna y las navidades olvidadas";"HANNA I ELS NADALS OBLIDATS (HANNA Y LAS NAVIDADES OLVIDADAS)";"2025-12-05";2025;44758.0;8018;480000.0
1477;69217;"";"Pessoas";"PESSOAS";"2022-03-18";2022;1235.0;196;0.0
1478;69223;"";"Unzue. El ultimo equipo de Juancar";"UNZUÉ. L’ÚLTIM EQUIP DEL JUANCAR";"2023-05-05";2023;17342.0;3049;0.0
1479;6923;"";"Camino de la suerte";"CAMINO DE LA SUERTE";"2023-10-20";2023;4419.0;1241;0.0
1480;69325;"";"Olimpicas. Destino Berlin";"OLÍMPICAS. DESTINO BERLÍN";"2025-06-16";2025;4526.0;673;0.0
1481;69513;"";"Trinta Lumes";"TRINTA LUMES";"2019-02-08";2023;151.0;31;0.0
1482;6952;"";"Bienvenido Mister Marshall (1953)(Re)";"BIENVENIDO MISTER MARSHALL";"2002-12-20";2025;1175.0;205;0.0
1483;69806;"";"Mancha negra, La";"LA MANCHA NEGRA";"2021-06-04";2021;2642.0;694;0.0
1484;6990;"";"Amantes (1991) (re)";"AMANTES";"2021-02-26";2021;156.0;53;0.0
1485;70219;"";"Vida sense la Sara Amat, La";"LA VIDA SENSE LA SARA AMAT";"2019-07-12";2022;9.0;2;0.0
1486;70223;"";"Quatre Raons";"QUATRE RAONS";"2023-06-07";2023;1632.0;309;0.0
1487;70320;"";"De perdidos a Rio";"DE PERDIDOS A RÍO";"2023-08-04";2023;736712.0;119278;840000.0
1488;704551;"";"Secta siniestra (1982) (re)";"SECTA SINIESTRA";"2023-05-06";2023;88.0;16;0.0
1489;709151;"";"Estado de las cosas, El (1982) (re)";"ESTADO DE LAS COSAS, EL";"2024-05-27";2024;144.0;51;0.0
1490;71013;"";"Riqueni";"RIQUENI";"2025-09-08";2025;930.0;147;164079.8
1491;71318;"";"Coraje";"CORAJE";"2023-10-19";2025;291.0;45;0.0
1492;71324;"";"Muerte en Amara";"MUERTE EN AMARA";"2024-10-25";2024;1458.0;250;0.0
1493;71511;"";"A Esmorga";"A ESMORGA";"2014-11-21";2024;717.0;120;252215.14
1494;7186;"";"Ley del deseo, La (1987) (re)";"LA LEY DEL DESEO";"2025-08-04";2025;1030.0;165;0.0
1495;71923;"";"Caballo español, el origen, El";"EL CABALLO ESPAÑOL, EL ORIGEN";"2025-11-20";2025;925.0;131;0.0
1496;71925;"";"Efecto ALL1, El: Parte II";"EL EFECTO ALL1 - PARTE 2";"2024-10-17";2024;12541.0;859;0.0
1497;72323;"";"Vida de Brianeitor, La";"LA VIDA DE BRIANEITOR";"2023-10-11";2023;5828.0;996;0.0
1498;72550;"";"Endemoniada, La (1975) (re)";"ENDEMONIADA, LA";"2025-11-15";2025;176.0;47;0.0
1499;72924;"";"¿A mi quien me cuida?";"¿A MÍ QUIÉN ME CUIDA?";"2025-06-12";2025;1645.0;213;0.0
1500;73120;"";"Cancion de Sima, La";"LA CANCIÓN DE SIMA";"2025-05-01";2025;2007.0;404;244800.0
1501;73215;"";"Jaulas";"JAULAS";"2018-11-23";2021;54.0;19;300150.0
1502;73620;"";"Pequeños amores, Los";"LOS PEQUEÑOS AMORES";"2024-03-08";2024;191333.0;31749;688269.6
1503;73715;"";"Vitoria, 3 de marzo";"VITORIA, 3 DE MARZO";"2019-05-01";2021;482.0;85;355459.5
1504;73720;"";"Tardes de soledad";"TARDES DE SOLEDAD";"2025-03-07";2025;345230.0;51092;291550.0
1505;744751;"";"Vestida de azul (1983) (re)";"VESTIDA DE AZUL";"2023-03-10";2023;343.0;74;0.0
1506;74596;"";"Vida y Color";"VIDA Y COLOR";"2006-01-05";2021;94.0;32;671099.16
1507;74719;"";"Sindrome inverso de Ebenezer Scrooge, El";"LA SÍNDROME INVERSA D´EBENEZER SCROOGE";"2021-06-03";2021;300.0;72;0.0
1508;74819;"";"Desvida, La";"LA DESVIDA";"2022-05-27";2022;3144.0;517;0.0
1509;74823;"";"Sueño del ladron, El";"EL SUEÑO DEL LADRÓN";"2024-04-18";2024;539.0;107;0.0
1510;74824;"";"Espazos en branco, Os";"OS ESPAZOS EN BRANCO";"2024-11-06";2024;1627.0;253;0.0
1511;74919;"";"En attendant mai";"EN ATTENDANT MAI";"2021-05-06";2021;635.0;130;0.0
1512;75024;"";"Azul de niño";"AZUL DE NIÑO";"2025-06-27";2025;2475.0;358;0.0
1513;7513;"";"Maniobra de Heimlich, La";"LA MANIOBRA DE HEIMLICH";"2015-11-27";2023;60.0;17;0.0
1514;75219;"";"Jirafa en el balcon, Una";"UNA JIRAFA EN EL BALCÓN";"2025-10-03";2025;834.0;127;0.0
1515;7523;"";"Un sol radiant";"UN SOL RADIANT";"2024-05-17";2024;12678.0;2248;0.0
1516;75324;"";"Miradas del cine español";"MIRADAS DEL CINE ESPAÑOL";"2024-09-04";2024;183.0;61;0.0
1517;75495;"";"Mas que amor, frenesi (1996) (re)";"MAS QUE AMOR, FRENESI";"2023-07-06";2023;493.0;89;0.0
1518;75608;"";"Cuchillo de palo";"CUCHILLO DE PALO";"2011-12-16";2021;33.0;22;0.0
1519;75715;"";"Pieles";"PIELES";"2017-06-09";2023;6.0;1;0.0
1520;75818;"";"Este amor es de otro planeta";"ESTE AMOR ES DE OTRO PLANETA";"2021-03-31";2021;960.0;166;0.0
1521;75824;"";"Kostaldetik gertuko istorioak";"KOSTALDETIK GERTUKO ISTORIOAK";"2024-08-02";2024;775.0;124;0.0
1522;76099;"";"Plata quemada (2000) (re)";"PLATA QUEMADA";"2023-07-13";2023;76.0;25;441730.62
1523;76104;"";"OBABA";"OBABA";"2005-09-16";2021;52.0;12;1046655.13
1524;76420;"";"¡Ni te me acerques!";"¡NI TE ME ACERQUES!";"2020-11-13";2021;174.0;43;0.0
1525;76523;"";"Generaciones en un escenario (40 años de música en Valladolid)";"GENERACIONES EN UN ESCENARIO (40 AÑOS DE MÚSICA EN VALLADOLID)";"2024-04-19";2024;5569.0;847;0.0
1526;768051;"";"Kapo, El";"KAPO";"2023-05-07";2023;252.0;249;0.0
1527;76817;"";"Tierras solares";"TIERRAS SOLARES";"2025-04-07";2025;157.0;29;0.0
1528;76915;"";"Morir";"MORIR";"2017-10-06";2023;95.0;19;379381.88
1529;77219;"";"Alcarras";"ALCARRÀS";"2022-04-29";2022;2379944.0;403601;500000.0
1530;7723;"";"5 dias con Eva";"5 DÍAS CON EVA";"2023-03-17";2023;1134.0;157;0.0
1531;77307;"";"Petit Indi (2009) (re)";"PETIT INDI";"2025-03-29";2025;220.0;22;309367.39
1532;77320;"";"Bolante baten historia (Historia de un volante)";"BOLANTE BATEN HISTORIA";"2021-11-19";2021;5403.0;966;0.0
1533;77619;"";"Traidores";"TRAIDORES";"2021-03-26";2021;3483.0;561;0.0
1534;7784;"";"Tasio (1984) (re)";"TASIO";"2025-09-23";2025;462.0;154;0.0
1535;77920;"";"Empieza el baile";"EMPIEZA EL BAILE";"2023-04-05";2023;116082.0;18257;0.0
1536;78020;"";"Costa Brava, Libano";"COSTA BRAVA, LÍBANO";"2022-05-27";2022;16411.0;2883;100000.0
1537;78025;"";"Borau y el cine";"BORAU Y EL CINE";"2025-06-27";2025;959.0;159;0.0
1538;7820;"";"15 horas";"15 HORAS";"2021-11-27";2021;857.0;186;0.0
1539;78215;"";"522. Un gato, un chino y mi padre";"522. UN GATO, UN CHINO Y MI PADRE";"2019-07-05";2023;88.0;22;333259.92
1540;7823;"";"L'Edat Imminent";"L’EDAT IMMINENT";"2024-12-13";2024;16166.0;2617;0.0
1541;78515;"";"Lua Vermella";"LÚA VERMELLA";"2020-10-30";2021;516.0;88;0.0
1542;78915;"";"Cabeza y corazon";"CABEZA Y CORAZÓN";"2023-12-01";2023;689.0;108;64000.0
1543;78920;"";"Goya. El ojo que escucha";"GOYA. EL OJO QUE ESCUCHA";"2022-10-28";2022;20282.0;3274;41426.94
1544;7901140;"";"Seduccion de caos, La (1990) (re)";"SEDUCCION DEL CAOS, LA";"2025-12-03";2025;168.0;53;0.0
1545;79518;"";"Cuento de las comadrejas, El";"EL CUENTO DE LAS COMADREJAS";"2019-07-12";2021;31.0;5;0.0
1546;79723;"";"Auto das animas, O";"O AUTO DAS ÁNIMAS";"2024-05-03";2024;2002.0;350;0.0
1547;80100;"";"Palo, El (2001) (re)";"EL PALO";"2025-04-14";2025;80.0;14;692726.23
1548;80120;"";"Honeymoon";"HONEYMOON";"2024-01-12";2024;35502.0;6043;0.0
1549;80220;"";"Mariposas negras";"MARIPOSAS NEGRAS";"2024-12-13";2024;32242.0;6108;586500.0
1550;80320;"";"Societat negra (Sociedad negra)";"SOCIETAT NEGRA";"2024-10-25";2024;8506.0;1575;0.0
1551;80420;"";"Hermano Caballo";"HERMANO CABALLO";"2023-06-08";2023;20511.0;2956;0.0
1552;80614;"";"Truman";"TRUMAN";"2015-10-30";2025;283.0;52;1546750.0
1553;80812;"";"Presentimientos";"PRESENTIMIENTOS";"2014-01-24";2021;206.0;70;1084766.17
1554;80907;"";"Cancion perdida";"CANCIÓN PERDIDA";"2023-05-06";2023;1587.0;371;0.0
1555;81018;"";"Eles Transportan a Morte";"ELES TRANSPORTAN A MORTE";"2022-05-13";2022;2748.0;473;201781.5
1556;81019;"";"Fred que Crema, El";"EL FRED QUE CREMA";"2023-01-20";2023;91656.0;14267;0.0
1557;81100;"";"Otros, Los (2001) (re)";"LOS OTROS";"2025-10-09";2025;213.0;49;912670.77
1558;81220;"";"Consagración de la primavera, La";"LA CONSAGRACIÓN DE LA PRIMAVERA";"2022-09-30";2022;50715.0;11128;744922.0
1559;81224;"";"Traginer de cancons, El";"EL TRAGINER DE CANÇONS";"2024-11-14";2024;1597.0;324;0.0
1560;81319;"";"Mujeres olvidadas";"MUJERES OLVIDADAS";"2023-06-09";2023;4212.0;732;0.0
1561;81419;"";"Sueño de Sigena, El";"EL SUEÑO DE SIGENA";"2021-11-09";2021;22279.0;4041;192000.0
1562;81421;"";"Mapa";"MAX AUB MAPA";"2013-02-01";2023;197.0;62;15136.2
1563;81510;"";"Katmandu, un espejo en el cielo";"KATMANDÚ, UN ESPEJO EN EL CIELO";"2012-02-03";2022;502.0;115;1404959.21
1564;81605;"";"Embrujo de Quijat, El";"EL EMBRUJO DE QUIJAT";"2023-11-06";2023;1232.0;411;80000.0
1565;81615;"";"Zerø";"ZERO";"2021-04-23";2021;2558.0;415;0.0
1566;81622;"";"¡Dolores, guapa!";"¡DOLORES GUAPA!";"2022-03-27";2022;6709.0;1162;0.0
1567;81717;"";"San Simon";"SAN SIMÓN";"2025-10-24";2025;66663.0;12247;378250.0
1568;81720;"";"Manticora";"MANTÍCORA";"2022-12-09";2022;202085.0;32969;680245.0
1569;81819;"";"Vaca mugiendo entre ruinas";"VACA MUGIENDO ENTRE RUINAS";"2021-06-18";2021;531.0;99;46520.5
1570;81820;"";"Que nadie duerma";"QUE NADIE DUERMA";"2023-11-17";2023;114934.0;19549;708814.0
1571;81822;"";"Jockey, El";"EL JOCKEY";"2025-05-30";2025;68525.0;14112;0.0
1572;81824;"";"Hijas del trueno, Las";"LAS HIJAS DEL TRUENO";"2025-06-27";2025;141.0;22;0.0
1573;81919;"";"Nazdrave Amigo!";"NAZDRAVE, AMIGO!";"2023-10-17";2023;344.0;69;0.0
1574;81920;"";"Emergency Exit";"EMERGENCY EXIT";"2025-12-19";2025;4210.0;667;0.0
1575;82022;"";"Una quinta portuguesa";"UNA QUINTA PORTUGUESA";"2025-05-09";2025;704553.0;118823;800000.0
1576;82115;"";"¡Folk! Una mirada a la musica tradicional";"FOLK! UNA MIRADA A LA MÚSICA TRADICIONAL";"2018-11-12";2022;262.0;44;0.0
1577;82319;"";"Dos";"DOS";"2021-07-23";2021;4059.0;703;0.0
1578;82512;"";"Ayer no termina nunca";"AYER NO TERMINA NUNCA";"2013-04-26";2024;319.0;70;58306.78
1579;82520;"";"Un año, una noche";"UN AÑO, UNA NOCHE";"2022-10-21";2022;154140.0;26046;720480.0
1580;8252940;"";"Gran Casal, me como el mundo";"GRAN CASAL ME COMO EL MUNDO";"2025-04-21";2025;181.0;33;0.0
1581;82717;"";"Ons";"ONS";"2020-12-18";2021;15948.0;2945;260000.0
1582;82801;"";"Hable con ella (2002) (re)";"HABLE CON ELLA";"2023-05-30";2023;812.0;229;933911.14
1583;82819;"";"Valentina";"VALENTINA";"2021-12-10";2021;34995.0;8071;800000.0
1584;828651;"";"Vaquilla, La (1985) (re)";"VAQUILLA, LA";"2020-12-16";2021;355.0;87;0.0
1585;82916;"";"Santa fiesta";"SANTA FIESTA";"2016-05-27";2024;109.0;18;0.0
1586;82919;"";"Desconocida, La";"LA DESCONOCIDA";"2023-06-09";2023;43823.0;7018;531250.0
1587;83019;"";"Arantzazu";"¡OLVIDATE DEL CINE!";"2024-04-12";2024;2080.0;527;114952.3
1588;83020;"";"Por los pelos";"POR LOS PELOS, UNA HISTORIA DE AUTOESTIMA";"2022-08-12";2022;624871.0;105148;0.0
1589;83025;"";"Dani Fernandez. Todo cambia";"TODO CAMBIA. UN DOCUMENTAL SOBRE DANI FERNÁNDEZ";"2025-06-19";2025;15604.0;2085;0.0
1590;83120;"";"Filme pajaros volando";"FILMEI PAXAROS VOANDO";"2025-01-31";2025;2320.0;378;51000.0
1591;83218;"";"Vasco, El";"EL VASCO";"2022-10-06";2022;87492.0;15061;0.0
1592;83513;"";"Con la Pata Quebrada";"CON LA PATA QUEBRADA";"2013-06-13";2022;77.0;22;0.0
1593;83519;"";"Espiritu sagrado";"ESPÍRITU SAGRADO";"2021-11-26";2021;33228.0;5670;506000.0
1594;83722;"";"Control Room";"CONTROL ROOM";"2025-09-19";2025;1100.0;191;0.0
1595;83815;"";"Incierta gloria";"INCIERTA GLORIA";"2017-03-17";2021;83.0;21;569191.0
1596;83821;"";"Tierras del cielo, Las";"LAS TIERRAS DEL CIELO";"2024-01-30";2024;229.0;49;0.0
1597;838740;"";"Tintin y el misterio de las naranjas azules (1964) (re)";"TINTIN Y EL MISTERIO DE LAS NARANJAS AZULES";"2023-01-07";2023;51.0;11;0.0
1598;83915;"";"Entre dos aguas";"ENTRE DOS AGUAS";"2018-11-30";2022;9.0;2;288322.35
1599;83920;"";"Live is Life";"LIVE IS LIFE";"2022-06-03";2022;320873.0;52952;604999.5
1600;84013;"";"Dios prohibido, Un";"UN DIOS PROHIBIDO";"2013-06-14";2024;512.0;128;0.0
1601;84022;"";"Daniela Forever";"DANIELA FOREVER";"2025-02-21";2025;26760.0;4359;800000.0
1602;84115;"";"Mundo es suyo, El";"EL MUNDO ES SUYO";"2018-06-22";2023;1163.0;306;0.0
1603;84118;"";"Mais ca vida";"MÁIS CA VIDA";"2018-11-23";2022;46.0;7;0.0
1604;84219;"";"Canto cosmico. Niño de Elche";"CANTO CÓSMICO. NIÑO DE ELCHE";"2022-02-04";2022;6355.0;1093;30875.0
1605;84319;"";"Tierra de nuestras madres";"TIERRA DE NUESTRAS MADRES";"2023-07-20";2023;28594.0;5082;0.0
1606;84417;"";"Caribe, todo incluido";"CARIBE, TODO INCLUIDO";"2022-08-12";2022;1480.0;225;0.0
1607;84419;"";"Cuñados";"CUÑADOS";"2021-04-09";2021;265986.0;47223;0.0
1608;84519;"";"Pacifiction";"PACIFICTION";"2022-09-02";2022;87594.0;14232;272000.0
1609;84521;"";"Islandia, el refugio perfecto";"ISLANDIA";"2021-05-02";2021;2121.0;327;0.0
1610;84619;"";"Camino, El";"EL CAMINO";"2020-10-31";2021;31.0;7;0.0
1611;84620;"";"Codigo Emperador";"CÓDIGO EMPERADOR";"2022-03-18";2022;962979.0;154765;840000.0
1612;84725;"";"Temps Mort";"TEMPS MORT";"2025-09-12";2025;3357.0;569;0.0
1613;85019;"";"Cau, El";"EL CAU";"2021-11-27";2021;277.0;56;0.0
1614;85115;"";"Video Blues";"VIDEO BLUES";"2020-09-27";2021;300.0;90;39433.2
1615;85119;"";"Siglo de Galdos, El";"EL SIGLO DE GALDÓS";"2020-10-30";2022;138.0;59;0.0
1616;8516;"";"Abracadabra";"ABRACADABRA";"2017-08-04";2022;60.0;18;980000.0
1617;85219;"";"Maria Solinha";"MARÍA SOLINHA";"2021-11-26";2021;9343.0;1614;0.0
1618;85323;"";"Instinto, El";"EL INSTINTO";"2025-05-16";2025;23071.0;3715;0.0
1619;85325;"";"Coleccionista, La";"LA COLECCIONISTA";"2025-08-22";2025;96671.0;14357;0.0
1620;85419;"";"Donde mas duele";"DONDE MÁS DUELE (ONDE MÁIS DOE)";"2022-05-27";2022;668.0;125;0.0
1621;85515;"";"Mudar la piel";"MUDAR LA PIEL";"2018-10-05";2021;82.0;36;17966.09
1622;85622;"";"Virgen de la tosquera, La";"LA VIRGEN DE LA TOSQUERA";"2026-01-23";2025;243.0;34;181000.0
1623;85909;"";"Miguel Hernandez";"MIGUEL HERNANDEZ";"2025-03-31";2025;55.0;9;0.0
1624;85918;"";"Dolor y gloria";"DOLOR Y GLORIA";"2019-03-22";2021;62.0;19;700000.0
1625;86018;"";"Amor en Polvo";"AMOR EN POLVO";"2020-07-24";2021;206.0;49;0.0
1626;86050;"";"Reportero, El (1975) (re)";"REPORTERO, EL";"2021-03-18";2021;508.0;103;0.0
1627;86120;"";"Vacaciones de Yoko, Las";"LAS VACACIONES DE YOKO";"2022-12-02";2022;8990.0;1716;0.0
1628;86220;"";"Universo Montesinos, El";"EL UNIVERSO MONTESINOS";"2022-12-02";2022;40.0;215;0.0
1629;86317;"";"Dulce sabor del limon, El";"EL DULCE SABOR DEL LIMÓN";"2018-12-06";2021;200.0;50;0.0
1630;86422;"";"Casa Reynal";"CASA REYNAL";"2025-01-07";2025;2022.0;375;0.0
1631;86519;"";"Magaluf Ghost Town";"MAGALUF GHOST TOWN";"2021-11-26";2021;1911.0;309;0.0
1632;86520;"";"Espejo, Espejo";"ESPEJO ESPEJO";"2022-05-20";2022;76214.0;12352;826769.01
1633;8653;"";"Comicos (1954) (re)";"COMICOS";"2022-07-04";2022;94.0;22;0.0
1634;86608;"";"O Apostolo";"O APÓSTOLO";"2012-10-31";2023;46.0;13;506500.0
1635;86619;"";"Hija del volcan";"HIJA DEL VOLCÁN";"2025-05-23";2025;3203.0;627;104308.17
1636;86719;"";"Aztarnak-Huellas";"AZTARNAK HUELLAS";"2021-10-15";2021;4992.0;869;0.0
1637;86919;"";"Lodo, El";"EL LODO";"2021-12-10";2021;127134.0;21321;0.0
1638;87022;"";"Misteriosa mirada del flamenco, La";"LA MISTERIOSA MIRADA DEL FLAMENCO";"2026-01-16";2025;1966.0;421;99630.0
1639;87120;"";"Black is Beltza II: Ainhoa";"BLACK IS BELTZA II: AINHOA";"2022-09-30";2022;42632.0;8233;0.0
1640;87220;"";"Toscana";"TOSCANA";"2022-05-27";2022;27924.0;5389;0.0
1641;873;"";"Espíritu de la colmena, El (1973) (re)";"EL ESPÍRITU DE LA COLMENA";"2023-09-01";2023;16305.0;3528;10000.0
1642;87425;"";"Biblioteca de pedra seca";"BIBLIOTECA DE PEDRA SECA";"2025-06-19";2025;1247.0;184;0.0
1643;87816;"";"Noche de 12 años, La";"LA NOCHE DE 12 AÑOS";"2018-11-23";2025;661.0;120;629276.0
1644;88020;"";"Estafa del amor, La";"LA ESTAFA DEL AMOR";"2023-11-14";2023;210.0;93;90000.0
1645;88021;"";"Ramona";"RAMONA";"2022-11-25";2022;8228.0;1312;0.0
1646;88117;"";"Trinchera infinita, La";"LA TRINCHERA INFINITA";"2019-10-31";2021;917.0;226;594000.0
1647;88119;"";"Carga el diablo, Lo";"LO CARGA EL DIABLO";"2025-04-25";2025;6462.0;997;0.0
1648;88123;"";"Madrid, EXT";"MADRID, EXT.";"2025-08-28";2025;41342.0;6174;45858.5
1649;88218;"";"Libertad";"LIBERTAD";"2021-11-19";2021;91937.0;16270;432000.0
1650;88222;"";"Reflejos en una habitacion";"REFLEJOS EN UNA HABITACIÓN";"2024-09-27";2024;622.0;104;0.0
1651;88319;"";"Mala familia, La";"LA MALA FAMILIA";"2023-05-05";2023;6538.0;1175;0.0
1652;88350;"";"Pascual Duarte (1976) (re)";"PASCUAL DUARTE";"2025-05-07";2025;70.0;20;0.0
1653;88520;"";"Gleich";"GLEICH";"2023-11-10";2023;2095.0;338;0.0
1654;88622;"";"Robotia";"ROBOTIA";"2024-06-07";2024;13072.0;2559;0.0
1655;88720;"";"Erlauntza-Enjambre";"ERLAUNTZA-ENJAMBRE";"2020-11-06";2024;126.0;63;0.0
1656;88919;"";"Palabras para un fin del mundo";"PALABRAS PARA UN FIN DEL MUNDO";"2020-11-13";2021;404.0;217;0.0
1657;89011;"";"Desentierro, El";"EL DESENTIERRO";"2018-11-16";2023;26.0;11;161950.09
1658;89019;"";"Nueve Sevillas";"9 SEVILLAS";"2021-11-19";2021;1440.0;426;102000.0
1659;8908340;"";"Mascara de cristal, La";"MASCARA DE CRISTAL, LA";"2021-11-24";2021;70.0;30;0.0
1660;89218;"";"Objetos";"OBJETOS";"2022-09-30";2022;237165.0;51877;725603.1
1661;89318;"";"Tierra de leche y miel";"TIERRA DE LECHE Y MIEL";"2021-07-31";2021;488.0;116;0.0
1662;89422;"";"Mesita del comedor, La";"LA MESITA DEL COMEDOR";"2023-11-30";2023;21086.0;3227;0.0
1663;89425;"";"Riadas";"RIADAS";"2025-09-16";2025;2722.0;443;0.0
1664;89519;"";"Mujer dormida, La";"LA MUJER DORMIDA";"2024-05-31";2024;42312.0;9417;700000.0
1665;89620;"";"Rita";"RITA";"2024-10-25";2024;80326.0;15017;1000000.0
1666;896951;"";"Viaje a ninguna parte, El (1986) (re)";"VIAJE A NINGUNA PARTE, EL";"2023-03-08";2023;722.0;177;0.0
1667;89719;"";"Apaiz Kartzela (La carcel de curas)";"APAIZ KARTZELA";"2021-11-26";2021;7255.0;1275;0.0
1668;89721;"";"Goya 3 de mayo";"GOYA 3 DE MAYO";"2023-09-22";2023;63.0;13;0.0
1669;89819;"";"Parra, La";"LA PARRA";"2024-12-13";2024;6995.0;1206;140000.0
1670;89820;"";"Balandrau, infierno helado";"BALANDRAU, INFERN GLAÇAT";"2021-05-12";2021;302.0;76;0.0
1671;8983;"";"Bicicletas son para el verano (1948) (re)";"BICICLETAS SON PARA EL VERANO, LAS";"2022-07-14";2022;195.0;50;0.0
1672;89920;"";"Vacances de Mara, Les";"LES VACANCES DE MARA";"2024-09-27";2024;1944.0;396;0.0
1673;89922;"";"Bidean Jarraituz. Siguiendo en el camino";"BIDEAN JARRAITUZ (SIGUIENDO EN EL CAMINO)";"2023-02-10";2023;3977.0;603;0.0
1674;90020;"";"Sica";"SICA";"2023-05-19";2023;33823.0;5763;800000.0
1675;90404;"";"Un hombre tranquilo";"UN HOMBRE TRANQUILO";"2025-03-16";2025;46.0;32;0.0
1676;90421;"";"Nosotros";"NOSOTROS";"2025-02-28";2025;18594.0;3237;1200000.0
1677;90520;"";"Cinco lobitos";"CINCO LOBITOS";"2022-05-20";2022;871338.0;145461;800000.0
1678;90809;"";"Niños salvajes, Los (2012) (re)";"LOS NIÑOS SALVAJES";"2024-05-07";2024;195.0;73;768019.15
1679;90920;"";"Camino Ignaciano, El";"EL CAMINO IGNACIANO";"2022-07-22";2022;8087.0;1492;0.0
1680;91019;"";"Asombrosa Elisa";"ASOMBROSA ELISA";"2022-10-14";2022;3249.0;554;0.0
1681;91020;"";"Cristina Garcia Rodero: La mirada oculta";"CRISTINA GARCÍA RODERO – LA MIRADA OCULTA";"2023-12-01";2023;17853.0;3050;85255.0
1682;9120;"";"Baila con el corazon";"BAILA CON EL CORAZÓN";"2022-02-20";2022;495.0;110;0.0
1683;91217;"";"Rezador, El";"EL REZADOR";"2022-04-08";2022;1121.0;198;0.0
1684;91222;"";"Si todas las puertas se cierran";"SI TODAS LAS PUERTAS SE CIERRAN";"2023-04-14";2023;44786.0;7788;0.0
1685;91320;"";"Novia de America, La";"LA NOVIA DE AMÉRICA";"2023-02-17";2023;86225.0;13995;500000.0
1686;91422;"";"Singular";"SINGULAR";"2025-11-28";2025;114913.0;18023;628397.33
1687;91612;"";"Dormiamos, despertamos";"DORMIAMOS, DESPERTAMOS";"2024-05-15";2024;312.0;59;0.0
1688;91617;"";"Yuli";"YULI";"2018-12-14";2021;584.0;129;208000.0
1689;91619;"";"HollyBlood";"HOLLYBLOOD";"2022-07-22";2022;15228.0;2743;0.0
1690;91720;"";"Alma quebrada";"ALMA QUEBRADA";"2025-03-25";2025;35.0;12;107843.75
1691;91722;"";"Señor, llevame pronto";"SEÑOR, LLÉVAME PRONTO";"2025-05-15";2025;1331.0;359;0.0
1692;9179;"";"Arrebato (1980) (re)";"ARREBATO";"2022-04-20";2022;2606.0;707;8000.0
1693;91919;"";"Escanyapobres";"ESCANYAPOBRES";"2024-11-29";2024;8381.0;1576;0.0
1694;921;"";"Comuneros";"COMUNEROS";"2022-06-17";2022;11513.0;1906;0.0
1695;92120;"";"Quest";"QUEST";"2023-12-01";2023;1780.0;375;0.0
1696;9221;"";"Ombligo de Guie'dani, El";"EL OMBLIGO DE GUIE´DANI";"2021-02-12";2021;5939.0;1080;0.0
1697;92219;"";"A nuestros amigos";"A NUESTROS AMIGOS";"2025-04-04";2025;6421.0;947;174180.0
1698;92220;"";"Beach House";"BEACH HOUSE";"2023-07-27";2023;615.0;127;0.0
1699;92222;"";"Voz del Sol, La";"LA VOZ DEL SOL";"2023-09-22";2023;146923.0;27732;0.0
1700;92318;"";"Virgen de Agosto, La";"LA VIRGEN DE AGOSTO";"2019-08-15";2021;1906.0;409;83308.5
1701;92525;"";"Sunu Gaal (Nuestro cayuco)";"SUNU GAAL (NUESTRO CAYUCO)";"2025-09-19";2025;422.0;73;0.0
1702;92618;"";"Sueño de la sultana, El";"EL SUEÑO DE LA SULTANA";"2023-11-17";2023;7251.0;1390;357000.0
1703;92722;"";"Mecanismo invisible, El";"EL MECANISMO INVISIBLE";"2022-07-01";2022;396.0;102;0.0
1704;9285;"";"Tiempo de silencio (1986) (re)";"TIEMPO DE SILENCIO";"2024-02-20";2024;674.0;197;0.0
1705;92920;"";"Revolucion de las musas, La";"LA REVOLUCIÓN DE LAS MUSAS";"2024-12-12";2024;2225.0;363;171541.05
1706;92994;"";"Gernika";"GERNIKA";"2016-09-09";2022;55.0;10;0.0
1707;93122;"";"Reinas";"REINAS";"2024-09-06";2024;50663.0;8654;150000.0
1708;93222;"";"Hombres íntegros";"HOMBRES ÍNTEGROS";"2025-05-23";2025;5101.0;883;0.0
1709;93321;"";"Clara Campoamor, un voto para despertar";"CLARA CAMPOAMOR, UN VOTO PARA DESPERTAR";"2023-02-19";2023;1620.0;379;0.0
1710;93322;"";"Supernatural";"SUPERNATURAL";"2025-12-05";2025;2458.0;337;127500.0
1711;93409;"";"Animals";"ANIMAL´S";"2012-10-26";2022;134.0;44;915280.51
1712;93416;"";"Footprints El Camino de tu Vida";"FOOTPRINTS, EL CAMINO DE TU VIDA";"2016-09-23";2023;409.0;72;0.0
1713;93420;"";"Sobre todo de noche";"SOBRE TODO DE NOCHE";"2023-12-01";2023;35432.0;5983;493610.0
1714;935251;"";"Moros y Cristianos (1987)";"MOROS Y CRISTIANOS";"2021-08-20";2021;730.0;155;0.0
1715;93820;"";"Paredes hablan, Las";"LAS PAREDES HABLAN";"2023-02-03";2023;22584.0;3658;289148.32
1716;93920;"";"Samsara";"SAMSARA";"2023-12-20";2023;64309.0;10750;161840.0
1717;93922;"";"Niña de la cabra, La";"LA NIÑA DE LA CABRA";"2025-04-11";2025;31257.0;5092;774365.81
1718;94100;"";"Lucia y el Sexo (2001) (re)";"LUCÍA Y EL SEXO";"2025-10-28";2025;104.0;162;914984.16
1719;94119;"";"Casa, La";"LA CASA";"2024-05-01";2024;590096.0;100922;637500.0
1720;94219;"";"Vida Chipen, La";"LA VIDA CHIPÉN";"2022-05-27";2022;715.0;166;0.0
1721;94420;"";"Mujeres sin censura";"MUJERES SIN CENSURA";"2022-12-21";2023;464.0;108;0.0
1722;94619;"";"Regreso a Raqqa";"RETORN A RAQQA / REGRESO A RAQQA";"2023-01-27";2023;3036.0;542;0.0
1723;94620;"";"My Mexican Bretzel";"MY MEXICAN BRETZEL";"2020-12-11";2021;12377.0;2152;0.0
1724;94722;"";"Leo & Lou";"LEO & LOU";"2025-11-07";2025;153487.0;24458;1072000.0
1725;94807;"";"Año de todos los demonios, El";"EL AÑO DE TODOS LOS DEMONIOS";"2025-05-27";2025;319.0;55;0.0
1726;94816;"";"Raymond Roussel: El dia de gloria";"RAYMOND ROUSSEL: LE JOUR DE GLOIRE";"2022-06-15";2022;51.0;11;0.0
1727;94919;"";"Ahora la luz cae vertical";"ARA LA LLUM CAU VERTICAL/AHORA LA LUZ CAE VERTICAL";"2023-10-06";2023;1454.0;306;0.0
1728;94920;"";"Un largo viaje";"UN LARGO VIAJE";"2023-11-10";2023;1916.0;294;0.0
1729;94925;"";"Muñequita linda";"MUÑEQUITA LINDA";"2025-06-12";2025;138.0;22;0.0
1730;95017;"";"Mami, La";"LA MAMI";"2020-10-23";2021;5322.0;969;0.0
1731;95019;"";"Primera mujer, La";"LA PRIMERA MUJER";"2021-12-10";2021;1491.0;317;0.0
1732;95189;"";"Universo de Oliver, El";"EL UNIVERSO DE ÓLIVER";"2022-05-13";2022;31373.0;5601;1000000.0
1733;95219;"";"Album de posguerra";"ÁLBUM DE POSGUERRA";"2021-05-05";2021;4284.0;799;0.0
1734;954440;"";"Ocaña, retrato intermitente";"OCAÑA RETRATO INTERMITENTE";"2025-03-11";2025;81.0;23;0.0
1735;95519;"";"Singla, La";"LA SINGLA";"2023-11-10";2023;8026.0;1561;110065.0
1736;95520;"";"Summers el rebelde";"SUMMERS, EL REBELDE";"2024-03-15";2024;600.0;117;0.0
1737;95619;"";"H";"H";"2023-06-22";2023;442.0;75;0.0
1738;95821;"";"Otro lado de la realidad, El";"EL OTRO LADO DE LA REALIDAD";"2023-09-15";2023;109.0;21;0.0
1739;95908;"";"A Escondidas";"A ESCONDIDAS";"2014-10-10";2022;16.0;4;276064.8
1740;95915;"";"Julieta";"JULIETA";"2016-04-08";2021;72.0;12;805000.0
1741;95997;"";"Barrio (1998) (re)";"BARRIO";"2023-05-11";2023;515.0;85;0.0
1742;96020;"";"Alteritats";"ALTERITATS";"2023-06-13";2023;5470.0;1019;58265.0
1743;9624;"";"Vieja Loca";"VIEJA LOCA";"2025-10-10";2025;177053.0;25970;0.0
1744;96306;"";"Cronocrimenes, Los (2008) (re)";"LOS CRONOCRÍMENES";"2022-09-06";2022;14.0;4;782707.84
1745;96422;"";"Amantes astronautas, Los";"LOS AMANTES ASTRONAUTAS";"2024-11-17";2024;2255.0;443;0.0
1746;96720;"";"Gentiles, Las";"LAS GENTILES";"2022-06-03";2022;18497.0;3565;0.0
1747;96824;"";"Mar Menor, mal mayor";"MAR MENOR, MAL MAYOR";"2025-06-24";2025;4845.0;1110;0.0
1748;97120;"";"Piel del Volcan, La";"LA PIEL DEL VOLCÁN";"2021-05-21";2021;32452.0;5214;0.0
1749;97315;"";"Luz de Soledad";"LUZ DE SOLEDAD";"2016-10-21";2024;235.0;47;0.0
1750;97319;"";"Cantando en las azoteas";"CANTANDO EN LAS AZOTEAS";"2022-07-01";2022;4620.0;782;169150.0
1751;97420;"";"Cancion a una dama en la sombra";"CANCIÓN A UNA DAMA EN LA SOMBRA";"2022-10-26";2022;373.0;88;79135.0
1752;974551;"";"Guarapo (1987) (re)";"GUARAPO";"2024-03-08";2024;1124.0;173;0.0
1753;97522;"";"Llobas";"LLOBÀS";"2024-07-17";2024;5559.0;1196;0.0
1754;97622;"";"Un hombre libre";"UN HOMBRE LIBRE";"2025-03-28";2025;13266.0;2418;131210.2
1755;97718;"";"Suro";"SURO";"2022-12-02";2022;144492.0;23949;429840.0
1756;97722;"";"Llamame sinsorga";"LLÁMAME SINSORGA";"2025-11-28";2025;2334.0;342;134570.27
1757;98017;"";"M'esperaras?";"M´ESPERARAS?";"2018-10-19";2022;1549.0;396;0.0
1758;98119;"";"Hojarasca, La";"LA HOJARASCA";"2024-09-13";2024;10291.0;1709;112016.4
1759;98219;"";"Cachita. La esclavitud borrada";"CACHITA - LA ESCLAVITUD BORRADA";"2020-11-18";2021;203.0;63;0.0
1760;98220;"";"Pepi Fandango";"PEPI FANDANGO";"2024-09-06";2024;1721.0;306;76500.0
1761;98319;"";"Urak Aske";"URAK ASKE";"2022-03-10";2022;345.0;115;0.0
1762;98420;"";"Padre de todos nosotros, El";"EL PADRE DE TODOS NOSOTROS";"2025-12-11";2025;642.0;98;0.0
1763;98520;"";"Caja de resistencia";"CAJA DE RESISTENCIA";"2025-03-19";2025;2607.0;702;117440.0
1764;98819;"";"Aspirante, El";"EL ASPIRANTE";"2024-09-20";2024;7221.0;1180;0.0
1765;98820;"";"Vientre del mar, El";"EL VENTRE DEL MAR";"2021-11-12";2021;12537.0;2150;165750.0
1766;98920;"";"Letras que marcan";"LETRAS QUE MARCAN";"2025-01-09";2025;11.0;2;0.0
1767;98922;"";"Marisol llamame Pepa";"MARISOL, LLÁMAME PEPA";"2024-05-10";2024;14020.0;2474;95000.0
1768;99019;"";"Matar cangrejos";"MATAR CANGREJOS";"2023-05-26";2023;19318.0;3421;399750.0
1769;99022;"";"Delicias del jardín, Las";"LAS DELICIAS DEL JARDÍN";"2025-09-19";2025;116147.0;18718;0.0
1770;99120;"";"Tierra de Atlantes";"TIERRA DE ATLANTES. TARTESSOS, LA HISTORIA NO CONTADA DEL MEDITERRÁNEO";"2024-11-22";2024;1799.0;448;0.0
1771;99122;"";"Fuga, La";"LA FUGA";"2023-11-10";2023;6530.0;1069;0.0
1772;99125;"";"Blackcelona: Una historia de metal satánico";"BLACKCELONA: UNA HISTORIA DE METAL SATÁNICO";"2025-06-20";2025;670.0;84;0.0
1773;9917;"";"Oskara";"OSKARA";"2021-05-27";2021;67.0;30;0.0
1774;99520;"";"Muyeres";"MUYERES";"2023-12-16";2023;2628.0;464;244281.5
1775;99622;"";"Eterna";"ETERNA";"2023-03-02";2023;45088.0;7223;0.0
1776;99820;"";"Solos en la noche";"SOLOS EN LA NOCHE";"2024-09-20";2024;27948.0;4977;0.0
1777;99822;"";"Un año y un dia";"UN AÑO Y UN DÍA";"2025-03-21";2025;20235.0;2882;0.0
1778;99908;"";"Umbracle";"UMBRACLE";"2024-05-30";2024;50.0;10;0.0
1779;99920;"";"Animal/Humano";"ANIMAL / HUMANO";"2024-04-05";2024;2115.0;307;480000.0
1780;"";1529720;"A dos velas";"";"2025-02-18";2025;683.0;198;""
1781;"";"";"ADN de la memoria, El";"";"2023-12-18";2023;1668.0;324;""
1782;"";1310024;"Abuela y el forastero, La";"";"2024-09-13";2024;102733.0;18752;""
1783;"";1573024;"Adios Cuba";"";"2025-12-12";2025;3756.0;427;""
1784;"";"";"Aguantando er tipo";"";"2021-09-30";2021;357.0;81;""
1785;"";1107440;"Al oeste, en Zapata";"";"2025-11-26";2025;289.0;99;""
1786;"";"";"Alegres tiempos ""el concierto""";"";"2023-03-31";2023;970.0;97;""
1787;"";"";"AlterNativas: Construyendo futuros posibles";"";"2023-04-25";2023;600.0;169;""
1788;"";"";"Alyonka soñada";"";"2025-07-24";2025;48.0;11;""
1789;"";411135;"Amanecer";"";"2021-09-17";2021;47.0;32;""
1790;"";"";"Aminetu";"";"2025-11-08";2025;400.0;212;""
1791;"";1285801;"Amor en toda la cara";"";"2024-06-07";2024;498.0;149;""
1792;"";1737531;"Anaga, Naturaleza Infinita";"";"2024-12-13";2024;3295.0;831;""
1793;"";"";"Andromedas";"";"2021-03-06";2021;54.0;18;""
1794;"";1250201;"Antologia de l’atzar";"";"2021-09-30";2021;106.0;124;""
1795;"";"";"Arenas de silencio (Sands of silence)";"";"2018-11-14";2022;33.0;22;""
1796;"";"";"Aroak";"";"2024-09-25";2024;177.0;59;""
1797;"";1255712;"Artefacto 71";"";"2024-09-05";2024;113.0;21;""
1798;"";"";"Artifacts Assembly";"";"2024-05-04";2024;52.0;63;""
1799;"";"";"Asi crecen los enanos";"";"2022-11-03";2022;221.0;63;""
1800;"";254470;"Aun";"";"2022-04-27";2022;906.0;213;""
1801;"";"";"Balada perdida, La";"";"2023-09-15";2023;238.0;87;""
1802;"";952512;"Barcelona Surf Destination";"";"2022-05-31";2022;61.0;10;""
1803;"";"";"Basotik itsasora (Del bosque al mar)";"";"2021-06-05";2021;1425.0;95;""
1804;"";"";"Bastarda";"";"2024-05-09";2024;25.0;29;""
1805;"";1323762;"Benin, infancia robada";"";"2024-07-21";2024;360.0;90;""
1806;"";"";"Bienvenido Mr. Banksy";"";"2023-03-03";2023;958.0;168;""
1807;"";1451230;"Burnout";"";"2025-05-15";2025;28.0;28;""
1808;"";837674;"Bury Us! A Punk Rock Uprising";"";"2021-06-05";2021;380.0;96;""
1809;"";"";"Caja vacia, La";"";"2023-02-28";2023;383.0;76;""
1810;"";"";"Calavera resumida";"";"2023-06-29";2023;104.0;20;""
1811;"";"";"Cambio de sentido";"";"2023-11-02";2023;202.0;31;""
1812;"";"";"Camino de Cova Eiros, O";"";"2025-10-30";2025;515.0;103;""
1813;"";"";"Camino, El (1963)";"";"2021-11-02";2025;105.0;34;""
1814;"";"";"Canciones de horror";"";"2021-10-16";2021;1148.0;164;""
1815;"";"";"Cant dels ocells, El";"";"2008-12-19";2025;428.0;73;""
1816;"";"";"Cantuña";"";"2023-06-22";2023;364.0;52;""
1817;"";1017908;"Carpetas azules";"";"2022-11-08";2022;1855.0;360;""
1818;"";"";"Cartas de Akyab";"";"2021-10-26";2021;11.0;2;""
1819;"";"";"Casilda. El eco de otros pasos";"";"2023-02-02";2023;60.0;15;""
1820;"";1595465;"Castillo de Argueso";"";"2025-01-18";2025;485.0;102;""
1821;"";1250795;"Casting";"";"2023-03-07";2023;43.0;11;""
1822;"";"";"Cataluña ambigua";"";"2025-02-27";2025;478.0;82;""
1823;"";"";"Cenerentola, La -Teatro Real (Opera)";"";"2023-11-23";2023;8899.0;920;""
1824;"";"";"Chhaupadi";"";"2025-01-30";2025;930.0;186;""
1825;"";"";"Chichi y yo";"";"2024-10-11";2024;46.0;13;""
1826;"";882844;"Cine, registro vivo de nuestra memoria";"";"2022-08-12";2022;1335.0;328;""
1827;"";"";"Cirlot. La mirada de Bronwyn";"";"2024-05-09";2024;50.0;14;""
1828;"";1052841;"Cocina de los hombres, La";"";"2022-12-17";2022;395.0;60;""
1829;"";"";"Coda 77";"";"2021-10-21";2021;97.0;15;""
1830;"";"";"Comercial, El";"";"2025-05-26";2025;265.0;39;""
1831;"";"";"Como conquistamos el Oeste y adonde nos llevo";"";"2025-06-27";2025;640.0;322;""
1832;"";"";"Compas del silencio";"";"2025-07-31";2025;759.0;178;""
1833;"";1320323;"Constelacion Portabella";"";"2025-10-24";2025;707.0;115;""
1834;"";"";"Construyendo la luz";"";"2021-12-10";2021;120.0;31;""
1835;"";"";"Contra etiqueta, La";"";"2024-04-15";2024;327.0;58;""
1836;"";765849;"Cosas que hacer antes de morir";"";"2021-06-03";2021;173.0;58;""
1837;"";"";"Crossroads, el viaje circular de Boa Mistura";"";"2023-10-18";2023;775.0;280;""
1838;"";1069507;"Cuando toco un animal";"";"2023-07-28";2023;46.0;22;""
1839;"";"";"Cuando un rio se convierte en mar";"";"2025-11-01";2025;9.0;4;""
1840;"";810016;"Cumbre es el camino, La";"";"2021-03-24";2021;954.0;152;""
1841;"";1220043;"Cyborg Generation";"";"2024-11-22";2024;121.0;118;""
1842;"";"";"De Dali a Miquel";"";"2021-04-09";2021;1306.0;219;""
1843;"";"";"De eso no hablamos";"";"2023-06-13";2023;515.0;110;""
1844;"";"";"Decision de Joaquina, La";"";"2024-12-15";2024;399.0;74;""
1845;"";"";"Depedro - Todo va a salir bien";"";"2021-12-16";2021;418.0;53;""
1846;"";637055;"Dernier round";"";"2021-12-09";2021;70.0;29;""
1847;"";"";"Desahuciados";"";"2025-02-05";2025;99.0;20;""
1848;"";1404606;"Deuses de Pedra";"";"2025-11-26";2025;359.0;98;""
1849;"";"";"Diego Vasallo, la posteridad para más tarde";"";"2024-01-25";2024;186.0;35;""
1850;"";1449392;"Dies d'estiu i de pluja";"";"2025-06-13";2025;24.0;9;""
1851;"";1248026;"Dobla la esquina, el volcán";"";"2024-02-21";2024;135.0;85;""
1852;"";9923;"Domino";"";"2020-02-21";2021;148.0;37;""
1853;"";"";"Donde la vida puede ser";"";"2023-11-08";2023;58.0;12;""
1854;"";"";"Dorothe na Vila";"";"2022-01-28";2022;310.0;51;""
1855;"";1157296;"Du Vin dans les Voiles";"";"2023-07-23";2023;122.0;48;""
1856;"";1386565;"Dulcinea";"";"2024-06-19";2024;561.0;143;""
1857;"";"";"Efecto All 1, El";"";"2023-02-02";2023;5676.0;543;""
1858;"";31732;"Elegido, El";"";"2016-09-02";2022;99.0;18;""
1859;"";1477335;"En clave de sol";"";"2025-05-07";2025;492.0;125;""
1860;"";"";"En la linea del horizonte (1993) (re)";"";"2024-04-09";2024;73.0;36;""
1861;"";"";"Enterrar y callar";"";"2022-07-14";2022;62.0;22;""
1862;"";1442764;"Epilogo";"";"2025-07-28";2025;217.0;62;""
1863;"";"";"Escribir no es normal";"";"2024-12-18";2024;654.0;149;""
1864;"";1346537;"Ese mundo que no te da nada";"";"2025-03-12";2025;28.0;41;""
1865;"";1396;"Espejo, El";"";"2022-10-22";2022;755.0;163;""
1866;"";"";"Evangelio mayor";"";"2023-06-28";2023;101.0;30;""
1867;"";"";"Experimento Deanie";"";"2024-03-24";2024;192.0;31;""
1868;"";"";"Exploradores verticales";"";"2022-10-20";2022;48.0;7;""
1869;"";"";"Ez, Eskerrik asko! La ventana de Gladys";"";"2021-03-23";2021;505.0;145;""
1870;"";"";"FREE, Salir es posible";"";"2023-10-21";2023;316.0;162;""
1871;"";"";"Faltan vuestros nombres";"";"2025-05-10";2025;18.0;70;""
1872;"";1360402;"Feliz no cumpleaños";"";"2023-11-07";2023;748.0;149;""
1873;"";"";"Figuras femeninas (la mujer en la II Republica)";"";"2021-03-25";2021;144.0;72;""
1874;"";"";"Flores bajo el hielo";"";"2024-09-12";2025;1691.0;436;""
1875;"";"";"Flores de tierra quemada. Estrategias del terror en Guatemala y España";"";"2023-05-06";2023;105.0;65;""
1876;"";"";"Flowers pop art";"";"2022-03-27";2022;77.0;11;""
1877;"";803427;"Frederica Montseny, la mujer que habla";"";"2021-10-07";2021;76.0;97;""
1878;"";256561;"Free play";"";"2021-09-27";2021;4.0;1;""
1879;"";1248816;"Fábula del escorpión y la rana";"";"2024-02-22";2024;148.0;36;""
1880;"";1256148;"Generacion Lagartija";"";"2024-06-21";2024;163.0;23;""
1881;"";"";"Genero chico, El";"";"2024-06-14";2024;88.0;29;""
1882;"";"";"Ghosts of the Chelsea Hotel (and Other Rock & Roll Stories)";"";"2024-10-21";2024;476.0;68;""
1883;"";1601411;"Gran familia, La";"";"2025-12-23";2025;498.0;94;""
1884;"";1252732;"Guillermo Perez Villalta. Del agua y el Mediterraneo";"";"2023-11-21";2023;288.0;67;""
1885;"";801005;"Hada de las estaciones, El";"";"2023-03-27";2023;1086.0;220;""
1886;"";"";"Hay alguien en el bosque";"";"2023-03-10";2023;116.0;37;""
1887;"";"";"Helios Gomez: Tinta y Municion";"";"2025-05-29";2025;49.0;21;""
1888;"";"";"Hermandad de los gitanos, La";"";"2024-03-19";2024;222.0;42;""
1889;"";"";"Hijos de Dios";"";"2025-10-16";2025;350.0;99;""
1890;"";"";"Hijos de las Nubes, la Ultima Colonia, Los";"";"2012-05-18";2022;210.0;49;""
1891;"";"";"Historias del poder y de la vida";"";"2025-01-14";2025;411.0;89;""
1892;"";746972;"Hostal España";"";"2020-09-30";2021;221.0;34;""
1893;"";"";"Hotel Colon (confinamiento incluido)";"";"2022-03-05";2022;4.0;77;""
1894;"";"";"Ignifugas";"";"2023-05-29";2023;408.0;89;""
1895;"";1197453;"Ilegales 82";"";"2023-06-02";2023;774.0;297;""
1896;"";"";"Impulso nomada, El";"";"2025-09-05";2025;2578.0;393;""
1897;"";1185347;"In Albis";"";"2023-09-28";2023;1210.0;191;""
1898;"";1317931;"Infiltrada en el bunker";"";"2025-10-23";2025;18.0;16;""
1899;"";"";"Infravivienda";"";"2021-09-26";2021;18.0;4;""
1900;"";1395187;"Invasion pequeña";"";"2025-07-04";2025;60.0;17;""
1901;"";"";"Invisible. Te podria pasar a ti";"";"2022-11-22";2022;287.0;93;""
1902;"";1225745;"Irklais per Atlanta";"";"2024-07-05";2024;510.0;51;""
1903;"";"";"Jantzari: tradicion e igualdad";"";"2021-04-28";2021;280.0;70;""
1904;"";1368173;"Jimmy y la tecla magica";"";"2024-07-27";2024;228.0;57;""
1905;"";1067551;"Jose Luis Lopez Vazquez: ¡Que disparate!";"";"2023-06-03";2023;275.0;50;""
1906;"";"";"Jota de Saura";"";"2016-10-07";2023;49.0;9;""
1907;"";960576;"Kaiser de la Atlantida, El";"";"2022-05-10";2022;34.0;34;""
1908;"";"";"La Que Se Avecina - Evento Especial";"";"2025-11-11";2025;210402.0;40582;""
1909;"";"";"Latir. Reto 3.355";"";"2021-03-26";2021;142.0;29;""
1910;"";"";"Lebrijano, El. Un gitano universal";"";"2021-10-01";2021;44.0;10;""
1911;"";1355283;"Llamame Paul";"";"2024-11-14";2025;225.0;46;""
1912;"";"";"Llapis horitzo";"";"2025-10-24";2025;188.0;49;""
1913;"";"";"Lligams, fils que cuiden la vida";"";"2024-05-07";2024;87.0;122;""
1914;"";"";"Love U Carme";"";"2025-11-20";2025;1050.0;210;""
1915;"";"";"Maa-yiem, la extraordinaria historia de Jordi Sabater Pi";"";"2024-02-22";2024;75.0;97;""
1916;"";376659;"Madres";"";"2025-05-22";2025;5230.0;849;""
1917;"";1127912;"Maldita primavera, La";"";"2024-06-29";2024;50.0;10;""
1918;"";"";"Mans del Genoves, Les";"";"2024-05-05";2024;70.0;73;""
1919;"";1054830;"Marcos y vida";"";"2021-11-01";2021;115.0;53;""
1920;"";1001682;"Margalida";"";"2022-07-27";2022;667.0;201;""
1921;"";1157658;"Maria y la pelicula olvidada";"";"2023-07-28";2023;519.0;200;""
1922;"";1360528;"Memoria inmortal, La";"";"2025-02-20";2025;21.0;4;""
1923;"";"";"Memorias rotas";"";"2023-10-23";2023;277.0;68;""
1924;"";"";"Menudos heroes";"";"2015-12-04";2021;361.0;137;""
1925;"";"";"Metralla de amor";"";"2024-02-20";2024;234.0;46;""
1926;"";"";"Mi barrio: Vallecas";"";"2023-09-30";2023;696.0;115;""
1927;"";"";"Mi profesor";"";"2021-06-27";2021;117.0;17;""
1928;"";"";"Micropolis";"";"2024-05-09";2024;81.0;85;""
1929;"";1521269;"Mirande";"";"2025-05-21";2025;38.0;20;""
1930;"";"";"Montserrat: entre la roca y el conflicto";"";"2025-09-18";2025;778.0;114;""
1931;"";"";"Mujeres de arena";"";"2021-04-09";2021;162.0;26;""
1932;"";"";"Mundo de Jacques Demy, El (1995) (re)";"";"2022-09-27";2024;222.0;46;""
1933;"";1159021;"Nacer por nacer";"";"2023-06-30";2023;1216.0;205;""
1934;"";978006;"Nada";"";"2025-05-21";2025;164.0;33;""
1935;"";"";"Nanas de la cebolla (Tipularen sehaska kanta)";"";"2022-03-03";2022;545.0;98;""
1936;"";1442175;"Naturaleza de lo extraordinario";"";"2023-05-12";2023;514.0;198;""
1937;"";1158844;"Naturaleza muerta Sexy Sadie";"";"2023-07-27";2023;734.0;234;""
1938;"";"";"Naufrafados, Os";"";"2025-09-05";2025;611.0;108;""
1939;"";1095771;"Negociadores, Los. Como construir la Paz";"";"2023-06-04";2023;139.0;29;""
1940;"";"";"Negro liimbo";"";"2025-06-07";2025;126.0;31;""
1941;"";"";"Negro tiene nombre, El";"";"2025-06-06";2025;641.0;77;""
1942;"";"";"Neskatoak";"";"2021-10-20";2021;61.0;61;""
1943;"";819082;"Nicaragua, patria libre para vivir";"";"2021-04-29";2021;393.0;159;""
1944;"";974244;"Nightclubbing: The Birth of Punk Rock in NYC";"";"2022-10-29";2022;103.0;53;""
1945;"";"";"Niñas de arena";"";"2025-05-27";2025;108.0;51;""
1946;"";"";"No hay nadie";"";"2021-11-02";2021;263.0;82;""
1947;"";"";"No hay piedad para los condenados";"";"2021-12-10";2021;425.0;89;""
1948;"";"";"No se apaguen las estrellas";"";"2021-06-17";2022;52.0;41;""
1949;"";"";"Nos parecia importante";"";"2024-06-28";2024;85.0;17;""
1950;"";943001;"Nosotros no nos mataremos con pistolas";"";"2022-06-17";2022;13650.0;2375;""
1951;"";"";"Nubes y claros";"";"2025-06-21";2025;355.0;67;""
1952;"";"";"Ojala mañana";"";"2021-12-01";2021;248.0;91;""
1953;"";1156381;"Operacion Brooklyn";"";"2023-07-25";2023;571.0;187;""
1954;"";"";"Orandi";"";"2025-06-19";2025;122.0;23;""
1955;"";946700;"Orquesta terrestre, La";"";"2022-04-08";2022;13340.0;2586;""
1956;"";"";"Palabra justa, La";"";"2018-02-19";2021;552.0;108;""
1957;"";1068553;"Palabra maldita, La";"";"2021-10-29";2021;658.0;188;""
1958;"";"";"Pantalones a la luna";"";"2025-02-11";2025;777.0;175;""
1959;"";"";"Para que sirven las canciones de amor";"";"2022-05-14";2022;2458.0;142;""
1960;"";"";"Pasion por el cine: trio musical";"";"2021-09-09";2021;780.0;65;""
1961;"";1001631;"Pedra I Oli";"";"2022-07-26";2022;821.0;246;""
1962;"";1229067;"Pelicula del hierro y la nieve";"";"2024-02-14";2024;206.0;71;""
1963;"";"";"Peluquero romantico, El";"";"2024-10-09";2024;15.0;3;""
1964;"";"";"Penitencia";"";"2021-11-24";2021;32.0;32;""
1965;"";1001487;"Pere Joan";"";"2022-07-26";2022;507.0;163;""
1966;"";"";"Pica Pica Musical Especial Navidad";"";"2020-12-18";2021;9590.0;1570;""
1967;"";"";"Piedra patria";"";"2021-12-12";2021;714.0;102;""
1968;"";1495343;"Piko & Pala";"";"2025-03-28";2025;931.0;133;""
1969;"";"";"Playa de los ahogados, La";"";"2015-10-09";2023;30.0;4;""
1970;"";56815;"Post mortem";"";"2021-06-01";2021;75.0;35;""
1971;"";1025314;"Primavera, La";"";"2024-10-15";2024;75.0;26;""
1972;"";"";"Protagonistes";"";"2024-11-03";2025;466.0;174;""
1973;"";847821;"Que sabemos, Lo";"";"2022-11-25";2022;6529.0;1083;""
1974;"";1270943;"Que se sepa";"";"2024-11-15";2025;11.0;20;""
1975;"";1475645;"Quieres salir puedes entrar";"";"2025-09-06";2025;130.0;37;""
1976;"";"";"Rabia kontra la makina";"";"2022-09-10";2022;1318.0;194;""
1977;"";934408;"Raphaelismo";"";"2022-06-28";2022;74.0;20;""
1978;"";"";"Rebeldes del NOM";"";"2021-04-04";2021;14.0;2;""
1979;"";"";"Reflejos mortales";"";"2022-12-16";2022;216.0;27;""
1980;"";"";"Refugios de papel";"";"2025-07-29";2025;868.0;200;""
1981;"";"";"Reset - Capitulo 1 Ulpotha";"";"2025-01-21";2025;764.0;124;""
1982;"";"";"Retablo de las maravillas. Apuntes para una pelicula sobre el Quijote, El";"";"2023-04-22";2023;414.0;80;""
1983;"";802365;"Retorno, El: la vida despues del ISIS";"";"2021-05-27";2021;2784.0;482;""
1984;"";"";"Ritos sexuales del diablo, Los (1982) (re)";"";"2023-05-13";2023;103.0;19;""
1985;"";1460931;"Rojo clavel";"";"2025-11-20";2025;311.0;80;""
1986;"";"";"Rotspanier. Los esclavos españoles del nazismo";"";"2025-12-13";2025;714.0;109;""
1987;"";"";"Rural Cops";"";"2021-06-04";2021;10.0;2;""
1988;"";"";"Ruta. Vol 2: Ibiza, La";"";"2025-10-24";2025;252.0;104;""
1989;"";1307150;"Salon, El";"";"2024-07-21";2024;604.0;151;""
1990;"";1006082;"Salvador Dali. Diarios de juventud";"";"2021-03-09";2021;2615.0;456;""
1991;"";"";"Salvador Segui: Historia de un anarcosindicalista";"";"2023-04-20";2023;179.0;36;""
1992;"";1067609;"Salvar Tenerife";"";"2022-06-09";2022;162.0;54;""
1993;"";"";"Sandedro";"";"2022-06-21";2022;1432.0;389;""
1994;"";"";"Segundos fuera";"";"2021-12-02";2021;66.0;14;""
1995;"";"";"Sekeleka: Ciudad refugio";"";"2025-05-29";2025;2618.0;275;""
1996;"";"";"Semana Santa (re)";"";"2019-02-01";2021;47860.0;1566;""
1997;"";1176766;"Sender Barayon. Viaje hacia la luz";"";"2023-04-18";2023;677.0;113;""
1998;"";1225687;"Sense filTRES";"";"2025-11-14";2025;284.0;104;""
1999;"";"";"Sergi Mingote K2 Invernal";"";"2024-06-07";2024;1330.0;178;""
2000;"";1245899;"Sexo, drogas, rock 'n' roll y política. Instituto Santamarca, 1975-1985";"";"2024-02-15";2024;1029.0;213;""
2001;"";"";"Siempre jueves (sempre dijous)";"";"2021-06-10";2021;42.0;6;""
2002;"";"";"Siete mesas de billar frances (2007) (re)";"";"2023-06-20";2023;196.0;34;""
2003;"";"";"Silencio antes de Bach, El (2007) (re)";"";"2024-06-08";2024;215.0;118;""
2004;"";776503;"Silencio";"";"2025-11-15";2025;1396.0;236;""
2005;"";"";"Sinfonia por un nuevo mundo";"";"2023-01-18";2023;872.0;140;""
2006;"";903085;"Sinsombrero, Las";"";"2022-03-09";2022;1394.0;504;""
2007;"";"";"Sopar, El (1974-2018)";"";"2021-04-15";2021;168.0;42;""
2008;"";225574;"Stop";"";"2021-06-09";2021;112.0;16;""
2009;"";811631;"Storm";"";"2022-07-15";2022;220.0;45;""
2010;"";"";"Sucro";"";"2023-05-11";2023;14.0;22;""
2011;"";"";"Tamaño del corazon, El";"";"2025-02-25";2025;1943.0;297;""
2012;"";"";"Tecido resistente";"";"2021-05-28";2021;17.0;9;""
2013;"";"";"Teselas. El poder transformador del viaje";"";"2024-03-09";2024;27.0;5;""
2014;"";800890;"Tiempos de deseo";"";"2021-03-05";2021;112.0;35;""
2015;"";"";"Tierra normal";"";"2025-05-15";2025;42.0;67;""
2016;"";"";"Todas las mujeres que conozco";"";"2018-11-24";2022;309.0;67;""
2017;"";803864;"Todo a la vez";"";"2021-09-05";2021;206.0;40;""
2018;"";"";"Todos Vosotros sois Capitanes";"";"2011-06-03";2025;114.0;15;""
2019;"";1038875;"Todos contra mí";"";"2023-09-12";2023;140.0;38;""
2020;"";"";"Traje, El. Algo mas que una leyenda";"";"2021-11-20";2021;117.0;27;""
2021;"";"";"Tramposos, Los (1959) (re)";"";"2022-05-30";2022;40.0;10;""
2022;"";"";"Tres caminos a Cádiz";"";"2024-02-08";2024;71.0;21;""
2023;"";"";"Tres muertes de Teofilo del Valle, Las";"";"2023-05-09";2023;1378.0;357;""
2024;"";1129606;"Triptico";"";"2025-01-17";2025;331.0;49;""
2025;"";1200753;"Tu me abrasas";"";"2025-06-29";2025;643.0;121;""
2026;"";1661588;"TuentifourSeven";"";"2025-12-01";2025;397.0;84;""
2027;"";315162;"Ultimo deseo, El";"";"2024-11-05";2024;175.0;64;""
2028;"";880305;"Ultimo tren al rock'n'roll, El";"";"2022-02-18";2022;502.0;76;""
2029;"";"";"Ulu, un latido universal";"";"2017-09-29";2022;1283.0;163;""
2030;"";725893;"Un tiempo precioso";"";"2020-07-17";2021;865.0;232;""
2031;"";"";"Un viaje hacia nosotros";"";"2021-12-19";2025;771.0;172;""
2032;"";988159;"Una de percebes en el Hurtado";"";"2022-06-16";2022;181.0;27;""
2033;"";1287279;"Una estrella fugaz";"";"2024-10-11";2024;11288.0;1685;""
2034;"";834887;"Una isla en el desierto";"";"2021-09-30";2021;18.0;4;""
2035;"";"";"Valencia 22. City of Design";"";"2024-05-05";2024;14.0;34;""
2036;"";"";"Valhalla, cielo de roca";"";"2023-11-09";2023;648.0;109;""
2037;"";"";"Viaje de Carla, El";"";"2021-06-28";2021;266.0;58;""
2038;"";"";"Vida empieza hoy, La";"";"2024-06-13";2024;1895.0;365;""
2039;"";1033028;"Viento que nos mueve, El";"";"2022-09-29";2022;175.0;35;""
2040;"";1000738;"Visitante";"";"2022-02-11";2022;5673.0;1003;""
2041;"";956937;"Viva montesa. La vida de un sueño";"";"2021-11-16";2021;4330.0;454;""
2042;"";1582147;"Voladura 76";"";"2025-11-12";2025;337.0;56;""
2043;"";1705959;"Walter Benjamin, el aura del camino";"";"2025-10-23";2025;454.0;72;""
2044;"";1287713;"We All Play";"";"2024-07-09";2024;90.0;15;""
2045;"";1240174;"Witch Story, A";"";"2024-09-30";2024;450.0;85;""
2046;"";"";"Yerma 2030: La España VaciLada";"";"2023-11-16";2023;1536.0;96;""
2047;"";794038;"Yo mate a Ralph Greene";"";"2021-03-20";2021;401.0;64;""
2048;"";759180;"Zalamero";"";"2020-10-22";2021;110.0;25;""
2049;"";1145674;"Zarata";"";"2023-11-14";2023;31.0;16;""
2050;"";"";"Zoo, Sobreviure a l'incendi";"";"2024-11-22";2024;25054.0;3578;""
2051;"";982531;"¡Maldicion! He vuelto a cambiar";"";"2021-06-30";2021;108.0;18;""
2052;"";1458304;"¿Donde estabas cuando estabas?";"";"2025-12-19";2025;1147.0;213;""
