"person_id";"nombre";"sexo";"place_of_birth";"pais_aprox";"confianza_pais"
229931.0;"Asghar Farhadi";"hombre";"Isfahan, Iran";"Iran";"heuristico"
1930872.0;"Ferrán Navarro-Beltrán";"hombre";"";"";"sin_dato"
1114075.0;"Vicente Pérez Herrero";"";"";"";"sin_dato"
1120691.0;"Antonio Drove";"hombre";"  Madrid, Spain";"Spain";"heuristico"
87506.0;"Antonio Larreta";"hombre";"Montevideo, Uruguay";"Uruguay";"heuristico"
1388727.0;"Lucía Álvarez";"";"";"";"sin_dato"
4748222.0;"Jose Ramón Fernández Pinazo";"";"";"";"sin_dato"
2434913.0;"César Souto Vilanova";"";"";"";"sin_dato"
2434919.0;"Cristina Liz Graña";"";"";"";"sin_dato"
2839650.0;"Eloy Calvo";"hombre";"Terrassa, Barcelona, Catalunya, Spain";"Spain";"heuristico"
5349292.0;"Ramón Pineda";"";"";"";"sin_dato"
1452364.0;"Mercè Sarrias";"";"";"";"sin_dato"
2522953.0;"Patricia Franquesa";"";"";"";"sin_dato"
96369.0;"Carlos Saura";"hombre";"Huesca, Aragón, Spain";"Spain";"heuristico"
37590.0;"Rafael Azcona";"hombre";"Logroño, La Rioja, España";"España";"heuristico"
1115312.0;"Gaizka Urresti";"";"";"";"sin_dato"
1284828.0;"Juan Barrero";"";"";"";"sin_dato"
5955689.0;"Moisés Garrido";"";"";"";"sin_dato"
37526.0;"Fernando Trueba";"hombre";"  Madrid, Spain";"Spain";"heuristico"
3567270.0;"Evgeny Yablokov";"";"";"";"sin_dato"
3778185.0;"Nick Igea";"";"";"";"sin_dato"
1036577.0;"Elio Quiroga";"hombre";"";"";"sin_dato"
2020210.0;"Zebina Guerra";"mujer";"Gran Canaria, Spain";"Spain";"heuristico"
131587.0;"Víctor Monigote";"";"";"";"sin_dato"
2474255.0;"Eduardo Gondell";"";"";"";"sin_dato"
135468.0;"Juan Pablo Buscarini";"hombre";"Rosario, Santa Fe, Argentina";"Argentina";"heuristico"
4962452.0;"Pablo Enrique Bossi";"";"";"";"sin_dato"
1624337.0;"Pau Faus";"";"";"";"sin_dato"
1316935.0;"Sergi Cameron";"hombre";"";"";"sin_dato"
3884067.0;"Júlia R. Aymar";"";"";"";"sin_dato"
4382575.0;"Ana L. Martín";"";"";"";"sin_dato"
5694090.0;"Marta García";"";"";"";"sin_dato"
1105225.0;"Héctor Claramunt";"";"";"";"sin_dato"
19826.0;"Joel Joan";"hombre";"Barcelona, España";"España";"heuristico"
2445361.0;"Valeriano López";"";"";"";"sin_dato"
2181973.0;"Iratxe Fresneda";"mujer";"Bilbao, España";"España";"heuristico"
5702959.0;"Alberto Martos";"";"";"";"sin_dato"
113406.0;"Belén Macías";"mujer";"Tarragona, Catalonia, Spain";"Spain";"heuristico"
1304400.0;"Aitor Gabilondo";"hombre";"";"";"sin_dato"
1063543.0;"Verónica Fernández";"mujer";"";"";"sin_dato"
3324578.0;"Xiana do Teixeiro";"";"";"";"sin_dato"
17000.0;"Elena Manrique";"mujer";"";"";"sin_dato"
3217186.0;"Chiara Avesani";"";"";"";"sin_dato"
2349411.0;"Matteo Delbò";"";"";"";"sin_dato"
3538411.0;"Lluís Sellarès";"hombre";"";"";"sin_dato"
42.0;"Lars von Trier";"hombre";"Copenhagen, Denmark";"Denmark";"heuristico"
1459948.0;"Juanjo Giménez Peña";"hombre";"Spain";"Spain";"heuristico"
2372329.0;"Pere Altimira";"";"";"";"sin_dato"
2025649.0;"Pilar Palomero";"mujer";"Zaragoza, Spain";"Spain";"heuristico"
4237979.0;"Coré Ruiz";"";"";"";"sin_dato"
4442477.0;"Raquel Herrera";"";"";"";"sin_dato"
3960733.0;"Juan Perez Fajardo";"";"";"";"sin_dato"
1641338.0;"David Calle";"hombre";"";"";"sin_dato"
1090718.0;"Sigfrid Monleón";"";"";"";"sin_dato"
1121668.0;"Germán Roda";"";"";"";"sin_dato"
1744391.0;"Andrea Jaurrieta";"mujer";"Pamplona, Navarra, Spain";"Spain";"heuristico"
1909488.0;"José Manuel Gómez Vidal";"";"";"";"sin_dato"
3811620.0;"José Manuel Rodríguez Calvo";"";"";"";"sin_dato"
6346352.0;"Sandra Romero";"";"";"";"sin_dato"
1966070.0;"Álvaro Gago";"hombre";"Vigo, Spain";"Spain";"heuristico"
5308218.0;"Sandra Román";"";"";"";"sin_dato"
57865.0;"Álex de la Iglesia";"hombre";"Bilbao, Spain";"Spain";"heuristico"
3788.0;"Jorge Guerricaechevarría";"hombre";"Avilés, Asturias, Spain";"Spain";"heuristico"
25900.0;"Daniel Guzmán";"hombre";"Madrid - Spain";"Madrid - Spain";"heuristico"
1805365.0;"Octavio Guerra";"hombre";"Las Palmas de Gran Canaria, Gran Canaria, Canary Islands, Spain";"Spain";"heuristico"
2628141.0;"Gerard Oms";"hombre";"Barcelona, España";"España";"heuristico"
74909.0;"Dolores Fonzi";"mujer";"Buenos Aires, Argentina";"Argentina";"heuristico"
1331228.0;"David Pantaleón";"";"";"";"sin_dato"
3303861.0;"Amos Milbor";"";"";"";"sin_dato"
4081519.0;"Joaquín Carmona Hidalgo";"";"";"";"sin_dato"
2389366.0;"Salvador Serrano";"hombre";"";"";"sin_dato"
90.0;"Isabel Coixet";"mujer";"Sant Adrià de Besòs, Barcelona, Spain";"Spain";"heuristico"
2587719.0;"Juan Potau";"";"";"";"sin_dato"
1282574.0;"Paloma Concejero";"mujer";"Madrid, Madrid, Spain";"Spain";"heuristico"
3998718.0;"Laura Ferrero";"";"";"";"sin_dato"
4385976.0;"Javier Polo";"";"";"";"sin_dato"
1608135.0;"Guillermo Guerrero";"hombre";"";"";"sin_dato"
1462879.0;"Enric Pardo";"";"";"";"sin_dato"
5736743.0;"David Pascual";"";"";"";"sin_dato"
4152418.0;"Manuel Rossell";"";"";"";"sin_dato"
2428618.0;"Patricia Tamayo";"mujer";"Cali, Colombia";"Colombia";"heuristico"
2856339.0;"Albert Badia";"";"";"";"sin_dato"
4776926.0;"Lucía Casañ Rodríguez";"";"";"";"sin_dato"
4896283.0;"Itsaso Arana";"";"";"";"sin_dato"
2522604.0;"Claudia Reig";"";"";"";"sin_dato"
5777600.0;"Dani Fabra";"";"";"";"sin_dato"
1367159.0;"Adrián Silvestre";"";"";"";"sin_dato"
2610510.0;"Larraitz Zuazo";"";"";"";"sin_dato"
2584715.0;"Zuri Goikoetxea";"";"";"";"sin_dato"
1624805.0;"Ainhoa Andraka";"";"";"";"sin_dato"
1049263.0;"Abel García Roure";"";"";"";"sin_dato"
1616022.0;"Avelina Prat";"mujer";"";"";"sin_dato"
2095830.0;"Vicente Arlandis";"";"";"";"sin_dato"
3184568.0;"Manu Trillo";"";"";"";"sin_dato"
5775607.0;"Darío García Sanz";"";"";"";"sin_dato"
19804.0;"Manuel Huerga";"hombre";"Barcelona, Spain";"Spain";"heuristico"
226491.0;"Toni Soler";"hombre";"Figueres, Catalonia, Spain";"Spain";"heuristico"
2631444.0;"Francesca Català Margarit";"";"";"";"sin_dato"
1788543.0;"Carmen Fernández Villalba";"";"";"";"sin_dato"
1360055.0;"Guillermo Benet";"hombre";"Madrid, Madrid, Spain";"Spain";"heuristico"
1809110.0;"Rafa Alberola";"";"";"";"sin_dato"
2071650.0;"Eva Vizcarra";"mujer";"Zaragoza, Aragón, Spain";"Spain";"heuristico"
2617011.0;"Daniel Luna";"";"";"";"sin_dato"
932363.0;"Mariano Barroso";"hombre";"Barcelona, Barcelona, Catalunya, Spain";"Spain";"heuristico"
5844744.0;"Alejandro Hernández";"";"";"";"sin_dato"
1151386.0;"Neus Ballús";"mujer";"Mollet del Vallès, Cataluña, España";"España";"heuristico"
3438202.0;"María Luisa Calderón";"";"";"";"sin_dato"
1908907.0;"Montse Ganges";"";"";"";"sin_dato"
1788850.0;"Elena Martín Gimeno";"mujer";"Barcelona, Spain";"Spain";"heuristico"
1502664.0;"Clara Roquet";"mujer";"";"";"sin_dato"
34017.0;"Daniel Sánchez Arévalo";"hombre";"  Madrid, Spain";"Spain";"heuristico"
109354.0;"Lluís Danés";"";"";"";"sin_dato"
19805.0;"Lluís Arcarazo";"hombre";"";"";"sin_dato"
1106577.0;"Carlos Vermut";"hombre";"Madrid - Spain";"Madrid - Spain";"heuristico"
5646425.0;"Patricia Pérez";"";"";"";"sin_dato"
5318950.0;"Liena Cid Navia";"";"";"";"sin_dato"
2467723.0;"Patricia Pérez Fernández";"";"";"";"sin_dato"
4958781.0;"Kike Maillo";"";"";"";"sin_dato"
3022884.0;"Borja de la Vega";"";"";"";"sin_dato"
2549328.0;"Irene Iborra Rizo";"mujer";"";"";"sin_dato"
6088764.0;"Laia Soler Aragonés";"";"";"";"sin_dato"
3262866.0;"Ekain Albite";"hombre";"";"";"sin_dato"
3959299.0;"Adrià Roca";"hombre";"";"";"sin_dato"
3959300.0;"Nicolau Mallofré";"hombre";"";"";"sin_dato"
3959289.0;"Mikel Ibarguren";"hombre";"";"";"sin_dato"
2046903.0;"Magda Calabrese";"";"";"";"sin_dato"
2767302.0;"María Gisele Royo";"";"";"";"sin_dato"
2494000.0;"Julia de Castro";"";"";"";"sin_dato"
570219.0;"Manuel Serrano";"hombre";"";"";"sin_dato"
4633425.0;"Francisco R. Tejedor";"";"";"";"sin_dato"
5181798.0;"Cristina Menéndez Torralba";"";"";"";"sin_dato"
1149068.0;"Mar Coll";"mujer";"Barcelona";"Barcelona";"heuristico"
1669189.0;"Valentina Viso";"";"";"";"sin_dato"
1388779.0;"Ramon Luque";"";"";"";"sin_dato"
1031128.0;"David Marqués";"hombre";"Valencia, Spain";"Spain";"heuristico"
4223120.0;"Rafa Calatayud Cano";"";"";"";"sin_dato"
1195187.0;"Víctor Matellano";"hombre";"Madrid, Spain";"Spain";"heuristico"
269695.0;"Manuel Tallafé";"hombre";"Cádiz, Spain";"Spain";"heuristico"
1294751.0;"Estibaliz Urresola Solaguren";"mujer";"Llodio, Álava, Spain";"Spain";"heuristico"
1756181.0;"Daresha Kyi";"mujer";"";"";"sin_dato"
1161761.0;"Catherine Gund";"mujer";"";"";"sin_dato"
2806169.0;"Abigail Schaaff";"";"";"";"sin_dato"
4511432.0;"Èric Moral";"";"";"";"sin_dato"
4342635.0;"Núria Velasco";"";"";"";"sin_dato"
3702941.0;"Melo Gon";"mujer";"";"";"sin_dato"
944402.0;"José F. Ortuño";"hombre";"Sevilla, Spain";"Spain";"heuristico"
4149569.0;"Moisés Martín";"";"";"";"sin_dato"
309.0;"Pedro Almodóvar";"hombre";"Calzada de Calatrava, Ciudad Real, Castilla-La Mancha, Spain";"Spain";"heuristico"
2189495.0;"Gemma Blasco";"mujer";"Barcelona, Catalonia, Spain, EU";"EU";"heuristico"
2391063.0;"Eva Pauné";"";"";"";"sin_dato"
3365472.0;"Rocío Martín";"mujer";"";"";"sin_dato"
2168024.0;"José Luis García Cossío";"";"";"";"sin_dato"
1031912.0;"Elena Trapé";"mujer";"";"";"sin_dato"
2018521.0;"Miguel Ibáñez Monroy";"";"";"";"sin_dato"
3790.0;"Ray Loriga";"hombre";"Madrid, Madrid, Spain";"Spain";"heuristico"
140396.0;"Miguel Ángel Vivas";"hombre";"Seville, Spain";"Spain";"heuristico"
1578295.0;"Ignasi Rubio";"";"";"";"sin_dato"
1778368.0;"Fran Carballal";"";"";"";"sin_dato"
3255932.0;"Carlos Marbán";"hombre";"";"";"sin_dato"
64194.0;"Paweł Pawlikowski";"hombre";"Warsaw, Poland";"Poland";"heuristico"
72156.0;"Ben Hopkins";"hombre";"Hong Kong";"Hong Kong";"heuristico"
1012214.0;"José Antonio Hergueta";"";"";"";"sin_dato"
5834871.0;"Jorge Peña Pezo";"";"";"";"sin_dato"
2950177.0;"Leticia Salvago";"";"";"";"sin_dato"
1047274.0;"Arantxa Aguirre";"mujer";"Madrid, Madrid, Spain";"Spain";"heuristico"
17597.0;"Juan Carlos Fresnadillo";"hombre";"Tenerife, Canary Islands, Spain";"Spain";"heuristico"
10828.0;"Guillermo del Toro";"hombre";"Guadalajara, Jalisco, Mexico";"Mexico";"heuristico"
1200444.0;"Dani de la Orden";"hombre";"Barcelona, Spain";"Spain";"heuristico"
1439986.0;"Eduard Sola";"hombre";"Santa Eulàlia de Ronçana, Spain";"Spain";"heuristico"
5326801.0;"Luis C. Lagos";"";"";"";"sin_dato"
1180358.0;"Pablo Moreno";"hombre";"";"";"sin_dato"
5337383.0;"Benjamín Lorenzo";"";"";"";"sin_dato"
237581.0;"César Martínez Herrada";"";"";"";"sin_dato"
2760432.0;"Miguel A. Mejias";"";"";"";"sin_dato"
5361958.0;"Amanda Lobo";"";"";"";"sin_dato"
1459419.0;"Alba Sotorra";"mujer";"Reus, Tarragona, Cataluña, Spain";"Spain";"heuristico"
937151.0;"Félix Viscarret";"";"";"";"sin_dato"
2632889.0;"David Pérez Sañudo";"hombre";"Bilbao, Spain";"Spain";"heuristico"
2632890.0;"Marina Parés";"";"";"";"sin_dato"
1962957.0;"Meritxell Colell Aparicio";"mujer";"";"";"sin_dato"
4460475.0;"Elisa Múgica";"";"";"";"sin_dato"
2203960.0;"Rafa Molés";"hombre";"";"";"sin_dato"
2203959.0;"Pepe Andreu";"";"";"";"sin_dato"
1183079.0;"Ólafur Rögnvaldsson";"";"";"";"sin_dato"
550068.0;"Arūnas Matelis";"";"";"";"sin_dato"
5370042.0;"Alex Cuellar";"";"";"";"sin_dato"
4603658.0;"Rafael Sánchez G.";"";"";"";"sin_dato"
2163917.0;"Héctor Escandell";"";"";"";"sin_dato"
81849.0;"Pedro Olea";"hombre";"Bilbao, Vizcaya, País Vasco, España";"España";"heuristico"
8908.0;"Arturo Pérez-Reverte";"hombre";"Cartagena, Murcia, Spain";"Spain";"heuristico"
932841.0;"Francisco Prada";"";"";"";"sin_dato"
2231098.0;"Miguel Faus";"hombre";"";"";"sin_dato"
2000753.0;"Marina Lameiro";"mujer";"Iruñea, Nafarroa, Euskal Herria";"Euskal Herria";"heuristico"
2461318.0;"Mamen Díaz";"mujer";"";"";"sin_dato"
1668830.0;"Violeta Rodríguez";"mujer";"";"";"sin_dato"
1436448.0;"Amparo Climent";"mujer";"València, València, Comunitat Valenciana, Spain";"Spain";"heuristico"
1768555.0;"Ivan Ruiz Flores";"";"";"";"sin_dato"
5427878.0;"Ana González";"";"";"";"sin_dato"
3149032.0;"Marina Rodríguez Colás";"";"";"";"sin_dato"
1170687.0;"Xavier Bermúdez";"";"";"";"sin_dato"
1764966.0;"Marisa Crespo";"";"";"";"sin_dato"
27450.0;"David Serrano";"hombre";"";"";"sin_dato"
1828428.0;"Blanco Santos";"";"";"";"sin_dato"
833156.0;"Javier Lorenzo";"hombre";"";"";"sin_dato"
4180107.0;"Ernesto Daranas Serrano";"";"";"";"sin_dato"
2494026.0;"Pepa G. Ramos";"";"";"";"sin_dato"
2075885.0;"Tirma Pérez";"";"";"";"sin_dato"
1582248.0;"Alexis Morante";"hombre";"Algeciras, Cadiz, Spain";"Spain";"heuristico"
2225317.0;"Nacho Blasco";"";"";"";"sin_dato"
1515828.0;"Alberto Vázquez";"hombre";"A Coruña, A Coruña, Galicia, Spain";"Spain";"heuristico"
5981442.0;"Francesc Xavier Manuel";"";"";"";"sin_dato"
2781728.0;"Jaume Claret Muxart";"";"";"";"sin_dato"
931271.0;"Eduardo Casanova";"hombre";"Madrid, Spain";"Spain";"heuristico"
1147996.0;"Fernando Merinero";"";"";"";"sin_dato"
1145408.0;"Jo Sol";"hombre";"Barcelona, Barcelona, Catalunya, Spain";"Spain";"heuristico"
5217820.0;"David Arnanz";"";"";"";"sin_dato"
3059119.0;"Amat Vallmajor del Pozo";"";"";"";"sin_dato"
6389083.0;"José Victor Fuentes";"";"";"";"sin_dato"
5011589.0;"Fernando Alcántara";"";"";"";"sin_dato"
2596472.0;"Raúl Cerezo";"hombre";"España";"España";"heuristico"
1679853.0;"Fernando González Gómez";"";"";"";"sin_dato"
3607097.0;"Rubén Sánchez Trigos";"";"";"";"sin_dato"
3099796.0;"Javier Trigales";"";"";"";"sin_dato"
1046529.0;"Denis Delestrac";"hombre";"";"";"sin_dato"
589553.0;"Antoni Ribas";"hombre";"Barcelona, Spain";"Spain";"heuristico"
1726169.0;"Miquel Sanz";"";"";"";"sin_dato"
1348362.0;"Juan Francisco Viruega";"";"";"";"sin_dato"
54526.0;"Paco Plaza";"hombre";"Valencia, Spain";"Spain";"heuristico"
1543018.0;"Álvaro de la Hoz";"";"";"";"sin_dato"
2095405.0;"Alejandro G. Salgado";"";"";"";"sin_dato"
2055371.0;"Selman Nacar";"hombre";"Uşak, Türkiye";"Türkiye";"heuristico"
6033605.0;"Marta Sánchez";"";"";"";"sin_dato"
2619632.0;"Alex Sardà";"";"";"";"sin_dato"
1379702.0;"Sayago Ayuso";"hombre";"  Madrid, Spain";"Spain";"heuristico"
1143781.0;"Juanjo Ramírez Mascaró";"hombre";"";"";"sin_dato"
2682878.0;"Paco Mateo";"hombre";"";"";"sin_dato"
5644533.0;"Luis Santana Déniz";"";"";"";"sin_dato"
2524429.0;"Isabel Fernández";"";"";"";"sin_dato"
1711334.0;"Marc Ferrer";"hombre";"Sabadell, Barcelona, Catalonia, Spain";"Spain";"heuristico"
1957068.0;"Teresa Bellón";"";"";"";"sin_dato"
1957066.0;"César F. Calvillo";"";"";"";"sin_dato"
6362320.0;"Josu Martínez";"";"";"";"sin_dato"
56470.0;"Javier Fesser";"hombre";"Madrid, Spain";"Spain";"heuristico"
1150199.0;"Oskar Alegria";"hombre";"Pamplona, Navarra, Spain";"Spain";"heuristico"
1506375.0;"David Ilundain";"hombre";"";"";"sin_dato"
1381243.0;"Coral Cruz";"";"";"";"sin_dato"
1077643.0;"Regina Alvarez";"";"";"";"sin_dato"
1820703.0;"Asier Urbieta";"";"";"";"sin_dato"
1695424.0;"Andoni de Carlos";"";"";"";"sin_dato"
1428818.0;"Paul Urkijo Alijo";"hombre";"Vitoria-Gasteiz, Spain";"Spain";"heuristico"
2814318.0;"Laura Hojman";"mujer";"Sevilla, España";"España";"heuristico"
6163639.0;"Paula Ortiz";"";"";"";"sin_dato"
1036281.0;"Vera Fogwill";"hombre";"Buenos Aires, Argentina";"Argentina";"heuristico"
5597231.0;"Diego Martínez";"";"";"";"sin_dato"
3629503.0;"Victòria Morell Salom";"mujer";"";"";"sin_dato"
1442569.0;"Juan Miguel del Castillo";"hombre";"Jerez de la Frontera, Andalusia, Spain";"Spain";"heuristico"
2076971.0;"Fon Cortizo";"";"";"";"sin_dato"
5364688.0;"Guillermo Galoe";"";"";"";"sin_dato"
2334053.0;"Victor Alonso-Berbel";"hombre";"Barcelona, Spain";"Spain";"heuristico"
2373399.0;"Polo Menárguez";"";"";"";"sin_dato"
1409248.0;"Ignasi Vidal";"hombre";"Barcelona, Cataluña, Spain";"Spain";"heuristico"
1785157.0;"Maria Elorza";"mujer";"Vitoria-Gasteiz, Basque Country, Spain";"Spain";"heuristico"
260953.0;"Nicolás Muñoz";"hombre";"";"";"sin_dato"
3389899.0;"Raphaëlle Perez";"";"Perpignan, France";"France";"heuristico"
3156507.0;"Rafael Russo";"";"";"";"sin_dato"
2829430.0;"Helena de Llanos";"mujer";"";"";"sin_dato"
5036140.0;"Jorge Cebrián";"";"";"";"sin_dato"
79002.0;"Nacho G. Velilla";"hombre";"Zaragoza, Spain";"Spain";"heuristico"
1167112.0;"David S. Olivas";"hombre";"";"";"sin_dato"
4086869.0;"Claire Ducreux";"";"";"";"sin_dato"
15488.0;"Ken Loach";"hombre";"Nuneaton, Warwickshire, England, UK";"UK";"heuristico"
181945.0;"Jim Allen";"hombre";"Manchester, England";"England";"heuristico"
4638503.0;"Patricia de Luna";"";"";"";"sin_dato"
19840.0;"Alejandro Amenábar";"hombre";"Santiago de Chile, Chile";"Chile";"heuristico"
19841.0;"Mateo Gil";"hombre";"Spain";"Spain";"heuristico"
2577039.0;"Laura Sisteró";"";"";"";"sin_dato"
5425079.0;"Juan Pablo Mejía Caicedo";"";"";"";"sin_dato"
2805759.0;"Jorge Bartolomé";"";"";"";"sin_dato"
4889588.0;"Pablo Agüero";"";"";"";"sin_dato"
2480566.0;"Katell Guillou";"";"";"";"sin_dato"
238384.0;"Alain Guiraudie";"hombre";"Villefranche-de-Rouergue, Aveyron, France";"France";"heuristico"
5399174.0;"Alejandro Rojas";"";"";"";"sin_dato"
1950950.0;"Juan Sebastián Vásquez";"hombre";"";"";"sin_dato"
2044765.0;"Xavier Baig";"";"";"";"sin_dato"
589505.0;"Oscar Moreno";"";"";"";"sin_dato"
2773693.0;"Víctor Luengo";"";"";"";"sin_dato"
1814108.0;"Virginia Díaz";"";"";"";"sin_dato"
37833.0;"Víctor Erice";"hombre";"Carranza, Vizcaya, País Vasco, España";"España";"heuristico"
24971.0;"Michel Gaztambide";"hombre";"Apt, France";"France";"heuristico"
16973.0;"Icíar Bollaín";"mujer";"Madrid, Madrid, Spain";"Spain";"heuristico"
987802.0;"Alicia Luna";"mujer";"";"";"sin_dato"
2896953.0;"Javier Tolentino";"";"";"";"sin_dato"
3631222.0;"Alejandra Mora";"";"";"";"sin_dato"
2896955.0;"Doriam Alonso";"";"";"";"sin_dato"
1193421.0;"Juan Manuel Cotelo";"hombre";"Madrid, Madrid, Spain";"Spain";"heuristico"
1890848.0;"Alexis Martinez";"";"";"";"sin_dato"
3796416.0;"Alicia Bel";"mujer";"València, Comunitat Valenciana, Spain";"Spain";"heuristico"
2352932.0;"José Luis Pedrero";"hombre";"València, Comunitat Valenciana, Spain";"Spain";"heuristico"
1695482.0;"Kurro González";"";"";"";"sin_dato"
1051295.0;"Álvaro Longoria";"hombre";"Santander, Cantabria, Spain";"Spain";"heuristico"
2195096.0;"Marisa Lafuente";"mujer";"  Madrid, Spain";"Spain";"heuristico"
5276832.0;"Ana Barcos";"";"";"";"sin_dato"
3574547.0;"Alfredo Carrasco Alonso";"";"";"";"sin_dato"
1696531.0;"Javier Marco";"hombre";"";"";"sin_dato"
2406756.0;"Belén Sánchez Arévalo";"mujer";"";"";"sin_dato"
1008548.0;"Emilio Ruiz Barrachina";"";"";"";"sin_dato"
1027743.0;"Manuel J. García";"hombre";"";"";"sin_dato"
168769.0;"Michael Maurer";"hombre";"Berlin, Germany";"Germany";"heuristico"
2194080.0;"John Michael Boughn";"";"";"";"sin_dato"
1208929.0;"Hernán Zin";"";"";"";"sin_dato"
1581539.0;"Alicia Medina";"";"";"";"sin_dato"
74943.0;"Daniel Monzón";"hombre";"Palma de Mallorca, Mallorca, Balearic Islands, Spain";"Spain";"heuristico"
2244942.0;"Marc Serena";"";"";"";"sin_dato"
1173037.0;"Andrés Duque";"hombre";"Caracas, Venezuela";"Venezuela";"heuristico"
1270701.0;"J.J. Winlove";"";"";"";"sin_dato"
4162971.0;"Noel Gálvez";"hombre";"";"";"sin_dato"
2978732.0;"Martín Cuervo";"hombre";"";"";"sin_dato"
3290639.0;"Irene Niubó";"";"";"";"sin_dato"
1507365.0;"Luis E. Parés";"";"";"";"sin_dato"
2350322.0;"Juan Palacios";"";"";"";"sin_dato"
3445141.0;"Luc Knowles";"hombre";"Devon, England, UK";"UK";"heuristico"
1463084.0;"Juan Antonio Moreno Amador";"";"";"";"sin_dato"
3517055.0;"José Corral Llorente";"";"";"";"sin_dato"
95320.0;"Rodrigo Cortés";"hombre";"Pazos Hermos, Ourense, Galicia, Spain";"Spain";"heuristico"
1838478.0;"David Safier";"hombre";"Bremen, Germany";"Germany";"heuristico"
212687.0;"Daniel Calparsoro";"hombre";"Barcelona, España";"España";"heuristico"
138699.0;"Patxi Amezcua";"hombre";"Iruñea, Nafarroa, Euskal Herria, España";"España";"heuristico"
1199496.0;"Alejo Flah";"hombre";"Buenos Aires, Argentina";"Argentina";"heuristico"
1262057.0;"Joaquín Gutiérrez Acha";"";"";"";"sin_dato"
5524932.0;"Claudia Clemente";"";"";"";"sin_dato"
54525.0;"Jaume Balagueró";"hombre";"Lleida, Lleida, Catalonia, Spain";"Spain";"heuristico"
586103.0;"Luiso Berdejo";"hombre";"San Sebastián, España";"España";"heuristico"
2918999.0;"Alberto Rull";"";"";"";"sin_dato"
4346432.0;"Alex Mateos";"";"";"";"sin_dato"
3844697.0;"Julio Martín Alarcón";"";"";"";"sin_dato"
6142772.0;"Alba Prol Cid";"";"";"";"sin_dato"
4736109.0;"Raúl García";"";"";"";"sin_dato"
108499.0;"Manuel Gómez Pereira";"hombre";"";"";"sin_dato"
96693.0;"Yolanda García Serrano";"";"";"";"sin_dato"
2801723.0;"Belén Verdugo";"";"";"";"sin_dato"
2592415.0;"José María Izquierdo";"";"";"";"sin_dato"
1485396.0;"Albert Pintó";"hombre";"Terrassa, Spain";"Spain";"heuristico"
2747679.0;"David Orea";"hombre";"Madrid, Spain";"Spain";"heuristico"
1149065.0;"Raúl Santos";"hombre";"";"";"sin_dato"
85552.0;"Borja Cobeaga";"hombre";"";"";"sin_dato"
2079453.0;"Andrés Garrigó";"";"";"";"sin_dato"
4019154.0;"Josepmaria Anglès";"";"";"";"sin_dato"
2079455.0;"Josemaría Muñoz";"";"";"";"sin_dato"
3072665.0;"Javier Ramírez";"";"";"";"sin_dato"
2927784.0;"Miguel Angel Bonequi Trujillo";"";"";"";"sin_dato"
2182011.0;"Cristina Otero";"mujer";"Pontevdra, Galicia, Spain";"Spain";"heuristico"
1341326.0;"Ana Murugarren";"";"";"";"sin_dato"
6243133.0;"Ana Galán";"";"";"";"sin_dato"
5593416.0;"Jordi Torra";"";"";"";"sin_dato"
1304466.0;"Alexs Stadermann";"hombre";"";"";"sin_dato"
1414901.0;"Fin Edquist";"";"";"";"sin_dato"
1932129.0;"Domingo J. González";"";"";"";"sin_dato"
5444595.0;"Elena de Vera";"";"";"";"sin_dato"
2205048.0;"Víctor Escribano";"";"";"";"sin_dato"
106697.0;"José Luis López-Linares";"";"Madrid, Madrid, Spain";"Spain";"heuristico"
3106232.0;"David Riaño";"";"";"";"sin_dato"
2319.0;"Maria de Medeiros";"mujer";"Lisbon, Portugal";"Portugal";"heuristico"
150498.0;"Ève Deboise";"";"";"";"sin_dato"
1504421.0;"David Cánovas";"";"";"";"sin_dato"
2038507.0;"Raúl Jiménez Pastor";"";"";"";"sin_dato"
2915594.0;"Víctor Cerdán";"";"";"";"sin_dato"
2980736.0;"Marjan Khosravi";"mujer";"Iran";"Iran";"heuristico"
1367435.0;"Luis Tinoco";"hombre";"";"";"sin_dato"
2725314.0;"Ricard Peitx";"";"";"";"sin_dato"
1338870.0;"Pavel Giroud";"";"";"";"sin_dato"
2468094.0;"Inge Mendioroz";"";"";"";"sin_dato"
5657782.0;"Idoia Garzes Aldazabal";"";"";"";"sin_dato"
96690.0;"Rodrigo Sorogoyen";"hombre";"Madrid, Spain";"Spain";"heuristico"
1303404.0;"Isabel Peña";"mujer";"Zaragoza, Aragón, España";"España";"heuristico"
5247630.0;"Gerard Peris";"";"";"";"sin_dato"
68234.0;"Ezekiel Montes";"";"";"";"sin_dato"
589104.0;"Paco Arango";"hombre";"Mexico City, Mexico";"Mexico";"heuristico"
37561.0;"Fernando Colomo";"hombre";"Madrid, Madrid, Spain";"Spain";"heuristico"
2257939.0;"Javier Jauregui";"";"";"";"sin_dato"
3081963.0;"Víctor García";"";"";"";"sin_dato"
1799272.0;"Guillem Clua";"";"";"";"sin_dato"
1044672.0;"Rafael Alcázar";"hombre";"Calera y Chozas, Spain";"Spain";"heuristico"
4163858.0;"Santiago Alvarado Ilarri";"";"";"";"sin_dato"
1443072.0;"Ramón Salas";"";"";"";"sin_dato"
1130539.0;"Jon Garaño";"hombre";"Donostia, Gipuzkoa, Euskal Herria";"Euskal Herria";"heuristico"
1064869.0;"Aitor Arregi";"hombre";"Oñati, Gipuzkoa, Euskal Herria";"Euskal Herria";"heuristico"
1130540.0;"Jose Mari Goenaga";"hombre";"Ordizia, Gipuzkoa, Euskal Herria";"Euskal Herria";"heuristico"
2006454.0;"Alberto Triano";"";"";"";"sin_dato"
1231448.0;"David Cantolla";"";"";"";"sin_dato"
1385568.0;"Pedro Solís";"hombre";"Barcelona, Catalonia, Spain";"Spain";"heuristico"
2044869.0;"Juan Jesús García Galocha";"hombre";"Sevilla, Spain";"Spain";"heuristico"
1133344.0;"Javier López Barreira";"";"";"";"sin_dato"
1133339.0;"Jordi Gasull";"";"";"";"sin_dato"
2096630.0;"Sonia Escolano";"";"";"";"sin_dato"
1857851.0;"Belén López Albert";"";"";"";"sin_dato"
53230.0;"Fernando Franco";"hombre";"Sevilla, Spain";"Spain";"heuristico"
2662836.0;"Begoña Arostegui";"no_binario";"";"";"sin_dato"
102329.0;"Maria Ripoll";"mujer";"Barcelona, Barcelona, Catalonia, Spain";"Spain";"heuristico"
992040.0;"Olga Iglesias";"mujer";"";"";"sin_dato"
2558765.0;"Juan Antonio Chavero";"";"";"";"sin_dato"
3055331.0;"Yolanda Centeno";"";"";"";"sin_dato"
3055337.0;"Jesús Luque";"";"";"";"sin_dato"
1243.0;"Woody Allen";"hombre";"The Bronx, New York City, New York, USA";"USA";"heuristico"
113736.0;"Giordano Gederlini";"hombre";"Chile";"Chile";"heuristico"
1378230.0;"Ion de Sosa";"hombre";"Donostia-San Sebastián, Basque Country, Spain";"Spain";"heuristico"
1263121.0;"Chema García Ibarra";"hombre";"";"";"sin_dato"
1185966.0;"Lorena Iglesias";"mujer";"";"";"sin_dato"
1185964.0;"Julián Génisson";"hombre";"  Madrid, Spain";"Spain";"heuristico"
5935015.0;"Juan González";"";"";"";"sin_dato"
3127416.0;"Juan Gamero";"";"";"";"sin_dato"
2796656.0;"Carmen Rodríguez";"";"";"";"sin_dato"
1399736.0;"Ana Victoria Pérez";"mujer";"";"";"sin_dato"
1170971.0;"David Galán Galindo";"hombre";"";"";"sin_dato"
2443976.0;"María José Moreno";"";"";"";"sin_dato"
2525261.0;"Shadi Adib";"";"";"";"sin_dato"
4745815.0;"Xavier Romero";"";"";"";"sin_dato"
59879.0;"David Trueba";"hombre";"Madrid, Madrid, Spain";"Spain";"heuristico"
43318.0;"Albert Espinosa";"hombre";"Barcelona, Spain";"Spain";"heuristico"
1466012.0;"Clara Bilbao";"mujer";"Bilbao, Spain";"Spain";"heuristico"
1082714.0;"Miguel Barros";"hombre";"";"";"sin_dato"
1170171.0;"Jorge Gil Munarriz";"hombre";"Legazpi, Gipuzkoa, Euskal Herria";"Euskal Herria";"heuristico"
1724318.0;"Ángeles Huerta";"mujer";"";"";"sin_dato"
2661441.0;"Pepe Coira";"hombre";"Rábade, Lugo, Galicia, Spain";"Spain";"heuristico"
1070463.0;"Manuel H. Martín";"";"";"";"sin_dato"
2853009.0;"Antonio Fernández Torres";"";"";"";"sin_dato"
64845.0;"Antonio Cuadri";"";"";"";"sin_dato"
1115313.0;"Javier Espada";"";"";"";"sin_dato"
4762461.0;"Salvador Calvo";"";"";"";"sin_dato"
2928016.0;"Luís Gibert";"";"";"";"sin_dato"
1061663.0;"Alfonso Sánchez";"hombre";"Sevilla, Spain";"Spain";"heuristico"
2543463.0;"Eva Libertad";"mujer";"Molina de Segura, Murcia, Spain";"Spain";"heuristico"
16979.0;"Chus Gutiérrez";"mujer";"";"";"sin_dato"
1527536.0;"Frank Ariza";"hombre";"Barbate, Spain";"Spain";"heuristico"
2348612.0;"Margarita Ledo";"mujer";"Castro de Rei, Lugo, Galicia, Spain";"Spain";"heuristico"
3484808.0;"Eva Veiga";"";"";"";"sin_dato"
2168850.0;"Diego Llorente";"hombre";"";"";"sin_dato"
1708407.0;"Irati Gorostidi";"mujer";"Eguesibar, Nafarroa, Euskal Herria";"Euskal Herria";"heuristico"
4030050.0;"José Gasset";"";"";"";"sin_dato"
6264805.0;"Eloy Enciso Cachafeiro";"";"";"";"sin_dato"
3016177.0;"Mercedes Rodrigo";"";"";"";"sin_dato"
4065553.0;"Pablo Riesgo";"";"";"";"sin_dato"
1266452.0;"Jose Val Bal";"";"";"";"sin_dato"
588973.0;"Isaki Lacuesta";"hombre";"Girona, Catalonia, Spain";"Spain";"heuristico"
3304948.0;"Pol Rodríguez";"";"";"";"sin_dato"
1453651.0;"Fernando Navarro";"hombre";"";"";"sin_dato"
935765.0;"Sílvia Munt";"mujer";"Barcelona, Barcelona, Catalonia, Spain";"Spain";"heuristico"
1295643.0;"Alfonso Zarauza";"";"";"";"sin_dato"
1836299.0;"Jaione Camborda";"mujer";"San Sebastián, Spain";"Spain";"heuristico"
1221292.0;"Lois Patiño";"hombre";"Vigo, Pontevedra, Galicia, Spain";"Spain";"heuristico"
2998049.0;"Alberto Armas Díaz";"";"";"";"sin_dato"
2333553.0;"Víctor Conde";"hombre";"";"";"sin_dato"
5224596.0;"Felipe Villaplana";"";"";"";"sin_dato"
5224609.0;"Carlos López Olano";"";"";"";"sin_dato"
92661.0;"Javier Veiga";"hombre";"El Grove, Pontevedra, Galicia, Spain";"Spain";"heuristico"
17603.0;"Enrique López Lavigne";"hombre";"Madrid, Spain";"Spain";"heuristico"
37613.0;"Jaime Chávarri";"hombre";"Madrid, España";"España";"heuristico"
2836489.0;"Ana Lambarri";"mujer";"";"";"sin_dato"
1438827.0;"Vicent Monsonís";"";"";"";"sin_dato"
1826479.0;"Marga Melià";"";"";"";"sin_dato"
2374023.0;"Galder Gaztelu-Urrutia";"hombre";"Abadiño, Basque Country, Spain";"Spain";"heuristico"
1060140.0;"Pedro Rivero";"hombre";"Bilbao, Spain";"Spain";"heuristico"
1317749.0;"David Desola";"hombre";"";"";"sin_dato"
1958700.0;"Eduardo Solá Franco";"";"";"";"sin_dato"
2839663.0;"Mireia Llinàs";"";"";"";"sin_dato"
125852.0;"Miguel Ángel Muñoz";"hombre";"  Madrid, Spain";"Spain";"heuristico"
1074001.0;"Jorge Laplace";"";"";"";"sin_dato"
2478401.0;"Santiago Requejo";"hombre";"";"";"sin_dato"
1074041.0;"Luis Alegre Saz";"hombre";"Lechago, Teruel, Aragón, Spain";"Spain";"heuristico"
3592180.0;"Juan A. Anguita";"";"";"";"sin_dato"
1672995.0;"Unai Canela";"";"";"";"sin_dato"
1672990.0;"Andoni Canela";"";"";"";"sin_dato"
1413007.0;"Adolfo Dufour";"hombre";"";"";"sin_dato"
1430334.0;"Juan Galiñanes";"hombre";"";"";"sin_dato"
54528.0;"Alberto Marini";"hombre";"Turin, Italy";"Italy";"heuristico"
2263746.0;"Fernando Vera";"";"";"";"sin_dato"
5644505.0;"Jesús Ponce";"";"";"";"sin_dato"
2422984.0;"Mauro Colombo";"";"";"";"sin_dato"
1436791.0;"Alejandro Suárez Lozano";"";"";"";"sin_dato"
5270914.0;"Nuria Martín Esteban";"";"";"";"sin_dato"
1035833.0;"Vicente Villanueva";"hombre";"Valencia, Spain";"Spain";"heuristico"
1541697.0;"Marta Buchaca";"";"";"";"sin_dato"
84714.0;"Juan José Campanella";"hombre";"Buenos Aires, Argentina";"Argentina";"heuristico"
93651.0;"Eduardo Sacheri";"";"";"";"sin_dato"
5503054.0;"Sergio Rodrigo Ruiz";"";"";"";"sin_dato"
224884.0;"Imanol Uribe";"hombre";"San Salvador, El Salvador";"El Salvador";"heuristico"
1024687.0;"Gemma Ventura";"mujer";"";"";"sin_dato"
2016984.0;"Ana Graciani";"";"";"";"sin_dato"
1187864.0;"José Ángel Esteban";"";"";"";"sin_dato"
4424916.0;"Marta Espar";"";"Barcelona, Barcelona, Catalonia, Spain";"Spain";"heuristico"
4424914.0;"Maiol Virgili";"";"";"";"sin_dato"
1131414.0;"Alfonso Cortés-Cavanillas";"hombre";"";"";"sin_dato"
3512702.0;"Jorge Navarro de Lemus";"";"";"";"sin_dato"
1152634.0;"Marcel Barrena";"hombre";"Barcelona, Catalonia, Spain";"Spain";"heuristico"
1128094.0;"Ibon Cormenzana";"hombre";"Portugalete, Biscay, Spain";"Spain";"heuristico"
2435292.0;"Nerea Castro";"";"";"";"sin_dato"
3233145.0;"Iker Elorrieta";"";"";"";"sin_dato"
141967.0;"Benito Zambrano";"hombre";"";"";"sin_dato"
2648709.0;"Flora González Villanueva";"";"";"";"sin_dato"
1635445.0;"Celia Novis";"";"";"";"sin_dato"
2545879.0;"Patxi Uriz";"";"";"";"sin_dato"
2545881.0;"Jordi Matas";"";"";"";"sin_dato"
2374150.0;"Tatiana Rodríguez";"";"";"";"sin_dato"
1124382.0;"Carlos Sedes";"hombre";"";"";"sin_dato"
1261462.0;"Ramón Campos";"hombre";"Noia, A Coruña, Galicia, Spain";"Spain";"heuristico"
1261463.0;"Gema R. Neira";"mujer";"Ferrol, A Coruña, Galicia, Spain";"Spain";"heuristico"
2885188.0;"Javier Chacártegui";"";"";"";"sin_dato"
2747678.0;"Salvador S. Molina";"hombre";"";"";"sin_dato"
4881904.0;"Rylend Grant";"";"";"";"sin_dato"
5790674.0;"Eva Montoya";"";"";"";"sin_dato"
1194904.0;"Pablo Maqueda";"hombre";"  Madrid, Spain";"Spain";"heuristico"
4580493.0;"José Cabanach";"";"";"";"sin_dato"
1697308.0;"Diego López-Fernández";"hombre";"Barcelona, Barcelona, Catalonia, Spain";"Spain";"heuristico"
2000744.0;"Ione Atenea";"mujer";"Pamplona, España";"España";"heuristico"
1355193.0;"Igor Legarreta";"";"";"";"sin_dato"
225972.0;"Jon Sagalá";"";"";"";"sin_dato"
3701720.0;"Paula Labordeta";"";"";"";"sin_dato"
3979041.0;"Miguel Mena";"";"";"";"sin_dato"
4813064.0;"Ángela Labordeta";"";"";"";"sin_dato"
5421335.0;"Azucena Carbajosa Rodriguez";"";"";"";"sin_dato"
1300969.0;"Jordi Évole";"hombre";"Cornellà de Llobregat, Barcelona, Catalonia, Spain";"Spain";"heuristico"
5421103.0;"Ramón Lara";"";"";"";"sin_dato"
1261502.0;"Màrius Sánchez";"hombre";"";"";"sin_dato"
2448460.0;"Silvia Merino";"";"";"";"sin_dato"
2348064.0;"Hugo de la Riva";"";"";"";"sin_dato"
3405709.0;"Ana Liébana";"";"";"";"sin_dato"
2256047.0;"Javier Fernández Vázquez";"";"";"";"sin_dato"
130988.0;"Inés París";"";"Madrid, Spain";"Spain";"heuristico"
15602.0;"Fernando León de Aranoa";"hombre";"Madrid, Spain";"Spain";"heuristico"
51896.0;"Mar Targarona";"mujer";"Barcelona, Barcelona, Catalunya, Spain";"Spain";"heuristico"
1489447.0;"Alfred Pérez-Fargas";"";"";"";"sin_dato"
1489446.0;"Roger Danès";"";"";"";"sin_dato"
563855.0;"Juanma Bajo Ulloa";"hombre";"Vitoria, Álava, País Vasco, Spain";"Spain";"heuristico"
4470945.0;"Elisa Marinas";"";"";"";"sin_dato"
1021717.0;"Javier Corcuera";"hombre";"Lima, Perú";"Perú";"heuristico"
2556742.0;"Luis Mancha";"";"";"";"sin_dato"
1895984.0;"Néstor F. Dennis";"hombre";"";"";"sin_dato"
1851075.0;"Ivan Zekić";"hombre";"";"";"sin_dato"
5332377.0;"Vukasin Soc";"";"";"";"sin_dato"
1416286.0;"Mateja Popović";"";"";"";"sin_dato"
1593464.0;"Stojan Đorđević";"hombre";"Kragujevac, Serbia";"Serbia";"heuristico"
2135546.0;"Petar Mihajlović";"";"";"";"sin_dato"
2119721.0;"Boris Grgurović";"";"";"";"sin_dato"
5332384.0;"Jelena Andelovski";"";"";"";"sin_dato"
1034476.0;"Telmo Esnal";"hombre";"Zarautz, Basque Country, Spain";"Spain";"heuristico"
1012190.0;"Miguel Santesmases";"hombre";"";"";"sin_dato"
230209.0;"Ángeles González-Sinde";"mujer";"Madrid, Spain";"Spain";"heuristico"
3615048.0;"Arturo Mombiedro";"";"";"";"sin_dato"
576087.0;"Javier Martín";"hombre";"Madrid, Madrid, Spain";"Spain";"heuristico"
2213460.0;"Pep Bonet";"";"";"";"sin_dato"
132450.0;"José Corbacho";"hombre";"L'Hospitalet de Llobregat, Barcelona, Catalonia, Spain";"Spain";"heuristico"
5299192.0;"Catalina Solivellas";"";"";"";"sin_dato"
234532.0;"Secun de la Rosa";"hombre";"Barcelona, Spain";"Spain";"heuristico"
588840.0;"Roberto Pérez Toledo";"hombre";"";"";"sin_dato"
589659.0;"Imanol Rayo";"";"";"";"sin_dato"
1426746.0;"Joanes Urkixo";"";"";"";"sin_dato"
2002122.0;"Macarena Astorga";"";"";"";"sin_dato"
2437353.0;"Inés Silva";"";"";"";"sin_dato"
3195500.0;"Beatriz Iznaola";"";"";"";"sin_dato"
1694893.0;"Pedro Martín Calero";"";"";"";"sin_dato"
19842.0;"José Luis Cuerda";"hombre";"Albacete, Spain";"Spain";"heuristico"
589003.0;"Norberto Ramos del Val";"hombre";"Santander, Cantabria, Spain";"Spain";"heuristico"
1322494.0;"César del Álamo";"";"";"";"sin_dato"
5040794.0;"Lorenzo Sanz Fernández";"";"";"";"sin_dato"
589777.0;"Oscar Martín";"";"";"";"sin_dato"
111090.0;"Javier Botet";"hombre";"Ciudad Real, Castilla La Mancha, Spain";"Spain";"heuristico"
1282294.0;"David Pareja";"hombre";"";"";"sin_dato"
5640808.0;"Irene Bailo Carramiñana";"";"";"";"sin_dato"
2945902.0;"Celine Ducreux";"";"";"";"sin_dato"
2204600.0;"Senén Fernández";"";"";"";"sin_dato"
4923208.0;"Toni Andújar";"";"";"";"sin_dato"
4923210.0;"Erick Straver";"";"";"";"sin_dato"
3196456.0;"Alexis Vietti";"";"";"";"sin_dato"
236514.0;"Max Lemcke";"";"";"";"sin_dato"
2941579.0;"Regina Álvarez Lorenzo";"mujer";"";"";"sin_dato"
1302077.0;"Arantxa Echevarría";"mujer";"Bilbao, Spain";"Spain";"heuristico"
1482515.0;"Olatz Arroyo";"";"";"";"sin_dato"
3632587.0;"Jose Manuel Rebollo";"hombre";"";"";"sin_dato"
1649980.0;"Ángela Gallardo Bernal";"mujer";"";"";"sin_dato"
3127742.0;"Cesar Vallejo";"";"";"";"sin_dato"
2560103.0;"Nacho Álvarez";"hombre";"Montevideo, Uruguay";"Uruguay";"heuristico"
1063315.0;"David Esteban Cubero";"";"";"";"sin_dato"
2560104.0;"Eduardo Navarro";"";"";"";"sin_dato"
4276328.0;"Octavio Lasheras";"";"";"";"sin_dato"
4543767.0;"Matías Boero Lutz";"";"";"";"sin_dato"
4282773.0;"Raúl Capdevila";"";"";"";"sin_dato"
2306392.0;"Ingrid Pokropek";"mujer";"";"";"sin_dato"
937769.0;"Jonás Trueba";"hombre";"Madrid, Madrid, Spain";"Spain";"heuristico"
972158.0;"Ernesto Sevilla";"hombre";"Albacete, Spain";"Spain";"heuristico"
1185970.0;"Miguel Esteban";"";"";"";"sin_dato"
114462.0;"Joaquín Reyes";"hombre";"Albacete, Spain";"Spain";"heuristico"
4954090.0;"Iker Álvarez";"";"";"";"sin_dato"
3276081.0;"Haizea Pastor";"";"";"";"sin_dato"
4534713.0;"Yurre Ugarte";"";"";"";"sin_dato"
1555116.0;"Fernando Salem";"hombre";"Buenos Aires, Argentina";"Argentina";"heuristico"
5065139.0;"Matías Goldberg";"";"";"";"sin_dato"
1396455.0;"Claro García";"";"";"";"sin_dato"
2426873.0;"David Muñoz";"hombre";"";"";"sin_dato"
2258086.0;"Javier García Arredondo";"";"";"";"sin_dato"
4772220.0;"Juan Mayorga";"";"";"";"sin_dato"
2046902.0;"Richard Zubelzu";"";"";"";"sin_dato"
73693.0;"Cesc Gay";"hombre";"Barcelona, Barcelona, Catalonia, Spain";"Spain";"heuristico"
560258.0;"Tomàs Aragay";"";"";"";"sin_dato"
4416357.0;"Gabriel Chicano";"";"";"";"sin_dato"
5376528.0;"Javier Canales Sepúlveda";"";"";"";"sin_dato"
2297013.0;"Elena Cid Sebastián";"";"";"";"sin_dato"
3039206.0;"Sandra García Nieto";"";"";"";"sin_dato"
5048846.0;"Adrián García";"";"";"";"sin_dato"
1211122.0;"Amèlia Mora";"";"";"";"sin_dato"
1097734.0;"Juan Luis de No";"";"";"";"sin_dato"
83449.0;"Jorge Rivera";"hombre";"";"";"sin_dato"
4577431.0;"Jaime Noguera";"";"";"";"sin_dato"
2628918.0;"Sergio Dow";"";"";"";"sin_dato"
5727167.0;"Carmen López";"";"";"";"sin_dato"
1176.0;"Lone Scherfig";"mujer";"Søborg, Danmark";"Danmark";"heuristico"
8574.0;"Walter Salles";"hombre";"Rio de Janeiro, Rio de Janeiro, Brazil";"Brazil";"heuristico"
148766.0;"Rafa Russo";"hombre";"Madrid, Spain";"Spain";"heuristico"
2289823.0;"Eric du Bellay";"";"";"";"sin_dato"
2706985.0;"Mario Parra";"";"";"";"sin_dato"
3016263.0;"Enrique García-Vázquez";"hombre";"Valladolid - Spain";"Valladolid - Spain";"heuristico"
3016268.0;"Lucía Lobato";"mujer";"Valladolid - Spain";"Valladolid - Spain";"heuristico"
3973127.0;"Pino de Pablos";"mujer";"Valladolid - Spain";"Valladolid - Spain";"heuristico"
5934164.0;"Juan San Martín";"";"";"";"sin_dato"
2264685.0;"Carolina Bassecourt";"";"";"";"sin_dato"
1649611.0;"Marta Lallana García";"mujer";"Zaragoza, Aragón, Spain";"Spain";"heuristico"
5842166.0;"Sandra García Bueno";"";"";"";"sin_dato"
79000.0;"Manuel Martín Cuenca";"hombre";"El Ejido, Spagna";"Spagna";"heuristico"
2555250.0;"Toni Escandell";"";"";"";"sin_dato"
2555252.0;"Marina Seguí";"";"";"";"sin_dato"
1141769.0;"Sílvia Quer";"mujer";"Barcelona, Barcelona, Catalonia, Spain";"Spain";"heuristico"
27473.0;"Daniel González";"";"";"";"sin_dato"
2124703.0;"Marta Armengol";"mujer";"";"";"sin_dato"
967367.0;"Cristina Campos";"mujer";"";"";"sin_dato"
1369119.0;"Susanna Barranco";"";"";"";"sin_dato"
1701864.0;"Joaquín Mazón";"";"";"";"sin_dato"
82726.0;"Curro Velázquez";"hombre";"";"";"sin_dato"
2924495.0;"Benjamín Herranz";"";"";"";"sin_dato"
2826886.0;"Arturo Dueñas";"hombre";"";"";"sin_dato"
2453244.0;"Olga Mansilla";"";"";"";"sin_dato"
1902030.0;"Beatrice Fulconis";"";"";"";"sin_dato"
1795939.0;"Inés Acebes";"";"";"";"sin_dato"
4316906.0;"Marta Ruiz de Viñaspre";"";"";"";"sin_dato"
1063668.0;"Lola Mayo";"mujer";"Badajoz, Spain";"Spain";"heuristico"
1338492.0;"Ignacio Estaregui";"hombre";"Zaragoza, Aragón, Spain";"Spain";"heuristico"
5406230.0;"Jesús García";"";"";"";"sin_dato"
4102781.0;"Facundo Ponce de León";"";"";"";"sin_dato"
2464574.0;"Juan Ponce de León";"hombre";"Buenos Aires, Argentina";"Argentina";"heuristico"
2269274.0;"Roberto Bueso";"";"";"";"sin_dato"
1799781.0;"Javier González";"hombre";"";"";"sin_dato"
3439224.0;"Manuel J. Rodríguez";"";"";"";"sin_dato"
5967557.0;"Luis Navarrete";"";"";"";"sin_dato"
3265496.0;"Martín Spínola";"";"";"";"sin_dato"
2388428.0;"Lucía Alemany";"mujer";"Tortosa, Baix Ebre, Catalunya";"Catalunya";"heuristico"
1325729.0;"Pablo Alén";"hombre";"";"";"sin_dato"
1325730.0;"Breixo Corral";"hombre";"";"";"sin_dato"
2535053.0;"Antonio Donaire";"";"";"";"sin_dato"
43317.0;"Joaquín Oristrell";"hombre";"Barcelona, Cataluña, Spain";"Spain";"heuristico"
3683806.0;"Javier Morales Pérez";"";"";"";"sin_dato"
585035.0;"Óscar Aibar";"hombre";"Barcelona, Cataluña, España";"España";"heuristico"
1074721.0;"Enrique Gato";"hombre";"Valladolid, Castilla y León, Spain";"Spain";"heuristico"
1434231.0;"Manuel Burque";"hombre";"Santa Cruz de Tenerife, Islas Canarias, España";"España";"heuristico"
1740635.0;"Josep Gatell";"hombre";"Barcelona, Spain";"Spain";"heuristico"
5652588.0;"Alberto Mimbrera Rodríguez";"";"";"";"sin_dato"
6522.0;"Rafael Cobos";"";"";"";"sin_dato"
3139891.0;"Jesús Eguía Armenteros";"";"";"";"sin_dato"
3699683.0;"Patricia Font";"";"";"";"sin_dato"
3701170.0;"Albert Val";"";"";"";"sin_dato"
3104885.0;"Samantha López Speranza";"";"";"";"sin_dato"
1730390.0;"Carlos del Hoyo";"hombre";"";"";"sin_dato"
4796018.0;"Irene Bohoyo";"";"";"";"sin_dato"
2847644.0;"Alex Murrull";"";"";"";"sin_dato"
2198654.0;"Carlos Franco";"hombre";"València, Comunitat Valenciana, Spain";"Spain";"heuristico"
1179639.0;"Isa Campo";"mujer";"";"";"sin_dato"
10847.0;"Santiago Segura";"hombre";"Madrid, Espagne";"Espagne";"heuristico"
2005167.0;"Marta González de Vega";"mujer";"";"";"sin_dato"
933308.0;"Damian Nenow";"hombre";"Bydgoszcz, Polska";"Polska";"heuristico"
1091857.0;"Raúl de la Fuente";"hombre";"";"";"sin_dato"
2112999.0;"Amaia Remírez";"";"";"";"sin_dato"
2113000.0;"David Weber";"";"";"";"sin_dato"
58547.0;"Niall Johnson";"hombre";"Sutton Coldfield, West Midlands, England, UK";"UK";"heuristico"
278087.0;"Elvira Lindo";"mujer";"";"";"sin_dato"
130987.0;"Daniela Féjerman";"mujer";"Buenos Aires, Argentina.";"Argentina.";"heuristico"
4266108.0;"Sergi Pitarch Garrido";"";"";"";"sin_dato"
3040796.0;"María Bravo Cortés";"";"";"";"sin_dato"
1457161.0;"Paco Caballero";"hombre";"Madrid, Madrid, Spain";"Spain";"heuristico"
1302760.0;"Eric Navarro";"hombre";"";"";"sin_dato"
3108583.0;"Efrén Tarifa";"";"";"";"sin_dato"
3722569.0;"Fernando D. Umpierrez";"";"";"";"sin_dato"
3435792.0;"Giampaolo Manfreda";"";"";"";"sin_dato"
4268719.0;"Gracia Solera";"";"";"";"sin_dato"
2261583.0;"Iván Roiz";"";"";"";"sin_dato"
2261582.0;"Álvaro Priante";"";"";"";"sin_dato"
1493049.0;"David Martín de los Santos";"";"";"";"sin_dato"
3216102.0;"Regis Francisco López";"hombre";"  Madrid, Spain";"Spain";"heuristico"
2270952.0;"Alejandro Marín";"";"";"";"sin_dato"
2461133.0;"Carmen Garrido";"";"";"";"sin_dato"
1048523.0;"Oliver Laxe";"hombre";"Paris, France";"France";"heuristico"
1731588.0;"Santiago Fillol";"hombre";"";"";"sin_dato"
5122410.0;"María del Mar de Dios Rodríguez";"";"";"";"sin_dato"
1042761.0;"Fran Torres";"";"";"";"sin_dato"
2897025.0;"Laura Sarmiento";"mujer";"";"";"sin_dato"
1441961.0;"Jacobo Martínez";"";"";"";"sin_dato"
2398104.0;"Carlos Ruano";"hombre";"Alicante, Comunidad Valenciana, Spain";"Spain";"heuristico"
5295734.0;"Ingride Santos";"";"";"";"sin_dato"
1436742.0;"Lluís Segura";"";"";"";"sin_dato"
1720199.0;"Ángel Gómez Hernández";"hombre";"Algeciras, Cadiz, Spain";"Spain";"heuristico"
1778357.0;"Santi Díaz";"";"";"";"sin_dato"
133526.0;"Laura Mañá";"mujer";"Barcelona, Catalonia, Spain";"Spain";"heuristico"
2776984.0;"Pol Cortecans";"";"";"";"sin_dato"
1745479.0;"Samu Fuentes";"hombre";"";"";"sin_dato"
5641009.0;"Rubén Capilla";"";"";"";"sin_dato"
5276092.0;"Alex Rodríguez";"";"";"";"sin_dato"
2214145.0;"Inés de León";"mujer";"  Madrid, Spain";"Spain";"heuristico"
2367863.0;"Juanjo Castro";"";"";"";"sin_dato"
936999.0;"Toni Bestard";"";"";"";"sin_dato"
1206753.0;"Ernesto de Nova";"";"";"";"sin_dato"
1784530.0;"Manu Gómez";"";"";"";"sin_dato"
563824.0;"Álvaro Fernández Armero";"";"Madrid, Madrid, Spain";"Spain";"heuristico"
1678215.0;"Daniel Castro";"hombre";"";"";"sin_dato"
47059.0;"Gerardo Herrero";"hombre";"Madrid, Spain";"Spain";"heuristico"
2537904.0;"Irene Zoe Alameda";"";"";"";"sin_dato"
570531.0;"Juana Macías";"mujer";"";"";"sin_dato"
2645951.0;"Isa Sánchez";"";"";"";"sin_dato"
1759731.0;"Fer García-Ruiz";"hombre";"Madrid, Comunidad de Madrid, Spain";"Spain";"heuristico"
151162.0;"Agustí Villaronga";"hombre";"Palma de Mallorca, Spain";"Spain";"heuristico"
2413239.0;"Mario Torrecillas";"hombre";"";"";"sin_dato"
3045347.0;"Pep Antón Gómez";"hombre";"Santomera, Spain";"Spain";"heuristico"
5775340.0;"Jordi Sánchez";"";"";"";"sin_dato"
1044792.0;"Víctor García León";"hombre";"Madrid, Spain";"Spain";"heuristico"
591600.0;"Damián Szifron";"hombre";"Ramos Mejía, Argentina";"Argentina";"heuristico"
2529670.0;"Marta Medina";"mujer";"Soria, Castilla y León, Spain";"Spain";"heuristico"
1748697.0;"Carla Simón";"mujer";"Barcelona, Catalonia, Spain";"Spain";"heuristico"
971986.0;"Mauro Herce";"hombre";"";"";"sin_dato"
1481857.0;"Manuel Muñoz Rivas";"hombre";"Sevilla, Spain";"Spain";"heuristico"
78996.0;"Antonio Hernández";"hombre";"Peñaranda de Bracamonte, Salamanca, España";"España";"heuristico"
577795.0;"Luz Cipriota";"mujer";"Buenos Aires, Argentina";"Argentina";"heuristico"
1074733.0;"Cristóbal Garrido";"";"";"";"sin_dato"
1074735.0;"Adolfo Valor";"";"";"";"sin_dato"
1755625.0;"Olga Osorio";"mujer";"A Coruña, Galicia, Spain";"Spain";"heuristico"
2772786.0;"Carlota González-Adrio";"";"";"";"sin_dato"
2091221.0;"Paul Pen";"";"";"";"sin_dato"
4034150.0;"John J. Healey";"";"";"";"sin_dato"
2264674.0;"Ángeles Reiné";"mujer";"";"";"sin_dato"
1920859.0;"Antonio Prieto";"hombre";"Iquique, Tarapacá, Chile";"Chile";"heuristico"
2806172.0;"Mar Olid";"mujer";"";"";"sin_dato"
1051305.0;"Oriol Paulo";"hombre";"Barcelona, Spain";"Spain";"heuristico"
3669411.0;"Nando Caballero";"";"";"";"sin_dato"
16938.0;"Renny Harlin";"hombre";"Riihimäki, Finland";"Finland";"heuristico"
127146.0;"Alan R. Cohen";"hombre";"";"";"sin_dato"
127148.0;"Alan Freedland";"hombre";"";"";"sin_dato"
3840554.0;"Araceli Gonda";"";"";"";"sin_dato"
94403.0;"F. Javier Gutiérrez";"";"";"";"sin_dato"
2759690.0;"Rubén Burén";"";"";"";"sin_dato"
2388429.0;"Lina Badenes";"";"";"";"sin_dato"
2180969.0;"José María Zavala";"hombre";"";"";"sin_dato"
1806051.0;"Ignacio Benedeti";"";"";"";"sin_dato"
4951153.0;"Miguel Herrero";"";"";"";"sin_dato"
4160275.0;"J. Alberto Andrés Lacasta";"";"";"";"sin_dato"
1804069.0;"Imanol Ortiz López";"";"";"";"sin_dato"
4770718.0;"Joan-Pol Argenter";"";"";"";"sin_dato"
2270965.0;"Celia Giraldo";"mujer";"";"";"sin_dato"
4543717.0;"Bianca Franceza Omonte";"";"";"";"sin_dato"
3829133.0;"Luis (Soto) Muñoz";"hombre";"Baena, Spain";"Spain";"heuristico"
1684860.0;"Mario Pagano";"";"";"";"sin_dato"
3599655.0;"Marco Gandolfo";"";"";"";"sin_dato"
1324172.0;"Jérémie Degruson";"hombre";"";"";"sin_dato"
1223.0;"Joel Coen";"hombre";"Minneapolis, Minnesota, USA";"USA";"heuristico"
1098477.0;"Cal Brunker";"hombre";"";"";"sin_dato"
12893.0;"Alec Sokolow";"hombre";"New York City, New York, USA";"USA";"heuristico"
1098478.0;"Bob Barlen";"hombre";"Kitchener, Ontario, Canada";"Canada";"heuristico"
1392412.0;"More Raça";"mujer";"Prishtina, Kosovo";"Kosovo";"heuristico"
1041579.0;"Gabriel Velázquez";"";"";"";"sin_dato"
1302078.0;"Carlos Unamuno";"";"";"";"sin_dato"
588125.0;"Jorge Coira";"hombre";"Lugo, Galicia, Spain";"Spain";"heuristico"
2574131.0;"Xesús Ron";"";"";"";"sin_dato"
956692.0;"Miguel de Lira";"hombre";"A Coruña, Galicia, Spain";"Spain";"heuristico"
2178183.0;"Patricia de Lorenzo";"mujer";"A Coruña, Galicia, Spain";"Spain";"heuristico"
929049.0;"Paco Limón";"hombre";"Spain";"Spain";"heuristico"
2427245.0;"Julio César Sánchez";"hombre";"";"";"sin_dato"
3793836.0;"Miguel Riaño Roa";"hombre";"Valladolid - Spain";"Valladolid - Spain";"heuristico"
3793844.0;"Ángel Holgado";"";"";"";"sin_dato"
5959830.0;"Joan Frank Charansonnet";"";"";"";"sin_dato"
6024188.0;"Alba López";"";"";"";"sin_dato"
2710782.0;"Luis Acebes Navarro";"";"";"";"sin_dato"
1396648.0;"Athenea Mata";"";"";"";"sin_dato"
5252601.0;"J.L. Rojas";"";"";"";"sin_dato"
1443615.0;"Javier Calvo";"hombre";"Madrid, Madrid, Spain";"Spain";"heuristico"
95606.0;"Javier Ambrossi";"hombre";"  Madrid, Spain";"Spain";"heuristico"
2110800.0;"Aurel";"hombre";"";"";"sin_dato"
240118.0;"Jean-Louis Milesi";"hombre";"Italy";"Italy";"heuristico"
2207591.0;"Zaida Carmona";"";"";"";"sin_dato"
2285247.0;"Hèctor Romance";"hombre";"";"";"sin_dato"
4277755.0;"David M. Mateo";"";"Alicante, Spain";"Spain";"heuristico"
4277756.0;"Laura de Dios";"";"";"";"sin_dato"
2903084.0;"Roberto Jimenez";"hombre";"Miami, Florida, USA";"USA";"heuristico"
2764547.0;"Miguel Angel Barroso Garcia";"";"";"";"sin_dato"
1741791.0;"Darío Autrán";"";"";"";"sin_dato"
3343684.0;"Daniel Alonso Castelo";"no_binario";"Vigo, Spain";"Spain";"heuristico"
1842346.0;"Kevin Castellano";"";"";"";"sin_dato"
3490020.0;"Edu Hirschfeld";"";"";"";"sin_dato"
4766481.0;"Jacobo Muñoz";"hombre";"Bilbao, Spain";"Spain";"heuristico"
129456.0;"Guillermo Ríos";"hombre";"Mexico City, Mexico";"Mexico";"heuristico"
1061514.0;"Álex O'Dogherty";"hombre";"Cádiz, Spain";"Spain";"heuristico"
3168014.0;"Iván Karras";"";"";"";"sin_dato"
2022341.0;"Carolina África";"";"";"";"sin_dato"
1072835.0;"Pilar Ordóñez";"mujer";"";"";"sin_dato"
4010268.0;"Ariel Castro";"";"";"";"sin_dato"
5155779.0;"Elisa Forcano";"";"";"";"sin_dato"
5063588.0;"Sofía Cortés";"";"";"";"sin_dato"
4814461.0;"Natalia Llorente";"mujer";"";"";"sin_dato"
5638016.0;"Laura Fité";"";"";"";"sin_dato"
1331713.0;"Fanny Condado";"";"";"";"sin_dato"
6149474.0;"David Ruiz";"";"";"";"sin_dato"
4308395.0;"Pitu González";"";"";"";"sin_dato"
1368562.0;"Arturo Ruiz Serrano";"hombre";"";"";"sin_dato"
6162301.0;"Carlos Giménez";"";"";"";"sin_dato"
3644479.0;"Nina Solà";"mujer";"";"";"sin_dato"
2152935.0;"Guillermo de Oliveira";"hombre";"Vigo, Spain";"Spain";"heuristico"
5466763.0;"Francisco Sánchez";"";"";"";"sin_dato"
1958975.0;"Jordi Vallejo";"hombre";"";"";"sin_dato"
6332299.0;"Iñaki Peña";"";"";"";"sin_dato"
1223421.0;"Cristina Otero Roth";"mujer";"Pontevedra, Galicia, Spain";"Spain";"heuristico"
6371154.0;"Percy Monso";"";"";"";"sin_dato"
3669393.0;"Manuel Nector Yáñez";"";"";"";"sin_dato"
2114770.0;"Charlie Arnaiz";"hombre";"";"";"sin_dato"
2407283.0;"Alberto Ortega";"hombre";"";"";"sin_dato"
4898367.0;"Álvaro Gimenez";"";"";"";"sin_dato"
2407285.0;"Óscar García Blesa";"";"";"";"sin_dato"
5988546.0;"Emilio González";"";"";"";"sin_dato"
232130.0;"Luis Sánchez Polack";"hombre";"Valencia, Spain";"Spain";"heuristico"
6363870.0;"Ángel González";"";"";"";"sin_dato"
5526507.0;"Sara Vicente Laguna";"";"";"";"sin_dato"
2108770.0;"Javi Camino";"";"";"";"sin_dato"
4026096.0;"Tommy Llorens";"";"";"";"sin_dato"
1797508.0;"Pablo Romero-Fresco";"";"";"";"sin_dato"
15490.0;"Paul Laverty";"hombre";"";"";"sin_dato"
1672993.0;"Julio Mazarico";"";"";"";"sin_dato"
5345510.0;"Narciso Ibáñez Serrador";"";"";"";"sin_dato"
133004.0;"Chicho Ibáñez Serrador";"hombre";"Montevideo, Uruguay";"Uruguay";"heuristico"
81157.0;"Sebastián Borensztein";"hombre";"Buenos Aires, Argentina";"Argentina";"heuristico"
4764008.0;"Martín Soto";"";"";"";"sin_dato"
3489419.0;"Xuban Intxausti";"";"";"";"sin_dato"
1658534.0;"Nicole Betancourt";"";"";"";"sin_dato"
588887.0;"Edoardo Ponti";"hombre";"Genève, Switzerland";"Switzerland";"heuristico"
72768.0;"Ugo Chiti";"hombre";"Tavarnelle Val di Pesa, Firenze";"Firenze";"heuristico"
5626806.0;"Javier Aguirre";"";"";"";"sin_dato"
1544003.0;"Luis Castro";"";"";"";"sin_dato"
1621241.0;"Luis Murillo";"";"";"";"sin_dato"
1580840.0;"Julio Soto Gurpide";"hombre";"";"";"sin_dato"
1459584.0;"Rocco Pucillo";"";"";"";"sin_dato"
5938497.0;"David Andrade";"";"";"";"sin_dato"
1796079.0;"Alberto Utrera";"";"";"";"sin_dato"
1796081.0;"Carlos Soria";"";"";"";"sin_dato"
3286310.0;"Ana Folgueira";"";"";"";"sin_dato"
4833291.0;"Javier Martín-Domínguez";"";"";"";"sin_dato"
2539801.0;"Sonia Tercero Ramiro";"";"";"";"sin_dato"
1468122.0;"Antonio Aguilar Vicente";"";"";"";"sin_dato"
5061066.0;"Carlos Aceituno";"";"";"";"sin_dato"
1364092.0;"Marc Fàbregas";"";"";"";"sin_dato"
1168568.0;"Bertha Gaztelumendi";"";"";"";"sin_dato"
4250005.0;"Rosa Zufía";"";"";"";"sin_dato"
5116594.0;"Rogelio Enríquez Soto";"";"";"";"sin_dato"
1061599.0;"Fermin Muguruza";"hombre";"Irun, Gipuzkoa, Euskal Herria";"Euskal Herria";"heuristico"
103511.0;"José Luis Garci";"hombre";"Madrid, España";"España";"heuristico"
1435013.0;"Javier Muñoz";"hombre";"  Madrid, Spain";"Spain";"heuristico"
1013886.0;"Rafa Cortés";"hombre";"";"";"sin_dato"
5470289.0;"Javier Salvador";"";"";"";"sin_dato"
5470294.0;"Sofía Menéndez";"";"";"";"sin_dato"
123099.0;"José María Forqué";"hombre";"Zaragoza, Spain";"Spain";"heuristico"
222608.0;"Pedro Masó";"hombre";"Madrid, Spain";"Spain";"heuristico"
51422.0;"Vicente Coello";"hombre";"València, Comunitat Valenciana, Spain";"Spain";"heuristico"
98499.0;"Rafael J. Salvia";"hombre";"";"";"sin_dato"
2558738.0;"Jaime Murciego";"";"";"";"sin_dato"
1119623.0;"Pablo Iraburu";"hombre";"";"";"sin_dato"
564282.0;"Manuel Ríos San Martín";"";"";"";"sin_dato"
2700038.0;"Victoria dal Vera";"mujer";"";"";"sin_dato"
4865414.0;"Julio S. de la Fuente";"";"";"";"sin_dato"
2873841.0;"Bruno Martín";"";"";"";"sin_dato"
3759352.0;"Isabelle Dierckx";"";"";"";"sin_dato"
1334436.0;"Miguel Ángel Tobías";"";"";"";"sin_dato"
2397509.0;"Javier Quintanilla";"";"";"";"sin_dato"
2397512.0;"Jon Ander Santamaría";"";"";"";"sin_dato"
2880.0;"Emilio Estevez";"hombre";"Staten Island, New York, USA";"USA";"heuristico"
2881144.0;"Mohamed El Badaoui";"";"";"";"sin_dato"
1566441.0;"Bernardo Hernández";"";"";"";"sin_dato"
3446971.0;"Fran J. Marber";"";"";"";"sin_dato"
1093748.0;"David Victori";"hombre";"Manresa, Barcelona, Catalonia, Spain";"Spain";"heuristico"
1526016.0;"Clara Viola";"";"";"";"sin_dato"
1563107.0;"Nacho La Casa";"hombre";"";"";"sin_dato"
3331506.0;"Juan Apolo";"";"";"";"sin_dato"
88084.0;"Luis Prieto";"hombre";"Madrid, Spain";"Spain";"heuristico"
3952402.0;"Mario Hernández";"";"";"";"sin_dato"
1028828.0;"Raimundo García";"";"";"";"sin_dato"
1489421.0;"Ignacio Tatay";"";"";"";"sin_dato"
1175887.0;"Belén Santos";"";"";"";"sin_dato"
1066407.0;"Esaú Dharma";"";"";"";"sin_dato"
1170972.0;"Pablo Vara";"";"";"";"sin_dato"
1276684.0;"Horacio Alcalá";"";"";"";"sin_dato"
44224.0;"Leonardo Brzezicki";"hombre";"Buenos Aires, Argentina";"Argentina";"heuristico"
3936156.0;"Esther Yañez";"";"";"";"sin_dato"
225945.0;"Javier Elorrieta";"";"";"";"sin_dato"
4091835.0;"Félix García Hernán";"";"";"";"sin_dato"
3829602.0;"Gabriela Ybarra";"";"";"";"sin_dato"
78326.0;"Luis Arrieta";"hombre";"Mexico City, Mexico";"Mexico";"heuristico"
4266799.0;"Daniel Burgui Iguzkiza";"";"";"";"sin_dato"
2876642.0;"Paco Sepúlveda";"";"";"";"sin_dato"
1640298.0;"Luis Roca";"";"";"";"sin_dato"
583118.0;"Montxo Armendáriz";"hombre";"Olleta, Navarra, Spain";"Spain";"heuristico"
1264790.0;"David Martín Porras";"";"";"";"sin_dato"
4206690.0;"Tabatta Salinas Caballero";"";"";"";"sin_dato"
2662941.0;"Andrea Gautier";"";"";"";"sin_dato"
5046087.0;"Gaspar Broullón Pastoriza";"";"";"";"sin_dato"
5010799.0;"Fernando Rodríguez";"";"";"";"sin_dato"
4936570.0;"Felipe Pinzón Barbosa";"";"";"";"sin_dato"
2453874.0;"Juan Antonio Rodríguez Llano";"";"";"";"sin_dato"
4936576.0;"Rai Fernandez";"";"";"";"sin_dato"
1395170.0;"Fernanda Valadez";"mujer";"Guanajuato, México";"México";"heuristico"
1486121.0;"Astrid Rondero";"mujer";"Mexico City, Mexico";"Mexico";"heuristico"
2503583.0;"David Casals-Roma";"";"";"";"sin_dato"
2270970.0;"Marta Romero";"";"";"";"sin_dato"
1088457.0;"Albert Solé";"hombre";"";"";"sin_dato"
3615853.0;"Ariadna Vázquez";"";"";"";"sin_dato"
5798126.0;"Mario Díaz";"";"";"";"sin_dato"
5497531.0;"Miguel Ángel Gutiérrez";"";"";"";"sin_dato"
2579211.0;"Elena Molina";"mujer";"";"";"sin_dato"
1525399.0;"Ida Cuéllar";"hombre";"";"";"sin_dato"
2645524.0;"Juan Muñoz-Tébar";"";"";"";"sin_dato"
2697139.0;"Natxo Leuza";"";"";"";"sin_dato"
112607.0;"Carlos Iglesias";"hombre";"";"";"sin_dato"
2428295.0;"Ángel Tirado";"";"Cáceres, Extremadura, Spain";"Spain";"heuristico"
3567372.0;"Diego Lodeiros";"";"";"";"sin_dato"
4839826.0;"Antón Álvarez";"";"";"";"sin_dato"
3193916.0;"Santos Bacana";"";"";"";"sin_dato"
4272320.0;"Cris Trenas";"";"";"";"sin_dato"
3009003.0;"Rogelio González";"";"";"";"sin_dato"
59142.0;"Achero Mañas";"hombre";"Madrid, Madrid, Spain";"Spain";"heuristico"
59144.0;"Federico Mañas";"";"";"";"sin_dato"
1681183.0;"Álvaro Díaz Lorenzo";"hombre";"  Madrid, Spain";"Spain";"heuristico"
2196715.0;"Cecilia Montagut";"";"";"";"sin_dato"
2254756.0;"Raquel Osborne";"";"";"";"sin_dato"
1350506.0;"Pablo Aragüés";"";"";"";"sin_dato"
3679787.0;"Marta Cabrera";"mujer";"";"";"sin_dato"
3880881.0;"Joan Lloveras Mora";"";"";"";"sin_dato"
2402950.0;"Bibiana Monje";"";"";"";"sin_dato"
234369.0;"Christophe Farnarier";"";"";"";"sin_dato"
1013025.0;"Pablo García Pérez de Lara";"";"";"";"sin_dato"
4933571.0;"Nacho Rojas";"";"";"";"sin_dato"
4933566.0;"Álvaro Mayoral";"";"";"";"sin_dato"
4181357.0;"Adrian Varela";"";"";"";"sin_dato"
2002082.0;"Javier Guerra";"";"";"";"sin_dato"
4933579.0;"Isaac Leiro";"";"";"";"sin_dato"
1963039.0;"David Moragas";"hombre";"";"";"sin_dato"
5778006.0;"José Luis Rodríguez";"";"";"";"sin_dato"
3576022.0;"Nacho Serapio";"hombre";"Spain";"Spain";"heuristico"
4040872.0;"Eli Martín";"";"";"";"sin_dato"
2856894.0;"Julia Rebato";"";"";"";"sin_dato"
2843056.0;"Alex Comas";"hombre";"Girona, Catalonia, Spain";"Spain";"heuristico"
1039907.0;"Jorge Arenillas";"";"";"";"sin_dato"
1248203.0;"Luke Eve";"hombre";" Sydney, Australia";"Australia";"heuristico"
1942491.0;"María Albiñana";"mujer";"";"";"sin_dato"
3212690.0;"Mikel Mas Bilbao";"";"";"";"sin_dato"
1384823.0;"Celia Rico Clavellino";"mujer";"Constantina, Sevilla, España";"España";"heuristico"
793.0;"Luis Buñuel";"hombre";"Calanda, Teruel, Aragón, España";"España";"heuristico"
5739649.0;"Xavier Pérez";"";"";"";"sin_dato"
4220253.0;"Xavier Moreno";"";"";"";"sin_dato"
4261006.0;"Maria Vilaseca Miguel";"";"";"";"sin_dato"
5251010.0;"Joan Marc Voces";"";"";"";"sin_dato"
88092.0;"Federico Moccia";"hombre";"Rome, Italy";"Italy";"heuristico"
564076.0;"Luca Biglione";"hombre";"";"";"sin_dato"
2184142.0;"Giorgia Colli";"";"";"";"sin_dato"
1148982.0;"David Valero";"";"";"";"sin_dato"
5692485.0;"Alba López Manubens";"";"";"";"sin_dato"
2534651.0;"Alberto Adsuara";"hombre";"Valencia (Spain)";"Valencia (Spain)";"heuristico"
71927.0;"Mapa Pastor";"mujer";"";"";"sin_dato"
4919676.0;"Nino Fontán Allen";"";"";"";"sin_dato"
2247381.0;"Itziar Bernaola";"";"";"";"sin_dato"
3081311.0;"Juan A. Zapata";"";"";"";"sin_dato"
3292721.0;"Jan Matheu";"hombre";"Barcelona, Spain";"Spain";"heuristico"
57630.0;"Peter Cattaneo";"hombre";"Twickenham, London";"London";"heuristico"
113515.0;"Jeff Pope";"hombre";"Regno Unito";"Regno Unito";"heuristico"
5853511.0;"Nieves Gómez";"";"";"";"sin_dato"
1840711.0;"Teo Martinez";"";"";"";"sin_dato"
4150281.0;"Ana Capella";"";"";"";"sin_dato"
3020937.0;"Josep Serra Mateu";"";"";"";"sin_dato"
4919663.0;"Jone Ibarretxe de la Cal";"mujer";"";"";"sin_dato"
3233134.0;"Nere Falagan";"mujer";"";"";"sin_dato"
572453.0;"Javier Echániz";"";"";"";"sin_dato"
2133155.0;"Agustina Macri";"mujer";"Buenos Aires, Argentina";"Argentina";"heuristico"
1970518.0;"Erika Halvorsen";"";"";"";"sin_dato"
1976655.0;"Mara Pescio";"mujer";"Buenos Aires, Argentina";"Argentina";"heuristico"
5826190.0;"Lea Garbini";"";"";"";"sin_dato"
212674.0;"Gracia Querejeta";"mujer";"Madrid, Spain";"Spain";"heuristico"
5205185.0;"María Ruiz";"";"";"";"sin_dato"
2804608.0;"Sergio Hernández";"";"";"";"sin_dato"
3108914.0;"Ana de Alva";"";"";"";"sin_dato"
2334966.0;"Beñat Iturrioz";"";"";"";"sin_dato"
2616720.0;"Eñaut Tolosa";"";"";"";"sin_dato"
2369929.0;"David Hebrero";"";"";"";"sin_dato"
3697588.0;"Javier Kiran";"";"";"";"sin_dato"
4115981.0;"Joan Francesc Tomas Monfort";"";"";"";"sin_dato"
5384401.0;"Iván Morales";"";"";"";"sin_dato"
5686508.0;"Adrián Guanche";"";"";"";"sin_dato"
4990465.0;"Antonio R. Cabal";"";"";"";"sin_dato"
114464.0;"Javier Ruiz Caldera";"hombre";"";"";"sin_dato"
2806166.0;"Laia Aguilar";"";"";"";"sin_dato"
4510630.0;"Silvia Moreno";"";"";"";"sin_dato"
3346377.0;"Javi Julio";"";"";"";"sin_dato"
4458925.0;"Fernando Erre";"";"";"";"sin_dato"
2433852.0;"Roi Cagiao";"hombre";"Vigo, Pontevedra, Galicia, Spain";"Spain";"heuristico"
3960005.0;"Iñaki Varela";"";"";"";"sin_dato"
1098341.0;"Manuel Sanabria";"";"";"";"sin_dato"
2865703.0;"Ángela Obón";"";"";"";"sin_dato"
144546.0;"Miguel Ángel Lamata";"";"";"";"sin_dato"
1569540.0;"Bárbara Alpuente";"";"";"";"sin_dato"
4198427.0;"Paula Iglesias";"";"";"";"sin_dato"
5374503.0;"Marta Gómez";"";"";"";"sin_dato"
5002083.0;"Asier Guerricaechebarría";"";"";"";"sin_dato"
588181.0;"Marcos Cabotá";"hombre";"";"";"sin_dato"
5086133.0;"Vivien Dakota";"";"";"";"sin_dato"
4800918.0;"Marina Martín";"";"";"";"sin_dato"
5086132.0;"Ivy Hesh";"";"";"";"sin_dato"
4680615.0;"Toni Garcia";"";"";"";"sin_dato"
2257022.0;"Manolo Munguía";"";"";"";"sin_dato"
1007592.0;"Marina Seresesky";"";"";"";"sin_dato"
1262693.0;"Daniel Augusto";"hombre";"";"";"sin_dato"
2147073.0;"Susan Béjar";"";"";"";"sin_dato"
1354222.0;"Ángela Armero";"mujer";"Madrid, Madrid, Spain";"Spain";"heuristico"
2352923.0;"Alfredo Contreras";"";"";"";"sin_dato"
1049261.0;"Iñaki Arteta";"";"";"";"sin_dato"
2053703.0;"Armando Ravelo";"hombre";"";"";"sin_dato"
588888.0;"Ramon Térmens";"";"";"";"sin_dato"
2885257.0;"Daniel Faraldo";"";"";"";"sin_dato"
2467570.0;"Inés Pintor";"";"";"";"sin_dato"
2467571.0;"Pablo Santidrián";"";"";"";"sin_dato"
1745864.0;"Chloé Wallace";"mujer";"";"";"sin_dato"
4860717.0;"Diana Muro";"";"";"";"sin_dato"
40.0;"Orson Welles";"hombre";"Kenosha, Wisconsin, USA";"USA";"heuristico"
2161084.0;"Diego Corsini";"";"";"";"sin_dato"
2441053.0;"Mariana Cangas";"";"";"";"sin_dato"
4944469.0;"Marc Galver Lacruz";"";"";"";"sin_dato"
2345832.0;"Ana Ramón Rubio";"";"";"";"sin_dato"
1491235.0;"Txaber Larreategi";"";"";"";"sin_dato"
2229398.0;"Alauda Ruiz de Azúa";"mujer";"Baracaldo, Bizkaia, Spain";"Spain";"heuristico"
1358333.0;"Arturo Prins";"";"";"";"sin_dato"
5520423.0;"Javier Calvo Torrecilla";"";"";"";"sin_dato"
3698547.0;"Carmina Balaguer";"mujer";"";"";"sin_dato"
2261541.0;"Izaskun Arandia";"";"";"";"sin_dato"
4700662.0;"Borja Zavala";"";"";"";"sin_dato"
1894302.0;"Arturo Montenegro";"hombre";"Panama City, Panama";"Panama";"heuristico"
4506103.0;"Andry José Barrientos";"";"";"";"sin_dato"
5232889.0;"Andrés Clemente";"";"";"";"sin_dato"
5348288.0;"Javier Sánchez Martínez";"";"";"";"sin_dato"
4415749.0;"Christian Garnez";"";"";"";"sin_dato"
111462.0;"D. Ross Lederman";"hombre";"Lancaster, Pennsylvania, USA";"USA";"heuristico"
4254975.0;"Juan Rodriguez-Briso";"";"";"";"sin_dato"
5073008.0;"Viviana González Delfino";"";"";"";"sin_dato"
2854671.0;"Ana Vázquez";"";"";"";"sin_dato"
5592585.0;"Alberto José Redondo Villa";"";"";"";"sin_dato"
2718376.0;"Francesc Cuéllar";"";"";"";"sin_dato"
1645082.0;"Erika Elizalde";"";"";"";"sin_dato"
1195190.0;"Manuel M. Velasco";"";"Madrid, Spain";"Spain";"heuristico"
1805421.0;"Isaac Berrocal";"hombre";"";"";"sin_dato"
2876275.0;"Piter Moreira";"hombre";"Montevideo, Uruguay";"Uruguay";"heuristico"
2876280.0;"Victoria Vázquez";"mujer";"";"";"sin_dato"
5467197.0;"Ignacio López";"";"";"";"sin_dato"
2261043.0;"Diego Arjona";"";"";"";"sin_dato"
4353897.0;"Santiago Mazarro";"";"";"";"sin_dato"
1111670.0;"Fernando Cortizo";"hombre";"Santiago de Compostela, A Coruña, Galicia, Spain";"Spain";"heuristico"
1263849.0;"Alfonso Amador";"";"";"";"sin_dato"
1609316.0;"Sergi Dies";"";"";"";"sin_dato"
140854.0;"Miguel Ángel Fernández";"";"";"";"sin_dato"
140855.0;"Joaquín Górriz";"";"";"";"sin_dato"
3033406.0;"Gonzalo Gurrea Ysasi";"";"";"";"sin_dato"
4340717.0;"José Gabriel Lorenzo";"";"";"";"sin_dato"
1458492.0;"Tomás Aceituno Maldonado";"hombre";"Linares, Jaén, Andalucía, Spain";"Spain";"heuristico"
4361813.0;"Sergio Siruela";"hombre";"Málaga, Andalucía, Spain ";"Spain";"heuristico"
225121.0;"Oriol Ferrer";"";"";"";"sin_dato"
37493.0;"Luis García Berlanga";"hombre";"Valencia, España";"España";"heuristico"
1016262.0;"Leonardo Martín";"";"";"";"sin_dato"
228489.0;"Florentino Soria";"";"";"";"sin_dato"
5397.0;"Ennio Flaiano";"hombre";"Pescara, Abruzzi, Italy";"Italy";"heuristico"
4993766.0;"Joan Bennàssar Escape";"";"";"";"sin_dato"
1012085.0;"Juan de Orduña";"hombre";"Madrid, Spain";"Spain";"heuristico"
1173027.0;"Antonio Mas Guindal";"hombre";"";"";"sin_dato"
104063.0;"Jesús María de Arozamena";"hombre";"San Sebastián, Guipúzcoa, País Vasco, Spain";"Spain";"heuristico"
3655290.0;"José Luis Estañ";"";"";"";"sin_dato"
2636055.0;"Miguel Ángel Puro";"";"";"";"sin_dato"
1909477.0;"Hilario Abad";"";"";"";"sin_dato"
4043856.0;"Chema Cardeña";"";"";"";"sin_dato"
4385.0;"Sergio Leone";"hombre";"Rome, Italy";"Italy";"heuristico"
16320.0;"Jaime Comas Gil";"hombre";"";"";"sin_dato"
1805107.0;"Ricardo Macián";"";"";"";"sin_dato"
5105628.0;"David Varela";"";"";"";"sin_dato"
3630012.0;"Antonio Gil Aparicio";"";"";"";"sin_dato"
3630056.0;"Esteve Ferrer";"";"";"";"sin_dato"
1690566.0;"Ana Hurtado";"";"";"";"sin_dato"
2993061.0;"Pere Marzo";"";"";"";"sin_dato"
1672994.0;"Meritxell Margarit";"";"";"";"sin_dato"
1180455.0;"Jaime García Herranz";"hombre";"";"";"sin_dato"
1161119.0;"Alejandro Marzoa Blasco";"";"";"";"sin_dato"
1066930.0;"Maite Alberdi";"mujer";"Santiago, Chile";"Chile";"heuristico"
1692673.0;"José Ángel Bohollo";"";"";"";"sin_dato"
1582128.0;"Pedro Delgado";"";"";"";"sin_dato"
4198442.0;"Claudio Crespo";"";"";"";"sin_dato"
5514982.0;"Isabel de Azcárraga";"";"";"";"sin_dato"
3304976.0;"Pau Canivell";"hombre";"Barcelona, Spain";"Spain";"heuristico"
3829623.0;"Marcos Barrios";"";"";"";"sin_dato"
6286768.0;"Raquel Rodríguez";"";"";"";"sin_dato"
4033952.0;"Levi Star";"";"";"";"sin_dato"
4033956.0;"Nacho Adorna";"";"";"";"sin_dato"
51894.0;"J. A. Bayona";"hombre";"Barcelona, Spain";"Spain";"heuristico"
51895.0;"Sergio G. Sánchez";"hombre";"Oviedo, Asturias, Spain";"Spain";"heuristico"
2942039.0;"Joan Vall Karsunke";"hombre";"Barcelona, Barcelona, Catalonia, Spain";"Spain";"heuristico"
5633278.0;"Laia Requesens";"";"";"";"sin_dato"
2016985.0;"Sergio Rubio";"hombre";"Málaga, Spain";"Spain";"heuristico"
3561271.0;"Rosa Valiente";"";"";"";"sin_dato"
2516976.0;"Rodrigo Bazzano";"";"";"";"sin_dato"
1013002.0;"Rafael Gordon";"";"";"";"sin_dato"
1274415.0;"Andrea Weiss";"";"";"";"sin_dato"
12733.0;"Ladislao Vajda";"hombre";"Budapest, Hungary";"Hungary";"heuristico"
1087095.0;"Andrés Laszlo";"";"";"";"sin_dato"
1037361.0;"José Santugini";"hombre";"Toledo, Castilla-La Mancha, Spain";"Spain";"heuristico"
3128583.0;"Max Körner";"";"";"";"sin_dato"
114967.0;"Gian Luigi Rondi";"hombre";"Tirano, Lombardia, Italy";"Italy";"heuristico"
2006688.0;"Rosa Blas Traisac";"mujer";"";"";"sin_dato"
2602846.0;"Juan Puchades";"";"";"";"sin_dato"
12734.0;"Friedrich Dürrenmatt";"hombre";"Konolfingen, Bern, Switzerland";"Switzerland";"heuristico"
3827572.0;"Santi Aguado";"";"";"";"sin_dato"
4020640.0;"Sofía Urwitz";"";"";"";"sin_dato"
4180694.0;"Antonio Díaz Pérez";"";"";"";"sin_dato"
3763414.0;"José Luis Pecharromán";"";"";"";"sin_dato"
3550114.0;"Remedios Malvárez";"";"";"";"sin_dato"
3593301.0;"Arturo Andújar";"";"";"";"sin_dato"
4391.0;"Charles Dance";"hombre";"Redditch, Worcestershire, England, UK";"UK";"heuristico"
3525090.0;"Oscar Montón";"";"";"";"sin_dato"
588842.0;"Tirso Calero";"";"";"";"sin_dato"
4149531.0;"Begoña Soler";"";"";"";"sin_dato"
1676574.0;"Melina León";"mujer";"";"";"sin_dato"
64856.0;"Michael Jai White";"hombre";"Brooklyn, New York City, New York, USA";"USA";"heuristico"
1073834.0;"Antonio Méndez Esparza";"";"";"";"sin_dato"
5305447.0;"Paula Veleiro";"";"";"";"sin_dato"
535744.0;"Luis César Amadori";"hombre";"Pescara, Abruzzo, Italia";"Italia";"heuristico"
86341.0;"Miguel Martí";"hombre";"";"";"sin_dato"
5294998.0;"Gerardo Boneque";"";"";"";"sin_dato"
942682.0;"Blanca Torres";"mujer";"Monterrey, Nuevo Leon, Mexico";"Mexico";"heuristico"
2304656.0;"Juan Carlevaris";"";"";"";"sin_dato"
5696747.0;"David Rubira";"";"";"";"sin_dato"
618101.0;"Marc Recha";"hombre";"";"";"sin_dato"
5948879.0;"Marcos Zaván";"";"";"";"sin_dato"
584193.0;"Mariano Cohn";"hombre";"Villa Ballester, Argentina";"Argentina";"heuristico"
584191.0;"Gastón Duprat";"hombre";"Bahía Blanca, Buenos Aires, Argentina";"Argentina";"heuristico"
584195.0;"Andrés Duprat";"";"";"";"sin_dato"
1851555.0;"Pedro Peira";"hombre";"  Madrid, Spain";"Spain";"heuristico"
1463086.0;"Jordi Torrent";"hombre";"";"";"sin_dato"
97687.0;"Miguel del Arco";"hombre";"";"";"sin_dato"
1316775.0;"Rómulo Aguillaume";"";"";"";"sin_dato"
3943486.0;"Antonio Rojano";"hombre";"Córdoba, Andalucía, Spain";"Spain";"heuristico"
5828279.0;"Carlos Pérez";"";"";"";"sin_dato"
5659339.0;"Javier Ortega";"";"";"";"sin_dato"
1643656.0;"Jelen Morales";"mujer";"";"";"sin_dato"
1114058.0;"Sergi Lara";"";"";"";"sin_dato"
1422671.0;"Hèctor Hernández Vicens";"hombre";" Palma de Mallorca, Mallorca, Spain";"Spain";"heuristico"
580706.0;"Hugo Ruiz";"hombre";"Sweden";"Sweden";"heuristico"
1804047.0;"Lucas Nolla";"";"";"";"sin_dato"
2458084.0;"Mario Forniés";"";"";"";"sin_dato"
5902817.0;"Sepia";"";"";"";"sin_dato"
2072468.0;"Mariona Guiu";"";"";"";"sin_dato"
6042075.0;"José Colina";"";"";"";"sin_dato"
143847.0;"José Luis Font";"";"";"";"sin_dato"
1022654.0;"José Antonio Quirós";"";"";"";"sin_dato"
4350703.0;"Elena Giménez Blaya";"";"";"";"sin_dato"
5786930.0;"Sebastián Galán";"";"";"";"sin_dato"
3235426.0;"Laura García Andreu";"";"";"";"sin_dato"
236226.0;"José Díaz Morales";"hombre";"Toledo, Castilla-La Mancha, Spain";"Spain";"heuristico"
1195429.0;"Fernando Merelo";"";"";"";"sin_dato"
1195430.0;"Ricardo Toledo";"";"";"";"sin_dato"
4272237.0;"María Zaragoza";"";"";"";"sin_dato"
4886267.0;"Beatriz Carretero";"";"";"";"sin_dato"
4886270.0;"Eva Contreras";"";"";"";"sin_dato"
1065198.0;"Ricardo Íscar";"hombre";"Salamanca, Salamanca, Spain";"Spain";"heuristico"
5811893.0;"Carlos Navarro";"";"";"";"sin_dato"
1120994.0;"Fran Sariego";"";"";"";"sin_dato"
1494126.0;"Manuel Pizarro";"hombre";"";"";"sin_dato"
2428982.0;"Martina Bueno";"";"";"";"sin_dato"
2362940.0;"Jesús Garrido";"";"";"";"sin_dato"
5927926.0;"Mercedes M. del Río";"";"";"";"sin_dato"
115394.0;"Álvaro de Armiñán";"";"";"";"sin_dato"
1078616.0;"Salvador Simó";"hombre";"Barcelona, Spain";"Spain";"heuristico"
3000259.0;"Jianping Li";"";"";"";"sin_dato"
932086.0;"Ignacio Ferreras";"hombre";"Comodoro Rivadavia, Argentina";"Argentina";"heuristico"
2266639.0;"Carole Wilkinson";"";"";"";"sin_dato"
2266640.0;"Xianping Wang";"";"";"";"sin_dato"
2434977.0;"Angel Codón";"";"";"";"sin_dato"
1546501.0;"Paco Fox";"hombre";"";"";"sin_dato"
1026261.0;"Enrique Urbizu";"hombre";"Bilbao, Spain";"Spain";"heuristico"
25275.0;"Rodolfo Montero";"";"";"";"sin_dato"
26279.0;"Manuela Vellés";"mujer";"Madrid, Spain";"Spain";"heuristico"
5207258.0;"Miguel Ángel Sánchez";"";"";"";"sin_dato"
2718867.0;"Pedro Ballesteros";"";"";"";"sin_dato"
1464940.0;"Aurora Sulli";"";"";"";"sin_dato"
1536696.0;"Marija Kavtaradzė";"mujer";"Vilnius, Lithuania";"Lithuania";"heuristico"
2025434.0;"César Vallejo de Castro";"";"";"";"sin_dato"
4382373.0;"Amaya Villar Navascués";"";"";"";"sin_dato"
3613358.0;"Dani Llamas";"";"";"";"sin_dato"
5312607.0;"Luisje Moyano";"";"";"";"sin_dato"
77122.0;"María Valverde";"mujer";"Madrid, Spain";"Spain";"heuristico"
6058348.0;"Miguel Angel Parra";"";"";"";"sin_dato"
4458312.0;"Pedro Aguilera";"";"";"";"sin_dato"
1373415.0;"Francisco Sánchez Varela";"hombre";"Spain, Spain";"Spain";"heuristico"
2302227.0;"Carlos Langa";"";"";"";"sin_dato"
6360702.0;"David Matamoros Manteca";"";"";"";"sin_dato"
2018522.0;"David Matamoros";"";"";"";"sin_dato"
2661260.0;"Mònica Cambra";"";"";"";"sin_dato"
3960226.0;"Ariadna Fortuny";"mujer";"Alaior, Menorca, Islas Baleares";"Islas Baleares";"heuristico"
3960227.0;"Clàudia Garcia de Dios";"";"";"";"sin_dato"
3374272.0;"Lucía Herrera";"";"";"";"sin_dato"
3014975.0;"Igna L. Vacas";"";"";"";"sin_dato"
3035095.0;"Saúl Pérez Ruano";"";"";"";"sin_dato"
2460724.0;"Javier Kühn";"";"";"";"sin_dato"
4593142.0;"Néstor López";"";"";"";"sin_dato"
3722956.0;"Amanda García-Tapia";"";"";"";"sin_dato"
129304.0;"Michela Andreozzi";"mujer";"Rome, Italy";"Italy";"heuristico"
1904393.0;"Alessia Crocini";"mujer";"";"";"sin_dato"
4091588.0;"Tommaso Triolo";"";"";"";"sin_dato"
1023088.0;"Margarita Alexandre";"mujer";"León, Spain";"Spain";"heuristico"
1269221.0;"Rafael María Torrecilla";"";"";"";"sin_dato"
1732636.0;"José Luis Barbero";"";"";"";"sin_dato"
1152112.0;"Gonzalo García-Pelayo";"hombre";"  Madrid, Spain";"Spain";"heuristico"
1809334.0;"Joserra Halcón Bejarano";"";"";"";"sin_dato"
1284006.0;"Jeri Iglesias";"";"";"";"sin_dato"
3511158.0;"Josema García Pelayo";"";"";"";"sin_dato"
4001191.0;"Chipi";"";"";"";"sin_dato"
4940708.0;"Juanma Arizmendi";"";"";"";"sin_dato"
2952021.0;"Ignacio Acconcia";"";"";"";"sin_dato"
1605611.0;"Marçal Cebrian";"";"";"";"sin_dato"
3105484.0;"Anna Surinyach";"";"";"";"sin_dato"
131416.0;"Sean Patrick O'Reilly";"hombre";"Maple Ridge, British Columbia, Canada";"Canada";"heuristico"
3511155.0;"Jerónimo Silvio Iglesias Aparicio";"hombre";"";"";"sin_dato"
3696892.0;"Rosa García Loire";"mujer";"";"";"sin_dato"
4019075.0;"Carlos Prado Pampín";"";"";"";"sin_dato"
1521812.0;"Clara Martínez-Lázaro Alameda";"";"";"";"sin_dato"
5341468.0;"Alejandro Torres";"";"";"";"sin_dato"
5052862.0;"Gonzalo Perdomo-Tafur";"";"";"";"sin_dato"
3530478.0;"Andrés Martorell";"";"";"";"sin_dato"
2518741.0;"Enrique Bernal";"";"";"";"sin_dato"
2656544.0;"José David Díaz";"";"";"";"sin_dato"
2429078.0;"Bernabé Bulnes";"";"";"";"sin_dato"
4701508.0;"Iratxe Pérez Barandalla";"";"";"";"sin_dato"
1817184.0;"Pedro Collantes";"hombre";"";"";"sin_dato"
239202.0;"Luis Marquina";"hombre";"Barcelona, Barcelona, Catalonia, Spain";"Spain";"heuristico"
1192582.0;"Enric Miró";"";"";"";"sin_dato"
2190612.0;"Hugo Cabezas";"";"";"";"sin_dato"
2190613.0;"Alejandro Toro";"";"";"";"sin_dato"
3190577.0;"Jacob Santana";"";"";"";"sin_dato"
1382887.0;"Pedro Lendínez";"hombre";"Bailén, Jaén, Analucía, Spai";"Spai";"heuristico"
4577797.0;"Guillermo Barreira";"";"";"";"sin_dato"
4657428.0;"Javier Horcajada";"";"";"";"sin_dato"
4808400.0;"Antonio Martín";"";"";"";"sin_dato"
1510695.0;"Alex Guimerà";"";"";"";"sin_dato"
2406842.0;"Guillem Ventura";"";"";"";"sin_dato"
1525660.0;"Imanol Zinkunegi";"hombre";"Azpeitia, Gipuzkoa, Basque Country";"Basque Country";"heuristico"
2525861.0;"Joseba Ponce";"hombre";"";"";"sin_dato"
1381181.0;"Eneko Olasagasti";"";"";"";"sin_dato"
1381182.0;"Carlos Zabala";"hombre";"";"";"sin_dato"
5800608.0;"Alfonso Aguado";"";"";"";"sin_dato"
5399136.0;"Pablo Vázquez";"";"";"";"sin_dato"
6003707.0;"Julio Espinosa";"";"";"";"sin_dato"
4513433.0;"Albert Naudín";"";"";"";"sin_dato"
34264.0;"Marco Ferreri";"hombre";"Milan, Lombardy, Italy";"Italy";"heuristico"
1780288.0;"Kiko Prada";"";"";"";"sin_dato"
2889301.0;"Raul Alaejos";"";"";"";"sin_dato"
3202577.0;"María Zanetti";"";"";"";"sin_dato"
5709831.0;"Alejandro Enríquez";"";"";"";"sin_dato"
3795890.0;"Pablo Casanueva";"";"";"";"sin_dato"
1986797.0;"Estefanía Cortes";"";"";"";"sin_dato"
4380359.0;"Leire Albinarrate";"";"";"";"sin_dato"
1305491.0;"Daniel San Román";"hombre";" Madrid, Spain";"Spain";"heuristico"
1618234.0;"Marco Fernandez";"";"";"";"sin_dato"
3613698.0;"Jose Texeira";"";"";"";"sin_dato"
6377040.0;"Eduardo Muñoz";"";"";"";"sin_dato"
5456803.0;"Josè del Corral";"";"";"";"sin_dato"
6377038.0;"Fran López Reyes";"";"";"";"sin_dato"
95972.0;"Hans Petter Moland";"hombre";"Осло, Норвегия";"Норвегия";"heuristico"
85234.0;"Salvador del Solar";"hombre";"";"";"sin_dato"
1406365.0;"Héctor Gálvez";"hombre";"";"";"sin_dato"
4093273.0;"Júlia Girós";"";"";"";"sin_dato"
4093274.0;"Pol Picas";"";"";"";"sin_dato"
71522.0;"Juan Antonio Bardem";"hombre";" Madrid, Spain";"Spain";"heuristico"
1164105.0;"Chema Rodríguez";"";"";"";"sin_dato"
1954334.0;"Mamen García";"";"";"";"sin_dato"
237482.0;"Raúl Alfonso";"hombre";"Havana, Cuba";"Cuba";"heuristico"
1180122.0;"Francisco Naranjo";"";"";"";"sin_dato"
1180121.0;"Camilo Murillo";"";"";"";"sin_dato"
2861970.0;"José Ochoa";"";"";"";"sin_dato"
566294.0;"Patricio Guzmán";"hombre";"Santiago, Chile";"Chile";"heuristico"
5729075.0;"Jordi Morató Pujol";"";"";"";"sin_dato"
1551790.0;"Jaume Fargas";"";"";"";"sin_dato"
2033131.0;"Carmen López Areal";"";"";"";"sin_dato"
4910317.0;"Jaume Sucarrats";"hombre";"";"";"sin_dato"
1621741.0;"Telmo Iragorri";"";"";"";"sin_dato"
4648054.0;"Ainara Fernández";"";"";"";"sin_dato"
2449762.0;"Miguel Angel Caro";"";"";"";"sin_dato"
2353223.0;"Paco Izquierdo";"";"";"";"sin_dato"
2619626.0;"Marta Lallana";"";"";"";"sin_dato"
1728140.0;"Enrique Herreros";"hombre";"Madrid, Spain";"Spain";"heuristico"
16435.0;"Julio Medem";"hombre";"Donostia-San Sebastián, Guipúzcoa, País Vasco, Spain";"Spain";"heuristico"
53708.0;"Ira Sachs";"hombre";"Memphis, Tennessee, USA";"USA";"heuristico"
1240273.0;"Beatriz Luengo";"mujer";"Madrid, Spain";"Spain";"heuristico"
3987249.0;"Nerea Crespo";"";"";"";"sin_dato"
4656727.0;"Oriol Cardús";"hombre";"Barcelona, Barcelona, Catalonia, Spain";"Spain";"heuristico"
1167672.0;"Sara Sálamo";"mujer";"La Orotava, Santa Cruz de Tenerife, Canary Islands, Spain";"Spain";"heuristico"
2020238.0;"Javier Castro";"";"";"";"sin_dato"
588961.0;"Paulí Subirà";"";"";"";"sin_dato"
965.0;"Fernando Fernán Gómez";"hombre";"Lima, Peru";"Peru";"heuristico"
5322138.0;"Maria Jose Pacreu Rodriguez";"mujer";"";"";"sin_dato"
144734.0;"Edgar Neville";"hombre";"Madrid, Spain";"Spain";"heuristico"
4051084.0;"Rodrigo Martín";"";"";"";"sin_dato"
5249955.0;"Pedro García Ríos";"";"";"";"sin_dato"
1031958.0;"Juan Pinzás";"hombre";"Vigo, Spain";"Spain";"heuristico"
4245319.0;"Victor Ordóñez";"";"";"";"sin_dato"
6376076.0;"Sergio González";"";"";"";"sin_dato"
5394205.0;"Rubén del Pino";"";"";"";"sin_dato"
1374390.0;"Alejandro Millán";"";"";"";"sin_dato"
1683826.0;"Francisco Rodríguez Fernández";"";"";"";"sin_dato"
4978497.0;"Francisco Rodríguez";"";"";"";"sin_dato"
2369120.0;"Helios Manzanera";"";"";"";"sin_dato"
5228746.0;"Louise Brix Andersen";"";"";"";"sin_dato"
5329785.0;"Eva Mora";"";"";"";"sin_dato"
932708.0;"José Luis Sáenz de Heredia";"hombre";"Madrid, Spain";"Spain";"heuristico"
5440629.0;"Vicent Peris";"";"";"";"sin_dato"
1338815.0;"Ramon Tort";"";"";"";"sin_dato"
2675371.0;"Toni Agustí";"";"";"";"sin_dato"
5421685.0;"Aritz Gorostiaga Eskubi";"";"";"";"sin_dato"
1052811.0;"Arturo Ruiz Castillo";"hombre";"  Madrid, Spain";"Spain";"heuristico"
1442310.0;"Arturo Menor";"";"";"";"sin_dato"
543332.0;"Manuel Summers";"hombre";"";"";"sin_dato"
1283697.0;"Francisco Summers";"";"";"";"sin_dato"
2544423.0;"David Miralles";"";"";"";"sin_dato"
133090.0;"José Luis Guerín";"hombre";"Barcelona, Catalonia, Spain";"Spain";"heuristico"
1539731.0;"Samuel M. Delgado";"hombre";"Tenerife, Illas Canarias";"Illas Canarias";"heuristico"
2227717.0;"Laure Desmazières";"";"";"";"sin_dato"
5307851.0;"Carlos Enrique Palacio";"";"";"";"sin_dato"
3956267.0;"Miquel Romans";"";"";"";"sin_dato"
1477912.0;"Alejo Levis";"";"";"";"sin_dato"
4577478.0;"Denise Duncan";"";"";"";"sin_dato"
1186835.0;"Juan Minon";"";"";"";"sin_dato"
6246497.0;"Eduardo Cubillo";"";"";"";"sin_dato"
77123.0;"Gonzalo López-Gallego";"hombre";"Madrid, Spain";"Spain";"heuristico"
1331084.0;"Xavier Artigas";"";"";"";"sin_dato"
1521343.0;"Laia Manresa";"";"";"";"sin_dato"
4241822.0;"Moisés Salama";"";"";"";"sin_dato"
4365971.0;"Miguel Ángel Oeste";"";"";"";"sin_dato"
2472271.0;"Ion Bors";"";"";"";"sin_dato"
3710616.0;"Mariana Starciuc";"";"";"";"sin_dato"
53943.0;"Ignacio F. Iquino";"hombre";"Valls, Tarragona, Catalunya, Spain";"Spain";"heuristico"
2438991.0;"Antonio Llamas";"hombre";"";"";"sin_dato"
2754644.0;"Alejandro Pérez Castellanos";"hombre";"Madrid, Madrid, Spain";"Spain";"heuristico"
5782306.0;"Jorge Rojas";"";"";"";"sin_dato"
4747702.0;"Ximo Peris";"";"";"";"sin_dato"
1031934.0;"Benito Perojo";"hombre";"Madrid, Spain";"Spain";"heuristico"
237350.0;"Mario Camus";"hombre";"Santander, Cantabria, España";"España";"heuristico"
1547100.0;"Manuel Matji";"";"";"";"sin_dato"
2422664.0;"Andrés Daniel Sainz";"";"";"";"sin_dato"
936718.0;"Jaime Rosales";"hombre";"Barcelona, Spain";"Spain";"heuristico"
2374719.0;"Bárbara Díez";"";"";"";"sin_dato"
1418606.0;"Néstor Ruiz Medina";"";"Madrid, Spain";"Spain";"heuristico"
6308262.0;"María Lázaro";"";"";"";"sin_dato"
1312164.0;"Fernando Barona";"hombre";"";"";"sin_dato"
4962129.0;"Reyes Caballero";"";"";"";"sin_dato"
5519241.0;"Julia de Paz Solvas";"";"";"";"sin_dato"
1024244.0;"Héctor Carré";"";"";"";"sin_dato"
1877869.0;"Alexandre Cirici Pellicer";"";"";"";"sin_dato"
4834712.0;"Rafael Ferrer";"";"";"";"sin_dato"
4888027.0;"José Escobar";"";"";"";"sin_dato"
1677883.0;"Juanjo Moscardó Rius";"hombre";"";"";"sin_dato"
2712188.0;"Stanislav Kapralov";"hombre";"Dnipro, Ukraine";"Ukraine";"heuristico"
5050358.0;"Carmen Avalos del Pino";"";"";"";"sin_dato"
233957.0;"Norberto López Amado";"";"";"";"sin_dato"
1343616.0;"Enrico Audenino";"hombre";"Turin, Italy";"Italy";"heuristico"
5408871.0;"Aser Álvarez González";"";"";"";"sin_dato"
1826333.0;"Lucija Stojevic";"mujer";"";"";"sin_dato"
5810.0;"Luciano Vincenzoni";"hombre";"Treviso, Veneto, Italy";"Italy";"heuristico"
1032968.0;"Angelino Fons";"";"";"";"sin_dato"
6246635.0;"Verónica Orrico";"";"";"";"sin_dato"
1764976.0;"Mariano Donoso";"";"";"";"sin_dato"
2962112.0;"Federico Cardone";"hombre";"";"";"sin_dato"
2614503.0;"Mariana Guzzante";"";"";"";"sin_dato"
10832.0;"Gabriel Beristain";"hombre";"Mexico City, Mexico";"Mexico";"heuristico"
5455347.0;"Teresa Trasancos";"";"";"";"sin_dato"
1980582.0;"Juma Fodde";"";"";"";"sin_dato"
996580.0;"Pedro Beltrán";"hombre";"Cartagena, Murcia, Spain";"Spain";"heuristico"
1169602.0;"Manuel Ruiz Castillo";"";"";"";"sin_dato"
560290.0;"Pedro Loeb";"hombre";"Argentina";"Argentina";"heuristico"
5166472.0;"Javi Barón";"";"";"";"sin_dato"
2261544.0;"Pello Gutiérrez";"hombre";"";"";"sin_dato"
4792626.0;"David Aguilar";"";"";"";"sin_dato"
3403622.0;"Iñaki Sagastume";"";"";"";"sin_dato"
143846.0;"José Luis Colina";"";"";"";"sin_dato"
1807377.0;"Fernando López-Mirones";"hombre";"";"";"sin_dato"
1012205.0;"José Manuel Carrasco";"hombre";"";"";"sin_dato"
4056738.0;"Francisco Vaquero Robustillo";"";"";"";"sin_dato"
4056739.0;"Gustavo Alés";"";"";"";"sin_dato"
4056740.0;"Pedro Moriche";"";"";"";"sin_dato"
2496984.0;"Oier Plaza";"";"";"";"sin_dato"
5302380.0;"Garazi Velasco";"";"";"";"sin_dato"
1568247.0;"Fernando Ayllón";"hombre";"";"";"sin_dato"
2840892.0;"Carolina Noriega";"mujer";"Madrid, Spain";"Spain";"heuristico"
4983540.0;"Roger Danès Morera";"";"";"";"sin_dato"
1307189.0;"Pablo Gil Rituerto";"";"";"";"sin_dato"
2327508.0;"Ricardo Franco";"hombre";"Aguascalientes, Mexico";"Mexico";"heuristico"
103509.0;"Eloy de la Iglesia";"hombre";"Zarautz, Gipuzkoa, Spain";"Spain";"heuristico"
27471.0;"Luis Bermejo";"hombre";"Madrid, España";"España";"heuristico"
5331869.0;"Manuel Cabo Sánchez";"";"";"";"sin_dato"
954769.0;"Ángel Sala";"hombre";"";"";"sin_dato"
5283303.0;"Vanesa Bocanegra";"";"";"";"sin_dato"
4808255.0;"Sabina Méndez";"";"";"";"sin_dato"
3962124.0;"Marco Lagarde";"";"";"";"sin_dato"
1533722.0;"Paula Cons";"";"";"";"sin_dato"
1748194.0;"Javier Pascual";"";"";"";"sin_dato"
2850691.0;"Pedro G. Romero";"hombre";"Aracena, Huelva, Spain";"Spain";"heuristico"
1078831.0;"Juan Antonio Porto";"";"";"";"sin_dato"
390853.0;"Pilar Távora";"mujer";"";"";"sin_dato"
82724.0;"Fernando González Molina";"hombre";"Pamplona, Navarra, Spain";"Spain";"heuristico"
4653926.0;"Alana S. Portero";"mujer";"";"";"sin_dato"
1036768.0;"Xavier Villaverde";"hombre";"A Coruña, A Coruña, Galicia, Spain";"Spain";"heuristico"
1073957.0;"Sonia Méndez";"";"";"";"sin_dato"
4580494.0;"Juan Antonio Tirado";"hombre";" Madrid, Spain";"Spain";"heuristico"
572115.0;"Ray Figueroa";"hombre";"";"";"sin_dato"
1168674.0;"Gabriel Villanueva";"hombre";"";"";"sin_dato"
72719.0;"José Luis Dibildos";"";"";"";"sin_dato"
4312256.0;"Alex Mañas";"";"";"";"sin_dato"
1242114.0;"Maja Borg";"mujer";"Norrköping, Sweden";"Sweden";"heuristico"
4578364.0;"Daniel Tornero";"hombre";"Alicante, Spain";"Spain";"heuristico"
5718669.0;"Beñat Gereka Bikuña";"";"";"";"sin_dato"
2683614.0;"Amparo Aguilar";"";"";"";"sin_dato"
2509031.0;"Pío Longo";"";"";"";"sin_dato"
3710410.0;"Daniel D. García";"";"";"";"sin_dato"
1288697.0;"Carlos Marques-Marcet";"hombre";"Barcellona, Spagna";"Spagna";"heuristico"
125486.0;"Rosana Pastor";"mujer";"Alboraya, València, Comunitat Valenciana, Spain";"Spain";"heuristico"
1707578.0;"Caye Casas";"hombre";"Terrassa, Spain";"Spain";"heuristico"
4848073.0;"Esther Morente";"";"";"";"sin_dato"
4020638.0;"Tomás Ocaña";"hombre";"";"";"sin_dato"
1474206.0;"Antonio Ojeda";"";"";"";"sin_dato"
1266083.0;"Ismael Morillo";"";"";"";"sin_dato"
5032966.0;"Carmen Estirado";"";"";"";"sin_dato"
3862769.0;"Liliana Torres";"mujer";"";"";"sin_dato"
3029978.0;"Jorge Pareja";"";"";"";"sin_dato"
985375.0;"Fernando Cámara";"hombre";"";"";"sin_dato"
4680400.0;"David Alonso";"";"";"";"sin_dato"
1081336.0;"Adán Aliaga";"";"";"";"sin_dato"
1116367.0;"José Luis Martínez Mollá";"";"";"";"sin_dato"
1001903.0;"Víctor Manuel";"hombre";"";"";"sin_dato"
5502355.0;"Amparo Martínez Barco";"";"";"";"sin_dato"
4808377.0;"Carmen Jiménez";"";"";"";"sin_dato"
6059594.0;"Anna M. Bofarull";"";"";"";"sin_dato"
649147.0;"Manuel Gutiérrez Aragón";"hombre";"Torrelavega, Cantabria, Spain";"Spain";"heuristico"
5495770.0;"Pablo Más Serrano";"";"";"";"sin_dato"
5834440.0;"Maribel Hernández";"";"";"";"sin_dato"
1744131.0;"Robin Petré";"mujer";"Denmark";"Denmark";"heuristico"
1491153.0;"Paco Ortiz";"";"";"";"sin_dato"
1891097.0;"José Carlos de Isla";"";"";"";"sin_dato"
4545832.0;"Pablo Zanón";"";"";"";"sin_dato"
44264.0;"Rodrigo Sopeña";"hombre";"Gijón, Asturias, Spain";"Spain";"heuristico"
44263.0;"Luis Piedrahita";"hombre";"A Coruña, A Coruña, Galicia, Spain";"Spain";"heuristico"
1162072.0;"Gonzalo Maza";"hombre";"Chile";"Chile";"heuristico"
6389807.0;"Esther Díaz Rey";"";"";"";"sin_dato"
1620549.0;"José Antonio Torres";"hombre";"";"";"sin_dato"
1777512.0;"Antonio Manuel";"";"";"";"sin_dato"
1593605.0;"Antonio Torres Martinó";"hombre";"Ponce, Puerto Rico";"Puerto Rico";"heuristico"
1726147.0;"Georgina Cisquella";"mujer";"Barcelona, Barcelona, Catalunya, Spain";"Spain";"heuristico"
2474514.0;"Rafael Lobo";"";"Brasília";"Brasília";"heuristico"
1061976.0;"Marc Martínez";"hombre";"Barcelona, Barcelona, Catalunya, Spain";"Spain";"heuristico"
1515842.0;"Lara Izagirre";"mujer";"";"";"sin_dato"
37577.0;"Bigas Luna";"hombre";"Barcelona, Barcelona, Catalonia, Spain";"Spain";"heuristico"
1065244.0;"José Sánchez-Montes";"hombre";"";"";"sin_dato"
3497954.0;"Marina Trigueros";"";"";"";"sin_dato"
4980450.0;"Emanuele Giusto Kantfish";"";"";"";"sin_dato"
4010380.0;"Carlos Tejeda";"";"";"";"sin_dato"
3416965.0;"Mario-Paul Martínez";"";"";"";"sin_dato"
1440782.0;"Simón Casal";"hombre";"";"";"sin_dato"
84520.0;"Víctor Sierra";"";"";"";"sin_dato"
2654024.0;"Marta-Libertad Castillo";"mujer";"";"";"sin_dato"
67263.0;"Andrés M. Koppel";"hombre";"";"";"sin_dato"
1614851.0;"Rafa Martínez";"hombre";"";"";"sin_dato"
2682372.0;"Borja González Santaolalla";"hombre";"";"";"sin_dato"
2864402.0;"Ángel Puado Veloso";"";"";"";"sin_dato"
2799615.0;"Area Erina";"";"";"";"sin_dato"
4431348.0;"Juan Alfredo Amil";"";"";"";"sin_dato"
4431351.0;"Arianne Cristiel Dapena";"";"";"";"sin_dato"
2428561.0;"Pau Calpe Rufat";"";"";"";"sin_dato"
1876833.0;"Marta Grau";"mujer";"";"";"sin_dato"
1136758.0;"Raquel Gómez-Rosado";"";"";"";"sin_dato"
1446388.0;"José Ángel Mañas";"";"";"";"sin_dato"
239149.0;"Angel de la Cruz";"";"";"";"sin_dato"
3040800.0;"Lorena Ares";"mujer";"";"";"sin_dato"
2018520.0;"Ángeles Hernández";"";"";"";"sin_dato"
100897.0;"Carlos Puerto";"hombre";"";"";"sin_dato"
1204232.0;"Francesc Relea";"";"";"";"sin_dato"
2568321.0;"Johanne Gómez Terrero";"";"";"";"sin_dato"
1745310.0;"Lino Escalera";"hombre";"";"";"sin_dato"
236516.0;"Daniel Remón";"";"";"";"sin_dato"
2021125.0;"Roberto Martín Maiztegui";"";"";"";"sin_dato"
1481855.0;"Irene M. Borrego";"mujer";"";"";"sin_dato"
1631846.0;"Álvaro Urtizberea";"";"";"";"sin_dato"
2852263.0;"Daniel Monedero";"";"";"";"sin_dato"
2865693.0;"Francisco Arnal";"";"";"";"sin_dato"
3472602.0;"Toti Martínez de Lezea";"";"";"";"sin_dato"
2973700.0;"Alvaro Gurrea";"";"";"";"sin_dato"
1007551.0;"Antonio Mercero";"hombre";"Lasarte, Guipúzcoa, País Vasco, Spain";"Spain";"heuristico"
1042733.0;"Daniel Padró";"hombre";"Barcelona, Barcelona, Catalonia, Spain";"Spain";"heuristico"
4983818.0;"Ángel Gómez";"";"";"";"sin_dato"
1263590.0;"Manuel Facal";"";"";"";"sin_dato"
2982406.0;"Miguel García Iraburu";"";"";"";"sin_dato"
5052917.0;"Miguel García";"";"";"";"sin_dato"
1606368.0;"Isa Feliu";"";"";"";"sin_dato"
1603877.0;"Rosario Pi";"";"";"";"sin_dato"
1686833.0;"Jorge Berlanga";"";"";"";"sin_dato"
1716364.0;"Aitor Echeverría";"hombre";"Barcelona, Barcelona, Catalunya, Spain";"Spain";"heuristico"
1016265.0;"Pep Garrido";"";"";"";"sin_dato"
1063331.0;"David Bisbano";"hombre";"Buenos Aires, Argentina";"Argentina";"heuristico"
1121370.0;"Alfonso Suárez";"hombre";" Guadalajara, Jalisco, Mexico";"Mexico";"heuristico"
3620424.0;"Gonzalo Suárez Garayo";"";"Vigo, Spain";"Spain";"heuristico"
5338994.0;"Xabier Mina Ederra";"";"";"";"sin_dato"
5338995.0;"Isaías Cruz Irujo";"";"";"";"sin_dato"
139244.0;"Beatriz Iso";"mujer";"Pamplona, Navarra, Spain";"Spain";"heuristico"
942161.0;"Felipe Vega";"hombre";"";"";"sin_dato"
1489033.0;"Julio Llamazares";"hombre";"";"";"sin_dato"
131867.0;"Daniel Hendler";"hombre";"Montevideo, Uruguay";"Uruguay";"heuristico"
1659438.0;"Elena López Riera";"mujer";"Orihuela, España";"España";"heuristico"
2118742.0;"Philippe Azoury";"";"";"";"sin_dato"
3700292.0;"Fermin Aio";"";"";"";"sin_dato"
928784.0;"Nadine Lamari";"";"";"";"sin_dato"
2435618.0;"Nata Moreno";"";"";"";"sin_dato"
929757.0;"Miguel Ángel Calvo Buttini";"";"";"";"sin_dato"
5581651.0;"Alicia Rodríguez";"";"";"";"sin_dato"
4932113.0;"José Manuel Herraiz";"";"";"";"sin_dato"
1839262.0;"Miguel Eek";"";"";"";"sin_dato"
1026235.0;"Patricia Ferreira";"mujer";"  Madrid, Spain";"Spain";"heuristico"
2785405.0;"Lupe Pérez García";"";"";"";"sin_dato"
168101.0;"Alex Montoya";"hombre";"El Paso, Texas, USA";"USA";"heuristico"
1047300.0;"Sergio Barrejón";"hombre";"  Madrid, Spain";"Spain";"heuristico"
2302849.0;"Amalia Ulman";"mujer";"Argentina";"Argentina";"heuristico"
1008378.0;"Félix Sabroso";"";"";"";"sin_dato"
1008377.0;"Dunia Ayaso";"";"";"";"sin_dato"
1677698.0;"Nely Reguera";"mujer";"";"";"sin_dato"
1811248.0;"Carlos Gil";"hombre";"Buenos Aires, Argentina";"Argentina";"heuristico"
1507947.0;"Ana Diosdado";"mujer";"Buenos Aires, Argentina";"Argentina";"heuristico"
1620763.0;"Glorimar Marrero Sánchez";"mujer";"Barranquitas, Puerto Rico";"Puerto Rico";"heuristico"
4575898.0;"Jacobo García Fernández";"";"";"";"sin_dato"
4832778.0;"Rosaura Romero";"";"";"";"sin_dato"
5115912.0;"Marías Recarte";"";"";"";"sin_dato"
562915.0;"Santi Amodeo";"hombre";"Sevilla, Spain";"Spain";"heuristico"
2349796.0;"Alberto Gastesi";"";"";"";"sin_dato"
1801854.0;"Alex Merino";"";"";"";"sin_dato"
69875.0;"Alberto de Toro";"hombre";"";"";"sin_dato"
5909538.0;"Alberto Fernández Arregui";"";"";"";"sin_dato"
969241.0;"Cristian Conti";"hombre";"";"";"sin_dato"
1170457.0;"Marta Figueras";"";"";"";"sin_dato"
2915538.0;"Susana Guardiola";"";"";"";"sin_dato"
2915542.0;"Lula Gómez";"";"";"";"sin_dato"
1147706.0;"Jimina Sabadú";"mujer";"Madrid, Spain";"Spain";"heuristico"
1490075.0;"Helio Mira";"";"";"";"sin_dato"
4293662.0;"Alfredo Picazo";"";"";"";"sin_dato"
1987284.0;"Carlota Pereda";"mujer";"Madrid, Spain";"Spain";"heuristico"
4044587.0;"Albert Bertran Bas";"";"";"";"sin_dato"
4044588.0;"Carmelo Viera";"";"";"";"sin_dato"
1705591.0;"Laura Jou";"";"";"";"sin_dato"
2570550.0;"Jorge Acebo Canedo";"";"Linselles, Nord, France";"France";"heuristico"
2555139.0;"Mariana Barassi";"";"";"";"sin_dato"
2619572.0;"Jaime Puertas Castillo";"";"";"";"sin_dato"
82700.0;"Mario Casas";"hombre";"La Coruña, Galicia, Spain";"Spain";"heuristico"
54228.0;"Déborah François";"mujer";"Rocourt, Liège, Belgium";"Belgium";"heuristico"
236693.0;"Mabel Lozano";"mujer";"Toledo, España";"España";"heuristico"
1490496.0;"Eva Hache";"mujer";"Segovia, Spain";"Spain";"heuristico"
2639346.0;"Enrique Buleo";"hombre";"Spain";"Spain";"heuristico"
2434915.0;"Luis Avilés Baquero";"";"";"";"sin_dato"
2194967.0;"Rubin Stein";"hombre";"Spain";"Spain";"heuristico"
1165419.0;"Marta Ramos";"";"";"";"sin_dato"
6181106.0;"Miguel Romero";"";"";"";"sin_dato"
1572393.0;"Javier Macipe";"hombre";"Zaragoza, Spain";"Spain";"heuristico"
5674493.0;"Jesus Caballero";"";"";"";"sin_dato"
1432104.0;"Alejandro Naranjo";"hombre";"Las Palmas de Gran Canaria, Canary Islands";"Canary Islands";"heuristico"
3763970.0;"Omar Al Abdul Razzak";"";"";"";"sin_dato"
1355552.0;"David Romera";"";"";"";"sin_dato"
1394264.0;"Toby Schwarz";"hombre";"";"";"sin_dato"
4999905.0;"Aizea Roca Berridi";"";"";"";"sin_dato"
136515.0;"Rob Sprackling";"";"";"";"sin_dato"
1146781.0;"Maxi Rodríguez";"hombre";"Mieres, Asturias, España";"España";"heuristico"
6384256.0;"Alberto García Ortiz";"";"";"";"sin_dato"
3010929.0;"Steven Majaury";"";"";"";"sin_dato"
3964968.0;"Andrea Sebastiá";"";"";"";"sin_dato"
5111664.0;"Sylvie Bélanger";"";"";"";"sin_dato"
1246601.0;"Phil Ivanusic";"hombre";"";"";"sin_dato"
3553593.0;"Joan-Marc Zapata";"";"";"";"sin_dato"
2193216.0;"Oriol Gispert";"";"";"";"sin_dato"
1801413.0;"David Casademunt";"mujer";"Barcelona, Spain";"Spain";"heuristico"
588861.0;"Josefina Molina";"mujer";"Córdoba, Spain";"Spain";"heuristico"
1031910.0;"Jesús García de Dueñas";"";"";"";"sin_dato"
97662.0;"Emma Cohen";"mujer";"Barcelona, Barcelona, Catalunya, Spain";"Spain";"heuristico"
97689.0;"Juan Tébar";"";"";"";"sin_dato"
37515.0;"Augusto M. Torres";"hombre";"";"";"sin_dato"
109081.0;"Enrique Brasó";"hombre";"Madrid, Spain";"Spain";"heuristico"
1298398.0;"Alfonso Ungría";"hombre";"Madrid, Spain";"Spain";"heuristico"
262849.0;"Alicia Hermida";"mujer";"";"";"sin_dato"
25257.0;"Julieta Serrano";"mujer";"Barcellona, Spagna";"Spagna";"heuristico"
1744373.0;"Ignacio Nacho";"";"";"";"sin_dato"
1740764.0;"Luciano Juncos";"";"";"";"sin_dato"
3006682.0;"Renzo Felippa";"";"";"";"sin_dato"
4682724.0;"Biel Macià";"";"";"";"sin_dato"
1491189.0;"Juan Gautier";"";"";"";"sin_dato"
1833773.0;"Yayo Herrero";"";"";"";"sin_dato"
4872015.0;"David Camarero";"";"";"";"sin_dato"
5018014.0;"Laura Herrero";"";"";"";"sin_dato"
548748.0;"Irene Gutiérrez Caba";"mujer";"Madrid, Madrid, Spain";"Spain";"heuristico"
2799326.0;"Lisandra López Fabe";"mujer";"";"";"sin_dato"
1006815.0;"Francesc Betriu";"hombre";"Orgaña, Lérida, Cataluña, España";"España";"heuristico"
2729812.0;"Benet Rosell";"";"";"";"sin_dato"
1361408.0;"Gustau Hernández Mor";"";"";"";"sin_dato"
1840534.0;"Bernardo Sánchez";"";"";"";"sin_dato"
1316690.0;"Claudia Pinto Emperador";"mujer";"";"";"sin_dato"
3102085.0;"Eduardo Sánchez Rugeles";"hombre";"Caracas, Venezuela";"Venezuela";"heuristico"
1665562.0;"Maria Mauti";"";"";"";"sin_dato"
4080092.0;"Sara Mesa";"";"";"";"sin_dato"
225020.0;"Juan Cavestany";"hombre";"Madrid, España";"España";"heuristico"
5753172.0;"Carlos Rodríguez";"";"";"";"sin_dato"
65452.0;"Mike Leigh";"hombre";"Salford, Greater Manchester, England, UK";"UK";"heuristico"
1124203.0;"Almudena Carracedo";"mujer";"";"";"sin_dato"
1124204.0;"Robert Bahar";"hombre";"";"";"sin_dato"
2034541.0;"Kim Roberts";"";"";"";"sin_dato"
5511239.0;"Ricardo Acosta";"";"";"";"sin_dato"
5043210.0;"Manuel García Serrano";"";"";"";"sin_dato"
4633424.0;"Cristina Linares";"";"";"";"sin_dato"
2627397.0;"Augusto Sinay";"hombre";"Córdoba, Argentina";"Argentina";"heuristico"
100833.0;"Tomás Aznar";"hombre";"";"";"sin_dato"
100834.0;"Miguel Lizondo";"";"";"";"sin_dato"
1692922.0;"Alfredo Casado";"";"";"";"sin_dato"
2928018.0;"Aleksandra Karczewska";"";"";"";"sin_dato"
1395595.0;"Burnin' Percebes";"";"";"";"sin_dato"
1295651.0;"Pau Teixidor";"";"";"";"sin_dato"
1084018.0;"José Luis Acosta";"hombre";"";"";"sin_dato"
1421242.0;"Miguel Llansó";"hombre";"";"";"sin_dato"
1058959.0;"Amaia Merino";"mujer";"San Sebastián, Spain";"Spain";"heuristico"
1402426.0;"Fernando Bernués";"";"";"";"sin_dato"
984083.0;"Patxo Tellería";"";"";"";"sin_dato"
1533451.0;"Laura Baumeister";"";"";"";"sin_dato"
588636.0;"Marta Nieto";"mujer";"Murcia, Spain";"Spain";"heuristico"
4547559.0;"Beatriz Herzog";"";"";"";"sin_dato"
1110423.0;"Chiqui Carabante";"";"";"";"sin_dato"
6015089.0;"Paula Palacios";"";"";"";"sin_dato"
105241.0;"Jesús del Cerro";"hombre";"Madrid, Spain";"Spain";"heuristico"
1019826.0;"José Luis Feito";"";"";"";"sin_dato"
4180469.0;"Lucía Muñoz Lucena";"";"";"";"sin_dato"
4816032.0;"Ignacio Wilson";"";"";"";"sin_dato"
4816029.0;"Juana Torrijos";"";"";"";"sin_dato"
1866952.0;"Juanma Villar Betancort";"";"";"";"sin_dato"
4318654.0;"Erlyn L. Borges";"";"";"";"sin_dato"
1529816.0;"Paolo Marinou-Blanco";"";"New York City, New York";"New York";"heuristico"
1490618.0;"Kike Narcea";"";"";"";"sin_dato"
1929029.0;"Helin Çelik";"";"";"";"sin_dato"
2212104.0;"María Trénor";"mujer";"";"";"sin_dato"
588816.0;"Carlos Therón Sánchez";"hombre";"Salamanca, Salamanca, Spain";"Spain";"heuristico"
106779.0;"Albertina Carri";"mujer";"Buenos Aires, Argentina";"Argentina";"heuristico"
2999033.0;"Agustín Godoy";"hombre";"Buenos Aires, Argentina";"Argentina";"heuristico"
4075083.0;"Carolina Alamino";"";"";"";"sin_dato"
3947595.0;"Xavier Esteban Casas";"";"";"";"sin_dato"
4519808.0;"Erika Sánchez";"";"";"";"sin_dato"
3418854.0;"Daniel Cebrián";"";"";"";"sin_dato"
2452476.0;"Andrés Sanz Vicente";"hombre";"";"";"sin_dato"
534920.0;"Julián Pastor";"hombre";"Mexico City, Mexico";"Mexico";"heuristico"
1564500.0;"Juan Clemente Prosper";"";"";"";"sin_dato"
4102306.0;"Rocío Mesa";"";"";"";"sin_dato"
229765.0;"Mariano Ozores Puchol";"hombre";"Madrid, Spain";"Spain";"heuristico"
1835761.0;"Gustavo Hernández";"";"";"";"sin_dato"
1557040.0;"Belén Funes";"mujer";"Barcelona, Barcelona, Catalonia, Spain";"Spain";"heuristico"
1068859.0;"Carlos Agulló";"";"";"";"sin_dato"
2452489.0;"Daniel M. Caneiro";"";"";"";"sin_dato"
2452490.0;"Borja Figuerola";"";"";"";"sin_dato"
2391077.0;"Gala Gracia";"mujer";"";"";"sin_dato"
6224543.0;"Javier Vila";"";"";"";"sin_dato"
3538425.0;"Álex Galán";"";"";"";"sin_dato"
2881252.0;"Beatriz Alba";"";"";"";"sin_dato"
2543427.0;"Meri Collazos Solà";"";"";"";"sin_dato"
1205054.0;"Joan López Lloret";"";"";"";"sin_dato"
3051868.0;"Harkaitz Cano";"hombre";"Lasarte-Oria, Gipuzkoa, Euskal Herria";"Euskal Herria";"heuristico"
114716.0;"Guillermo Fesser";"hombre";"";"";"sin_dato"
1442192.0;"Vito Sanz";"hombre";"";"";"sin_dato"
140853.0;"Chema de la Peña";"hombre";"";"";"sin_dato"
2428296.0;"Antonio García Jimenez";"";"";"";"sin_dato"
1427769.0;"Cristina Martín Barcelona";"";"";"";"sin_dato"
1427771.0;"Maria José Martín Barcelona";"";"";"";"sin_dato"
1451411.0;"Santos Mercero";"";"";"";"sin_dato"
1444067.0;"Nuno Beato";"hombre";"Lisboa, Portugal";"Portugal";"heuristico"
1202721.0;"Possidónio Cachapa";"";"";"";"sin_dato"
1905524.0;"Cristina Pinheiro";"";"";"";"sin_dato"
987581.0;"Manane Rodríguez";"mujer";"Uruguay";"Uruguay";"heuristico"
1050114.0;"Dane Komljen";"hombre";"";"";"sin_dato"
1660008.0;"James Lattimer";"";"";"";"sin_dato"
1154833.0;"Danielle Schleif";"";"";"";"sin_dato"
1340863.0;"Patricia Ortega";"";"";"";"sin_dato"
4076684.0;"José Ortuño";"";"";"";"sin_dato"
4426666.0;"Asier Andueza";"";"";"";"sin_dato"
125209.0;"Pilar Miró";"mujer";"  Madrid, Spain";"Spain";"heuristico"
1871730.0;"Lola Salvador";"mujer";"";"";"sin_dato"
3044913.0;"Sabela Iglesias";"";"";"";"sin_dato"
3021521.0;"Violeta Salama";"";"";"";"sin_dato"
1285538.0;"Luis López Carrasco";"hombre";"Murcia, Spain";"Spain";"heuristico"
2482448.0;"Raúl Liarte";"hombre";"";"";"sin_dato"
1639587.0;"Guillermo Rojas";"";"";"";"sin_dato"
5208044.0;"JAGC Labella";"";"";"";"sin_dato"
5194249.0;"Fanny Burdino";"";"";"";"sin_dato"
559668.0;"Samuel Doux";"hombre";"";"";"sin_dato"
586024.0;"Bernabé Rico";"hombre";"Seville, Spain";"Spain";"heuristico"
90775.0;"Juan Carlos Rubio";"hombre";"";"";"sin_dato"
5720969.0;"Almudena Monzú";"";"";"";"sin_dato"
944482.0;"Javier Rebollo";"hombre";"Madrid";"Madrid";"heuristico"
1475675.0;"Luis Bértolo";"";"";"";"sin_dato"
1839278.0;"Guillem Miró";"";"";"";"sin_dato"
3108570.0;"Ana Inés Fernández";"";"";"";"sin_dato"
2383780.0;"Anna Giralt Gris";"";"";"";"sin_dato"
131532.0;"J.J. Perry";"hombre";"";"";"sin_dato"
41671.0;"Nimród Antal";"hombre";"Los Angeles, California, USA";"USA";"heuristico"
1144092.0;"Matt Johnson";"hombre";"Toronto, Ontario, Canada";"Canada";"heuristico"
79282.0;"Antonio Chavarrías";"hombre";"L'Hospitalet de Llobregat, Barcelona, Catalonia, Spain";"Spain";"heuristico"
5515313.0;"Santiago Suárez Baldrís";"";"";"";"sin_dato"
3772682.0;"Lucas Vermal";"";"";"";"sin_dato"
3772681.0;"Edgardo Dobry";"";"";"";"sin_dato"
1069344.0;"Pablo Malo";"hombre";"";"";"sin_dato"
3675521.0;"Chedey Reyes";"";"";"";"sin_dato"
6320671.0;"Antonio Morales";"";"";"";"sin_dato"
5052612.0;"Reyes Gallegos";"mujer";"";"";"sin_dato"
3433442.0;"Lexeia Larrañaga";"";"";"";"sin_dato"
3433444.0;"Amador Prieto";"";"";"";"sin_dato"
2425118.0;"Jordi Núñez";"hombre";"";"";"sin_dato"
2168402.0;"Maider Oleaga";"mujer";"Bilbo, Bizkaia, Euskal Herria";"Euskal Herria";"heuristico"
76093.0;"Carmen Chaplin";"mujer";"London, England, UK";"UK";"heuristico"
2014388.0;"Álvaro Lion Depetre";"";"";"";"sin_dato"
1562783.0;"Anna R. Costa";"";"";"";"sin_dato"
5563552.0;"Noelia Adánez";"";"";"";"sin_dato"
1074938.0;"Alberto Morais";"";"";"";"sin_dato"
5020311.0;"Samuel del Amor";"";"";"";"sin_dato"
2955663.0;"Ferran Ureña";"";"";"";"sin_dato"
1030532.0;"Álvaro García-Capelo";"";"";"";"sin_dato"
2282004.0;"David Berraondo";"";"";"";"sin_dato"
2872919.0;"Celia Viada Caso";"";"";"";"sin_dato"
1510245.0;"Carmen Martín Gaite";"mujer";"";"";"sin_dato"
1364130.0;"María Pérez Sanz";"mujer";"";"";"sin_dato"
36632.0;"Juan Diego Botto";"hombre";"Buenos Aires, Argentina";"Argentina";"heuristico"
5560016.0;"Olga Rodríguez";"";"";"";"sin_dato"
5544451.0;"Ainhoa Rodríguez";"";"";"";"sin_dato"
588828.0;"Javier Mariscal";"hombre";"Almazora, Spagna";"Spagna";"heuristico"
1027164.0;"Ventura Durall";"hombre";"";"";"sin_dato"
5368505.0;"Carles Cúbos Serra";"";"";"";"sin_dato"
2903418.0;"Alberto Martín Menacho";"";"";"";"sin_dato"
5115816.0;"Miguel Ángel Alonso";"";"";"";"sin_dato"
1814486.0;"José Antonio Vitoria";"";"";"";"sin_dato"
2261215.0;"Garbiñe Losada";"";"";"";"sin_dato"
5209434.0;"José Luis López";"";"";"";"sin_dato"
1843397.0;"Eligio R. Montero";"";"A Coruña, Galicia, Spain";"Spain";"heuristico"
1925365.0;"Pau Cruanyes Garrell";"";"";"";"sin_dato"
1925366.0;"Gerard Vidal Barrena";"hombre";"";"";"sin_dato"
2555197.0;"Ignasi Àvila Padró";"";"";"";"sin_dato"
95528.0;"Pablo Berger";"hombre";"Bilbao, Vizcaya, País Vasco, España";"España";"heuristico"
5948658.0;"Carla Pereira";"";"";"";"sin_dato"
2385196.0;"Juan Fran Jacinto";"";"";"";"sin_dato"
3370605.0;"Lucía Tello Díaz";"";"";"";"sin_dato"
3370607.0;"María Jesús Díaz Prada";"";"";"";"sin_dato"
1106176.0;"Pau Durà";"hombre";"Alcoy, Alicante, Comunidad Valenciana, Spain";"Spain";"heuristico"
2192826.0;"Venci Kostov";"hombre";"";"";"sin_dato"
2573595.0;"Anna Tusell";"";"";"";"sin_dato"
37948.0;"Brad Anderson";"hombre";"Madison, Connecticut, USA";"USA";"heuristico"
1813980.0;"Laura Ferrés";"mujer";"Barcelona, Catalonia, Spain";"Spain";"heuristico"
2394333.0;"Giovanna Ribes";"";"";"";"sin_dato"
5039064.0;"Alicia Martínez";"";"";"";"sin_dato"
1527814.0;"Alfredo Navarro";"";"";"";"sin_dato"
5070921.0;"Sergio Montero Fernández";"";"";"";"sin_dato"
5070916.0;"Asur Fuente";"";"";"";"sin_dato"
1185975.0;"Pablo Hernando";"hombre";"Vitoria, Álava, País Vasco, Spain";"Spain";"heuristico"
1222013.0;"Lucas Figueroa";"";"";"";"sin_dato"
2000740.0;"Helena Bengoetxea";"";"";"";"sin_dato"
1068351.0;"Vicente Bonet";"hombre";"Castelló, Comunitat Valenciana, Spain";"Spain";"heuristico"
933277.0;"Aitor Merino";"hombre";"";"";"sin_dato"
1527323.0;"Antonio Palacios";"hombre";"";"";"sin_dato"
1159522.0;"Nacho Cabana";"";"";"";"sin_dato"
1360059.0;"Casandra Macías Gago";"";"";"";"sin_dato"
2294672.0;"Marina Maesso";"";"";"";"sin_dato"
51899.0;"Elena Ruiz";"mujer";"Cardona, Barcelona, Catalunya, Spain";"Spain";"heuristico"
3212692.0;"Cristina Broquetas";"";"";"";"sin_dato"
4916124.0;"José Pérez";"";"";"";"sin_dato"
4034117.0;"Xavi Torres";"";"";"";"sin_dato"
2086327.0;"Jorge Alonso";"";"";"";"sin_dato"
4712711.0;"Pablo Lozano";"";"";"";"sin_dato"
108993.0;"Miguel Mihura";"hombre";"Madrid, Madrid, España";"España";"heuristico"
6086798.0;"Enrique García";"";"";"";"sin_dato"
6289557.0;"Isabel Sánchez";"mujer";"";"";"sin_dato"
105153.0;"Vicente Aranda";"hombre";"Barcelona, Spain";"Spain";"heuristico"
1061937.0;"Carlos Pérez Merinero";"";"";"";"sin_dato"
1061936.0;"Álvaro del Amo";"";"";"";"sin_dato"
1036769.0;"Pedro Pérez Rosado";"hombre";"Petrés, Valencia, Spain";"Spain";"heuristico"
1607719.0;"Lilian Rosado González";"mujer";"Valencia, Spain";"Spain";"heuristico"
2619775.0;"Daniel Corpas";"";"";"";"sin_dato"
8937.0;"John Wood";"hombre";"Derbyshire, England, UK";"UK";"heuristico"
1542282.0;"Jackie Kelly";"mujer";"";"";"sin_dato"
2303.0;"Wim Wenders";"hombre";"Düsseldorf, Germany";"Germany";"heuristico"
106157.0;"Robert Kramer";"hombre";"New York City, New York, USA";"USA";"heuristico"
1058288.0;"Rubén Rojo Aura";"hombre";"";"";"sin_dato"
3424062.0;"César Tejeda";"";"";"";"sin_dato"
3235428.0;"Aitor González de Langarica Mendizabal";"hombre";"";"";"sin_dato"
1019690.0;"Ignacio Vilar";"";"";"";"sin_dato"
116169.0;"Carlos Asorey";"hombre";"Santiago de Compostela, A Coruña, Galicia, Spain";"Spain";"heuristico"
5122409.0;"Francisco Javier Fernández Bordonada";"hombre";"Madrid, Spain";"Spain";"heuristico"
37950.0;"Carlos Fernández";"hombre";"Cereixido, Lugo, Galicia, Spain";"Spain";"heuristico"
5949603.0;"Carla Calvo";"";"";"";"sin_dato"
72891.0;"Amando de Ossorio";"hombre";"A Coruña, A Coruña, Galicia, Spain";"Spain";"heuristico"
5943046.0;"David Perea";"";"";"";"sin_dato"
3027686.0;"María Montoya";"";"";"";"sin_dato"
1856993.0;"Roya Sadat";"mujer";"Herat, Afghanistan";"Afghanistan";"heuristico"
1480697.0;"Roelof Jan Minneboo";"";"";"";"sin_dato"
2290446.0;"Nicolás Pacheco";"";"";"";"sin_dato"
2172280.0;"Juan Ibarrondo";"";"";"";"sin_dato"
932161.0;"Albert Serra";"hombre";"Banyoles, Catalonia, Spain";"Spain";"heuristico"
565852.0;"Antonio Giménez Rico";"hombre";"Burgos, Burgos, Castilla y León, Spain";"Spain";"heuristico"
936180.0;"Santiago Tabernero";"hombre";"";"";"sin_dato"
1923600.0;"Paco Enlaluna";"";"";"";"sin_dato"
2234399.0;"Agustín Rubio";"";"";"";"sin_dato"
5660353.0;"Eduardo Díaz";"";"";"";"sin_dato"
4046621.0;"Bruno Arias";"";"";"";"sin_dato"
3182009.0;"Lucía Ramiro";"";"";"";"sin_dato"
1013011.0;"Marc Recuenco";"";"";"";"sin_dato"
4567157.0;"Raul Guardans";"";"";"";"sin_dato"
1091827.0;"Diego Yaker";"";"";"";"sin_dato"
4580248.0;"Ignacio Ortega Campos";"";"";"";"sin_dato"
4580247.0;"Enrique Iznaola Gómez";"";"";"";"sin_dato"
148084.0;"Alfonso Albacete";"";"Murcia, Spain";"Spain";"heuristico"
148772.0;"Miguel Bardem";"hombre";"Madrid, España";"España";"heuristico"
260050.0;"David Menkes";"hombre";"Madrid, Spain";"Spain";"heuristico"
1098969.0;"Renate Costa";"mujer";"Asunción, Paraguay";"Paraguay";"heuristico"
1403211.0;"Daniel Diosdado";"";"";"";"sin_dato"
2969632.0;"Cristina Hernández-Carrillo de la Higuera";"";"";"";"sin_dato"
87014.0;"Marcelo Piñeyro";"hombre";"Buenos Aires City, Buenos Aires, Argentina";"Argentina";"heuristico"
66916.0;"Marcelo Figueras";"hombre";"";"";"sin_dato"
2863671.0;"Manu Riquelme";"";"";"";"sin_dato"
1822926.0;"Iván Reguera";"";"";"";"sin_dato"
90694.0;"Gillo Pontecorvo";"hombre";"Pisa, Italy";"Italy";"heuristico"
71416.0;"Franco Solinas";"hombre";"Cagliari, Sardinia, Italy";"Italy";"heuristico"
3684015.0;"Coral Maria Cruz  Pacheco";"";"";"";"sin_dato"
3004580.0;"Arnau Vilaró";"";"";"";"sin_dato"
2591139.0;"Miguel A. Hdez. Arango";"";"";"";"sin_dato"
1487183.0;"Iñaki Alforja";"";"";"";"sin_dato"
2218256.0;"Iban Toledo Ibañez";"";"";"";"sin_dato"
2929692.0;"Jon Viar";"";"";"";"sin_dato"
1774363.0;"Mounia Akl";"mujer";"Lebanon";"Lebanon";"heuristico"
1037809.0;"Judith Colell";"mujer";" Barcelona, Catalonia, Spain";"Spain";"heuristico"
3102068.0;"Cira Valiño";"";"";"";"sin_dato"
1149058.0;"Paco R. Baños";"";"";"";"sin_dato"
3774850.0;"Clara Serrano Llorens";"";"";"";"sin_dato"
3774884.0;"Gerard Simó Gimeno";"";"";"";"sin_dato"
4845897.0;"Laura Corominas Espelt";"";"";"";"sin_dato"
3774887.0;"Ariadna Ulldemolins Abad";"";"";"";"sin_dato"
9747.0;"Jean-Claude Carrière";"hombre";"Colombières-sur-Orb, Hérault, France";"France";"heuristico"
1122195.0;"Basilio Martín Patino";"hombre";"Salamanca, Salamanca, Spain";"Spain";"heuristico"
572168.0;"Darren Kloomok";"";"";"";"sin_dato"
3992581.0;"Pablo Lago Dantas";"";"";"";"sin_dato"
1966995.0;"Diana Toucedo";"mujer";"Redondela, Spain";"Spain";"heuristico"
974958.0;"Eva Lesmes";"mujer";"Gijón, Asturias, Spain";"Spain";"heuristico"
1608290.0;"Enrique Otero";"";"";"";"sin_dato"
3977105.0;"Roberto G. Méndez";"";"";"";"sin_dato"
1157587.0;"David Baute";"";"";"";"sin_dato"
4640765.0;"Yaiza Berrocal";"";"";"";"sin_dato"
2568717.0;"Camilo Villaverde";"";"";"";"sin_dato"
17093.0;"Eduardo Noriega";"hombre";"Santander, Cantabria, Spain";"Spain";"heuristico"
5371432.0;"Helena Girón";"";"";"";"sin_dato"
3302463.0;"Santi Trullenque";"";"";"";"sin_dato"
3302464.0;"Agustí Franch";"hombre";"";"";"sin_dato"
3935002.0;"Juli Suárez";"";"";"";"sin_dato"
4104751.0;"J. Echeverría-Torres";"";"";"";"sin_dato"
4104754.0;"María Otero";"";"";"";"sin_dato"
1974726.0;"Jesus Garces Lambert";"";"";"";"sin_dato"
2374718.0;"Xavier Atance";"";"";"";"sin_dato"
1681453.0;"Gemma Sanz";"";"";"";"sin_dato"
5940441.0;"Elisa Ferrer";"";"";"";"sin_dato"
2993585.0;"Fran Ruvira";"";"";"";"sin_dato"
1168983.0;"Juan Manuel Chumilla-Carbajosa";"";"";"";"sin_dato"
3050528.0;"Iñaki Sánchez Arrieta";"";"";"";"sin_dato"
4510265.0;"Ferran Brooks";"";"";"";"sin_dato"
1031887.0;"Jesús Pascual";"";"";"";"sin_dato"
3263007.0;"Antonio Bonilla";"";"";"";"sin_dato"
1891934.0;"Miguel Ángel Delgado";"";"";"";"sin_dato"
3960776.0;"Vera Robert";"";"";"";"sin_dato"
1079506.0;"Luis Ortega";"hombre";"Buenos Aires, Argentina";"Argentina";"heuristico"
2103455.0;"Rodolfo Palacios";"";"";"";"sin_dato"
1312063.0;"Fabián Casas";"hombre";"";"";"sin_dato"
5526728.0;"Pepe Martínez";"";"";"";"sin_dato"
5173769.0;"José Martínez";"";"";"";"sin_dato"
4047580.0;"Sergio Serrano";"";"";"";"sin_dato"
28503.0;"Luis Miñarro";"hombre";"";"";"sin_dato"
4157184.0;"Lu Colomina";"";"";"";"sin_dato"
2500576.0;"Pablo García Sanz";"";"";"";"sin_dato"
84770.0;"Cuca Canals";"mujer";" Barcelona, Catalonia, Spain";"Spain";"heuristico"
1336980.0;"Mike Hostench";"hombre";"";"";"sin_dato"
81159.0;"Christian Molina";"hombre";"";"";"sin_dato"
1206752.0;"Fran Araújo";"hombre";"";"";"sin_dato"
1116672.0;"Chelo Loureiro";"mujer";"Ferrol, A Coruña, Galicia, Spain";"Spain";"heuristico"
1335795.0;"Lúa Testa";"mujer";"Ferrol, Galicia, Spain";"Spain";"heuristico"
1199302.0;"Haizea G. Viana";"";"";"";"sin_dato"
5220528.0;"Arantzazu Gomez Bayon";"";"";"";"sin_dato"
5152588.0;"Antonio Sánchez";"";"";"";"sin_dato"
5061269.0;"Zeltia Outeiriño González";"";"";"";"sin_dato"
1782358.0;"Jabi Elortegi";"hombre";"";"";"sin_dato"
3893971.0;"Xabi Zabaleta";"";"";"";"sin_dato"
113407.0;"Arantxa Cuesta";"";"";"";"sin_dato"
1030542.0;"Diego Galán";"hombre";"Tétouan, Morocco";"Morocco";"heuristico"
5570327.0;"Julien Deladrière";"";"";"";"sin_dato"
1974980.0;"Pablo García Canga";"";"  Madrid, Spain";"Spain";"heuristico"
1489750.0;"Dani de la Torre";"hombre";"Monforte de Lemos, Lugo, Spain";"Spain";"heuristico"
1546450.0;"Juanjo Díaz Polo";"";"";"";"sin_dato"
118303.0;"Nacho Vigalondo";"hombre";"Cabezón de la Sal, Cantabria, Spain";"Spain";"heuristico"
1074534.0;"Rubén Riós";"";"";"";"sin_dato"
4266018.0;"Cris Lizarraga";"";"";"";"sin_dato"
3268460.0;"Marc Sempere-Moya";"";"";"";"sin_dato"
1708908.0;"Leire Apellániz";"mujer";"";"";"sin_dato"
980972.0;"Liz Lobato";"mujer";"Madrid, Madrid, Spain";"Spain";"heuristico"
3536688.0;"Miguel García de la Calera";"";"";"";"sin_dato"
2551308.0;"Toño López";"";"";"";"sin_dato"
3002172.0;"Ana Cermeño";"";"";"";"sin_dato"
1634868.0;"José Manuel Colón";"";"";"";"sin_dato"
1835536.0;"Fèlix Colomer Vallès";"";"";"";"sin_dato"
1715633.0;"Emma Tusell";"";"";"";"sin_dato"
1335792.0;"Laura Sipán";"";"";"";"sin_dato"
28500.0;"David Gallart";"";"";"";"sin_dato"
4536518.0;"Juan Albarracín";"hombre";"Lorca, Murcia, España";"España";"heuristico"
4198560.0;"Óscar David Gómez";"";"";"";"sin_dato"
1817389.0;"Cristóbal Fernández";"hombre";"Madrid, Madrid, Spain";"Spain";"heuristico"
2092671.0;"Ana Schulz";"";"";"";"sin_dato"
1584517.0;"Laura Casabé";"mujer";"Buenos Aires, Argentina";"Argentina";"heuristico"
1291436.0;"Benjamín Naishtat";"hombre";"Buenos Aires City, Distrito Federal, Argentina";"Argentina";"heuristico"
4972462.0;"Javier Fernández Moratalla";"";"";"";"sin_dato"
2252573.0;"Suso Imbernón";"";"";"";"sin_dato"
583120.0;"María Laura Gargarella";"";"";"";"sin_dato"
15189.0;"Michelangelo Antonioni";"hombre";"Ferrara, Emilia-Romagna, Italy";"Italy";"heuristico"
3206056.0;"Juanjo Elordi";"";"";"";"sin_dato"
1418613.0;"Edorta Barruetabeña";"";"";"";"sin_dato"
1670267.0;"Álex Quiroga";"hombre";"";"";"sin_dato"
2732692.0;"David Aymerich";"hombre";"";"";"sin_dato"
1161118.0;"Miguel Ángel Blanca";"hombre";"Sabadell, Barcelona, Catalunya, Spain";"Spain";"heuristico"
1598657.0;"Marc Crehuet";"hombre";"";"";"sin_dato"
5500234.0;"Jenifer de la Rosa Martín";"";"";"";"sin_dato"
1092191.0;"Maru Solores";"";"";"";"sin_dato"
2021353.0;"Diego Céspedes";"hombre";"Santiago de Chile, Chile";"Chile";"heuristico"
3256762.0;"Ángel Fernández Santos";"";"";"";"sin_dato"
233912.0;"Álvaro Brechner";"hombre";"Montevideo, Uruguay";"Uruguay";"heuristico"
1475602.0;"Virginia García del Pino";"mujer";"";"";"sin_dato"
3578728.0;"Andrea Bagney";"mujer";"Madrid, Spain";"Spain";"heuristico"
2879337.0;"Guillermo Polo";"";"";"";"sin_dato"
1170683.0;"Vicente Peñarrocha";"hombre";"";"";"sin_dato"
2829097.0;"Ceres Machado";"";"";"";"sin_dato"
2002124.0;"Salva Martos Cortés";"";"";"";"sin_dato"
3776173.0;"Nacho A. Villar";"";"";"";"sin_dato"
3776171.0;"Luis Rojo";"";"";"";"sin_dato"
27449.0;"Emilio Martínez Lázaro";"hombre";"";"";"sin_dato"
13833.0;"Elías Querejeta";"hombre";"Hernani, Donostia, Euskadi, Spain";"Spain";"heuristico"
4149420.0;"Jeniffer Castañeda García";"";"";"";"sin_dato"
31328.0;"Diego Cagide";"";"";"";"sin_dato"
3626927.0;"Diego Lucero";"";"";"";"sin_dato"
4475946.0;"Mariano Alejandro Rojo";"";"";"";"sin_dato"
1204229.0;"Mireia Gabilondo";"mujer";"Bergara, Gipuzkoa, Euskal Herria";"Euskal Herria";"heuristico"
2459717.0;"Kepa Errasti";"";"";"";"sin_dato"
1717771.0;"Manuel Menchón";"";"";"";"sin_dato"
1368643.0;"Nacho Ruipérez";"";"";"";"sin_dato"
1852055.0;"Mario Fernández Alonso";"hombre";"Cartagena, Murcia, Spain";"Spain";"heuristico"
87081.0;"Dave McKean";"hombre";"Maidenhead, England, UK";"UK";"heuristico"
1263877.0;"Jorge Dorado";"hombre";"Spain";"Spain";"heuristico"
1946650.0;"Natxo López";"hombre";"";"";"sin_dato"
3211714.0;"Héctor Domínguez-Viguera";"";"";"";"sin_dato"
2294210.0;"Carlos Mora";"";"";"";"sin_dato"
3211717.0;"Gonzalo Recio";"";"";"";"sin_dato"
2875084.0;"José Luis Rancaño";"";"";"";"sin_dato"
1300690.0;"Laura Alvea";"mujer";"Sevilla, Andalucía, Spain";"Spain";"heuristico"
4169019.0;"Marta Armengol Royo";"";"";"";"sin_dato"
3627.0;"Paz Vega";"mujer";"Seville, Andalusia, Spain";"Spain";"heuristico"
2746034.0;"David Pallarés";"";"";"";"sin_dato"
2267430.0;"Oier Aranzabal";"";"";"";"sin_dato"
3258609.0;"Ritxi Lizartza";"";"";"";"sin_dato"
3258595.0;"Xabier Etxeberria";"";"";"";"sin_dato"
3258594.0;"Martin Etxeberria";"";"";"";"sin_dato"
2685948.0;"Alberto Gracia";"";"";"";"sin_dato"
1435759.0;"Beli Martínez";"";"";"";"sin_dato"
1882738.0;"Guille Cascante";"";"";"";"sin_dato"
2198832.0;"Enric Álvarez";"";"";"";"sin_dato"
2230251.0;"Carlos Prieto Cabrera";"";"";"";"sin_dato"
4359093.0;"Elena Escura";"mujer";"Castellón de la Plana, Spain";"Spain";"heuristico"
2359816.0;"Aitor López de Aberásturi";"";"";"";"sin_dato"
2359817.0;"Ainhoa Urgoitia";"";"";"";"sin_dato"
1122297.0;"Carla Subirana";"";"";"";"sin_dato"
933695.0;"Helena Taberna";"mujer";"Altsasu, Navarra";"Navarra";"heuristico"
981296.0;"Virginia Yagüe";"mujer";"";"";"sin_dato"
1030486.0;"Jordi Roigé";"";"";"";"sin_dato"
1712702.0;"Sadrac González-Perellón";"hombre";"Madrid, Spagna";"Spagna";"heuristico"
2895521.0;"Patricia Barbieri";"";"";"";"sin_dato"
1528754.0;"Carlota Nelson";"";"";"";"sin_dato"
3341404.0;"Aurelio Domínguez";"";"";"";"sin_dato"
4198445.0;"Marisa Cotolí";"";"";"";"sin_dato"
1157455.0;"Alfonso Domingo";"";"";"";"sin_dato"
2416063.0;"Twiggy Hirota";"mujer";"";"";"sin_dato"
1157454.0;"Andrés Linares";"";"";"";"sin_dato"
2416073.0;"Daniel Quiñones";"hombre";"";"";"sin_dato"
1050509.0;"Jesús Font";"hombre";"Barcelona, Spain";"Spain";"heuristico"
3564092.0;"Luisa García-Grajalva";"";"";"";"sin_dato"
5652192.0;"Guillermo F. Flórez";"";"";"";"sin_dato"
37513.0;"Iván Zulueta";"hombre";"San Sebastián, Spain";"Spain";"heuristico"
1805350.0;"Ibai Abad";"hombre";"Lleida, Catalonia, Spain";"Spain";"heuristico"
1730099.0;"Nerea Mugüerza";"";"";"";"sin_dato"
130753.0;"Carlos Belloso";"hombre";"Munro, Buenos Aires, Argentina";"Argentina";"heuristico"
4169011.0;"Antonina Obrador";"";"";"";"sin_dato"
1802332.0;"Adrián Orr";"hombre";"";"";"sin_dato"
5255724.0;"Celso Giménez";"";"";"";"sin_dato"
3184905.0;"Carol Polakoff";"";"";"";"sin_dato"
3917995.0;"John Milarky";"";"";"";"sin_dato"
5377723.0;"Josep T.París";"";"";"";"sin_dato"
1483444.0;"Isabel Herguera";"mujer";"San Sebastián, Spain";"Spain";"heuristico"
1618079.0;"Gianmarco Serra";"";"";"";"sin_dato"
4180730.0;"Rubén Casas Oché";"";"";"";"sin_dato"
2748187.0;"Yaiza De Lamo";"";"";"";"sin_dato"
5123460.0;"Mar Nantas";"";"";"";"sin_dato"
1102394.0;"Iñaki Elizalde";"";"";"";"sin_dato"
1657533.0;"Klaudia Reynicke";"mujer";"Lima, Peru";"Peru";"heuristico"
6245236.0;"Diego Vega";"";"";"";"sin_dato"
5548470.0;"Alejandro Andrade Pease";"";"";"";"sin_dato"
3928504.0;"Armando López Muñoz";"";"";"";"sin_dato"
1573270.0;"Felipe Hernández Cava";"";"";"";"sin_dato"
1111138.0;"Marçal Forés";"hombre";"Barcelona, Spain";"Spain";"heuristico"
466460.0;"Aintza Serra";"";"";"";"sin_dato"
1181192.0;"Victor Iriarte";"";"";"";"sin_dato"
2419790.0;"Andrea Queralt";"";"";"";"sin_dato"
4177548.0;"José Morillas";"";"";"";"sin_dato"
2470146.0;"Garbiñe Ortega";"";"";"";"sin_dato"
236536.0;"Ana Asensio";"mujer";"Madrid - Spain";"Madrid - Spain";"heuristico"
2309854.0;"Joana M. Ortueta";"";"";"";"sin_dato"
2109392.0;"Vanesa Benitez Zamora";"";"";"";"sin_dato"
4271430.0;"Abel Alfonso";"";"";"";"sin_dato"
4271429.0;"Carmen Allue";"mujer";"";"";"sin_dato"
3180196.0;"Raúl Cuevas";"";"";"";"sin_dato"
3020416.0;"Nuria Giménez";"";"";"";"sin_dato"
1618032.0;"Carlos Solano";"hombre";"  Madrid, Spain";"Spain";"heuristico"
1987707.0;"Carlos C. Tomé";"hombre";"";"";"sin_dato"
1074571.0;"Ángel Amigo";"";"";"";"sin_dato"
2944291.0;"Joan Bofill";"";"";"";"sin_dato"
995164.0;"Joan Marimón";"hombre";"";"";"sin_dato"
2348089.0;"Efthymia Zymvragaki";"";"";"";"sin_dato"
1719986.0;"Victor Nores";"";"";"";"sin_dato"
3683881.0;"David Moncasi";"";"";"";"sin_dato"
4572706.0;"Laura Herrero Garvín";"";"";"";"sin_dato"
1182523.0;"Aina Calleja";"mujer";"";"";"sin_dato"
6085979.0;"Miguel Ángel González";"";"";"";"sin_dato"
2856919.0;"Keith Miller";"";"";"";"sin_dato"
1415400.0;"Àngel Leiro";"";"";"";"sin_dato"
226485.0;"Airy Maragall";"";"";"";"sin_dato"
43330.0;"Ventura Pons";"hombre";" Barcelona, Catalonia, Spain";"Spain";"heuristico"
2285185.0;"Paloma Zapata";"";"";"";"sin_dato"
4582221.0;"Miguel Olid";"";"";"";"sin_dato"
2268379.0;"Carlos Pardo Ros";"";"";"";"sin_dato"
4038041.0;"Pablo Gisbert";"";"";"";"sin_dato"
1012105.0;"Mikel Rueda";"hombre";"Bilbao, Vizcaya, País Vasco, Spain";"Spain";"heuristico"
4654036.0;"Nora Haddad";"";"";"";"sin_dato"
1524680.0;"Alba Cros";"mujer";"";"";"sin_dato"
84676.0;"Martín Mauregui";"hombre";"San Miguel del Monte, Provincia de Buenos Aires, Argentina";"Argentina";"heuristico"
935102.0;"Marco Berger";"hombre";"Buenos Aires, Argentina";"Argentina";"heuristico"
5614586.0;"Carlos Velasco";"";"";"";"sin_dato"
2348700.0;"Jorge Cassinello";"hombre";"Pontevedra, Galicia, Spain";"Spain";"heuristico"
2193215.0;"Enric Ribes";"";"";"";"sin_dato"
1459422.0;"Carolina Astudillo Muñoz";"mujer";"Spain";"Spain";"heuristico"
1563000.0;"Teodoro Ríos";"";"";"";"sin_dato"
1319117.0;"Santiago Ríos";"";"";"";"sin_dato"
1678420.0;"José Miguel Hernán";"";"";"";"sin_dato"
5063296.0;"María D. Valderrama";"";"";"";"sin_dato"
3109392.0;"Mikel Gurrea";"hombre";"Donostia, Gipuzkoa, Euskal Herria";"Euskal Herria";"heuristico"
2210416.0;"Francisco Kosterlitz";"hombre";"";"";"sin_dato"
4110374.0;"Macu Machín";"";"";"";"sin_dato"
978909.0;"Álvaro Begines";"";"";"";"sin_dato"
3731035.0;"Bego Zubia Gallastegi";"";"";"";"sin_dato"
1172340.0;"Alejandro Alvarado";"";"";"";"sin_dato"
1172339.0;"Concha Barquero";"";"";"";"sin_dato"
4877486.0;"Samuel Hurtado";"";"";"";"sin_dato"
4963116.0;"Pablo Colomo";"hombre";"";"";"sin_dato"
4733569.0;"Tuti Fernández";"";"";"";"sin_dato"
5443562.0;"Iñaki Alforja Sagone";"";"";"";"sin_dato"
2271551.0;"Raül Refree";"hombre";"";"";"sin_dato"
3933477.0;"Juanma Sayalonga";"hombre";"";"";"sin_dato"
1276994.0;"David Sainz";"hombre";"Las Palmas de Gran Canaria, Canary Islands";"Canary Islands";"heuristico"
5151190.0;"Álex San Martín";"";"";"";"sin_dato"
37497.0;"Pere Portabella";"hombre";"Figueres, Catalonia, Spain";"Spain";"heuristico"
1107473.0;"Joan Brossa";"";"";"";"sin_dato"
1172468.0;"Alessandro Pugno";"";"";"";"sin_dato"
2239321.0;"Natacha Kucic";"";"";"";"sin_dato"
55517.0;"Александр Мишарин";"hombre";"";"";"sin_dato"
8452.0;"Andrei Tarkovsky";"hombre";"Zavrazhye, USSR";"USSR";"heuristico"
893.0;"Tony Scott";"hombre";"North Shields, Northumberland, England, UK";"UK";"heuristico"
1577.0;"Richard Kelly";"hombre";"Newport News, Virginia, USA";"USA";"heuristico"
20687.0;"Steve Barancik";"hombre";"Chicago, Illinois, USA";"USA";"heuristico"
123945.0;"Charles M. Schulz";"hombre";"Minneapolis, Minnesota, USA";"USA";"heuristico"
94011.0;"Bill Melendez";"hombre";"Hermosillo, Sonora, Mexico";"Mexico";"heuristico"
225009.0;"Pablo Larraín";"hombre";"Santiago, Chile";"Chile";"heuristico"
260267.0;"Mateo Iribarren";"hombre";"";"";"sin_dato"
1211005.0;"John W. Richardson";"hombre";"";"";"sin_dato"
59521.0;"Jaume Collet Serra";"hombre";"Sant Iscle de Vallalta, Barcelona, Spain";"Spain";"heuristico"
1211006.0;"Christopher Roach";"hombre";"";"";"sin_dato"
1325800.0;"Ryan Engle";"hombre";"";"";"sin_dato"
9281.0;"Elizabeth Banks";"mujer";"Pittsfield, Massachusetts, USA";"USA";"heuristico"
208664.0;"Kay Cannon";"mujer";"Chicago, Illinois, USA";"USA";"heuristico"
1450348.0;"Joel Crawford";"hombre";"Long Beach, , California, USA";"USA";"heuristico"
12965.0;"Tommy Swerdlow";"hombre";"";"";"sin_dato"
936668.0;"Tom Wheeler";"hombre";"";"";"sin_dato"
934181.0;"Paul Fisher";"hombre";"";"";"sin_dato"
52115.0;"Scott Moore";"hombre";"";"";"sin_dato"
52114.0;"Jon Lucas";"hombre";"Summit, New Jersey, USA";"USA";"heuristico"
17051.0;"James Franco";"hombre";"Palo Alto, California, USA";"USA";"heuristico"
1179829.0;"Bruce Thierry Cheung";"hombre";"";"";"sin_dato"
93207.0;"Jeremy Cheung";"hombre";"";"";"sin_dato"
1510259.0;"Jay Davis";"";"";"";"sin_dato"
1305618.0;"Mohamed Fekrane";"hombre";"Tonnerre, Yonne, France";"France";"heuristico"
2426018.0;"Gustavo Cortés Bueno";"";"";"";"sin_dato"
34792.0;"Miki Molina";"hombre";" Madrid, Spain";"Spain";"heuristico"
2717273.0;"José Luis de Damas";"";"";"";"sin_dato"
1192027.0;"Chus Domínguez";"hombre";"León, Castilla y León, Spain";"Spain";"heuristico"
2792317.0;"Inma Álvarez";"";"";"";"sin_dato"
2809161.0;"Lander Garro";"";"";"";"sin_dato"
2837162.0;"Teresa Carril";"mujer";"  Madrid, Spain";"Spain";"heuristico"
2837161.0;"Diego Lillo";"";"";"";"sin_dato"
2861220.0;"Cristina Fernández Pintado";"mujer";"Valencia, Spain";"Spain";"heuristico"
1273136.0;"Miguel Llorens";"";"";"";"sin_dato"
154865.0;"Sian Heder";"mujer";"Cambridge, Massachusetts, USA";"USA";"heuristico"
2966848.0;"Guillermo Jiménez Carazo";"";"";"";"sin_dato"
1891388.0;"Raquel Marques";"mujer";"Porto, Portugal";"Portugal";"heuristico"
2717043.0;"Eduard Puertas";"";"";"";"sin_dato"
2227558.0;"Célia Tocco";"mujer";"";"";"sin_dato"
1081309.0;"Arnaud Demuynck";"hombre";"Courtrai, Belgique";"Belgique";"heuristico"
2227557.0;"Célia Tisserant";"";"";"";"sin_dato"
150330.0;"Alberto Fuguet";"hombre";"";"";"sin_dato"
3023544.0;"Alberto Muriel";"";"";"";"sin_dato"
3023537.0;"Álvaro Sanz";"";"";"";"sin_dato"
932317.0;"Malgorzata Szumowska";"mujer";"Krakow, Poland";"Poland";"heuristico"
1674439.0;"Joshua Rollins";"hombre";"Buckhannon, West Virginia, USA";"USA";"heuristico"
3054509.0;"Daniel Rodríguez Moya";"";"";"";"sin_dato"
2150735.0;"Rafael R. Rafatal";"";"";"";"sin_dato"
1636516.0;"Andrew Nethery";"";"";"";"sin_dato"
3255902.0;"Ignacio Malagón";"hombre";"";"";"sin_dato"
3462312.0;"Jordi Jimeno";"";"";"";"sin_dato"
3462314.0;"Isaac Pérez";"";"";"";"sin_dato"
3264449.0;"Inés Toharia Terán";"";"";"";"sin_dato"
1536853.0;"Manuel Jiménez Núñez";"";"";"";"sin_dato"
2194963.0;"Serrana Torres";"";"";"";"sin_dato"
1536852.0;"Tània Balló";"mujer";"Barcelona, Catalonia, Spain";"Spain";"heuristico"
3414230.0;"Casandra Valdés";"";"";"";"sin_dato"
1759433.0;"Luis Sánchez-Polack";"hombre";"Sevilla, Spain";"Spain";"heuristico"
2845690.0;"Antonio Escámez";"";"";"";"sin_dato"
3450147.0;"Víctor Sánchez Rodríguez";"";"";"";"sin_dato"
3475580.0;"Salva Ruiz";"";"";"";"sin_dato"
1364853.0;"Sebastián Alfie";"";"";"";"sin_dato"
1302121.0;"Danny Garcia";"hombre";"";"";"sin_dato"
231334.0;"Trine Piil Christensen";"mujer";"";"";"sin_dato"
120600.0;"Seamus McNally";"";"";"";"sin_dato"
3571861.0;"Juan Carlos Gallardo";"hombre";"Barcelona, Cataluña, Spain";"Spain";"heuristico"
1169066.0;"Pablo Llorca";"";"";"";"sin_dato"
2883609.0;"Martín de Marco";"";"";"";"sin_dato"
2710787.0;"Emili Manzano";"";"";"";"sin_dato"
3628968.0;"Claire Roquigny";"";"";"";"sin_dato"
2465446.0;"Álex Dioscórides";"";"";"";"sin_dato"
2843638.0;"Toti Garcia";"";"";"";"sin_dato"
3640001.0;"Sofía Martell";"";"";"";"sin_dato"
3640002.0;"Marina Wagner";"";"";"";"sin_dato"
3629552.0;"Constança Amengual";"";"";"";"sin_dato"
3629554.0;"Francesca Mas";"";"";"";"sin_dato"
1184109.0;"David Pujol";"";"";"";"sin_dato"
1373688.0;"Montse Aguer";"";"";"";"sin_dato"
1447517.0;"Ander Iriarte";"";"";"";"sin_dato"
2427035.0;"Yennifer Uribe Alzate";"";"";"";"sin_dato"
3731578.0;"Pere Puigbert";"";"";"";"sin_dato"
2776046.0;"José Antonio Valera";"";"";"";"sin_dato"
3800755.0;"Sílvia Subirós i Mercader";"";"";"";"sin_dato"
2653773.0;"Florencia Aliberti";"";"";"";"sin_dato"
3966942.0;"Roberto J. Oltra";"";"";"";"sin_dato"
2366496.0;"José Luis López Magerus";"";"";"";"sin_dato"
3851045.0;"Felipe Ravina";"";"";"";"sin_dato"
3853887.0;"Javier Álvarez Solís";"";"";"";"sin_dato"
3857574.0;"Ángel Filgueira";"";"";"";"sin_dato"
3804439.0;"Rosalind Bain";"";"";"";"sin_dato"
3950706.0;"Josep Morell";"";"";"";"sin_dato"
3950767.0;"Carlos Montes";"";"";"";"sin_dato"
3989209.0;"David Beltrán i Marí";"";"";"";"sin_dato"
1053730.0;"Danyael Sugawara";"";"";"";"sin_dato"
1275857.0;"Heleen Suèr";"";"";"";"sin_dato"
3902643.0;"Albert Olivé";"";"";"";"sin_dato"
4073101.0;"Bernat Jordà";"";"";"";"sin_dato"
3902639.0;"Dani Grandes";"";"";"";"sin_dato"
2941585.0;"María Martín-Maestro";"";"";"";"sin_dato"
3179151.0;"Tamara García Iglesias";"mujer";"";"";"sin_dato"
4180516.0;"Adolfo Moreno";"";"";"";"sin_dato"
4184526.0;"Olivier Verdier";"";"";"";"sin_dato"
1839292.0;"Xavi Herrero";"";"";"";"sin_dato"
2567093.0;"Núria Abad";"";"";"";"sin_dato"
2723186.0;"Marta Hierro";"";"";"";"sin_dato"
2843637.0;"Lluís Prieto";"hombre";"";"";"sin_dato"
4265797.0;"Luis Olano";"";"";"";"sin_dato"
3124188.0;"Daniel Cabrero";"";"";"";"sin_dato"
4297639.0;"Natxo Franch";"";"";"";"sin_dato"
3781447.0;"Juan Moya";"";"";"";"sin_dato"
1086353.0;"Matías Piñeiro";"hombre";"Buenos Aires, Argentina.";"Argentina.";"heuristico"
4438287.0;"Miguel Morillo";"";"";"";"sin_dato"
4461570.0;"Aurimas Valujavičius";"";"";"";"sin_dato"
88552.0;"Jeremiah Kipp";"hombre";"";"";"sin_dato"
4516953.0;"J. Craig Jordon";"";"";"";"sin_dato"
3623046.0;"Phoenix Higgins";"";"";"";"sin_dato"
2509211.0;"Jason Walter Short";"";"";"";"sin_dato"
2072469.0;"Ariadna Relea";"";"";"";"sin_dato"
3528576.0;"Ricard Mamblona";"";"";"";"sin_dato"
38919.0;"Tatiana Vialle";"mujer";"";"";"sin_dato"
2875833.0;"Carlos Essmann";"";"";"";"sin_dato"
1350504.0;"Gerald B. Fillmore";"hombre";"";"";"sin_dato"
2472549.0;"Arturo Méndiz";"";"";"";"sin_dato"
4701879.0;"Ignasi Guerrero";"";"";"";"sin_dato"
1800952.0;"Pablo de la Chica";"";"";"";"sin_dato"
4710480.0;"Candela Izquierdo";"";"";"";"sin_dato"
2232850.0;"Frank Adkinson";"";"";"";"sin_dato"
1741528.0;"Candice Vernon";"";"";"";"sin_dato"
4785863.0;"Pere Antoni Sastre";"";"";"";"sin_dato"
3571803.0;"Mila Luengo";"";"";"";"sin_dato"
3571802.0;"Sergi Miralles";"";"";"";"sin_dato"
2493610.0;"María Mínguez";"mujer";"Valencia, Spain";"Spain";"heuristico"
1048539.0;"Claudio Zulian";"hombre";"Campodarsego, Itally";"Itally";"heuristico"
1839308.0;"Julio Pérez del Campo";"";"";"";"sin_dato"
1839307.0;"Carles Bover Martínez";"";"";"";"sin_dato"
1400387.0;"Ernesto del Río";"";"";"";"sin_dato"
4635151.0;"Ezequiel Alvarez";"hombre";"Capital Federal, República Argentina";"República Argentina";"heuristico"
4958175.0;"Eloi R. Franquesa";"";"";"";"sin_dato"
4921801.0;"Alan Nava";"hombre";"Monterrey, Nuevo Leon, Mexico";"Mexico";"heuristico"
5054401.0;"Katherine Tort";"";"";"";"sin_dato"
5266892.0;"Jesús Manresa Puche";"";"";"";"sin_dato"
1891414.0;"Iván Castiñeiras";"hombre";"";"";"sin_dato"
4042174.0;"Vicente Navarro";"";"";"";"sin_dato"
5279079.0;"Ligia Pájaro";"";"";"";"sin_dato"
4358732.0;"Carlos Mera";"";"";"";"sin_dato"
5281498.0;"Silvia Creo";"";"";"";"sin_dato"
5321106.0;"Col·lectiu Espurnes";"";"";"";"sin_dato"
3720146.0;"Mireia Labazuy";"mujer";"";"";"sin_dato"
3703210.0;"Eva Picazo";"mujer";"Barcelona, Barcelona, Catalonia, Spain";"Spain";"heuristico"
3774845.0;"Àlex Serra";"";"";"";"sin_dato"
3774844.0;"Carla Sánchez";"";"";"";"sin_dato"
3774889.0;"Clàudia Vila";"";"";"";"sin_dato"
2807091.0;"Felipe Almendros";"";"";"";"sin_dato"
1610792.0;"Ander Duque";"hombre";"Bilbao, Spain";"Spain";"heuristico"
4826777.0;"Jana Montllor";"";"";"";"sin_dato"
5345388.0;"Liliana Díaz Castillo";"";"";"";"sin_dato"
1923695.0;"Lucía Dapena";"";"";"";"sin_dato"
1821145.0;"Roser Corella";"mujer";"Barcelona, Spain";"Spain";"heuristico"
5693723.0;"Pablo Villalobos Leal";"";"";"";"sin_dato"
5624440.0;"Agustín Toranzo";"";"";"";"sin_dato"
1208932.0;"Mariano Agudo";"hombre";"Sevilla, Andalucía, Spain";"Spain";"heuristico"
5624444.0;"Bibiana Baxevanos";"";"";"";"sin_dato"
1041675.0;"Rolando Díaz";"";"";"";"sin_dato"
5866202.0;"Richard Zubelzu";"";"";"";"sin_dato"
3861493.0;"Guillaume Klein";"";"";"";"sin_dato"
6110259.0;"Soraya González Guerrero";"";"";"";"sin_dato"
6255634.0;"Jacobo Sucari";"";"";"";"sin_dato"
2371520.0;"Pedro Felipe Acosta";"";"";"";"sin_dato"
